url,change,changeDescription,multipleCompulsory,department,id,grade,class,name,credit,yearSemester,compulsory,restrict,select,selected,remaining,teacher,room,classTime,description,tags,english
https://selcrs.nsysu.edu.tw/menu5/showoutline.asp?SYEAR=114&SEM=2&CrsDat=GEAIE706&Crsname=極限閱讀：挑戰想像力與創造力（中高級）,,,False,跨院EAP,GEAIE706,0,不分班,"極限閱讀：挑戰想像力與創造力（中高級）
EXTREME READING: CHALLENGES OF IMAGINATION AND CREATIVITY（HIGH-INTERMEDIATE LEVEL）",3,期,False,50,0,0,50,陳瑞華,"四2,3,4(通GE 3011)","['', '', '', '234', '', '', '']","《講授類》
建議英文程度『中高級』以上程度學生修習選課。",[],False
https://selcrs.nsysu.edu.tw/menu5/showoutline.asp?SYEAR=114&SEM=2&CrsDat=GEAIE708&Crsname=英文閱讀與寫作（中高級）,,,False,跨院EAP,GEAIE708,0,不分班,"英文閱讀與寫作（中高級）
ENGLISH READING AND WRITING  (HIGH-INTERMEDIATE LEVEL)",3,期,False,50,0,0,50,陳美淑,"三2,3,4(圖IL PC03)","['', '', '234', '', '', '', '']","《講授類》
限非外文系。建議英文程度『中高級』以上程度學生修習選課。",[],True
https://selcrs.nsysu.edu.tw/menu5/showoutline.asp?SYEAR=114&SEM=2&CrsDat=GEAIE805&Crsname=多模式識字和作文（高級）,,,False,跨院EAP,GEAIE805,0,不分班,"多模式識字和作文（高級）
MULTIMODAL LITERACY & COMPOSITION FOR ADVANCED LEVEL STUDENTS（ADVANCED LEVEL）",3,期,False,35,0,0,35,戴藤懋,"四2,3,4(海ME 2007)","['', '', '', '234', '', '', '']","《講授類》
限非外文系。建議英文程度『高級』以上程度學生修習選課。",[],True
https://selcrs.nsysu.edu.tw/menu5/showoutline.asp?SYEAR=114&SEM=2&CrsDat=GEAP204&Crsname=英文溝通技巧與批判性思維 （中高級）,,,False,跨院EAP,GEAP204,0,不分班,"英文溝通技巧與批判性思維 （中高級）
ENGLISH COMMUNICATION SKILLS AND CRITICAL THINKING (HIGH-INTERMEDIATE LEVEL)",3,期,False,50,0,0,50,曾千紋,"五2,3,4(管CM 2025)","['', '', '', '', '234', '', '']","《講授類》
限非外文系。建議英文程度『中高級』以上程度學生修習選課。",[],True
https://selcrs.nsysu.edu.tw/menu5/showoutline.asp?SYEAR=114&SEM=2&CrsDat=GEAP207&Crsname=英文寫作：資料視覺化與描述 （中高級）,,,False,跨院EAP,GEAP207,0,不分班,"英文寫作：資料視覺化與描述 （中高級）
ENGLISH WRITING: DATA VISUALIZATION AND DESCRIPTION (HIGH-INTERMEDIATE LEVEL)",3,期,False,50,0,0,50,陳瑞華,"三2,3,4(通GE 3013)","['', '', '234', '', '', '', '']","《講授類》
限非外文系。建議英文程度『中高級』以上程度學生修習選課。",[],True
https://selcrs.nsysu.edu.tw/menu5/showoutline.asp?SYEAR=114&SEM=2&CrsDat=GEAP401&Crsname=草稿到傑作:AI精煉英語寫作技巧（高級）,,,False,跨院EAP,GEAP401,0,不分班,"草稿到傑作:AI精煉英語寫作技巧（高級）
FROM DRAFT TO MASTERPIECE: REFINING ENGLISH WRITING WITH AI (ADVANCED LEVEL)",3,期,False,35,0,0,35,李佳容,"二2,3,4(文LA 1002)","['', '234', '', '', '', '', '']","《講授類》
限非外文系。建議英文程度『高級』以上程度學生修習選課。",[],True
https://selcrs.nsysu.edu.tw/menu5/showoutline.asp?SYEAR=114&SEM=2&CrsDat=GESP298&Crsname=成功的英文寫作（中高級）,,,False,跨院EAP,GESP298,0,不分班,"成功的英文寫作（中高級）
WRITING FOR SUCCESS IN ENGLISH (HIGH-INTERMEDIATE LEVEL)",3,期,False,35,0,0,35,戴藤懋,"五2,3,4(海ME 3004)","['', '', '', '', '234', '', '']","《講授類》
限非外文系。建議英文程度『中高級』以上程度學生修習選課。",[],True
https://selcrs.nsysu.edu.tw/menu5/showoutline.asp?SYEAR=114&SEM=2&CrsDat=GEAIE709&Crsname=運輸交通工具英文（中高級）,,,False,跨院ESP,GEAIE709,0,不分班,"運輸交通工具英文（中高級）
ENGLISH FOR TRANSPORT (HIGH-INTERMEDIATE LEVEL)",3,期,False,50,0,0,50,莊家雄,"五2,3,4(海ME 3006)","['', '', '', '', '234', '', '']","《講授類》
限非外文系。建議英文程度『中高級』以上程度學生修習選課。",[],True
https://selcrs.nsysu.edu.tw/menu5/showoutline.asp?SYEAR=114&SEM=2&CrsDat=GEAIE710&Crsname=透過電影學英文（中高級）,,,False,跨院ESP,GEAIE710,0,不分班,"透過電影學英文（中高級）
LEARNING ENGLISH THROUGH MOVIES (HIGH-INTERMEDIATE LEVEL)",3,期,False,50,0,0,50,白士禮,"三5,6,7()","['', '', '567', '', '', '', '']","《講授類》
限非外文系。建議英文程度『中高級』以上程度學生修習選課。",[],True
https://selcrs.nsysu.edu.tw/menu5/showoutline.asp?SYEAR=114&SEM=2&CrsDat=GEAP206&Crsname=科技英文聽講練習（中高級）,,,False,跨院ESP,GEAP206,0,不分班,"科技英文聽講練習（中高級）
ENGLISH LISTENING AND SPEAKING FOR SCIENCE AND TECHNOLOGY (HIGH-INTERMEDIATE LEVEL)",3,期,False,50,0,0,50,曾彩楣,"五5,6,7()","['', '', '', '', '567', '', '']","《講授類》
限非外文系。建議英文程度『中高級』以上程度學生修習選課。",[],True
https://selcrs.nsysu.edu.tw/menu5/showoutline.asp?SYEAR=114&SEM=2&CrsDat=GESP001&Crsname=歐美音樂劇賞析學英語（中級）,,,False,跨院ESP,GESP001,0,不分班,"歐美音樂劇賞析學英語（中級）
ENGLISH FOR MUSICAL THEATRE (INTERMEDIATE LEVEL)",3,期,False,50,0,0,50,王品惠,"一2,3,4(通GE 4016)","['234', '', '', '', '', '', '']","《講授類》
限非外文系。建議英文程度『中級』以上程度學生修習選課。",[],True
https://selcrs.nsysu.edu.tw/menu5/showoutline.asp?SYEAR=114&SEM=2&CrsDat=GESP201&Crsname=國際會展英語（中高級）,,,False,跨院ESP,GESP201,0,不分班,"國際會展英語（中高級）
INTERNATIONAL ENGLISH FOR MICE:MEETING, INCENTIVES, CONVENTIONS, EXHIBITIONS(HIGH-INTERMEDIATE LEVEL",3,期,False,50,0,0,50,傅安德,"四3,4,B(西SW 1007)","['', '', '', '34B', '', '', '']","《講授類》
限非外文系。建議英文程度『中高級』以上程度學生修習選課。",[],True
https://selcrs.nsysu.edu.tw/menu5/showoutline.asp?SYEAR=114&SEM=2&CrsDat=GESP205&Crsname=商業英語溝通 （中高級）,,,False,跨院ESP,GESP205,0,不分班,"商業英語溝通 （中高級）
ENGLISH FOR BUSINESS COMMUNICATION  (HIGH-INTERMEDIATE LEVEL)",3,期,False,50,0,0,50,劉季貞,"五5,6,7(管CM 2025)","['', '', '', '', '567', '', '']","《講授類》
限非外文系。建議英文程度『中高級』以上程度學生修習選課。",[],True
https://selcrs.nsysu.edu.tw/menu5/showoutline.asp?SYEAR=114&SEM=2&CrsDat=GESP207&Crsname=實用醫療英語 （中高級）,,,False,跨院ESP,GESP207,0,不分班,"實用醫療英語 （中高級）
PRACTICAL ENGLISH FOR HEALTH (HIGH-INTERMEDIATE LEVEL)",3,期,False,50,0,0,50,傅安德,"二2,3,4(管CM 1032)","['', '234', '', '', '', '', '']","《講授類》
限非外文系。建議英文程度『中高級』以上程度學生修習選課。",[],True
https://selcrs.nsysu.edu.tw/menu5/showoutline.asp?SYEAR=114&SEM=2&CrsDat=GESP211&Crsname=工程英文 （中高級）,,,False,跨院ESP,GESP211,0,不分班,"工程英文 （中高級）
ENGLISH FOR ENGINEERING (HIGH-INTERMEDIATE LEVEL)",3,期,False,50,0,0,50,莊家雄,"三2,3,4(海ME 3006)","['', '', '234', '', '', '', '']","《講授類》
限非外文系。建議英文程度『中高級』以上程度學生修習選課。",[],True
https://selcrs.nsysu.edu.tw/menu5/showoutline.asp?SYEAR=114&SEM=2&CrsDat=GESP405&Crsname=進階英文閱讀：英美詩歌賞析 （高級）,,,False,跨院ESP,GESP405,0,不分班,"進階英文閱讀：英美詩歌賞析 （高級）
ADVANCED ENGLISH READING: APPRECIATION OF ENGLISH AND AMERICAN POETRY (ADVANCED LEVEL)",3,期,False,50,0,0,50,盧莉茹,"三2,3,4(文LA 2001)","['', '', '234', '', '', '', '']","《講授類》
限非外文系。建議英文程度『高級』以上程度學生修習選課。",[],True
https://selcrs.nsysu.edu.tw/menu5/showoutline.asp?SYEAR=114&SEM=2&CrsDat=GESP406&Crsname=海外工作與學習之英語與文化（高級）,,,False,跨院ESP,GESP406,0,不分班,"海外工作與學習之英語與文化（高級）
ENGLISHES AND CULTURES FOR OVERSEAS STUDIES AND WORK(ADVANCED LEVEL)",3,期,False,50,0,0,50,施智閔,"四5,6,7(文LA 1004)","['', '', '', '567', '', '', '']","《講授類》
限非外文系。建議英文程度『高級』以上程度學生修習選課。",[],True
https://selcrs.nsysu.edu.tw/menu5/showoutline.asp?SYEAR=114&SEM=2&CrsDat=GESP408&Crsname=國際商務領導英語（高級）,,,False,跨院ESP,GESP408,0,不分班,"國際商務領導英語（高級）
ENGLISH FOR INTERNATIONAL BUSINESS LEADERSHIP (ADVANCED LEVEL)",3,期,False,50,0,0,50,傅安德,"二5,6,7(醫IL 3017)","['', '567', '', '', '', '', '']","《講授類》
限非外文系。建議英文程度『高級』以上程度學生修習選課。",[],True
https://selcrs.nsysu.edu.tw/menu5/showoutline.asp?SYEAR=114&SEM=2&CrsDat=GESP409&Crsname=醫學學術英文表達（高級）,,,False,跨院ESP,GESP409,0,不分班,"醫學學術英文表達（高級）
MEDICAL ACADEMIC ORAL PRESENTATION (ADVANCED LEVEL)",3,期,False,50,0,0,50,傅安德,"三2,3,4()","['', '', '234', '', '', '', '']","《講授類》
限非外文系。建議英文程度『高級』以上程度學生修習選課。",[],True
https://selcrs.nsysu.edu.tw/menu5/showoutline.asp?SYEAR=114&SEM=2&CrsDat=GESP410&Crsname=英文短篇小說（高級）,,,False,跨院ESP,GESP410,0,不分班,"英文短篇小說（高級）
ENGLISH SHORT STORIES (ADVANCED LEVEL)",3,期,False,50,0,0,50,賴淑芳,"四5,6,7(文LA 7001)","['', '', '', '567', '', '', '']","《講授類》
限非外文系。建議英文程度『高級』以上程度學生修習選課。",[],True
https://selcrs.nsysu.edu.tw/menu5/showoutline.asp?SYEAR=114&SEM=2&CrsDat=GESL351&Crsname=服務學習：兒童照顧與個人成長,,,False,服務學習,GESL351,0,不分班,"服務學習：兒童照顧與個人成長
SERVICE LEARNING: VOLUNTEER SERVICES",1,期,True,30,0,0,30,"林梅芳,林裕䕒","二3,4(通GE 3013)","['', '34', '', '', '', '', '']",《服務學習類》,[],False
https://selcrs.nsysu.edu.tw/menu5/showoutline.asp?SYEAR=114&SEM=2&CrsDat=GESL354&Crsname=服務學習：臺灣獼猴生態宣導,,,False,服務學習,GESL354,0,不分班,"服務學習：臺灣獼猴生態宣導
SERVICE LEARNING: VOLUNTEER SERVICES",1,期,True,30,0,0,30,徐芝敏,"四6,7(通GE 3011)","['', '', '', '67', '', '', '']",《服務學習類》,[],False
https://selcrs.nsysu.edu.tw/menu5/showoutline.asp?SYEAR=114&SEM=2&CrsDat=GESL356&Crsname=服務學習：弱勢兒少視訊教學服務,,,False,服務學習,GESL356,0,不分班,"服務學習：弱勢兒少視訊教學服務
SERVICE LEARNING: VOLUNTEER SERVICE",1,期,True,30,0,0,30,葉博弘,"二C,D(通GE 1008)","['', 'CD', '', '', '', '', '']","《服務學習類》
異常處理階段高年級學生優先。",[],False
https://selcrs.nsysu.edu.tw/menu5/showoutline.asp?SYEAR=114&SEM=2&CrsDat=GESL373&Crsname=服務學習：自主性計畫服務學習,,,False,服務學習,GESL373,0,不分班,"服務學習：自主性計畫服務學習
SERVICE LEARNING :AUTONOMY PROGRAM OF SERVICE LEARNING",1,期,True,30,0,0,30,王以亮,"一C,D(通GE 3013)","['CD', '', '', '', '', '', '']","《服務學習類》
限大三以上修習",[],False
https://selcrs.nsysu.edu.tw/menu5/showoutline.asp?SYEAR=114&SEM=2&CrsDat=GESL374&Crsname=服務學習：學生自治與社團服務實踐,,,False,服務學習,GESL374,0,不分班,"服務學習：學生自治與社團服務實踐
SERVICE LEARNING : PRACTICE OF STUDENTS' SELF-GOVERNANCE, CLUB ACTIVITY AND SERVICE LEARNING",1,期,True,30,0,0,30,楊靜利,"四5,6(社SS 1003)","['', '', '', '56', '', '', '']","《服務學習類》
修課同學限學生自治組織與社團（含運動代表隊）之幹部（含校級各委員會議之學生代表）。「服務學習實作」採積點認證制，若本學期結束前累積足夠點數，得不參與五月之服務實作（暫定為「中山永續月」協力）。點數累積辦法詳參閱「國立中山大學學生參與學生社團、自治組織服務學習課程實施要點」",[],False
https://selcrs.nsysu.edu.tw/menu5/showoutline.asp?SYEAR=114&SEM=2&CrsDat=GESL376&Crsname=服務學習：文化設計與社區實作,,,False,服務學習,GESL376,0,不分班,"服務學習：文化設計與社區實作
SERVICE LEARNING : CULTURE DESIGN AND COMMUNITY PRACTICE",1,期,True,40,0,0,40,楊士奇,"二8,9(西SW 1007)","['', '89', '', '', '', '', '']",《服務學習類》,[],False
https://selcrs.nsysu.edu.tw/menu5/showoutline.asp?SYEAR=114&SEM=2&CrsDat=GESL379&Crsname=服務學習：築夢計畫,,,False,服務學習,GESL379,0,不分班,"服務學習：築夢計畫
SERVICE LEARNING：PROJECT OF DREAM-BUILDING",1,期,True,40,0,0,40,古錦松,"一8,9(西SW 1007)","['89', '', '', '', '', '', '']",《服務學習類》,[],False
https://selcrs.nsysu.edu.tw/menu5/showoutline.asp?SYEAR=114&SEM=2&CrsDat=GESL385&Crsname=服務學習：長照政策與高齡化社會,,,False,服務學習,GESL385,0,不分班,"服務學習：長照政策與高齡化社會
SERVICE LEARNING: LONG-TERM CARE POLICY AND AGING POPULATION SOCIETY",1,期,True,30,0,0,30,林玉華,"一3,4(管CM 3022)","['34', '', '', '', '', '', '']",《服務學習類》,[],False
https://selcrs.nsysu.edu.tw/menu5/showoutline.asp?SYEAR=114&SEM=2&CrsDat=GESL392&Crsname=服務學習：新住民學童培力服務,,,False,服務學習,GESL392,0,不分班,"服務學習：新住民學童培力服務
SERVICE LEARNING：ABILITY DEVELOPMENT FOR CHILDREN OF NEW IMMIGRANTS",1,期,True,30,0,0,30,古錦松,"一6,7(西SW 1004)","['67', '', '', '', '', '', '']",《服務學習類》,[],False
https://selcrs.nsysu.edu.tw/menu5/showoutline.asp?SYEAR=114&SEM=2&CrsDat=GESL393&Crsname=服務學習：動物保護、收容與送養服務,,,False,服務學習,GESL393,0,不分班,"服務學習：動物保護、收容與送養服務
SERVICE LEARNING: ANIMAL PROTECTION, SHELTERING AND ADOPTION",1,期,True,40,0,0,40,彭渰雯,"一6,7(西SW 1007)","['67', '', '', '', '', '', '']",《服務學習類》,[],False
https://selcrs.nsysu.edu.tw/menu5/showoutline.asp?SYEAR=114&SEM=2&CrsDat=GESL397&Crsname=服務學習：國際學生服務志工,,,False,服務學習,GESL397,0,不分班,"服務學習：國際學生服務志工
SERVICE LEARNING: SERVICES FOR INTERNATIONAL STUDENTS IN NSYSU",1,期,True,40,0,0,40,唐文慧,"五8,9(通GE 2006)","['', '', '', '', '89', '', '']",《服務學習類》,[],False
https://selcrs.nsysu.edu.tw/menu5/showoutline.asp?SYEAR=114&SEM=2&CrsDat=GESL415&Crsname=服務學習：弱勢孩童的標靶教學,,,False,服務學習,GESL415,0,不分班,"服務學習：弱勢孩童的標靶教學
SERVICE LEARNING: TARGET LEARNING FOR DISADVANTAGED STUDENTS",1,期,True,45,0,0,45,郭瑞坤,"四8,9(管CM 4112)","['', '', '', '89', '', '', '']","《服務學習類》
1.第一週務必參與了解課程規劃。 2.職前講習訓練修課同學一律要求參加，若不克前來請勿選修或請退選本課程。",[],False
https://selcrs.nsysu.edu.tw/menu5/showoutline.asp?SYEAR=114&SEM=2&CrsDat=GESL418&Crsname=服務學習：校園科普展演,,,False,服務學習,GESL418,0,不分班,"服務學習：校園科普展演
SERVICE LEARNING: GENERAL SCIENCE DEMONSTRATION IN CAMPUS",1,期,True,50,0,0,50,黃旭明,"六3,4(理PH 1008)","['', '', '', '', '', '34', '']",《服務學習類》,[],False
https://selcrs.nsysu.edu.tw/menu5/showoutline.asp?SYEAR=114&SEM=2&CrsDat=GESL421&Crsname=服務學習：日本地方創生實務,,,False,服務學習,GESL421,0,不分班,"服務學習：日本地方創生實務
SERVICE LEARNING: PRACTICAL STUDIES IN REGIONAL REVITALIZATION IN JAPAN",1,期,True,20,0,0,20,吳亦昕,"五8,7(通GE 3013)","['', '', '', '', '78', '', '']","《服務學習類》
1.須參加2月25日(三)16:10說明會(詳細資訊預計115年1月上旬於西灣學院網頁公告)，說明會後須於期限內繳交家長同意書等資料後才符合篩選基本資格，篩選上同學應於異常處理期間辦理選課。 2. 多個場域（暫定北海道名寄市、富山縣氷見市等），各場域會有不同的任務、出隊日期和費用。每一場域至多五名學生前往，學生須擇一完成事前調查與線上課程後，在指定期間（暑假期間）自行前往場域實作學習。完成課程回國繳交出國報告後，有機會獲得最多一萬台幣補助。 3. 115年6月畢業者不建議選修。",[],False
https://selcrs.nsysu.edu.tw/menu5/showoutline.asp?SYEAR=114&SEM=2&CrsDat=GESL422&Crsname=服務學習：人本交通環境促進,,,False,服務學習,GESL422,0,不分班,"服務學習：人本交通環境促進
SERVICE LEARNING: ADVANCING HUMAN-CENTERED TRANSPORTATION ENVIRONMENT",1,期,True,40,0,0,40,彭渰雯,"一3,4(西SW 1007)","['34', '', '', '', '', '', '']",《服務學習類》,[],False
https://selcrs.nsysu.edu.tw/menu5/showoutline.asp?SYEAR=114&SEM=2&CrsDat=GESL423&Crsname=服務學習：公民參與及議會監督,,,False,服務學習,GESL423,0,不分班,"服務學習：公民參與及議會監督
SERVICE LEARNING: CIVIC ENGAGEMENT & CITY COUNCIL WATCH",1,期,True,30,0,0,30,任懷鳴,"四8,7(通GE 3013)","['', '', '', '78', '', '', '']",《服務學習類》,[],False
https://selcrs.nsysu.edu.tw/menu5/showoutline.asp?SYEAR=114&SEM=2&CrsDat=GESL425&Crsname=服務學習：推動高中民防實作教育,,,False,服務學習,GESL425,0,不分班,"服務學習：推動高中民防實作教育
SERVICE LEARNING: PROMOTING CIVIL DEFENSE EDUCATION IN HIGH SCHOOLS",1,期,True,40,0,0,40,佘健源,"五6,7(西SW 1005)","['', '', '', '', '67', '', '']",《服務學習類》,[],False
https://selcrs.nsysu.edu.tw/menu5/showoutline.asp?SYEAR=114&SEM=2&CrsDat=GESL426&Crsname=服務學習：弱勢兒童課輔,,,False,服務學習,GESL426,0,不分班,"服務學習：弱勢兒童課輔
SERVICE LEARNING: TUTORING FOR SOCIOECONOMICALLY DISADVANTAGED STUDENTS",1,期,True,40,0,0,40,吳亦昕,"一9,C(通GE 3011)","['9C', '', '', '', '', '', '']","《服務學習類》
服務時間須滿28小時，服務時間跟地點請詳閱課綱",[],False
https://selcrs.nsysu.edu.tw/menu5/showoutline.asp?SYEAR=114&SEM=2&CrsDat=GESL426A&Crsname=服務學習：弱勢兒童課輔,,,False,服務學習,GESL426A,0,不分班,"服務學習：弱勢兒童課輔
SERVICE LEARNING: TUTORING FOR SOCIOECONOMICALLY DISADVANTAGED STUDENTS",1,期,True,40,0,0,40,王以亮,"二C,D(通GE 3011)","['', 'CD', '', '', '', '', '']","《服務學習類》
服務時間須滿28小時，服務時間跟地點請詳閱課綱",[],False
https://selcrs.nsysu.edu.tw/menu5/showoutline.asp?SYEAR=114&SEM=2&CrsDat=GESL427&Crsname=服務學習：以霧台為基地實踐跨文化健康照顧,,,False,服務學習,GESL427,0,不分班,"服務學習：以霧台為基地實踐跨文化健康照顧
SERVICE LEARNING: IMPLEMENTING CROSS-CULTURAL HEALTH CARE PRACTICES IN WUTAI",1,期,True,50,0,0,50,"李宛儒,陳嬿今",,"['234567', '234567', '1234B567', '1234B56789', '', '', '']","《服務學習類》
短期密集授課，限護理學系學生修習",[],False
https://selcrs.nsysu.edu.tw/menu5/showoutline.asp?SYEAR=114&SEM=2&CrsDat=CL104&Crsname=國學導讀（二）,,,False,中文系,CL104,1,不分班,"國學導讀（二）
INTRODUCTION TO CHINESE CLASSICAL STUDIES(II)",2,期,True,50,0,0,50,黃羽璿,"三3,4(文LA 4005)","['', '', '34', '', '', '', '']",《講授類》,[],False
https://selcrs.nsysu.edu.tw/menu5/showoutline.asp?SYEAR=114&SEM=2&CrsDat=CL106&Crsname=文學概論（二）,,,False,中文系,CL106,1,不分班,"文學概論（二）
INTRODUCTION TO LITERATURE(II)",2,期,True,50,0,0,50,莫加南,"四3,4(文LA 4005)","['', '', '', '34', '', '', '']",《講授類》,[],False
https://selcrs.nsysu.edu.tw/menu5/showoutline.asp?SYEAR=114&SEM=2&CrsDat=CL121&Crsname=現代詩選與寫作,,,False,中文系,CL121,1,不分班,"現代詩選與寫作
MODERN POETRY:READINGS AND COMPOSITION",3,期,False,50,0,0,50,待聘,"一5,6,7(文LA 4001)","['567', '', '', '', '', '', '']",《講授類》,[],False
https://selcrs.nsysu.edu.tw/menu5/showoutline.asp?SYEAR=114&SEM=2&CrsDat=CL123&Crsname=影像與文學,,,False,中文系,CL123,2,不分班,"影像與文學
FILMS PRODUCTION AND LITERATURE",3,期,False,25,0,0,25,楊濟襄,"一5,6,7(文LA 2004)","['567', '', '', '', '', '', '']",《講授類》,[],False
https://selcrs.nsysu.edu.tw/menu5/showoutline.asp?SYEAR=114&SEM=2&CrsDat=CL133&Crsname=現代散文選與寫作,,,False,中文系,CL133,1,不分班,"現代散文選與寫作
READINGS OF MODERN ESSAYS AND WRITING",3,期,False,50,0,0,50,待聘,"五2,3,4(文LA 4001)","['', '', '', '', '234', '', '']",《講授類》,[],False
https://selcrs.nsysu.edu.tw/menu5/showoutline.asp?SYEAR=114&SEM=2&CrsDat=CL143&Crsname=歐蘇文,,,False,中文系,CL143,3,不分班,"歐蘇文
OUYANG XIU'S AND SU SHIH'S PROSE",3,期,False,30,0,0,30,鍾志偉,"四5,6,7(文LA 4003)","['', '', '', '567', '', '', '']",《講授類》,[],False
https://selcrs.nsysu.edu.tw/menu5/showoutline.asp?SYEAR=114&SEM=2&CrsDat=CL149&Crsname=語言學概論,,,False,中文系,CL149,1,不分班,"語言學概論
LINGUISTICS",2,期,True,50,0,0,50,蘇凰蘭,"三6,7(文LA 4005)","['', '', '67', '', '', '', '']",《講授類》,[],False
https://selcrs.nsysu.edu.tw/menu5/showoutline.asp?SYEAR=114&SEM=2&CrsDat=CL170&Crsname=中國五四時期的文本文化,,,False,中文系,CL170,4,不分班,"中國五四時期的文本文化
TEXTUAL CULTURES OF THE MAY FOURTH ERA",3,期,False,50,0,0,50,莫加南,"四8,6,7(文LA 4004)","['', '', '', '678', '', '', '']",《講授類》,[],False
https://selcrs.nsysu.edu.tw/menu5/showoutline.asp?SYEAR=114&SEM=2&CrsDat=CL171&Crsname=陶淵明詩文選讀,,,False,中文系,CL171,4,不分班,"陶淵明詩文選讀
READING IN TAO YUAN-MING'S POEMS AND PROSE",3,期,False,35,0,0,35,陳秋宏,"三2,3,4(文LA 4004)","['', '', '234', '', '', '', '']",《講授類》,[],False
https://selcrs.nsysu.edu.tw/menu5/showoutline.asp?SYEAR=114&SEM=2&CrsDat=CL189&Crsname=中外文學經典選讀（二）,,,False,中文系,CL189,4,不分班,"中外文學經典選讀（二）
SELECTIONS OF  CHINESE AND FOREIGN LITERATURE CLASSICS （II）",3,期,False,50,0,0,50,黃資婷,"五5,6,7(文LA 4004)","['', '', '', '', '567', '', '']",《講授類》,[],False
https://selcrs.nsysu.edu.tw/menu5/showoutline.asp?SYEAR=114&SEM=2&CrsDat=CL202&Crsname=中國文學史（二）,,,False,中文系,CL202,2,不分班,"中國文學史（二）
HISTORY OF CHINESE LITERATURE(II)",3,期,True,50,0,0,50,羅景文,"四2,3,4(文LA 2004)","['', '', '', '234', '', '', '']",《講授類》,[],False
https://selcrs.nsysu.edu.tw/menu5/showoutline.asp?SYEAR=114&SEM=2&CrsDat=CL206&Crsname=詩選及習作（二）,,,True,中文系,CL206,2,不分班,"詩選及習作（二）
READING IN CHINESE CLASSICAL POETRY SHIH(II)",3,期,True,30,0,0,30,陳秋宏,"三5,6,7(文LA 4002)","['', '', '567', '', '', '', '']",《講授類》,[],False
https://selcrs.nsysu.edu.tw/menu5/showoutline.asp?SYEAR=114&SEM=2&CrsDat=CL206A&Crsname=詩選及習作（二）,,,True,中文系,CL206A,2,不分班,"詩選及習作（二）
READING IN CHINESE CLASSICAL POETRY SHIH(II)",3,期,True,30,0,0,30,林孜曄,"四5,6,7(文LA 4002)","['', '', '', '567', '', '', '']",《講授類》,[],False
https://selcrs.nsysu.edu.tw/menu5/showoutline.asp?SYEAR=114&SEM=2&CrsDat=CL208&Crsname=歷代文選及習作（二）,,,True,中文系,CL208,2,不分班,"歷代文選及習作（二）
READING IN CHINESE CLASSICAL PROSE(II)",3,期,True,30,0,0,30,鍾志偉,"一5,6,7(文LA 4002)","['567', '', '', '', '', '', '']",《講授類》,[],False
https://selcrs.nsysu.edu.tw/menu5/showoutline.asp?SYEAR=114&SEM=2&CrsDat=CL208A&Crsname=歷代文選及習作（二）,,,True,中文系,CL208A,2,不分班,"歷代文選及習作（二）
READING IN CHINESE CLASSICAL PROSE(II)",3,期,True,30,0,0,30,吳孟謙,"二5,6,7(文LA 4002)","['', '567', '', '', '', '', '']",《講授類》,[],False
https://selcrs.nsysu.edu.tw/menu5/showoutline.asp?SYEAR=114&SEM=2&CrsDat=CL241&Crsname=傳習錄,,,False,中文系,CL241,3,不分班,"傳習錄
CHUANXI LU",3,期,False,35,0,0,35,吳孟謙,"三5,6,7(文LA 4003)","['', '', '567', '', '', '', '']",《講授類》,[],False
https://selcrs.nsysu.edu.tw/menu5/showoutline.asp?SYEAR=114&SEM=2&CrsDat=CL250&Crsname=文字學,,,False,中文系,CL250,2,不分班,"文字學
CHINESE PALEOGRAPHY",3,期,True,50,0,0,50,待聘,"三2,3,4(文LA 4002)","['', '', '234', '', '', '', '']",《講授類》,[],False
https://selcrs.nsysu.edu.tw/menu5/showoutline.asp?SYEAR=114&SEM=2&CrsDat=CL267&Crsname=經學概論（二）,,,False,中文系,CL267,1,不分班,"經學概論（二）
INTRODUCTION TO THE CLASSICS (II)",3,期,False,50,0,0,50,黃羽璿,"二8,6,7(文LA 4001)","['', '678', '', '', '', '', '']",《講授類》,[],False
https://selcrs.nsysu.edu.tw/menu5/showoutline.asp?SYEAR=114&SEM=2&CrsDat=CL270&Crsname=先秦兩漢史傳選讀,,,False,中文系,CL270,1,不分班,"先秦兩漢史傳選讀
READINGS IN THE PRE-CHIN AND HAN LITERATURE",3,期,False,50,0,0,50,黃羽璿,"二2,3,4(文LA 4001)","['', '234', '', '', '', '', '']",《講授類》,[],False
https://selcrs.nsysu.edu.tw/menu5/showoutline.asp?SYEAR=114&SEM=2&CrsDat=CL272&Crsname=佛學概論,,,False,中文系,CL272,3,不分班,"佛學概論
INTRODUCTION TO BUDDHISM",3,期,False,50,0,0,50,謝薇娜,"二2,3,4(文LA 4003)","['', '234', '', '', '', '', '']",《講授類》,[],False
https://selcrs.nsysu.edu.tw/menu5/showoutline.asp?SYEAR=114&SEM=2&CrsDat=CL304&Crsname=中國思想史（二）,,,False,中文系,CL304,3,不分班,"中國思想史（二）
HISTORY OF CHINESE THOUGHTS(II)",3,期,True,50,0,0,50,紀志昌,"二5,6,7(文LA 2004)","['', '567', '', '', '', '', '']",《講授類》,[],False
https://selcrs.nsysu.edu.tw/menu5/showoutline.asp?SYEAR=114&SEM=2&CrsDat=CL308&Crsname=詞曲選及習作（二）,,,False,中文系,CL308,3,不分班,"詞曲選及習作（二）
READING IN TZ'U & CH'U POETRY(WITH EXERCISE)(II)",3,期,True,50,0,0,50,林芷瑩,"一5,6,7(文LA 4003)","['567', '', '', '', '', '', '']",《講授類》,[],False
https://selcrs.nsysu.edu.tw/menu5/showoutline.asp?SYEAR=114&SEM=2&CrsDat=CL325&Crsname=語意學概論,,,False,中文系,CL325,2,不分班,"語意學概論
INTRODUCTION TO SEMANTICS",3,期,False,50,0,0,50,待聘,"一2,3,4(文LA 4002)","['234', '', '', '', '', '', '']",《講授類》,[],False
https://selcrs.nsysu.edu.tw/menu5/showoutline.asp?SYEAR=114&SEM=2&CrsDat=CL435&Crsname=閩南民間文學與文化采風,,,False,中文系,CL435,3,不分班,"閩南民間文學與文化采風
COLLECTIONS AND RECORD OF SOUTHERN MIN FOLK TALE AND LITERATURE",3,期,False,20,0,0,20,"杜佳倫,林芷瑩,羅景文",,"['12345678', '', '567', '12345678', '12345678', '12345678', '12345678']","《講授類》
1.課程補助部分移地越南機票費用，其餘住宿與交通雜支須於課前預繳（每人7000元整）待課程結束後，依補助額度結算多退少補。 2. 有意選修的同學請參加01/12線上說明會，並於01/20前填寫報名表單，經通知錄取並完成繳費者，始得選課。",[],False
https://selcrs.nsysu.edu.tw/menu5/showoutline.asp?SYEAR=114&SEM=2&CrsDat=CL442&Crsname=地方敘事與數位遊戲設計,,,False,中文系,CL442,3,不分班,"地方敘事與數位遊戲設計
LOCAL NARRATIVE AND GAME PROGRAMMING",3,期,False,50,0,0,50,"杜佳倫,蘇凰蘭","四5,6,7(文LA 5004)","['', '', '', '567', '', '', '']",《講授類》,[],False
https://selcrs.nsysu.edu.tw/menu5/showoutline.asp?SYEAR=114&SEM=2&CrsDat=CL448&Crsname=主題策展規畫與實踐（一）,,,False,中文系,CL448,4,不分班,"主題策展規畫與實踐（一）
CURATING THEMATIC EXHIBITIONS DESIGN AND PRACTICE (I)",3,期,False,50,0,0,50,"杜佳倫,林芷瑩,羅景文","三2,3,4(文LA 5004)","['', '', '234', '', '', '', '']",《展演》,[],False
https://selcrs.nsysu.edu.tw/menu5/showoutline.asp?SYEAR=114&SEM=2&CrsDat=CL460&Crsname=早期台語電影與文化,,,False,中文系,CL460,3,不分班,"早期台語電影與文化
EARLY TAIWANESE LANGUAGE CINEMA AND CULTURE",3,期,False,40,0,0,40,蘇凰蘭,"四2,3,4(文LA 4003)","['', '', '', '234', '', '', '']",《講授類》,[],False
https://selcrs.nsysu.edu.tw/menu5/showoutline.asp?SYEAR=114&SEM=2&CrsDat=CL462&Crsname=臺灣民間信仰文化,,,False,中文系,CL462,2,不分班,"臺灣民間信仰文化
TAIWAN FOLK BELIEF CULTURE",3,期,False,35,0,0,35,羅景文,"二5,6,7(文LA 4003)","['', '567', '', '', '', '', '']",《講授類》,[],False
https://selcrs.nsysu.edu.tw/menu5/showoutline.asp?SYEAR=114&SEM=2&CrsDat=DFLL106&Crsname=英語口語訓練一（二）,,,True,外文系,DFLL106,1,不分班,"英語口語訓練一（二）
ENGLISH ORAL TRAINING I(II)",2,期,True,16,0,0,16,楊郁芬,"五2,3,4(文LA 3003)","['', '', '', '', '234', '', '']","《講授類》
限本系修畢「英語口語訓練一(一)」學生修習",[],True
https://selcrs.nsysu.edu.tw/menu5/showoutline.asp?SYEAR=114&SEM=2&CrsDat=DFLL106A&Crsname=英語口語訓練一（二）,,,True,外文系,DFLL106A,1,不分班,"英語口語訓練一（二）
ENGLISH ORAL TRAINING I(II)",2,期,True,16,0,0,16,李祁芳,"五2,3,4(文LA 3004)","['', '', '', '', '234', '', '']","《講授類》
限本系修畢「英語口語訓練一(一)」學生修習",[],True
https://selcrs.nsysu.edu.tw/menu5/showoutline.asp?SYEAR=114&SEM=2&CrsDat=DFLL108&Crsname=英文寫作一（二）,,,True,外文系,DFLL108,1,不分班,"英文寫作一（二）
ENGLISH WRITING I(II)",2,期,True,16,0,0,16,白士禮,"三2,3,4(文LA 3012)","['', '', '234', '', '', '', '']","《講授類》
限本系修畢「英文寫作一(一)」學生修習",[],True
https://selcrs.nsysu.edu.tw/menu5/showoutline.asp?SYEAR=114&SEM=2&CrsDat=DFLL108A&Crsname=英文寫作一（二）,,,True,外文系,DFLL108A,1,不分班,"英文寫作一（二）
ENGLISH WRITING I(II)",2,期,True,16,0,0,16,楊郁芬,"三2,3,4(文LA 3016)","['', '', '234', '', '', '', '']","《講授類》
限本系修畢英文寫作一(一)學生修習",[],True
https://selcrs.nsysu.edu.tw/menu5/showoutline.asp?SYEAR=114&SEM=2&CrsDat=DFLL108B&Crsname=英文寫作一（二）,,,True,外文系,DFLL108B,1,不分班,"英文寫作一（二）
ENGLISH WRITING I(II)",2,期,True,16,0,0,16,黃舒屏,"三2,3,4(文LA 3014)","['', '', '234', '', '', '', '']","《講授類》
限本系修畢英文寫作一(一)學生修習",[],False
https://selcrs.nsysu.edu.tw/menu5/showoutline.asp?SYEAR=114&SEM=2&CrsDat=DFLL110&Crsname=文學作品導讀（二）,,,False,外文系,DFLL110,1,不分班,"文學作品導讀（二）
GUIDED READING OF LITERARY WORKS (II)",3,期,True,50,0,0,50,范澤凱,"一5,6,7(文LA 3001)","['567', '', '', '', '', '', '']",《講授類》,[],True
https://selcrs.nsysu.edu.tw/menu5/showoutline.asp?SYEAR=114&SEM=2&CrsDat=DFLL112&Crsname=西洋文學概論（二）,,,False,外文系,DFLL112,1,不分班,"西洋文學概論（二）
INTRODUCTION TO WESTERN LITERATURE(II)",3,期,True,50,0,0,50,李祁芳,"五5,6,7(文LA 3001)","['', '', '', '', '567', '', '']",《講授類》,[],True
https://selcrs.nsysu.edu.tw/menu5/showoutline.asp?SYEAR=114&SEM=2&CrsDat=DFLL206&Crsname=英語口語訓練二（二）,,,True,外文系,DFLL206,2,不分班,"英語口語訓練二（二）
ENGLISH ORAL TRAINING II(II)",2,期,True,20,0,0,20,白士禮,"四2,3,4(文LA 3003)","['', '', '', '234', '', '', '']","《講授類》
限本系修畢「英語口語訓練一(一)、一(二)」、「英語口語訓練二(一)」學生修習",[],True
https://selcrs.nsysu.edu.tw/menu5/showoutline.asp?SYEAR=114&SEM=2&CrsDat=DFLL206A&Crsname=英語口語訓練二（二）,,,True,外文系,DFLL206A,2,不分班,"英語口語訓練二（二）
ENGLISH ORAL TRAINING II(II)",2,期,True,20,0,0,20,溫惠珍,"四2,3,4(文LA 3012)","['', '', '', '234', '', '', '']","《講授類》
限本系修畢「英語口語訓練一(一)、一(二)」、「英語口語訓練二(一)」學生修習",[],True
https://selcrs.nsysu.edu.tw/menu5/showoutline.asp?SYEAR=114&SEM=2&CrsDat=DFLL208&Crsname=英文寫作二（二）,,,True,外文系,DFLL208,2,不分班,"英文寫作二（二）
ENGLISH WRITING II(II)",2,期,True,16,0,0,16,范澤凱,"三2,3,4(文LA 3015)","['', '', '234', '', '', '', '']","《講授類》
限本系修畢「英文寫作一(一)、一(二)」、「英文寫作二(一)」學生修習",[],True
https://selcrs.nsysu.edu.tw/menu5/showoutline.asp?SYEAR=114&SEM=2&CrsDat=DFLL208A&Crsname=英文寫作二（二）,,,True,外文系,DFLL208A,2,不分班,"英文寫作二（二）
ENGLISH WRITING II(II)",2,期,True,16,0,0,16,盧家達,"三2,3,4(文LA 3001)","['', '', '234', '', '', '', '']","《講授類》
限本系修畢「英文寫作一(一)、一(二)」、「英文寫作二(一)」學生修習",[],True
https://selcrs.nsysu.edu.tw/menu5/showoutline.asp?SYEAR=114&SEM=2&CrsDat=DFLL208B&Crsname=英文寫作二（二）,,,True,外文系,DFLL208B,2,不分班,"英文寫作二（二）
ENGLISH WRITING II(II)",2,期,True,16,0,0,16,待聘,"三2,3,4(文LA 3002)","['', '', '234', '', '', '', '']","《講授類》
限本系修畢「英文寫作一(一)、一(二)」、「英文寫作二(一)」學生修習",[],True
https://selcrs.nsysu.edu.tw/menu5/showoutline.asp?SYEAR=114&SEM=2&CrsDat=DFLL221&Crsname=英語語言學概論（二）,,,False,外文系,DFLL221,2,不分班,"英語語言學概論（二）
INTRODUCTION TO ENGLISH LINGUISTICS（II）",3,期,True,50,0,0,50,歐淑珍,"一2,3,4(文LA 3001)","['234', '', '', '', '', '', '']",《講授類》,[],True
https://selcrs.nsysu.edu.tw/menu5/showoutline.asp?SYEAR=114&SEM=2&CrsDat=DFLL223&Crsname=歐洲文學：1800以後,,,True,外文系,DFLL223,2,不分班,"歐洲文學：1800以後
EUROPEAN LITERATURE : AFTER 1800",3,期,True,50,0,0,50,洪敏秀,"五2,3,4(文LA 3002)","['', '', '', '', '234', '', '']",《講授類》,[],True
https://selcrs.nsysu.edu.tw/menu5/showoutline.asp?SYEAR=114&SEM=2&CrsDat=DFLL225&Crsname=英國文學：1660-1800,,,True,外文系,DFLL225,2,不分班,"英國文學：1660-1800
ENGLISH LITERATURE : 1660-1800",3,期,True,50,0,0,50,李佳容,"二5,6,7(文LA 3002)","['', '567', '', '', '', '', '']",《講授類》,[],True
https://selcrs.nsysu.edu.tw/menu5/showoutline.asp?SYEAR=114&SEM=2&CrsDat=DFLL232&Crsname=進階英語聽力,,,False,外文系,DFLL232,2,不分班,"進階英語聽力
ADVANCED ENGLISH LISTENING",3,期,False,50,0,0,50,曾銘裕,"二2,3,4(文LA 2001)","['', '234', '', '', '', '', '']","《講授類》
限本系修畢「英語聽力」或「英語聽力一(一)、一(二)」同學選修",[],True
https://selcrs.nsysu.edu.tw/menu5/showoutline.asp?SYEAR=114&SEM=2&CrsDat=DFLL233&Crsname=日文（二）,,,False,外文系,DFLL233,2,不分班,"日文（二）
JAPANESE(II)",3,期,False,20,0,0,20,森國松江,"三5,6,7(文LA 3013)","['', '', '567', '', '', '', '']","《講授類》
初級日文。外文系學生優先選修。本課程限修，於加退選2階段開放選修。",[],False
https://selcrs.nsysu.edu.tw/menu5/showoutline.asp?SYEAR=114&SEM=2&CrsDat=DFLL233A&Crsname=日文（二）,,,False,外文系,DFLL233A,2,不分班,"日文（二）
JAPANESE(II)",3,期,False,20,0,0,20,森國松江,"三2,3,4(文LA 2003)","['', '', '234', '', '', '', '']","《講授類》
初級日文。非外文系學生優先選修",[],False
https://selcrs.nsysu.edu.tw/menu5/showoutline.asp?SYEAR=114&SEM=2&CrsDat=DFLL235&Crsname=西班牙文（二）,,,False,外文系,DFLL235,2,不分班,"西班牙文（二）
SPANISH(II)",3,期,False,20,0,0,20,李優俐,"三5,6,7(文LA 3014)","['', '', '567', '', '', '', '']","《講授類》
初級西班牙文。外文系學生優先選修。本課程限修，於加退選2階段開放選修。",[],False
https://selcrs.nsysu.edu.tw/menu5/showoutline.asp?SYEAR=114&SEM=2&CrsDat=DFLL235A&Crsname=西班牙文（二）,,,False,外文系,DFLL235A,2,不分班,"西班牙文（二）
SPANISH(II)",3,期,False,20,0,0,20,李優俐,"三2,3,4(文LA 1002)","['', '', '234', '', '', '', '']","《講授類》
初級西班牙文。非外文系學生優先選修",[],False
https://selcrs.nsysu.edu.tw/menu5/showoutline.asp?SYEAR=114&SEM=2&CrsDat=DFLL237&Crsname=法文（二）,,,False,外文系,DFLL237,2,不分班,"法文（二）
FRENCH(II)",3,期,False,20,0,0,20,王柔惠,"一5,6,7(文LA 3003)","['567', '', '', '', '', '', '']","《講授類》
初級法文。外文系學生優先選修。本課程之限修，於加退選2階段開放。",[],False
https://selcrs.nsysu.edu.tw/menu5/showoutline.asp?SYEAR=114&SEM=2&CrsDat=DFLL237A&Crsname=法文（二）,,,False,外文系,DFLL237A,2,不分班,"法文（二）
FRENCH(II)",3,期,False,20,0,0,20,王柔惠,"一2,3,4(文LA 3002)","['234', '', '', '', '', '', '']","《講授類》
初級法文。非外文系學生優先選修",[],False
https://selcrs.nsysu.edu.tw/menu5/showoutline.asp?SYEAR=114&SEM=2&CrsDat=DFLL239&Crsname=德文（二）,,,False,外文系,DFLL239,2,不分班,"德文（二）
GERMAN(II)",3,期,False,20,0,0,20,陳麗雅,"三5,6,7(文LA 3012)","['', '', '567', '', '', '', '']","《講授類》
初級德文。外文系學生優先選修。本課程限修，於加退選2階段開放選修。",[],False
https://selcrs.nsysu.edu.tw/menu5/showoutline.asp?SYEAR=114&SEM=2&CrsDat=DFLL239A&Crsname=德文（二）,,,False,外文系,DFLL239A,2,不分班,"德文（二）
GERMAN(II)",3,期,False,20,0,0,20,陳麗雅,"三2,3,4(文LA 1001)","['', '', '234', '', '', '', '']","《講授類》
初級德文。非外文系學生優先選修",[],False
https://selcrs.nsysu.edu.tw/menu5/showoutline.asp?SYEAR=114&SEM=2&CrsDat=DFLL321&Crsname=英國文學：1900以後,,,True,外文系,DFLL321,3,不分班,"英國文學：1900以後
ENGLISH LITERATURE : AFTER 1900",3,期,True,50,0,0,50,盧家達,"一5,6,7(文LA 3004)","['567', '', '', '', '', '', '']",《講授類》,[],True
https://selcrs.nsysu.edu.tw/menu5/showoutline.asp?SYEAR=114&SEM=2&CrsDat=DFLL331&Crsname=英文中譯（二）,,,False,外文系,DFLL331,3,不分班,"英文中譯（二）
TRANSLATING ENGLISH TEXTS INTO CHINESE (II)",3,期,False,20,0,0,20,林毓凱,"二5,6,7(文LA 2003)","['', '567', '', '', '', '', '']",《講授類》,[],True
https://selcrs.nsysu.edu.tw/menu5/showoutline.asp?SYEAR=114&SEM=2&CrsDat=DFLL334&Crsname=應用英語與溝通,,,False,外文系,DFLL334,4,不分班,"應用英語與溝通
APPLIED ENGLISH AND COMMUNICATION",3,期,False,50,0,0,50,曾銘裕,"一2,3,4(文LA 2001)","['234', '', '', '', '', '', '']",《講授類》,[],True
https://selcrs.nsysu.edu.tw/menu5/showoutline.asp?SYEAR=114&SEM=2&CrsDat=DFLL336&Crsname=多媒體英文與溝通,,,False,外文系,DFLL336,3,不分班,"多媒體英文與溝通
MULTIMEDIA AND ENGLISH COMMUNICATION",3,期,False,50,0,0,50,楊郁芬,"四2,3,4(文LA 3004)","['', '', '', '234', '', '', '']",《講授類》,[],True
https://selcrs.nsysu.edu.tw/menu5/showoutline.asp?SYEAR=114&SEM=2&CrsDat=DFLL338&Crsname=語言評量概論,,,False,外文系,DFLL338,3,不分班,"語言評量概論
INTRODUCTION TO LANGUAGE ASSESSMENT",3,期,False,50,0,0,50,施智閔,"三5,6,7(海ME 3006)","['', '', '567', '', '', '', '']",《講授類》,[],True
https://selcrs.nsysu.edu.tw/menu5/showoutline.asp?SYEAR=114&SEM=2&CrsDat=DFLL342&Crsname=日文（四）,,,False,外文系,DFLL342,3,不分班,"日文（四）
JAPANESE(IV)",3,期,False,20,0,0,20,森國松江,"一2,3,4(文LA 3014)","['234', '', '', '', '', '', '']","《講授類》
中級日文",[],False
https://selcrs.nsysu.edu.tw/menu5/showoutline.asp?SYEAR=114&SEM=2&CrsDat=DFLL344&Crsname=西班牙文（四）,異動,更換時間1/2,False,外文系,DFLL344,3,不分班,"西班牙文（四）
SPANISH(IV)",3,期,False,20,0,0,20,李優俐,"一2,3,4(文LA 3015)","['234', '', '', '', '', '', '']","《講授類》
中級西班牙文",[],False
https://selcrs.nsysu.edu.tw/menu5/showoutline.asp?SYEAR=114&SEM=2&CrsDat=DFLL346&Crsname=法文（四）,,,False,外文系,DFLL346,3,不分班,"法文（四）
FRENCH(IV)",3,期,False,20,0,0,20,王柔惠,"四5,6,7(文LA 3015)","['', '', '', '567', '', '', '']","《講授類》
中級法文",[],False
https://selcrs.nsysu.edu.tw/menu5/showoutline.asp?SYEAR=114&SEM=2&CrsDat=DFLL348&Crsname=德文（四）,,,False,外文系,DFLL348,3,不分班,"德文（四）
GERMAN(IV)",3,期,False,20,0,0,20,陳麗雅,"二2,3,4(文LA 3015)","['', '234', '', '', '', '', '']","《講授類》
中級德文",[],False
https://selcrs.nsysu.edu.tw/menu5/showoutline.asp?SYEAR=114&SEM=2&CrsDat=DFLL421&Crsname=美國文學：1865以後,,,True,外文系,DFLL421,4,不分班,"美國文學：1865以後
AMERICAN LITERATURE : AFTER 1865",3,期,True,50,0,0,50,盧莉茹,"二2,3,4(文LA 2003)","['', '234', '', '', '', '', '']",《講授類》,[],True
https://selcrs.nsysu.edu.tw/menu5/showoutline.asp?SYEAR=114&SEM=2&CrsDat=DFLL429&Crsname=歐洲文藝復興之歷史與文化,,,False,外文系,DFLL429,4,不分班,"歐洲文藝復興之歷史與文化
HISTORY AND CULTURE OF THE EUROPEAN RENAISSANCE",3,期,False,50,0,0,50,李祁芳,"四5,6,7(文LA 3003)","['', '', '', '567', '', '', '']",《講授類》,[],True
https://selcrs.nsysu.edu.tw/menu5/showoutline.asp?SYEAR=114&SEM=2&CrsDat=DFLL440&Crsname=應用語言學概論,,,False,外文系,DFLL440,4,不分班,"應用語言學概論
INTRODUCTION TO APPLIED LINGUISTICS",3,期,False,50,0,0,50,待聘,"二5,6,7(文LA 3003)","['', '567', '', '', '', '', '']",《講授類》,[],True
https://selcrs.nsysu.edu.tw/menu5/showoutline.asp?SYEAR=114&SEM=2&CrsDat=DFLL445&Crsname=言談分析概論,,,False,外文系,DFLL445,4,不分班,"言談分析概論
INTRODUCTION TO DISCOURSE ANALYSIS",3,期,False,50,0,0,50,曾銘裕,"三2,3,4(文LA 3004)","['', '', '234', '', '', '', '']",《講授類》,[],True
https://selcrs.nsysu.edu.tw/menu5/showoutline.asp?SYEAR=114&SEM=2&CrsDat=DFLL452&Crsname=新聞翻譯,,,False,外文系,DFLL452,4,不分班,"新聞翻譯
TRANSLATING JOURNALISTIC WRITING",3,期,False,20,0,0,20,李佳容,"一2,3,4(文LA 3003)","['234', '', '', '', '', '', '']",《講授類》,[],True
https://selcrs.nsysu.edu.tw/menu5/showoutline.asp?SYEAR=114&SEM=2&CrsDat=DFLL456&Crsname=英譯臺灣文學,,,False,外文系,DFLL456,4,不分班,"英譯臺灣文學
ENGLISH TRANSLATION OF TAIWAN LITERATURE",3,期,False,20,0,0,20,賴淑芳,"三5,6,7(文LA 7001)","['', '', '567', '', '', '', '']",《講授類》,[],True
https://selcrs.nsysu.edu.tw/menu5/showoutline.asp?SYEAR=114&SEM=2&CrsDat=DFLL471&Crsname=加拿大英語文學與文化,,,False,外文系,DFLL471,4,不分班,"加拿大英語文學與文化
ENGLISH CANADIAN LITERATURE AND CULTURE",3,期,False,50,0,0,50,洪敏秀,"三2,3,4(文LA 3003)","['', '', '234', '', '', '', '']",《講授類》,[],True
https://selcrs.nsysu.edu.tw/menu5/showoutline.asp?SYEAR=114&SEM=2&CrsDat=DFLL483&Crsname=日文溝通,,,False,外文系,DFLL483,4,不分班,"日文溝通
JAPANESE COMMUNICATION",3,期,False,20,0,0,20,森國松江,"一5,6,7(文LA 3013)","['567', '', '', '', '', '', '']","《講授類》
進階課程，適合具有一定程度同學。",[],False
https://selcrs.nsysu.edu.tw/menu5/showoutline.asp?SYEAR=114&SEM=2&CrsDat=DFLL485&Crsname=西班牙文溝通,,,False,外文系,DFLL485,4,不分班,"西班牙文溝通
SPANISH COMMUNICATION",3,期,False,20,0,0,20,高長空,"三5,6,7(文LA 3016)","['', '', '567', '', '', '', '']","《講授類》
進階課程，適合具有一定程度同學。",[],False
https://selcrs.nsysu.edu.tw/menu5/showoutline.asp?SYEAR=114&SEM=2&CrsDat=DFLL487&Crsname=法文溝通,,,False,外文系,DFLL487,4,不分班,"法文溝通
FRENCH COMMUNICATION",3,期,False,20,0,0,20,王柔惠,"四2,3,4(文LA 3016)","['', '', '', '234', '', '', '']","《講授類》
進階課程，適合具有一定程度同學。",[],False
https://selcrs.nsysu.edu.tw/menu5/showoutline.asp?SYEAR=114&SEM=2&CrsDat=DFLL489&Crsname=德文溝通,,,False,外文系,DFLL489,4,不分班,"德文溝通
GERMAN C0MMUNICATION",3,期,False,20,0,0,20,陳麗雅,"二5,6,7(文LA 3014)","['', '567', '', '', '', '', '']","《講授類》
進階課程，適合具有一定程度同學。",[],False
https://selcrs.nsysu.edu.tw/menu5/showoutline.asp?SYEAR=114&SEM=2&CrsDat=MUSI101&Crsname=合奏,,,True,音樂系,MUSI101,1,不分班,"合奏
ENSEMBLE",2,期,True,90,0,0,90,楊智欽,"三6,7(文FA 4031) 五5,6(文FA 4031)","['', '', '67', '', '56', '', '']","《音樂類》
開放20個名額予跨院修課，學生選課於第一週參加樂團甄試，通過後始得修課，外系學生借用琴房練習，依規定繳交費用",[],False
https://selcrs.nsysu.edu.tw/menu5/showoutline.asp?SYEAR=114&SEM=2&CrsDat=MUSI102&Crsname=合唱,,,True,音樂系,MUSI102,1,不分班,"合唱
CHORUS",2,期,True,60,0,0,60,張成璞,"三6,7(文FA 4028) 四8,9(文FA 4028)","['', '', '67', '89', '', '', '']","《音樂類》
開放20個名額予跨院修課，選課學生須於第一週參加視譜及歌唱測驗，通過後始得修課，外系學生借用琴房練習須依規定繳交費用",[],False
https://selcrs.nsysu.edu.tw/menu5/showoutline.asp?SYEAR=114&SEM=2&CrsDat=MUSI103&Crsname=流行樂團合奏（一）,,,False,音樂系,MUSI103,1,不分班,"流行樂團合奏（一）
POPULAR MUSIC ENSEMBLE（I）",1,期,False,50,0,0,50,黃盟傑,"二8,7(文FA 4029)","['', '78', '', '', '', '', '']","《音樂類》
限音樂系學生修課",[],False
https://selcrs.nsysu.edu.tw/menu5/showoutline.asp?SYEAR=114&SEM=2&CrsDat=MUSI105&Crsname=音樂基礎訓練（二）,,,True,音樂系,MUSI105,1,不分班,"音樂基礎訓練（二）
MUSICIAN SHIP (Ⅱ)",1,期,True,50,0,0,50,游詠晴,一2(文FA 4034),"['2', '', '', '', '', '', '']","《講授類》
限音樂系學生修課，且須修畢音樂基礎訓練(一)課程，始得修課",[],False
https://selcrs.nsysu.edu.tw/menu5/showoutline.asp?SYEAR=114&SEM=2&CrsDat=MUSI105A&Crsname=音樂基礎訓練（二）,,,True,音樂系,MUSI105A,1,不分班,"音樂基礎訓練（二）
MUSICIAN SHIP (Ⅱ)",1,期,True,50,0,0,50,游詠晴,一3(文FA 4034),"['3', '', '', '', '', '', '']","《講授類》
限音樂系學生修課，且須修畢音樂基礎訓練(一)課程，始得修課",[],False
https://selcrs.nsysu.edu.tw/menu5/showoutline.asp?SYEAR=114&SEM=2&CrsDat=MUSI114&Crsname=調性音樂理論與分析（二）,,,False,音樂系,MUSI114,1,不分班,"調性音樂理論與分析（二）
THEORY AND ANALYSIS IN TONAL MUSIC (II)",2,期,True,50,0,0,50,陳以軒,"二5,6(文FA 7003)","['', '56', '', '', '', '', '']",《講授類》,[],True
https://selcrs.nsysu.edu.tw/menu5/showoutline.asp?SYEAR=114&SEM=2&CrsDat=MUSI117&Crsname=主修（鋼琴）,,,True,音樂系,MUSI117,1,不分班,"主修（鋼琴）
MAJOR (PIANO)",2,期,True,50,0,0,50,"吳亞欣,唐佳迎,林雅叙,楊妮蓉,陳宜蓁,顏竹君,黃楚涵,黃瓊儀","六1,2()","['', '', '', '', '', '12', '']","《音樂類》
限音樂系學生修課",[],False
https://selcrs.nsysu.edu.tw/menu5/showoutline.asp?SYEAR=114&SEM=2&CrsDat=MUSI119&Crsname=鋼琴重奏（一）,,,False,音樂系,MUSI119,2,不分班,"鋼琴重奏（一）
PIANO CHAMBER ENSENBLE(I)",1,期,False,50,0,0,50,顏竹君,二3(文FA 5011) 二4(文FA 5012),"['', '34', '', '', '', '', '']","《音樂類》
限音樂系學生修課",[],False
https://selcrs.nsysu.edu.tw/menu5/showoutline.asp?SYEAR=114&SEM=2&CrsDat=MUSI125&Crsname=主修（小提琴）,,,True,音樂系,MUSI125,1,不分班,"主修（小提琴）
MAJOR (VIOLIN)",2,期,True,50,0,0,50,"林子平,熊書宜,葉翹任,陳鈺雯","六1,2()","['', '', '', '', '', '12', '']","《音樂類》
限音樂系學生修課",[],False
https://selcrs.nsysu.edu.tw/menu5/showoutline.asp?SYEAR=114&SEM=2&CrsDat=MUSI126&Crsname=主修（中提琴）,,,True,音樂系,MUSI126,1,不分班,"主修（中提琴）
MAJOR (VIOLA)",2,期,True,50,0,0,50,"富澤直子,莊孟勳","六1,2()","['', '', '', '', '', '12', '']","《音樂類》
限音樂系學生修課",[],False
https://selcrs.nsysu.edu.tw/menu5/showoutline.asp?SYEAR=114&SEM=2&CrsDat=MUSI127&Crsname=主修（大提琴）,,,True,音樂系,MUSI127,1,不分班,"主修（大提琴）
MAJOR (VIOLONCELLO)",2,期,True,50,0,0,50,"曾加宜,謝孟軒","六1,2()","['', '', '', '', '', '12', '']","《音樂類》
限音樂系學生修課",[],False
https://selcrs.nsysu.edu.tw/menu5/showoutline.asp?SYEAR=114&SEM=2&CrsDat=MUSI128&Crsname=主修（低音提琴）,,,True,音樂系,MUSI128,1,不分班,"主修（低音提琴）
MAJOR (DOUBLE BASS)",2,期,True,50,0,0,50,阮晉志,"六1,2()","['', '', '', '', '', '12', '']","《音樂類》
限音樂系學生修課",[],False
https://selcrs.nsysu.edu.tw/menu5/showoutline.asp?SYEAR=114&SEM=2&CrsDat=MUSI131&Crsname=弦樂合奏（一）,,,False,音樂系,MUSI131,1,不分班,"弦樂合奏（一）
STRING ENSEMBLE(一)",1,期,False,50,0,0,50,阮晉志,"一8,7(文FA 4031)(實驗)","['78', '', '', '', '', '', '']","《音樂類》
限音樂系學生修課",[],False
https://selcrs.nsysu.edu.tw/menu5/showoutline.asp?SYEAR=114&SEM=2&CrsDat=MUSI138&Crsname=主修（聲樂）,,,True,音樂系,MUSI138,1,不分班,"主修（聲樂）
MAJOR (VOICE)",2,期,True,50,0,0,50,"林健吉,邱麗君,馮悅情,黃子珊","六1,2()","['', '', '', '', '', '12', '']","《音樂類》
限音樂系學生修課",[],False
https://selcrs.nsysu.edu.tw/menu5/showoutline.asp?SYEAR=114&SEM=2&CrsDat=MUSI146&Crsname=主修（雙簧管）,,,True,音樂系,MUSI146,1,不分班,"主修（雙簧管）
MAJOR (OBOE)",2,期,True,50,0,0,50,張瑞芝,"六1,2()","['', '', '', '', '', '12', '']","《音樂類》
限音樂系學生修課",[],False
https://selcrs.nsysu.edu.tw/menu5/showoutline.asp?SYEAR=114&SEM=2&CrsDat=MUSI147&Crsname=主修（豎笛）,,,True,音樂系,MUSI147,1,不分班,"主修（豎笛）
MAJOR CLARINET",2,期,True,50,0,0,50,"楊蕙祺,陳怡君","六1,2()","['', '', '', '', '', '12', '']","《音樂類》
限音樂系學生修課",[],False
https://selcrs.nsysu.edu.tw/menu5/showoutline.asp?SYEAR=114&SEM=2&CrsDat=MUSI148&Crsname=主修（長笛）,,,True,音樂系,MUSI148,1,不分班,"主修（長笛）
MAJOR (FLUTE)",2,期,True,50,0,0,50,"呂承祐,林鴻君,馬曉珮","六1,2()","['', '', '', '', '', '12', '']","《音樂類》
限音樂系學生修課",[],False
https://selcrs.nsysu.edu.tw/menu5/showoutline.asp?SYEAR=114&SEM=2&CrsDat=MUSI149&Crsname=主修（法國號）,,,True,音樂系,MUSI149,1,不分班,"主修（法國號）
MAJOR (FRENCH HORN)",2,期,True,50,0,0,50,陳冠豪,"六1,2()","['', '', '', '', '', '12', '']","《音樂類》
限音樂系學生修課",[],False
https://selcrs.nsysu.edu.tw/menu5/showoutline.asp?SYEAR=114&SEM=2&CrsDat=MUSI150&Crsname=主修（小號）,,,True,音樂系,MUSI150,1,不分班,"主修（小號）
MAJOR (TRUMPET)",2,期,True,50,0,0,50,劉郁君,"六1,2()","['', '', '', '', '', '12', '']","《音樂類》
限音樂系學生修課",[],False
https://selcrs.nsysu.edu.tw/menu5/showoutline.asp?SYEAR=114&SEM=2&CrsDat=MUSI151&Crsname=主修（低音管）,,,True,音樂系,MUSI151,1,不分班,"主修（低音管）
MAJOR (BASSOON)",2,期,True,50,0,0,50,陳奕秀,"六1,2()","['', '', '', '', '', '12', '']","《音樂類》
限音樂系學生修課",[],False
https://selcrs.nsysu.edu.tw/menu5/showoutline.asp?SYEAR=114&SEM=2&CrsDat=MUSI152&Crsname=主修（長號）,,,True,音樂系,MUSI152,1,不分班,"主修（長號）
MAJOR(TROMBONE)",2,期,True,50,0,0,50,鄭詔駿,"六1,2()","['', '', '', '', '', '12', '']","《音樂類》
限音樂系學生修課",[],False
https://selcrs.nsysu.edu.tw/menu5/showoutline.asp?SYEAR=114&SEM=2&CrsDat=MUSI153&Crsname=管樂合奏（一）,,,False,音樂系,MUSI153,1,不分班,"管樂合奏（一）
WIND ENSEMBLE(I)",1,期,False,90,0,0,90,林鴻君,"二D,E(文FA 4031)(實驗)","['', 'DE', '', '', '', '', '']","《音樂類》
於限修人數中，開放50個名額予跨院修課。外系學生修課借用琴房練習須依規定繳交費用",[],False
https://selcrs.nsysu.edu.tw/menu5/showoutline.asp?SYEAR=114&SEM=2&CrsDat=MUSI155&Crsname=主修（低音號）,,,True,音樂系,MUSI155,1,不分班,"主修（低音號）
MAJOR(TUBA)",2,期,True,50,0,0,50,湯志偉,"六1,2()","['', '', '', '', '', '12', '']","《音樂類》
限音樂系學生修課",[],False
https://selcrs.nsysu.edu.tw/menu5/showoutline.asp?SYEAR=114&SEM=2&CrsDat=MUSI156&Crsname=主修（薩克斯管）,,,True,音樂系,MUSI156,1,不分班,"主修（薩克斯管）
MAJOR (SAXOPHONE)",2,期,True,50,0,0,50,陳品樺,"六1,2()","['', '', '', '', '', '12', '']","《音樂類》
限音樂系學生修課",[],False
https://selcrs.nsysu.edu.tw/menu5/showoutline.asp?SYEAR=114&SEM=2&CrsDat=MUSI157&Crsname=主修 (上低音號),,,True,音樂系,MUSI157,1,不分班,"主修 (上低音號)
MAJOR (EUPHONIUM)",2,期,True,50,0,0,50,黃詩堯,"六1,2()","['', '', '', '', '', '12', '']","《音樂類》
限音樂系學生修課",[],False
https://selcrs.nsysu.edu.tw/menu5/showoutline.asp?SYEAR=114&SEM=2&CrsDat=MUSI160&Crsname=主修（打擊樂）,,,True,音樂系,MUSI160,1,不分班,"主修（打擊樂）
MAJOR (PERCUSSIONS)",2,期,True,50,0,0,50,"鄭雅心,陸淯姿","六1,2()","['', '', '', '', '', '12', '']","《音樂類》
限音樂系學生修課",[],False
https://selcrs.nsysu.edu.tw/menu5/showoutline.asp?SYEAR=114&SEM=2&CrsDat=MUSI168&Crsname=主修（創作與應用）,,,True,音樂系,MUSI168,1,不分班,"主修（創作與應用）
MUSIC COMPOSITION AND PRODUCTION",3,期,True,50,0,0,50,"劉聖賢,陳以軒","一8,9,7(文FA 6011)","['789', '', '', '', '', '', '']","《音樂類》
限音樂系創作與應用組學生修課",[],False
https://selcrs.nsysu.edu.tw/menu5/showoutline.asp?SYEAR=114&SEM=2&CrsDat=MUSI168A&Crsname=主修（創作與應用）,,,True,音樂系,MUSI168A,2,不分班,"主修（創作與應用）
MUSIC COMPOSITION AND PRODUCTION",3,期,True,50,0,0,50,"李思嫺,江俊典","一B,5,6(文FA 6011)","['B56', '', '', '', '', '', '']","《音樂類》
限音樂系創作與應用組學生修課",[],False
https://selcrs.nsysu.edu.tw/menu5/showoutline.asp?SYEAR=114&SEM=2&CrsDat=MUSI201&Crsname=鋼琴演奏實務,,,False,音樂系,MUSI201,3,不分班,"鋼琴演奏實務
PIANO PERFORMANCE CLASS",2,期,False,50,0,0,50,唐佳迎,"四6,7(文FA 4034)","['', '', '', '67', '', '', '']","《音樂類》
限音樂系學生修課",[],False
https://selcrs.nsysu.edu.tw/menu5/showoutline.asp?SYEAR=114&SEM=2&CrsDat=MUSI204&Crsname=弦樂演奏實務,,,False,音樂系,MUSI204,2,不分班,"弦樂演奏實務
STRINGS PERFORMANCE CLASS",2,期,False,50,0,0,50,陳鈺雯,"一5,6(文FA 4031)","['56', '', '', '', '', '', '']","《音樂類》
限音樂系學生修課",[],False
https://selcrs.nsysu.edu.tw/menu5/showoutline.asp?SYEAR=114&SEM=2&CrsDat=MUSI206&Crsname=基礎聲樂教學,,,False,音樂系,MUSI206,2,不分班,"基礎聲樂教學
BASIC VOCAL PEDAGOGY",2,期,False,50,0,0,50,黃子珊,"一5,6(文FA 4030)","['56', '', '', '', '', '', '']",《講授類》,[],False
https://selcrs.nsysu.edu.tw/menu5/showoutline.asp?SYEAR=114&SEM=2&CrsDat=MUSI211&Crsname=音樂基礎訓練（四）,,,True,音樂系,MUSI211,2,不分班,"音樂基礎訓練（四）
MUSICIANSHIP (IV)",1,期,True,50,0,0,50,楊妮蓉,一2(文FA 4030),"['2', '', '', '', '', '', '']","《講授類》
限音樂系學生修課，且須修畢音樂基礎訓練(一)、音樂基礎訓練(二)及音樂基礎訓練(三)課程，始得修課",[],False
https://selcrs.nsysu.edu.tw/menu5/showoutline.asp?SYEAR=114&SEM=2&CrsDat=MUSI211A&Crsname=音樂基礎訓練（四）,,,True,音樂系,MUSI211A,2,不分班,"音樂基礎訓練（四）
MUSICIANSHIP (IV)",1,期,True,50,0,0,50,楊妮蓉,一3(文FA 4030),"['3', '', '', '', '', '', '']","《講授類》
限音樂系學生修課，且須修畢音樂基礎訓練(一)、音樂基礎訓練(二)及音樂基礎訓練(三)課程，始得修課",[],False
https://selcrs.nsysu.edu.tw/menu5/showoutline.asp?SYEAR=114&SEM=2&CrsDat=MUSI212&Crsname=鍵盤和聲（一）,,,False,音樂系,MUSI212,2,不分班,"鍵盤和聲（一）
KEYBOARD HARMONY (I)",1,期,False,50,0,0,50,李思嫺,二B(文FA 6011),"['', 'B', '', '', '', '', '']","《講授類》
限音樂系學生修課",[],False
https://selcrs.nsysu.edu.tw/menu5/showoutline.asp?SYEAR=114&SEM=2&CrsDat=MUSI219&Crsname=西洋音樂史（二）,,,False,音樂系,MUSI219,2,不分班,"西洋音樂史（二）
HISTORY OF WESTERN MUSIC II",2,期,True,50,0,0,50,郭瓊嬌,"五3,4(文FA 7003)","['', '', '', '', '34', '', '']",《講授類》,[],False
https://selcrs.nsysu.edu.tw/menu5/showoutline.asp?SYEAR=114&SEM=2&CrsDat=MUSI233&Crsname=調性音樂理論與分析（四）,,,False,音樂系,MUSI233,2,不分班,"調性音樂理論與分析（四）
THEORY AND ANALYSIS IN TONAL MUSIC (IV)",2,期,True,50,0,0,50,李思嫺,"三3,4(文FA 4034)","['', '', '34', '', '', '', '']",《講授類》,[],False
https://selcrs.nsysu.edu.tw/menu5/showoutline.asp?SYEAR=114&SEM=2&CrsDat=MUSI246&Crsname=弦樂曲目,,,False,音樂系,MUSI246,3,不分班,"弦樂曲目
STRING REPERTOIRE",2,期,False,50,0,0,50,莊孟勳,"四5,6(文FA 4030)","['', '', '', '56', '', '', '']","《講授類》
限音樂系學生修課",[],False
https://selcrs.nsysu.edu.tw/menu5/showoutline.asp?SYEAR=114&SEM=2&CrsDat=MUSI272&Crsname=管樂曲目,,,False,音樂系,MUSI272,2,不分班,"管樂曲目
WIND REPERTOIRE",2,期,False,50,0,0,50,張瑞芝,"四2,3(文FA 4030)","['', '', '', '23', '', '', '']","《講授類》
限音樂系學生修課",[],False
https://selcrs.nsysu.edu.tw/menu5/showoutline.asp?SYEAR=114&SEM=2&CrsDat=MUSI301&Crsname=弦樂重奏（一）,,,False,音樂系,MUSI301,3,不分班,"弦樂重奏（一）
STRING CHAMBER ENSEMBLE(I)",1,期,False,50,0,0,50,富澤直子,"二3,4(文FA 4031)","['', '34', '', '', '', '', '']","《音樂類》
限音樂系學生修課",[],False
https://selcrs.nsysu.edu.tw/menu5/showoutline.asp?SYEAR=114&SEM=2&CrsDat=MUSI315&Crsname=音樂心理學,,,False,音樂系,MUSI315,3,不分班,"音樂心理學
PSYCHOLOGY OF MUSIC",2,期,False,50,0,0,50,鄭夙雯,"三3,4(文FA 7003)","['', '', '34', '', '', '', '']","《講授類》
限音樂系學生修課",[],False
https://selcrs.nsysu.edu.tw/menu5/showoutline.asp?SYEAR=114&SEM=2&CrsDat=MUSI317&Crsname=管弦樂指揮法,,,False,音樂系,MUSI317,4,不分班,"管弦樂指揮法
ORCHESTRAL CONDUCTING",2,期,False,50,0,0,50,楊智欽,"五8,7(文FA 4031)","['', '', '', '', '78', '', '']","《講授類》
限音樂系學生修課，先修課程基礎指揮法。",[],False
https://selcrs.nsysu.edu.tw/menu5/showoutline.asp?SYEAR=114&SEM=2&CrsDat=MUSI320&Crsname=數位化編曲理論與實作（一）,,,False,音樂系,MUSI320,2,不分班,"數位化編曲理論與實作（一）
MIDI ARRANGEMENTS THEORY AND PRACTICE (I)",2,期,False,50,0,0,50,江俊典,"一8,7(文LA 1012)","['78', '', '', '', '', '', '']",《講授類》,[],False
https://selcrs.nsysu.edu.tw/menu5/showoutline.asp?SYEAR=114&SEM=2&CrsDat=MUSI333&Crsname=鋼琴曲目,,,False,音樂系,MUSI333,3,不分班,"鋼琴曲目
PIANO REPERTOIRE",2,期,False,50,0,0,50,唐佳迎,"二8,7(文FA 4034)","['', '78', '', '', '', '', '']","《講授類》
限音樂系學生修課",[],True
https://selcrs.nsysu.edu.tw/menu5/showoutline.asp?SYEAR=114&SEM=2&CrsDat=MUSI334&Crsname=鋼琴維修與調音,,,False,音樂系,MUSI334,3,不分班,"鋼琴維修與調音
PIANO TUNING AND BASIC REPAIR",2,期,False,20,0,0,20,呂佳能,"五3,4(文FA 4031)","['', '', '', '', '34', '', '']","《講授類》
限音樂系學生修課",[],False
https://selcrs.nsysu.edu.tw/menu5/showoutline.asp?SYEAR=114&SEM=2&CrsDat=MUSI355&Crsname=管樂重奏（二）,,,False,音樂系,MUSI355,3,不分班,"管樂重奏（二）
WIND CHAMBER ENSEMBLE(Ⅱ)",1,期,False,50,0,0,50,張瑞芝,"四4,B(文FA 4031)","['', '', '', '4B', '', '', '']","《音樂類》
限音樂系學生修課",[],False
https://selcrs.nsysu.edu.tw/menu5/showoutline.asp?SYEAR=114&SEM=2&CrsDat=MUSI366&Crsname=樂團擊樂聲部詮釋概論,,,False,音樂系,MUSI366,3,不分班,"樂團擊樂聲部詮釋概論
PERCUSSION INTERPRETATION OF ORCHESTRA EXCERPTS",2,期,False,50,0,0,50,陸淯姿,"一8,7(文FA 4030)","['78', '', '', '', '', '', '']","《講授類》
限音樂系學生修課",[],False
https://selcrs.nsysu.edu.tw/menu5/showoutline.asp?SYEAR=114&SEM=2&CrsDat=MUSI372&Crsname=主修（作曲）,,,True,音樂系,MUSI372,3,不分班,"主修（作曲）
MAJOR (THEORY & COMPOSITION)",2,期,True,5,0,0,5,"應廣儀,李思嫺,陳以軒","六1,2()","['', '', '', '', '', '12', '']","《音樂類》
限音樂系學生修課",[],False
https://selcrs.nsysu.edu.tw/menu5/showoutline.asp?SYEAR=114&SEM=2&CrsDat=MUSI374&Crsname=主修（製作）,,,True,音樂系,MUSI374,3,不分班,"主修（製作）
MAJOR(PRODUCTION)",2,期,True,50,0,0,50,"劉聖賢,李思嫺,江俊典,陳以軒,顏竹君,黃盟傑","六1,2()","['', '', '', '', '', '12', '']","《音樂類》
限音樂系學生修課",[],False
https://selcrs.nsysu.edu.tw/menu5/showoutline.asp?SYEAR=114&SEM=2&CrsDat=MUSI378&Crsname=混錄音工程理論與實作（二）,,,False,音樂系,MUSI378,3,不分班,"混錄音工程理論與實作（二）
MIXING AND RECORDING ENGINEERING THEORY AND PRACTICE (II)",2,期,False,50,0,0,50,林鴻君,"二3,4(文FA 5007)","['', '34', '', '', '', '', '']","《講授類》
限音樂系學生修課",[],False
https://selcrs.nsysu.edu.tw/menu5/showoutline.asp?SYEAR=114&SEM=2&CrsDat=MUSI406&Crsname=現代音樂曲目,,,False,音樂系,MUSI406,4,不分班,"現代音樂曲目
MODERN MUSIC REPERTOIRE",2,期,False,50,0,0,50,李思嫺,"五3,4(文FA 4030)","['', '', '', '', '34', '', '']",《講授類》,[],False
https://selcrs.nsysu.edu.tw/menu5/showoutline.asp?SYEAR=114&SEM=2&CrsDat=MUSI409&Crsname=音樂美學,,,False,音樂系,MUSI409,4,不分班,"音樂美學
MUSICAL AESTHETICS",2,期,False,50,0,0,50,郭瓊嬌,"四3,4(文FA 7003)","['', '', '', '34', '', '', '']","《講授類》
限音樂學系學生修課",[],False
https://selcrs.nsysu.edu.tw/menu5/showoutline.asp?SYEAR=114&SEM=2&CrsDat=MUSI410&Crsname=畢業製作,,,True,音樂系,MUSI410,4,不分班,"畢業製作
GRADUATION RECITAL",0,期,True,50,0,0,50,林雅叙,六B(),"['', '', '', '', '', 'B', '']","《講授類》
限音樂系學生修課",[],False
https://selcrs.nsysu.edu.tw/menu5/showoutline.asp?SYEAR=114&SEM=2&CrsDat=TA107&Crsname=劇場技術基礎,,,True,劇藝系,TA107,1,不分班,"劇場技術基礎
THE FUNDAMENTALS OF THEATRICAL TECHNIQUES",2,期,True,25,0,0,25,"吳怡瑱,蔡詔羽","二3,4(文FA 1014, 2016, 2019)","['', '34', '', '', '', '', '']","《講授類》
限本系單號學生",[],False
https://selcrs.nsysu.edu.tw/menu5/showoutline.asp?SYEAR=114&SEM=2&CrsDat=TA107A&Crsname=劇場技術基礎,,,True,劇藝系,TA107A,1,不分班,"劇場技術基礎
THE FUNDAMENTALS OF THEATRICAL TECHNIQUES",2,期,False,25,0,0,25,"吳怡瑱,蔡詔羽","二3,4(文FA 1014, 2016, 2019)","['', '34', '', '', '', '', '']","《講授類》
限本系雙號學生",[],False
https://selcrs.nsysu.edu.tw/menu5/showoutline.asp?SYEAR=114&SEM=2&CrsDat=TA109&Crsname=排演基礎（二）,,,False,劇藝系,TA109,1,不分班,"排演基礎（二）
INTRODUCTION TO THEATRE PRODUCTION(II)",3,期,False,50,0,0,50,"杜思慧,蔡詔羽","二5,6,7(文FA 3012, 2019)","['', '567', '', '', '', '', '']","《展演》
限修畢排演基礎一",[],False
https://selcrs.nsysu.edu.tw/menu5/showoutline.asp?SYEAR=114&SEM=2&CrsDat=TA153&Crsname=基礎表演（二）,,,False,劇藝系,TA153,1,不分班,"基礎表演（二）
BASIC ACTING(II)",3,期,False,25,0,0,25,何怡璉,"四5,6,7(文FA 2017)","['', '', '', '567', '', '', '']","《展演》
限修畢基礎表演一",[],False
https://selcrs.nsysu.edu.tw/menu5/showoutline.asp?SYEAR=114&SEM=2&CrsDat=TA156&Crsname=基礎發聲,,,False,劇藝系,TA156,1,不分班,"基礎發聲
BASIC VOICE TRAINING",2,期,False,50,0,0,50,林宜誠,"一3,4(文FA 2017)","['34', '', '', '', '', '', '']","《展演》
限修畢基礎表演一",[],False
https://selcrs.nsysu.edu.tw/menu5/showoutline.asp?SYEAR=114&SEM=2&CrsDat=TA172&Crsname=基礎設計,,,False,劇藝系,TA172,1,不分班,"基礎設計
FUNDAMENTAL SCENE DESIGN",3,期,False,50,0,0,50,曾景濱,"三2,3,4(文FA 1014)","['', '', '234', '', '', '', '']","《展演》
限修畢劇場設計導論",[],False
https://selcrs.nsysu.edu.tw/menu5/showoutline.asp?SYEAR=114&SEM=2&CrsDat=TA173&Crsname=視覺藝術（二）：繪畫,,,False,劇藝系,TA173,1,不分班,"視覺藝術（二）：繪畫
VISUAL ARTS(II)：DRAWING",2,期,False,30,0,0,30,王以亮,"一5,6(文FA 3009)","['56', '', '', '', '', '', '']",《展演》,[],False
https://selcrs.nsysu.edu.tw/menu5/showoutline.asp?SYEAR=114&SEM=2&CrsDat=TA175&Crsname=技術繪圖,,,False,劇藝系,TA175,1,不分班,"技術繪圖
TECHNICAL DRAWING",2,期,False,50,0,0,50,曾景濱,"一8,9(文FA 1014)","['89', '', '', '', '', '', '']",《講授類》,[],False
https://selcrs.nsysu.edu.tw/menu5/showoutline.asp?SYEAR=114&SEM=2&CrsDat=TA202&Crsname=中國戲劇史（二）,,,False,劇藝系,TA202,2,不分班,"中國戲劇史（二）
HISTORY OF CHINESE DRAMA AND THEATER(II)",2,期,True,50,0,0,50,康尹貞,"三3,4(文FA 3009)","['', '', '34', '', '', '', '']",《講授類》,[],False
https://selcrs.nsysu.edu.tw/menu5/showoutline.asp?SYEAR=114&SEM=2&CrsDat=TA203&Crsname=東方名劇選讀,,,False,劇藝系,TA203,2,不分班,"東方名劇選讀
GUIDED READING AND ANALYSIS OF ORIENTAL PLAYS",3,期,True,50,0,0,50,康尹貞,"二3,4,B(文FA 3009)","['', '34B', '', '', '', '', '']",《講授類》,[],False
https://selcrs.nsysu.edu.tw/menu5/showoutline.asp?SYEAR=114&SEM=2&CrsDat=TA206&Crsname=劇場管理導論,,,False,劇藝系,TA206,2,不分班,"劇場管理導論
INTRODUCTION TO THEATRE MANAGEMENT",2,期,True,50,0,0,50,吳維緯,"二6,7(文FA 3009)","['', '67', '', '', '', '', '']",《講授類》,[],False
https://selcrs.nsysu.edu.tw/menu5/showoutline.asp?SYEAR=114&SEM=2&CrsDat=TA208&Crsname=劇本解析,,,False,劇藝系,TA208,1,不分班,"劇本解析
SCRIPT INTERPRETATION AND ANALYSIS",3,期,True,50,0,0,50,黃資絜,"三5,6,7(文FA 3012)","['', '', '567', '', '', '', '']",《講授類》,[],False
https://selcrs.nsysu.edu.tw/menu5/showoutline.asp?SYEAR=114&SEM=2&CrsDat=TA210&Crsname=西洋戲劇史（二）,,,False,劇藝系,TA210,1,不分班,"西洋戲劇史（二）
HISTORY OF WESTERN DRAMA(II)",2,期,True,50,0,0,50,許仁豪,"四3,4(文FA 3012)","['', '', '', '34', '', '', '']",《講授類》,[],False
https://selcrs.nsysu.edu.tw/menu5/showoutline.asp?SYEAR=114&SEM=2&CrsDat=TA231&Crsname=當代劇場與展演,,,False,劇藝系,TA231,2,不分班,"當代劇場與展演
CONTEMPORARY THEATRE AND PERFORMANCE",2,期,False,50,0,0,50,黃資絜,"一8,9(文FA 3012)","['89', '', '', '', '', '', '']",《講授類》,[],False
https://selcrs.nsysu.edu.tw/menu5/showoutline.asp?SYEAR=114&SEM=2&CrsDat=TA255&Crsname=傳統戲曲表演身段（二）,,,False,劇藝系,TA255,1,不分班,"傳統戲曲表演身段（二）
PERFORMANCE TECHNIQUES OF CHINESE TRADITIONAL THEATRE(Ⅱ)",2,期,False,30,0,0,30,王海玲,"四8,9(文FA 2017)","['', '', '', '89', '', '', '']","《展演》
限修畢傳統戲曲身段一",[],False
https://selcrs.nsysu.edu.tw/menu5/showoutline.asp?SYEAR=114&SEM=2&CrsDat=TA259&Crsname=導演（一）,,,False,劇藝系,TA259,2,不分班,"導演（一）
DIRECTING(I)",3,期,False,25,0,0,25,楊士平,"三5,6,7(文FA 2019)","['', '', '567', '', '', '', '']","《展演》
限修畢導演概論",[],False
https://selcrs.nsysu.edu.tw/menu5/showoutline.asp?SYEAR=114&SEM=2&CrsDat=TA260&Crsname=進階表演（二）,,,False,劇藝系,TA260,2,不分班,"進階表演（二）
ADVANCED ACTING (II)",3,期,False,50,0,0,50,杜思慧,"一5,6,7(文FA 2019)","['567', '', '', '', '', '', '']","《展演》
限修畢進階表演一",[],False
https://selcrs.nsysu.edu.tw/menu5/showoutline.asp?SYEAR=114&SEM=2&CrsDat=TA261&Crsname=排演（三）,,,False,劇藝系,TA261,2,不分班,"排演（三）
REHEARSAL（Ⅲ）",3,期,False,50,0,0,50,"吳怡瑱,杜思慧,許仁豪","二8,9,C(文FA 3012, 2019)","['', '89C', '', '', '', '', '']","《展演》
限畢製劇組助理",[],False
https://selcrs.nsysu.edu.tw/menu5/showoutline.asp?SYEAR=114&SEM=2&CrsDat=TA263&Crsname=觀點技巧表演,,,False,劇藝系,TA263,2,不分班,"觀點技巧表演
VIEWPOINTS ON ACTING METHODOLOGY",2,期,False,50,0,0,50,楊士平,"四5,6(文FA 2019)","['', '', '', '56', '', '', '']","《展演》
限修畢進階表演一",[],False
https://selcrs.nsysu.edu.tw/menu5/showoutline.asp?SYEAR=114&SEM=2&CrsDat=TA277&Crsname=舞臺設計（二）,,,False,劇藝系,TA277,2,不分班,"舞臺設計（二）
STAGE DESIGN (II)",3,期,False,50,0,0,50,李怡賡,"四5,6,7(文FA 1014)","['', '', '', '567', '', '', '']","《展演》
限修畢舞臺設計一",[],False
https://selcrs.nsysu.edu.tw/menu5/showoutline.asp?SYEAR=114&SEM=2&CrsDat=TA278&Crsname=電腦輔助繪圖,,,False,劇藝系,TA278,2,不分班,"電腦輔助繪圖
COMPUTER-AIDED DRAFTING",2,期,False,50,0,0,50,李怡賡,"五3,4(文LA 1012)","['', '', '', '', '34', '', '']",《講授類》,[],False
https://selcrs.nsysu.edu.tw/menu5/showoutline.asp?SYEAR=114&SEM=2&CrsDat=TA280&Crsname=劇場服裝設計,,,False,劇藝系,TA280,2,不分班,"劇場服裝設計
COSTUME DESIGN FOR THEATRE",3,期,False,50,0,0,50,吳怡瑱,"三5,6,7(文FA 2016)","['', '', '567', '', '', '', '']",《講授類》,[],False
https://selcrs.nsysu.edu.tw/menu5/showoutline.asp?SYEAR=114&SEM=2&CrsDat=TA281&Crsname=佈景、道具製作技術,,,False,劇藝系,TA281,1,不分班,"佈景、道具製作技術
TECHNIQUES OF SETS AND PROPS PRODUCTION",3,期,False,50,0,0,50,李怡賡,,"['12345678', '12345678', 'A1234567', '12345678', '12345678', '12345678', '']","《展演》
限修畢寒期先修課程及劇場設計導論",[],False
https://selcrs.nsysu.edu.tw/menu5/showoutline.asp?SYEAR=114&SEM=2&CrsDat=TA283&Crsname=舞臺化妝與造型,,,False,劇藝系,TA283,2,不分班,"舞臺化妝與造型
MAKEUP & STYLING FOR PERFORMING ARTS",2,期,False,50,0,0,50,陳盈汝,"一5,6(文FA 2016)","['56', '', '', '', '', '', '']","《展演》
限修畢劇場技術基礎",[],False
https://selcrs.nsysu.edu.tw/menu5/showoutline.asp?SYEAR=114&SEM=2&CrsDat=TA301&Crsname=藝術管理概論,,,False,劇藝系,TA301,3,不分班,"藝術管理概論
INTRODUCTION TO ARTS MANAGEMENT",2,期,False,50,0,0,50,陳尚盈,"四3,4(文FA 3009)","['', '', '', '34', '', '', '']",《講授類》,[],False
https://selcrs.nsysu.edu.tw/menu5/showoutline.asp?SYEAR=114&SEM=2&CrsDat=TA307&Crsname=演出製作（二）,,,True,劇藝系,TA307,3,不分班,"演出製作（二）
PRODUCTION(II)",3,期,True,50,0,0,50,"何怡璉,康尹貞,李怡賡,黃資絜","四8,9,C(文FA 3009, 2019)","['', '', '', '89C', '', '', '']","《展演》
限修畢演出製作一",[],False
https://selcrs.nsysu.edu.tw/menu5/showoutline.asp?SYEAR=114&SEM=2&CrsDat=TA332&Crsname=基礎研究方法,,,False,劇藝系,TA332,3,不分班,"基礎研究方法
INTRODUCTION TO RESEARCH METHODS",2,期,True,50,0,0,50,黃資絜,"四6,7(文FA 3012)","['', '', '', '67', '', '', '']",《講授類》,[],False
https://selcrs.nsysu.edu.tw/menu5/showoutline.asp?SYEAR=114&SEM=2&CrsDat=TA360&Crsname=進階表演（四）,,,False,劇藝系,TA360,3,不分班,"進階表演（四）
ADVANCED ACTING（Ⅳ）",3,期,False,50,0,0,50,何怡璉,"二5,6,7(文FA 2017)","['', '567', '', '', '', '', '']","《展演》
限修畢進階表演三",[],False
https://selcrs.nsysu.edu.tw/menu5/showoutline.asp?SYEAR=114&SEM=2&CrsDat=TA365&Crsname=歌唱技巧（一）,,,False,劇藝系,TA365,2,不分班,"歌唱技巧（一）
SINGING TECHNIQUE AND STYLE (I)",2,期,False,50,0,0,50,林宜誠,"四3,4(文FA 2017)","['', '', '', '34', '', '', '']",《展演》,[],False
https://selcrs.nsysu.edu.tw/menu5/showoutline.asp?SYEAR=114&SEM=2&CrsDat=TA367&Crsname=音樂劇表演與製作（二）,,,False,劇藝系,TA367,4,不分班,"音樂劇表演與製作（二）
ACTING AND PRODUCTION FOR MUSICAL（II）",3,期,False,50,0,0,50,林宜誠,"一8,9,C(文FA 2017)","['89C', '', '', '', '', '', '']",《展演》,[],False
https://selcrs.nsysu.edu.tw/menu5/showoutline.asp?SYEAR=114&SEM=2&CrsDat=TA368&Crsname=排演（七）,,,False,劇藝系,TA368,4,不分班,"排演（七）
REHEARSAL(VII)",3,期,False,50,0,0,50,"曾景濱,林宜誠","五5,6,7(文FA 3009, 2019)","['', '', '', '', '567', '', '']","《展演》
限2026年度製作劇組同學",[],False
https://selcrs.nsysu.edu.tw/menu5/showoutline.asp?SYEAR=114&SEM=2&CrsDat=TA375&Crsname=舞臺設計（四）,,,False,劇藝系,TA375,3,不分班,"舞臺設計（四）
STAGE DESIGN (IV)",3,期,False,50,0,0,50,蔡詔羽,"三5,6,7(文FA 1014)","['', '', '567', '', '', '', '']","《展演》
限修畢舞臺設計三",[],False
https://selcrs.nsysu.edu.tw/menu5/showoutline.asp?SYEAR=114&SEM=2&CrsDat=TA376&Crsname=服裝造型與構成（二）,,,False,劇藝系,TA376,2,不分班,"服裝造型與構成（二）
CLOTHES PATTERN DESIGN AND PRACTICE(Ⅱ)",3,期,False,20,0,0,20,劉美蓮,"一8,9,7(文FA 2016)","['789', '', '', '', '', '', '']","《展演》
限修畢服裝造型與構成一或劇場技術基礎",[],False
https://selcrs.nsysu.edu.tw/menu5/showoutline.asp?SYEAR=114&SEM=2&CrsDat=TA377&Crsname=燈光設計（二）,,,False,劇藝系,TA377,3,不分班,"燈光設計（二）
LIGHTING DESIGN (II)",2,期,False,50,0,0,50,蔡詔羽,"二1,2(文FA 2012, 2019)","['', '12', '', '', '', '', '']","《展演》
限修畢燈光設計一",[],False
https://selcrs.nsysu.edu.tw/menu5/showoutline.asp?SYEAR=114&SEM=2&CrsDat=TA378&Crsname=劇場服裝設計專題研討,,,False,劇藝系,TA378,4,不分班,"劇場服裝設計專題研討
SEMINAR IN THEATRE COSTUME DESIGN",3,期,False,50,0,0,50,吳怡瑱,"二5,6,7(文FA 2016)","['', '567', '', '', '', '', '']","《研討類》
限修畢劇場服裝設計",[],False
https://selcrs.nsysu.edu.tw/menu5/showoutline.asp?SYEAR=114&SEM=2&CrsDat=TA394&Crsname=行為和現場藝術,,,False,劇藝系,TA394,3,不分班,"行為和現場藝術
PERFORMANCE AND LIVE ART",3,期,False,50,0,0,50,約書亞沙發兒,"二2,3,4(文FA 2017)","['', '234', '', '', '', '', '']",《展演》,[],True
https://selcrs.nsysu.edu.tw/menu5/showoutline.asp?SYEAR=114&SEM=2&CrsDat=TA404&Crsname=畢業製作（二）,,,True,劇藝系,TA404,4,不分班,"畢業製作（二）
GRADUATION PRODUCTION (Ⅱ)",3,期,True,50,0,0,50,"吳怡瑱,杜思慧,許仁豪","二8,9,C(文FA 3012, 2019)","['', '89C', '', '', '', '', '']","《展演》
限修畢畢業製作一",[],False
https://selcrs.nsysu.edu.tw/menu5/showoutline.asp?SYEAR=114&SEM=2&CrsDat=TA433&Crsname=戲劇評論,,,False,劇藝系,TA433,3,不分班,"戲劇評論
DRAMA REVIEW",3,期,False,50,0,0,50,康尹貞,"一5,6,7(文FA 3012)","['567', '', '', '', '', '', '']",《講授類》,[],False
https://selcrs.nsysu.edu.tw/menu5/showoutline.asp?SYEAR=114&SEM=2&CrsDat=TA451&Crsname=創意表演（三）,,,False,劇藝系,TA451,3,不分班,"創意表演（三）
CREATIVE PERFORMANCE（Ⅲ）",2,期,False,50,0,0,50,楊士平,"三3,4(文FA 2017)","['', '', '34', '', '', '', '']","《展演》
限修畢進階表演一",[],False
https://selcrs.nsysu.edu.tw/menu5/showoutline.asp?SYEAR=114&SEM=2&CrsDat=LIBA122&Crsname=跨文化人文思潮與美學導論,,,False,文學院,LIBA122,0,不分班,"跨文化人文思潮與美學導論
INTRODUCTION TO CROSS-CULTURAL STUDIES AND AESTHETICS",3,期,False,20,0,0,20,何重誼,"四2,3,4(文LA 1001)","['', '', '', '234', '', '', '']",《講授類》,[],True
https://selcrs.nsysu.edu.tw/menu5/showoutline.asp?SYEAR=114&SEM=2&CrsDat=LIBA123&Crsname=跨文化人文思潮與美學-課程與教學實作專題,,,False,文學院,LIBA123,0,不分班,"跨文化人文思潮與美學-課程與教學實作專題
SPECIAL TOPICS IN CROSS-CULTURAL STUDIES AND AESTHETICS",3,期,False,30,0,0,30,"杜思慧,許仁豪,辛翠玲",,"['234567', '234567', '234567', '234567', '234567', '', '']","《講授類》
本課程為暑假至泰國朱拉隆功大學移地教學，包括參訪、工作坊等，且包含部分自費行程。",[],False
https://selcrs.nsysu.edu.tw/menu5/showoutline.asp?SYEAR=114&SEM=2&CrsDat=LIBA143&Crsname=基礎程式設計應用,,,False,文學院,LIBA143,0,不分班,"基礎程式設計應用
APPLICATION OF BASIC PROGRAMMING",3,期,False,30,0,0,30,溫嘉榮,"五2,3,4(圖IL PC03)","['', '', '', '', '234', '', '']","《講授類》
『本課程之限修，於加退選2階段開放選修』。限非應數、電機、機電、資工、材光、光電、資管、海工系學生修習 ※併班0330",[],False
https://selcrs.nsysu.edu.tw/menu5/showoutline.asp?SYEAR=114&SEM=2&CrsDat=LIBA251&Crsname=哲學問題導論,,,False,文學院,LIBA251,0,不分班,"哲學問題導論
INTRODUCTION TO PHILOSOPHICAL PROBLEMS",3,期,False,30,0,0,30,高長空,"二2,3,4(文LA 1003)","['', '234', '', '', '', '', '']",《講授類》,[],False
https://selcrs.nsysu.edu.tw/menu5/showoutline.asp?SYEAR=114&SEM=2&CrsDat=BIOS112&Crsname=普通生物學（二）,,,False,生科系,BIOS112,1,不分班,"普通生物學（二）
GENERAL BIOLOGY(II)",4,期,True,50,0,0,50,"傅瀚儀,吳長益,汪海晏,高資棟","一1,2(理SC 1003) 三3,4(理SC 1003)","['12', '', '34', '', '', '', '']",《講授類》,[],False
https://selcrs.nsysu.edu.tw/menu5/showoutline.asp?SYEAR=114&SEM=2&CrsDat=BIOS112A&Crsname=普通生物學（二）,,,False,生科系,BIOS112A,1,全英班,"普通生物學（二）
GENERAL BIOLOGY(II)",4,期,True,50,0,0,50,"傅瀚儀,吳長益,汪海晏,高資棟","一3,4(理SC 1003) 三1,2(理SC 1003)","['34', '', '12', '', '', '', '']",《講授類》,[],True
https://selcrs.nsysu.edu.tw/menu5/showoutline.asp?SYEAR=114&SEM=2&CrsDat=BIOS113&Crsname=普通生物學實驗（二）,,,False,生科系,BIOS113,1,不分班,"普通生物學實驗（二）
GENERAL BIOLOGY LABORATORY(II)",1,期,True,30,0,0,30,"傅瀚儀,汪海晏,高資棟,黃明德","五2,3,4(理SC 3008)(實驗)","['', '', '', '', '234', '', '']","《實驗類》
限本系、雙主修、輔系學生選修及本系一年級(一般組)選修。",[],False
https://selcrs.nsysu.edu.tw/menu5/showoutline.asp?SYEAR=114&SEM=2&CrsDat=BIOS113A&Crsname=普通生物學實驗（二）,,,False,生科系,BIOS113A,1,不分班,"普通生物學實驗（二）
GENERAL BIOLOGY LABORATORY(II)",1,期,True,30,0,0,30,"傅瀚儀,汪海晏,高資棟,黃明德","五5,6,7(理SC 3008)(實驗)","['', '', '', '', '567', '', '']","《實驗類》
限本系、雙主修、輔系學生選修及本系一年級(英語組)選修。",[],False
https://selcrs.nsysu.edu.tw/menu5/showoutline.asp?SYEAR=114&SEM=2&CrsDat=BIOS200&Crsname=有機化學（一）,,,False,生科系,BIOS200,1,不分班,"有機化學（一）
ORGANIC CHEMISTRY(I)",2,期,True,50,0,0,50,王志偉,"四6,7(理SC 0009)","['', '', '', '67', '', '', '']",《講授類》,[],False
https://selcrs.nsysu.edu.tw/menu5/showoutline.asp?SYEAR=114&SEM=2&CrsDat=BIOS200A&Crsname=有機化學（一）,,,False,生科系,BIOS200A,1,全英班,"有機化學（一）
ORGANIC CHEMISTRY(I)",2,期,True,50,0,0,50,張均然,"四5,6(海MB 2020)","['', '', '', '56', '', '', '']",《講授類》,[],True
https://selcrs.nsysu.edu.tw/menu5/showoutline.asp?SYEAR=114&SEM=2&CrsDat=BIOS201&Crsname=有機化學實驗（一）,,,False,生科系,BIOS201,1,不分班,"有機化學實驗（一）
ORGANIC CHEMISTRY LABORATORY(I)",1,期,True,50,0,0,50,黃建智,"四2,3,4(理SC 4020)(實驗)","['', '', '', '234', '', '', '']",《實驗類》,[],False
https://selcrs.nsysu.edu.tw/menu5/showoutline.asp?SYEAR=114&SEM=2&CrsDat=BIOS212&Crsname=遺傳學,,,False,生科系,BIOS212,2,不分班,"遺傳學
GENETICS",3,期,True,50,0,0,50,"劉世慧,吳長益","三2,3,4(理SC 3005)","['', '', '234', '', '', '', '']",《講授類》,[],False
https://selcrs.nsysu.edu.tw/menu5/showoutline.asp?SYEAR=114&SEM=2&CrsDat=BIOS212A&Crsname=遺傳學,,,False,生科系,BIOS212A,2,全英班,"遺傳學
GENETICS",3,期,True,50,0,0,50,"劉世慧,吳長益","三5,6,7(理SC 3005)","['', '', '567', '', '', '', '']",《講授類》,[],True
https://selcrs.nsysu.edu.tw/menu5/showoutline.asp?SYEAR=114&SEM=2&CrsDat=BIOS213&Crsname=生物技術實驗,,,False,生科系,BIOS213,2,不分班,"生物技術實驗
BIOTECHNOLOGY LABORATORY",2,期,True,50,0,0,50,"吳長益,李哲欣,陳俊霖,黃明德","一8,9,B,5,6,7(理SC 3009)(實驗)","['B56789', '', '', '', '', '', '']",《實驗類》,[],False
https://selcrs.nsysu.edu.tw/menu5/showoutline.asp?SYEAR=114&SEM=2&CrsDat=BIOS213A&Crsname=生物技術實驗,,,False,生科系,BIOS213A,2,全英班,"生物技術實驗
BIOTECHNOLOGY LABORATORY",2,期,True,50,0,0,50,吳長益,"二8,9,B,5,6,7(理SC 3009)(實驗)","['', 'B56789', '', '', '', '', '']",《實驗類》,[],True
https://selcrs.nsysu.edu.tw/menu5/showoutline.asp?SYEAR=114&SEM=2&CrsDat=BIOS232&Crsname=生物化學（二）,,,False,生科系,BIOS232,2,不分班,"生物化學（二）
BIOCHEMISTRY (II)",3,期,False,50,0,0,50,黃明德,"四2,3,4(理SC 1003)","['', '', '', '234', '', '', '']",《講授類》,[],False
https://selcrs.nsysu.edu.tw/menu5/showoutline.asp?SYEAR=114&SEM=2&CrsDat=BIOS238&Crsname=細胞生物學,,,False,生科系,BIOS238,3,不分班,"細胞生物學
CELL BIOLOGY",3,期,True,50,0,0,50,"謝文發,高資棟","二2,3,4(理SC 0009)","['', '234', '', '', '', '', '']",《講授類》,[],False
https://selcrs.nsysu.edu.tw/menu5/showoutline.asp?SYEAR=114&SEM=2&CrsDat=SOC257&Crsname=全球政治,,,False,社會系,SOC257,2,不分班,"全球政治
GLOBAL POLITICS",3,期,False,25,0,0,25,方志恒,"二8,6,7(社SS 4001)","['', '678', '', '', '', '', '']",《講授類》,[],True
https://selcrs.nsysu.edu.tw/menu5/showoutline.asp?SYEAR=114&SEM=2&CrsDat=SOC262&Crsname=原民知識與實作,,,False,社會系,SOC262,2,不分班,"原民知識與實作
INDIGENOUS KNOWLEDGE AND PRACTICE",3,期,False,10,0,0,10,"伊藤佳代,王梅香",,"['123456789CD', '123456789CD', '1234567DEF', '123456789CD', '123456789CD', '', '']","《講授類》
寒假密集式授課2/9-2/13，限有修課同學選修",[],True
https://selcrs.nsysu.edu.tw/menu5/showoutline.asp?SYEAR=114&SEM=2&CrsDat=SOC304&Crsname=社會理論（二）,,,False,社會系,SOC304,2,不分班,"社會理論（二）
SOCIAL THEORIES (II)",3,期,True,50,0,0,50,林傳凱,"二8,6,7(社SS 2001)","['', '678', '', '', '', '', '']","《講授類》
限修過本系或跨院選修之社會學(一)(二) 且及格。",[],False
https://selcrs.nsysu.edu.tw/menu5/showoutline.asp?SYEAR=114&SEM=2&CrsDat=SOC306&Crsname=生態旅遊社會學,,,False,社會系,SOC306,3,不分班,"生態旅遊社會學
SOCIOLOGY OF ECOTOURISM",3,期,False,50,0,0,50,巴清雄,"五8,6,7(社SS 1003)","['', '', '', '', '678', '', '']",《講授類》,[],False
https://selcrs.nsysu.edu.tw/menu5/showoutline.asp?SYEAR=114&SEM=2&CrsDat=SOC325&Crsname=社會網絡分析,,,False,社會系,SOC325,3,不分班,"社會網絡分析
SOCIAL NETWORK ANALYSIS",3,期,False,50,0,0,50,葉高華,"一8,6,7(社SS 1003)","['678', '', '', '', '', '', '']",《講授類》,[],False
https://selcrs.nsysu.edu.tw/menu5/showoutline.asp?SYEAR=114&SEM=2&CrsDat=SOC327&Crsname=後殖民研究,,,False,社會系,SOC327,3,不分班,"後殖民研究
POSTCOLONIAL RESEARCH",3,期,False,50,0,0,50,萬毓澤,"四2,3,4(社SS 1003)","['', '', '', '234', '', '', '']",《講授類》,[],False
https://selcrs.nsysu.edu.tw/menu5/showoutline.asp?SYEAR=114&SEM=2&CrsDat=SOC347&Crsname=R語言與數據分析,,,False,社會系,SOC347,3,不分班,"R語言與數據分析
R PROGRAMMING FOR DATA ANALYSIS",3,期,False,50,0,0,50,戴昀,"五2,3,4(社SS 4004-2)","['', '', '', '', '234', '', '']",《講授類》,[],True
https://selcrs.nsysu.edu.tw/menu5/showoutline.asp?SYEAR=114&SEM=2&CrsDat=SOC351&Crsname=社會地理學,,,False,社會系,SOC351,3,不分班,"社會地理學
SOCIAL GEOGRAPHY",3,期,False,50,0,0,50,楊又欣,"二8,6,7(社SS 4004-2)","['', '678', '', '', '', '', '']",《講授類》,[],False
https://selcrs.nsysu.edu.tw/menu5/showoutline.asp?SYEAR=114&SEM=2&CrsDat=CSS101&Crsname=心理學,,,False,社科院,CSS101,0,不分班,"心理學
INTRODUCTION TO PSYCHOLOGY",3,期,False,20,0,0,20,"鄭雯,馮雅群","一5,6,7(社SS 2001)","['567', '', '', '', '', '', '']",《講授類》,[],False
https://selcrs.nsysu.edu.tw/menu5/showoutline.asp?SYEAR=114&SEM=2&CrsDat=CSS106&Crsname=經濟學,,,False,社科院,CSS106,0,不分班,"經濟學
ECONOMICS",3,期,False,20,0,0,20,鄭子長,"五8,6,7(社SS 4001)","['', '', '', '', '678', '', '']",《講授類》,[],False
https://selcrs.nsysu.edu.tw/menu5/showoutline.asp?SYEAR=114&SEM=2&CrsDat=CSS123&Crsname=創意程式設計,,,False,社科院,CSS123,0,不分班,"創意程式設計
CREATIVE PROGRAMMING",3,期,False,30,0,0,30,李春雄,"四2,3,4(圖IL PC03)","['', '', '', '234', '', '', '']","《講授類》
限非應數、電機、機電、資工、材光、光電、資管、海工系學生修習",[],False
https://selcrs.nsysu.edu.tw/menu5/showoutline.asp?SYEAR=114&SEM=2&CrsDat=CSS124&Crsname=程式思維與多媒體開發,,,False,社科院,CSS124,0,不分班,"程式思維與多媒體開發
PROGRAM THINKING AND MEDIA CAPABILITY DEVELOPMENT",3,期,False,30,0,0,30,陳俊宏,"三5,6,7(圖IL PC03)","['', '', '567', '', '', '', '']","《講授類》
限非應數、電機、機電、資工、材光、光電、資管、海工系學生修習",[],False
https://selcrs.nsysu.edu.tw/menu5/showoutline.asp?SYEAR=114&SEM=2&CrsDat=CSS134&Crsname=智慧城市與智慧運輸趨勢、發展及課題研析,,,False,社科院,CSS134,0,不分班,"智慧城市與智慧運輸趨勢、發展及課題研析
THE TREND, DEVELOPMENT, AND CHALLENGE OF SMART CITY AND SMART TRANSIT",3,期,False,20,0,0,20,李予綱,"五5,6,7(社SS 3001)","['', '', '', '', '567', '', '']",《演講/參訪》,[],False
https://selcrs.nsysu.edu.tw/menu5/showoutline.asp?SYEAR=114&SEM=2&CrsDat=CSS137&Crsname=資料視覺化,,,False,社科院,CSS137,0,不分班,"資料視覺化
DATA VISUALIZATION",3,期,False,80,0,0,80,李予綱,"五2,3,4(社SS 3001)","['', '', '', '', '234', '', '']",《講授類》,[],False
https://selcrs.nsysu.edu.tw/menu5/showoutline.asp?SYEAR=114&SEM=2&CrsDat=CSS140&Crsname=智慧城市數位轉型,,,False,社科院,CSS140,0,不分班,"智慧城市數位轉型
DIGITAL TRANSFORMATION OF SMART CITIES",3,期,False,80,0,0,80,李予綱,"三2,3,4(社SS 4001)","['', '', '234', '', '', '', '']",《講授類》,[],False
https://selcrs.nsysu.edu.tw/menu5/showoutline.asp?SYEAR=114&SEM=2&CrsDat=CSS147&Crsname=總體經濟與政策分析,,,False,社科院,CSS147,0,不分班,"總體經濟與政策分析
MACROECONOMICS AND POLICY ANALYSIS",3,期,False,20,0,0,20,陳冠任,"五2,3,4(社SS 4001)","['', '', '', '', '234', '', '']",《講授類》,[],False
https://selcrs.nsysu.edu.tw/menu5/showoutline.asp?SYEAR=114&SEM=2&CrsDat=CSS153&Crsname=台灣發展歷程,,,False,社科院,CSS153,0,不分班,"台灣發展歷程
TAIWAN’S DEVELOPMENT HISTORY",3,期,False,25,0,0,25,希家玹,"一8,6,7(社SS 4005)","['678', '', '', '', '', '', '']",《講授類》,[],False
https://selcrs.nsysu.edu.tw/menu5/showoutline.asp?SYEAR=114&SEM=2&CrsDat=CSS163&Crsname=情感教育,,,False,社科院,CSS163,0,不分班,"情感教育
AFFECTION EDUCATION",2,期,False,30,0,0,30,"宋呈澔,張宇慧,張至慶,林靜慧,馮雅群","四3,4(社SS 2001)","['', '', '', '34', '', '', '']",《講授類》,[],False
https://selcrs.nsysu.edu.tw/menu5/showoutline.asp?SYEAR=114&SEM=2&CrsDat=CSS164&Crsname=亞太區域經貿法制專題研討,,,False,社科院,CSS164,0,不分班,"亞太區域經貿法制專題研討
SEMINAR IN TRADE AND ECONOMIC LAW IN ASIA-PACIFIC REGION",3,期,False,20,0,0,20,楊健弘,"四8,6,7(社SS 1004)","['', '', '', '678', '', '', '']",《講授類》,[],False
https://selcrs.nsysu.edu.tw/menu5/showoutline.asp?SYEAR=114&SEM=2&CrsDat=CSS165&Crsname=永續發展法制比較,,,False,社科院,CSS165,0,不分班,"永續發展法制比較
COMPARATIVE SUSTAINABLE DEVELOPMENT LAW",3,期,False,20,0,0,20,楊健弘,"五2,3,4(社SS 2011)","['', '', '', '', '234', '', '']",《講授類》,[],True
https://selcrs.nsysu.edu.tw/menu5/showoutline.asp?SYEAR=114&SEM=2&CrsDat=PIS1003&Crsname=綠色創新設計,,,False,人科學程,PIS1003,0,不分班,"綠色創新設計
ECO-INNOVATIVE DESIGN",3,期,False,50,0,0,50,鄭南玉,"二5,6,7(西SW 1007)","['', '567', '', '', '', '', '']",《講授類》,[],False
https://selcrs.nsysu.edu.tw/menu5/showoutline.asp?SYEAR=114&SEM=2&CrsDat=PIS1005&Crsname=創客基礎,,,False,人科學程,PIS1005,1,不分班,"創客基礎
MAKER-BASIC",3,期,True,50,0,0,50,鄭南玉,"四5,6,7(西SW 1007)","['', '', '', '567', '', '', '']",《講授類》,[],False
https://selcrs.nsysu.edu.tw/menu5/showoutline.asp?SYEAR=114&SEM=2&CrsDat=PIS1212&Crsname=虛擬實境數位內容設計,,,False,人科學程,PIS1212,0,不分班,"虛擬實境數位內容設計
VIRTUAL REALITY DIGITAL CONTENT DESIGN",3,期,False,50,0,0,50,邱日清,"四2,3,4(工EC 6016)","['', '', '', '234', '', '', '']",《講授類》,[],False
https://selcrs.nsysu.edu.tw/menu5/showoutline.asp?SYEAR=114&SEM=2&CrsDat=PIS2000&Crsname=空間調查分析與規劃,,,False,人科學程,PIS2000,0,不分班,"空間調查分析與規劃
SPATIAL INVESTIGATION, ANALYSIS AND PLANNING",3,期,False,25,0,0,25,夏晧清,"三5,6,7(西SW 1007)","['', '', '567', '', '', '', '']",《講授類》,[],False
https://selcrs.nsysu.edu.tw/menu5/showoutline.asp?SYEAR=114&SEM=2&CrsDat=PIS2004&Crsname=當代社會問題與創新案例研究,,,False,人科學程,PIS2004,1,不分班,"當代社會問題與創新案例研究
STUDIES OF CONTEMPORARY  SOCIAL ISSUES AND INNOVATION CASES",3,期,True,50,0,0,50,夏晧清,"三2,3,4(西SW 1005)","['', '', '234', '', '', '', '']",《講授類》,[],False
https://selcrs.nsysu.edu.tw/menu5/showoutline.asp?SYEAR=114&SEM=2&CrsDat=PIS2005&Crsname=設計溝通與表達,,,False,人科學程,PIS2005,1,不分班,"設計溝通與表達
COMMUNICATION AND EXPRESSION THROUGH DESIGN",3,期,True,50,0,0,50,張淑美,"三5,6,7(西SW 1005)","['', '', '567', '', '', '', '']",《講授類》,[],False
https://selcrs.nsysu.edu.tw/menu5/showoutline.asp?SYEAR=114&SEM=2&CrsDat=PIS2009&Crsname=跨領域創新專題（一）,,,False,人科學程,PIS2009,2,不分班,"跨領域創新專題（一）
INDIVIDUAL STUDIES OF  CROSS-DOMAIN INNOVATION (1)",3,期,True,30,0,0,30,宋世祥,"二2,3,4(西SW 1007)","['', '234', '', '', '', '', '']",《講授類》,[],False
https://selcrs.nsysu.edu.tw/menu5/showoutline.asp?SYEAR=114&SEM=2&CrsDat=PIS2012&Crsname=關懷設計,,,False,人科學程,PIS2012,0,不分班,"關懷設計
PHILANTHROPIC DESIGN",3,期,False,25,0,0,25,張淑美,"二5,6,7(西SW 1005)","['', '567', '', '', '', '', '']",《講授類》,[],False
https://selcrs.nsysu.edu.tw/menu5/showoutline.asp?SYEAR=114&SEM=2&CrsDat=PIS2014&Crsname=精實創業,,,False,人科學程,PIS2014,0,不分班,"精實創業
THE LEAN STARTUP",3,期,False,30,0,0,30,謝如梅,"二8,6,7(西SW 1003)","['', '678', '', '', '', '', '']",《講授類》,[],False
https://selcrs.nsysu.edu.tw/menu5/showoutline.asp?SYEAR=114&SEM=2&CrsDat=PIS2016&Crsname=數位文化與人類學：理論與實踐,,,False,人科學程,PIS2016,0,不分班,"數位文化與人類學：理論與實踐
DIGITAL CULTURE AND ANTHROPOLOGY:THEORIES AND PRACTICE",3,期,False,25,0,0,25,宋世祥,"三2,3,4(西SW 1003)","['', '', '234', '', '', '', '']",《講授類》,[],False
https://selcrs.nsysu.edu.tw/menu5/showoutline.asp?SYEAR=114&SEM=2&CrsDat=PIS2017&Crsname=創意街區發展實務與藝術管理,,,False,人科學程,PIS2017,0,不分班,"創意街區發展實務與藝術管理
PRACTICE OF CREATIVE BLOCKS DEVELOPMENT AND ART MANAGEMENT",3,期,False,25,0,0,25,宋世祥,"四5,6,7(西SW 1004)","['', '', '', '567', '', '', '']",《講授類》,[],False
https://selcrs.nsysu.edu.tw/menu5/showoutline.asp?SYEAR=114&SEM=2&CrsDat=PIS2018&Crsname=創客進階,異動,更換時間1/2,False,人科學程,PIS2018,0,不分班,"創客進階
MAKER-ADVANCED",3,期,False,50,0,0,50,王兆璋,"五2,3,4(西SW 1007)","['', '', '', '', '234', '', '']",《講授類》,[],False
https://selcrs.nsysu.edu.tw/menu5/showoutline.asp?SYEAR=114&SEM=2&CrsDat=PIS2028&Crsname=基礎研究方法,,,False,人科學程,PIS2028,2,不分班,"基礎研究方法
INTRODUCTION TO RESEARCH METHODS",3,期,True,50,0,0,50,"夏晧清,謝如梅","四2,3,4(西SW 1005)","['', '', '', '234', '', '', '']",《講授類》,[],False
https://selcrs.nsysu.edu.tw/menu5/showoutline.asp?SYEAR=114&SEM=2&CrsDat=PIS3003&Crsname=創新設計或創業專題（一）,,,False,人科學程,PIS3003,3,不分班,"創新設計或創業專題（一）
INDEPENDENT STUDIES IN INNOVATION AND ENTREPRENEURSHIP (1)",3,期,True,50,0,0,50,"夏晧清,宋世祥,張淑美,王兆璋,謝如梅,鄭南玉","六2,3,4(西SW 1005)","['', '', '', '', '', '234', '']",《獨立研究》,[],False
https://selcrs.nsysu.edu.tw/menu5/showoutline.asp?SYEAR=114&SEM=2&CrsDat=III1003&Crsname=世界史中的原住民,,,False,國際學士原民專班,III1003,1,不分班,"世界史中的原住民
INDIGENOUS PEOPLES IN WORLD HISTORY",3,期,True,50,0,0,50,李馨慈,"五2,3,4(通GE 3013)","['', '', '', '', '234', '', '']",《講授類》,[],False
https://selcrs.nsysu.edu.tw/menu5/showoutline.asp?SYEAR=114&SEM=2&CrsDat=III1004&Crsname=文獻分析與田野實作,,,False,國際學士原民專班,III1004,1,不分班,"文獻分析與田野實作
LITERATURE ANALYSIS AND FIELD PRACTICE",3,期,True,50,0,0,50,"李育諭,王啟仲,許家豪","四5,6,7(通GE 4020)","['', '', '', '567', '', '', '']",《講授類》,[],False
https://selcrs.nsysu.edu.tw/menu5/showoutline.asp?SYEAR=114&SEM=2&CrsDat=III1005&Crsname=社會文化分析,,,False,國際學士原民專班,III1005,1,不分班,"社會文化分析
SOCIO-CULTURAL ANALYSIS",3,期,False,20,0,0,20,王啟仲,"二5,6,7(通GE 1008)","['', '567', '', '', '', '', '']",《講授類》,[],False
https://selcrs.nsysu.edu.tw/menu5/showoutline.asp?SYEAR=114&SEM=2&CrsDat=III1015&Crsname=科學、媒體與文化,,,False,國際學士原民專班,III1015,1,不分班,"科學、媒體與文化
SCIENCE, MEDIA, AND CULTURE",3,期,False,20,0,0,20,李育諭,"五2,3,4(通GE 1008)","['', '', '', '', '234', '', '']",《講授類》,[],False
https://selcrs.nsysu.edu.tw/menu5/showoutline.asp?SYEAR=114&SEM=2&CrsDat=III1016&Crsname=台灣政經發展,,,False,國際學士原民專班,III1016,1,不分班,"台灣政經發展
POLITICAL AND ECONOMIC DEVELOPMENT IN TAIWAN",3,期,False,20,0,0,20,許家豪,"二8,6,7(海ME 3006)","['', '678', '', '', '', '', '']",《講授類》,[],True
https://selcrs.nsysu.edu.tw/menu5/showoutline.asp?SYEAR=114&SEM=2&CrsDat=III1017&Crsname=歧視、偏見與社會正義,,,False,國際學士原民專班,III1017,1,不分班,"歧視、偏見與社會正義
DISCRIMINATION, BIAS AND SOCIAL JUSTICE",3,期,False,20,0,0,20,許家豪,"二2,3,4(海ME 3006)","['', '234', '', '', '', '', '']",《講授類》,[],False
https://selcrs.nsysu.edu.tw/menu5/showoutline.asp?SYEAR=114&SEM=2&CrsDat=III1018&Crsname=繪本藝術與創意實踐,,,False,國際學士原民專班,III1018,1,不分班,"繪本藝術與創意實踐
PICTURE BOOK ART AND CREATIVE PRACTICE",3,期,False,20,0,0,20,黃郁晴,"一5,6,7(西SW 1005)","['567', '', '', '', '', '', '']",《講授類》,[],False
https://selcrs.nsysu.edu.tw/menu5/showoutline.asp?SYEAR=114&SEM=2&CrsDat=DPBM102&Crsname=程式設計,,,False,後醫學系,DPBM102,1,不分班,"程式設計
PROGRAMING LANGUAGE",2,期,False,50,0,0,50,于松桓,"三3,4(PC 01電腦教室)","['', '', '34', '', '', '', '']","《講授類》
限後醫系修習",[],False
https://selcrs.nsysu.edu.tw/menu5/showoutline.asp?SYEAR=114&SEM=2&CrsDat=DPBM108&Crsname=臨床技能（一）,,,False,後醫學系,DPBM108,1,不分班,"臨床技能（一）
MEDICAL SKILL TRAINING PROGRAM(I)",0.5,年,True,23,0,0,23,"待聘,楊昭輝,王慧婷,莊蕙青,黃麗珊",,"['345678', '', '', '', '234', '', '']","《醫學類》
限後醫系修習",[],False
https://selcrs.nsysu.edu.tw/menu5/showoutline.asp?SYEAR=114&SEM=2&CrsDat=DPBM126&Crsname=醫學影像學原理,,,False,後醫學系,DPBM126,1,不分班,"醫學影像學原理
MEDICAL IMAGING",0.5,期,True,50,0,0,50,"林偉哲,陳德全",,"['', '', '56', '', '5', '', '']","《醫學類》
限後醫系修習",[],False
https://selcrs.nsysu.edu.tw/menu5/showoutline.asp?SYEAR=114&SEM=2&CrsDat=DPBM134&Crsname=肌肉骨骼皮膚系統基礎醫學,,,False,後醫學系,DPBM134,1,不分班,"肌肉骨骼皮膚系統基礎醫學
THE BASIC MEDICAL SCIENCE OF MUSCULOSKELETAL, INTEGUMENT SYSTEMS",3,期,True,50,0,0,50,"劉勃佑,呂穎怡,廖嘉賓,柯瓊媛,柯翠玲,王文宏,葉明倫,詹佳穎,趙敏吾,鄭雅勻",,"['1234567', '12345678', '3467', '23456', '345', '', '']","《醫學類》
限後醫系修習",[],False
https://selcrs.nsysu.edu.tw/menu5/showoutline.asp?SYEAR=114&SEM=2&CrsDat=DPBM135&Crsname=肌肉骨骼皮膚系統臨床醫學,,,False,後醫學系,DPBM135,1,不分班,"肌肉骨骼皮膚系統臨床醫學
CLINICAL MEDICINE OF MUSCULOSKELETAL, INTEGUMENT SYSTEMS",2,期,True,50,0,0,50,"劉文忠,呂穎怡,林尚宏,楊善為,葉明倫,許建仁,陳俊宇,黃麗珊",,"['2345678', '345678', '34', '56', '1234678', '', '']","《醫學類》
限後醫系修習",[],False
https://selcrs.nsysu.edu.tw/menu5/showoutline.asp?SYEAR=114&SEM=2&CrsDat=DPBM136&Crsname=神經系統基礎醫學,,,False,後醫學系,DPBM136,1,不分班,"神經系統基礎醫學
THE BASIC MEDICAL SCIENCE OF NERVOUS SYSTEM",2,期,True,50,0,0,50,"劉勃佑,劉婷婷,李昇翰,柯瓊媛,王文宏,甘祐瑜,趙敏吾,陳彥樺",,"['', '345678', '67', '78', '23456', '', '']","《醫學類》
限後醫系修習",[],False
https://selcrs.nsysu.edu.tw/menu5/showoutline.asp?SYEAR=114&SEM=2&CrsDat=DPBM137&Crsname=神經系統臨床醫學,,,False,後醫學系,DPBM137,1,不分班,"神經系統臨床醫學
CLINICAL MEDICINE OF NERVOUS SYSTEM",2,期,True,50,0,0,50,"待聘,柯瓊媛,趙敏吾,陳淑芳,陳秀玲",,"['34', '23456789', '67', '1278', '234', '', '']","《醫學類》
限後醫系修習",[],False
https://selcrs.nsysu.edu.tw/menu5/showoutline.asp?SYEAR=114&SEM=2&CrsDat=DPBM138&Crsname=特殊感官系統基礎醫學,,,False,後醫學系,DPBM138,1,不分班,"特殊感官系統基礎醫學
THE BASIC MEDICAL SCIENCE OF SENSORY SYSTEM",1,期,True,50,0,0,50,"劉勃佑,柯瓊媛,甘祐瑜,趙敏吾",,"['13567', '3456', '', '2', '345678', '', '']","《醫學類》
限後醫系修習",[],False
https://selcrs.nsysu.edu.tw/menu5/showoutline.asp?SYEAR=114&SEM=2&CrsDat=DPBM139&Crsname=特殊感官系統臨床醫學,,,False,後醫學系,DPBM139,1,不分班,"特殊感官系統臨床醫學
CLINICAL MEDICINE OF SENSORY SYSTEM",1,期,True,50,0,0,50,"待聘,方博炯,林右才,趙敏吾,郭錫恭",,"['23478', '5678', '', '78', '', '', '']","《醫學類》
限後醫系修習",[],False
https://selcrs.nsysu.edu.tw/menu5/showoutline.asp?SYEAR=114&SEM=2&CrsDat=DPBM140&Crsname=精神與心理,,,False,後醫學系,DPBM140,1,不分班,"精神與心理
PSYCHIATRY AND PSYCHOPHARMACOLOGY",1.5,期,True,50,0,0,50,"待聘,柯瓊媛,王亮人,趙敏吾",,"['1234789', '123456', '', '78', '45678', '', '']","《醫學類》
限後醫系修習",[],False
https://selcrs.nsysu.edu.tw/menu5/showoutline.asp?SYEAR=114&SEM=2&CrsDat=DPBM141&Crsname=溝通與專業素養（二）,,,False,後醫學系,DPBM141,1,不分班,"溝通與專業素養（二）
COMMUNICATION AND PROFESSIONALISM (II)",0.5,期,True,50,0,0,50,陳德全,,"['678', '234678', '', '', '', '', '']","《醫學類》
限後醫系修習",[],False
https://selcrs.nsysu.edu.tw/menu5/showoutline.asp?SYEAR=114&SEM=2&CrsDat=DPBM142&Crsname=偏鄉服務學習,,,False,後醫學系,DPBM142,1,不分班,"偏鄉服務學習
RURAL SERVICE LEARNING",0,期,True,50,0,0,50,劉勃佑,,"['123456789', '', '', '', '', '', '123456789']","《服務學習類》
限後醫系修習",[],False
https://selcrs.nsysu.edu.tw/menu5/showoutline.asp?SYEAR=114&SEM=2&CrsDat=DPBM143&Crsname=公共衛生與流行病學,,,False,後醫學系,DPBM143,1,不分班,"公共衛生與流行病學
PUBLIC HEALTH AND EPIDEMIOLOGY",2,期,True,50,0,0,50,"李昇翰,鄭雅勻",,"['567', '234', '67', '5678', '2345678', '', '']","《醫學類》
限後醫系修習",[],False
https://selcrs.nsysu.edu.tw/menu5/showoutline.asp?SYEAR=114&SEM=2&CrsDat=DPBM144&Crsname=生物統計,,,False,後醫學系,DPBM144,1,不分班,"生物統計
BIOSTATISTICS",2,期,True,50,0,0,50,鄭雅勻,,"['', '', '', '34', '', '', '']","《醫學類》
限後醫系修習",[],False
https://selcrs.nsysu.edu.tw/menu5/showoutline.asp?SYEAR=114&SEM=2&CrsDat=DPBM146&Crsname=創新科技與健康照護,,,False,後醫學系,DPBM146,1,不分班,"創新科技與健康照護
INNOVATIVE TECHNOLOGIES IN HEALTHCARE",2,期,True,50,0,0,50,莊承鑫,,"['5678', '', '', '56', '', '', '']","《演講/參訪》
限後醫系修習",[],False
https://selcrs.nsysu.edu.tw/menu5/showoutline.asp?SYEAR=114&SEM=2&CrsDat=DPBM147&Crsname=生命教育,,,False,後醫學系,DPBM147,1,不分班,"生命教育
LIFE EDUCATION",1,期,True,50,0,0,50,楊婉儀,,"['', '', '56', '78', '', '', '']","《講授類》
限後醫系修習",[],False
https://selcrs.nsysu.edu.tw/menu5/showoutline.asp?SYEAR=114&SEM=2&CrsDat=DPBM148&Crsname=代謝體學與生醫應用,,,False,後醫學系,DPBM148,1,不分班,"代謝體學與生醫應用
METABOLOMICS AND BIOMEDICAL APPLICATION",2,期,False,50,0,0,50,李昇翰,"三3,4(醫IL 9015室)","['', '', '34', '', '', '', '']","《講授類》
限後醫系修習",[],True
https://selcrs.nsysu.edu.tw/menu5/showoutline.asp?SYEAR=114&SEM=2&CrsDat=DPBM149&Crsname=生醫諾貝爾獎的榮耀與遺珠,,,False,後醫學系,DPBM149,1,不分班,"生醫諾貝爾獎的榮耀與遺珠
THE GLORY AND LEGACY OF THE NOBEL PRIZE IN BIOMEDICINE",3,期,False,50,0,0,50,陳彥樺,"三2,3,4(醫IL 9016室)","['', '', '234', '', '', '', '']","《講授類》
限後醫系修習",[],True
https://selcrs.nsysu.edu.tw/menu5/showoutline.asp?SYEAR=114&SEM=2&CrsDat=DPBM209&Crsname=臨床技能（三）,,,False,後醫學系,DPBM209,2,不分班,"臨床技能（三）
MEDICAL SKILL TRAINING PROGRAM(III)",1,期,True,50,0,0,50,"待聘,王慧婷",,"['234567', '12345678', '', '', '5678', '', '']","《醫學類》
限後醫系修習",[],False
https://selcrs.nsysu.edu.tw/menu5/showoutline.asp?SYEAR=114&SEM=2&CrsDat=DPBM210&Crsname=溝通與專業素養（四）,,,False,後醫學系,DPBM210,2,不分班,"溝通與專業素養（四）
COMMUNICATION AND PROFESSIONALISM(IV)",1,期,True,50,0,0,50,陳德全,,"['678', '2346789', '234', '', '', '', '']","《醫學類》
限後醫系修習",[],False
https://selcrs.nsysu.edu.tw/menu5/showoutline.asp?SYEAR=114&SEM=2&CrsDat=DPBM222&Crsname=照護科技跨域專題（二）,,,False,後醫學系,DPBM222,2,不分班,"照護科技跨域專題（二）
INDEPENDENT STUDIES IN INNOVATIVE TECHNOLOGIES FOR HEALTHCARE (II)",1,期,True,50,0,0,50,莊承鑫,,"['', '', '12', '', '', '', '']","《獨立研究》
限後醫系修習",[],False
https://selcrs.nsysu.edu.tw/menu5/showoutline.asp?SYEAR=114&SEM=2&CrsDat=DPBM223&Crsname=新陳代謝與內分泌基礎醫學,,,False,後醫學系,DPBM223,2,不分班,"新陳代謝與內分泌基礎醫學
THE BASIC MEDICAL SCIENCES OF REPRODUCTIVE BIOLOGY AND ENDOCRINOLOGY",2,期,True,50,0,0,50,"廖嘉賓,李昇翰,柯瓊媛,柯翠玲,葉明倫,趙敏吾,陳亮傑",,"['2345678', '345678', '567', '234567', '23567', '', '']","《醫學類》
限後醫系修習",[],False
https://selcrs.nsysu.edu.tw/menu5/showoutline.asp?SYEAR=114&SEM=2&CrsDat=DPBM224&Crsname=新陳代謝與內分泌臨床醫學,,,False,後醫學系,DPBM224,2,不分班,"新陳代謝與內分泌臨床醫學
CLINICAL MEDICINE OF REPRODUCTIVE BIOLOGY AND ENDOCRINOLOGY",2,期,True,50,0,0,50,"待聘,陳秀玲",,"['23456789', '2345678', '4567', '', '234567', '', '']","《醫學類》
限後醫系修習",[],False
https://selcrs.nsysu.edu.tw/menu5/showoutline.asp?SYEAR=114&SEM=2&CrsDat=DPBM225&Crsname=生殖與遺傳基礎醫學,,,False,後醫學系,DPBM225,2,不分班,"生殖與遺傳基礎醫學
THE BASIC MEDICAL SCIENCE OF REPRODICTIVE BIOLOGY AND GENETICS",2,期,True,50,0,0,50,"劉勃佑,廖嘉賓,李昇翰,柯瓊媛,甘祐瑜,陳亮傑,陳彥旭,陳彥樺",,"['23456', '23456', '234567', '234567', '345678', '', '']","《醫學類》
限後醫系修習",[],False
https://selcrs.nsysu.edu.tw/menu5/showoutline.asp?SYEAR=114&SEM=2&CrsDat=DPBM226&Crsname=生殖與遺傳臨床醫學,,,False,後醫學系,DPBM226,2,不分班,"生殖與遺傳臨床醫學
CLINICAL MEDICINE OF REPRODICTIVE BIOLOGY AND GENETICS",2,期,True,50,0,0,50,"劉文雄,待聘,李如悅,林立德,王慧婷,陳三農,陳秀玲",,"['234567', '234567', '23467', '2347', '23567', '', '']","《講授類》
限後醫系修習",[],False
https://selcrs.nsysu.edu.tw/menu5/showoutline.asp?SYEAR=114&SEM=2&CrsDat=DPBM227&Crsname=成長與兒童醫學基礎醫學,,,False,後醫學系,DPBM227,2,不分班,"成長與兒童醫學基礎醫學
THE BASIC MEDICAL SCIENCE OF DEVELOPMENT AND PEDIATRICS",2,期,True,50,0,0,50,"劉婷婷,張博智,葉明倫,鄭雅勻,陳亮傑,陳彥旭,陳彥樺,陳秀玲",,"['2356', '23456', '56', '23456789', '23467', '', '']","《醫學類》
限後醫系修習",[],False
https://selcrs.nsysu.edu.tw/menu5/showoutline.asp?SYEAR=114&SEM=2&CrsDat=DPBM228&Crsname=成長與兒童醫學臨床醫學,,,False,後醫學系,DPBM228,2,不分班,"成長與兒童醫學臨床醫學
CLINICAL MEDICINE OF DEVELOPMENT AND PEDIATRICS",2,期,True,50,0,0,50,"刁茂盟,待聘,林盈瑞,洪碧蓮,葉明倫,蕭志誠,郭光哲,陳志誠,陳昱潔,陳秀玲,黃新純",,"['235678', '2356', '56', '2356', '1234567', '', '']","《醫學類》
限後醫系修習",[],False
https://selcrs.nsysu.edu.tw/menu5/showoutline.asp?SYEAR=114&SEM=2&CrsDat=DPBM229&Crsname=老化與高齡醫學基礎醫學,,,False,後醫學系,DPBM229,2,不分班,"老化與高齡醫學基礎醫學
THE BASIC MEDICAL SCIENCE OF GERIATRICS AND GERONTOLOGY",2,期,True,50,0,0,50,"張博智,柯瓊媛,甘祐瑜,葉明倫,鄭雅勻,陳亮傑",,"['12346789', '34', '567', '12345678', '345678', '', '']","《醫學類》
限後醫系修習",[],False
https://selcrs.nsysu.edu.tw/menu5/showoutline.asp?SYEAR=114&SEM=2&CrsDat=DPBM230&Crsname=老化與高齡醫學臨床醫學,,,False,後醫學系,DPBM230,2,不分班,"老化與高齡醫學臨床醫學
CLINICAL MEDICINE OF GERIATRICS AND GERONTOLOGY",2,期,True,50,0,0,50,"劉亦修,周明岳,待聘,徐盈欣,林育德,梁志光,王郁鈞,陳如意,陳秀玲",,"['1234567', '235678', '567', '45678', '6789', '', '']","《醫學類》
限後醫系修習",[],False
https://selcrs.nsysu.edu.tw/menu5/showoutline.asp?SYEAR=114&SEM=2&CrsDat=DPBM231&Crsname=家庭、社區、預防與偏鄉醫療實務,,,False,後醫學系,DPBM231,2,不分班,"家庭、社區、預防與偏鄉醫療實務
FAMILY MEDICINE, COMMUNITY MEDICINE, PREVENTIVE MEDICINE AND  MEDICAL CARE IN THE REMOTE AREAS",2,期,True,50,0,0,50,"葉明倫,鄭雅勻,陳德全,陳秀玲,駱聰成",,"['234', '9', '567', '1234567', '12345678', '', '']","《醫學類》
限後醫系修習",[],False
https://selcrs.nsysu.edu.tw/menu5/showoutline.asp?SYEAR=114&SEM=2&CrsDat=DPBM232&Crsname=醫學與分子病毒學特論,,,False,後醫學系,DPBM232,2,不分班,"醫學與分子病毒學特論
ADVANCED TOPICS IN MEDICAL AND MOLECULAR VIROLOGY",2,期,False,50,0,0,50,王文宏,三3(醫IL 9017室) 四4(醫IL 9017室),"['', '', '3', '4', '', '', '']","《講授類》
限後醫系修習",[],True
https://selcrs.nsysu.edu.tw/menu5/showoutline.asp?SYEAR=114&SEM=2&CrsDat=DPBM233&Crsname=藥物研發與開發,,,False,後醫學系,DPBM233,2,不分班,"藥物研發與開發
DRUG DISCOVERY AND DEVELOPMENT",2,期,False,50,0,0,50,趙敏吾,"三3,4(醫IL 9024室)","['', '', '34', '', '', '', '']","《講授類》
限後醫系修習",[],True
https://selcrs.nsysu.edu.tw/menu5/showoutline.asp?SYEAR=114&SEM=2&CrsDat=DPBM234&Crsname=實用流行病學與研究設計方法論,,,False,後醫學系,DPBM234,0,不分班,"實用流行病學與研究設計方法論
APPLIED EPIDEMIOLOGY AND RESEARCH DESIGN METHODOLOGY",2,期,False,50,0,0,50,鄭雅勻,"三3,4(醫IL 9023室)","['', '', '34', '', '', '', '']","《講授類》
限後醫系修習",[],True
https://selcrs.nsysu.edu.tw/menu5/showoutline.asp?SYEAR=114&SEM=2&CrsDat=DPBM313&Crsname=溝通與專業素養（五）,,,False,後醫學系,DPBM313,3,不分班,"溝通與專業素養（五）
COMMUNICATION AND PROFESSIONALISM(V)",1,期,True,50,0,0,50,陳德全,,"['234678', '678', '234', '', '', '', '']","《醫學類》
限後醫系修習",[],False
https://selcrs.nsysu.edu.tw/menu5/showoutline.asp?SYEAR=114&SEM=2&CrsDat=DPBM326&Crsname=法醫學,,,False,後醫學系,DPBM326,3,不分班,"法醫學
FORENSIC MEDICINE",0.5,期,True,50,0,0,50,陳彥旭,,"['', '123456', '345', '', '', '', '']","《醫學類》
限後醫系修習",[],False
https://selcrs.nsysu.edu.tw/menu5/showoutline.asp?SYEAR=114&SEM=2&CrsDat=DPBM327&Crsname=口腔醫學概論,,,False,後醫學系,DPBM327,3,不分班,"口腔醫學概論
DENTAL MEDICINE INTRODUCTION",0.5,期,True,50,0,0,50,陳彥旭,,"['', '12345678', '', '', '', '', '']","《醫學類》
限後醫系修習",[],False
https://selcrs.nsysu.edu.tw/menu5/showoutline.asp?SYEAR=114&SEM=2&CrsDat=DPBM408&Crsname=臨床技能（五）,,,False,後醫學系,DPBM408,4,不分班,"臨床技能（五）
MEDICAL SKILL TRAINING PROGRAM(V)",1,年,True,50,0,0,50,王慧婷,,"['', '', '', '', '', '123456789', '123456789']","《醫學類》
限後醫系學生修課",[],False
https://selcrs.nsysu.edu.tw/menu5/showoutline.asp?SYEAR=114&SEM=2&CrsDat=DPBM411&Crsname=醫學資訊、實證醫學與研究（六）,,,False,後醫學系,DPBM411,4,不分班,"醫學資訊、實證醫學與研究（六）
MEDICAL INFORMATION, EVIDENCE-BASED MEDICINE AND RESEARCH(VI)",1,期,True,50,0,0,50,陳彥旭,,"['', '', '', '', '', '123456789', '123456789']","《醫學類》
限後醫系修習",[],False
https://selcrs.nsysu.edu.tw/menu5/showoutline.asp?SYEAR=114&SEM=2&CrsDat=DPBM412&Crsname=溝通與專業素養（八）,,,False,後醫學系,DPBM412,4,不分班,"溝通與專業素養（八）
COMMUNICATION AND PROFESSIONALISM(VIII)",1,期,True,50,0,0,50,陳德全,,"['', '', '', '', '', '123456789', '123456789']","《醫學類》
限後醫系修習",[],False
https://selcrs.nsysu.edu.tw/menu5/showoutline.asp?SYEAR=114&SEM=2&CrsDat=BMST105&Crsname=普通化學,,,False,生醫科技系,BMST105,1,全英班,"普通化學
GENERAL CHEMISTRY",3,期,True,50,0,0,50,楊佳寧,"三2,3,4(醫IL 3013)","['', '', '234', '', '', '', '']",《講授類》,[],True
https://selcrs.nsysu.edu.tw/menu5/showoutline.asp?SYEAR=114&SEM=2&CrsDat=BMST106&Crsname=普通化學實驗,,,False,生醫科技系,BMST106,1,全英班,"普通化學實驗
GENERAL CHEMISTRY LABORATORY",1,期,True,50,0,0,50,王志偉,"四2,3,4(理SC 4019)(實驗)","['', '', '', '234', '', '', '']","《實驗類》
課程需實作，學生自備實驗衣、護目鏡。",[],True
https://selcrs.nsysu.edu.tw/menu5/showoutline.asp?SYEAR=114&SEM=2&CrsDat=BMST107&Crsname=微積分（二）,,,False,生醫科技系,BMST107,1,全英班,"微積分（二）
CALCULUS（Ⅱ）",3,期,True,50,0,0,50,余冠儒,"五2,3,4(理SC 1005)","['', '', '', '', '234', '', '']",《講授類》,[],True
https://selcrs.nsysu.edu.tw/menu5/showoutline.asp?SYEAR=114&SEM=2&CrsDat=BMST108&Crsname=程式語言,,,False,生醫科技系,BMST108,1,全英班,"程式語言
PROGRAMMING LANGUAGE",3,期,True,50,0,0,50,巫建興,"一5,6,7(圖IL PC01)","['567', '', '', '', '', '', '']",《講授類》,[],True
https://selcrs.nsysu.edu.tw/menu5/showoutline.asp?SYEAR=114&SEM=2&CrsDat=BMST109&Crsname=生物醫學科技導論（二）,,,False,生醫科技系,BMST109,1,全英班,"生物醫學科技導論（二）
INTRODUCTION TO BIOMEDICAL SCIENCE AND TECHNOLOGY（II）",2,期,True,50,0,0,50,"巫建興,林萱文,楊仁豪,楊易軒","四5,6(醫IL 3005)","['', '', '', '56', '', '', '']",《講授類》,[],True
https://selcrs.nsysu.edu.tw/menu5/showoutline.asp?SYEAR=114&SEM=2&CrsDat=BMST206&Crsname=統計學,,,False,生醫科技系,BMST206,2,全英班,"統計學
STATISTICS",3,期,True,50,0,0,50,巫建興,"一2,3,4(圖IL PC01)","['234', '', '', '', '', '', '']",《講授類》,[],True
https://selcrs.nsysu.edu.tw/menu5/showoutline.asp?SYEAR=114&SEM=2&CrsDat=BMST207&Crsname=生物化學,,,False,生醫科技系,BMST207,2,全英班,"生物化學
BIOCHEMISTRY",3,期,True,50,0,0,50,李孟娟,"五2,3,4(醫IL 3005)","['', '', '', '', '234', '', '']",《講授類》,[],True
https://selcrs.nsysu.edu.tw/menu5/showoutline.asp?SYEAR=114&SEM=2&CrsDat=BMST210&Crsname=電子電路學實驗,,,False,生醫科技系,BMST210,2,全英班,"電子電路學實驗
ELECTRONICS LABORATORY",1,期,False,50,0,0,50,巫建興,"三2,3,4(醫IL 3004)(實驗)","['', '', '234', '', '', '', '']",《實驗類》,[],True
https://selcrs.nsysu.edu.tw/menu5/showoutline.asp?SYEAR=114&SEM=2&CrsDat=BMST211&Crsname=神經科學探索,,,False,生醫科技系,BMST211,1,全英班,"神經科學探索
INTRODUCTION TO NEUROSCIENCE",3,期,False,50,0,0,50,林萱文,"一2,3,4(醫IL 3015)","['234', '', '', '', '', '', '']",《講授類》,[],False
https://selcrs.nsysu.edu.tw/menu5/showoutline.asp?SYEAR=114&SEM=2&CrsDat=BMST212&Crsname=材料力學導論,,,False,生醫科技系,BMST212,1,全英班,"材料力學導論
INTRODUCTION TO MECHANICS OF MATERIALS",3,期,False,50,0,0,50,楊易軒,"五5,6,7(醫IL 3016)","['', '', '', '', '567', '', '']",《講授類》,[],True
https://selcrs.nsysu.edu.tw/menu5/showoutline.asp?SYEAR=114&SEM=2&CrsDat=BMST213&Crsname=微生物免疫學及實驗,,,False,生醫科技系,BMST213,2,全英班,"微生物免疫學及實驗
MICROBIAL IMMUNOLOGY AND  EXPERIMENTS",3,期,False,50,0,0,50,"劉勃佑,王文宏,陳彥樺","三5,6,7(醫IL 3004)","['', '', '567', '', '', '', '']","《講授類》
部分課程需實作，學生自備實驗衣",[],False
https://selcrs.nsysu.edu.tw/menu5/showoutline.asp?SYEAR=114&SEM=2&CrsDat=BMST231&Crsname=計算機概論,,,False,生醫科技系,BMST231,1,全英班,"計算機概論
INTRODUCTION TO COMPUTER SCIENCE",3,期,False,50,0,0,50,巫建興,"三5,6,7(醫IL 3005)","['', '', '567', '', '', '', '']",《講授類》,[],False
https://selcrs.nsysu.edu.tw/menu5/showoutline.asp?SYEAR=114&SEM=2&CrsDat=BMST234&Crsname=遺傳學,,,False,生醫科技系,BMST234,2,全英班,"遺傳學
GENETICS",3,期,False,50,0,0,50,林萱文,"二2,3,4(醫IL 3015)","['', '234', '', '', '', '', '']",《講授類》,[],True
https://selcrs.nsysu.edu.tw/menu5/showoutline.asp?SYEAR=114&SEM=2&CrsDat=BMST236&Crsname=工程數學（二）,,,False,生醫科技系,BMST236,2,全英班,"工程數學（二）
ENGINEERING MATHEMATICS (II)",3,期,False,50,0,0,50,楊易軒,"四2,3,4(醫IL 3016)","['', '', '', '234', '', '', '']",《講授類》,[],True
https://selcrs.nsysu.edu.tw/menu5/showoutline.asp?SYEAR=114&SEM=2&CrsDat=BMST240&Crsname=腫瘤生物學,,,False,生醫科技系,BMST240,2,全英班,"腫瘤生物學
TUMOR BIOLOGY",3,期,False,50,0,0,50,徐志文,"二8,6,7(醫IL 3015)","['', '678', '', '', '', '', '']",《講授類》,[],False
https://selcrs.nsysu.edu.tw/menu5/showoutline.asp?SYEAR=114&SEM=2&CrsDat=BMST241&Crsname=分子生物學及實驗,,,False,生醫科技系,BMST241,2,全英班,"分子生物學及實驗
MOLECULAR BIOLOGY AND EXPERIMENTS",3,期,False,50,0,0,50,"劉勃佑,李昇翰,柯瓊媛","四5,6,7(醫IL 3004)","['', '', '', '567', '', '', '']","《講授類》
部分課程需實作，學生自備實驗衣",[],False
https://selcrs.nsysu.edu.tw/menu5/showoutline.asp?SYEAR=114&SEM=2&CrsDat=BMST322&Crsname=醫學影像處理,,,False,生醫科技系,BMST322,2,全英班,"醫學影像處理
MEDICAL IMAGE PROCESSING",3,期,False,50,0,0,50,待聘,"一5,6,7(醫IL 3016)","['567', '', '', '', '', '', '']","《講授類》
部分課程需實作，建議學生自備筆電上課",[],True
https://selcrs.nsysu.edu.tw/menu5/showoutline.asp?SYEAR=114&SEM=2&CrsDat=BMST323&Crsname=醫療資訊學,,,False,生醫科技系,BMST323,2,全英班,"醫療資訊學
BIOMEDICAL INFORMATICS",3,期,False,50,0,0,50,待聘,"二2,3,4(醫IL 3016)","['', '234', '', '', '', '', '']",《講授類》,[],False
https://selcrs.nsysu.edu.tw/menu5/showoutline.asp?SYEAR=114&SEM=2&CrsDat=BMST324&Crsname=蛋白質技術及應用,,,False,生醫科技系,BMST324,2,全英班,"蛋白質技術及應用
PROTEIN TECHNOLOGY AND APPLICATIONS",3,期,False,50,0,0,50,李孟娟,"一5,6,7(醫IL 3015)","['567', '', '', '', '', '', '']",《講授類》,[],True
https://selcrs.nsysu.edu.tw/menu5/showoutline.asp?SYEAR=114&SEM=2&CrsDat=NURS105&Crsname=應用病理學,,,False,護理系,NURS105,1,不分班,"應用病理學
APPLIED PATHOLOGY",2,期,True,50,0,0,50,詹佳穎,"三2,3(醫IL 3005)","['', '', '23', '', '', '', '']","《講授類》
限護理學系學生修習",[],False
https://selcrs.nsysu.edu.tw/menu5/showoutline.asp?SYEAR=114&SEM=2&CrsDat=NURS106&Crsname=微生物與免疫學之臨床應用,,,False,護理系,NURS106,1,不分班,"微生物與免疫學之臨床應用
CLINICAL APPLICATIONS OF MICROBIOLOGY AND IMMUNOLOGY",1,期,True,50,0,0,50,"王文宏,陳彥樺",一5(醫IL 3005),"['5', '', '', '', '', '', '']","《講授類》
限護理學系學生修習",[],False
https://selcrs.nsysu.edu.tw/menu5/showoutline.asp?SYEAR=114&SEM=2&CrsDat=NURS107&Crsname=藥理學與臨床應用,,,False,護理系,NURS107,1,不分班,"藥理學與臨床應用
PHARMACOLOGY AND CLINICAL APPLICATIONS",3,期,True,50,0,0,50,"趙敏吾,陳亮傑","一8,6,7(醫IL 3005)","['678', '', '', '', '', '', '']","《講授類》
限護理學系學生修習",[],False
https://selcrs.nsysu.edu.tw/menu5/showoutline.asp?SYEAR=114&SEM=2&CrsDat=NURS108&Crsname=生物統計與健康數據分析,,,False,護理系,NURS108,1,不分班,"生物統計與健康數據分析
BIOSTATISTICS AND HEALTH DATA ANALYSIS",2,期,True,50,0,0,50,鄭雅勻,"三5,6(PC 01)","['', '', '56', '', '', '', '']","《講授類》
限護理學系學生修習",[],False
https://selcrs.nsysu.edu.tw/menu5/showoutline.asp?SYEAR=114&SEM=2&CrsDat=NURS109&Crsname=創新科技與醫療照護,,,False,護理系,NURS109,1,不分班,"創新科技與醫療照護
INNOVATIVE TECHNOLOGY AND HEALTHCARE",1,期,True,50,0,0,50,葉俊吟,一4(醫IL 3005),"['4', '', '', '', '', '', '']","《講授類》
限護理學系學生修習",[],False
https://selcrs.nsysu.edu.tw/menu5/showoutline.asp?SYEAR=114&SEM=2&CrsDat=NURS111&Crsname=深睡的力量：揭開睡眠與健康的面紗,,,False,護理系,NURS111,1,不分班,"深睡的力量：揭開睡眠與健康的面紗
THE DEEP POWER OF SLEEP：UNDERSTANDING SLEEP AND HEALTH",3,期,False,20,0,0,20,陳嬿今,"三5,6,7(醫IL3013)","['', '', '567', '', '', '', '']",《講授類》,[],False
https://selcrs.nsysu.edu.tw/menu5/showoutline.asp?SYEAR=114&SEM=2&CrsDat=NURS114&Crsname=多元健康管理,,,False,護理系,NURS114,1,不分班,"多元健康管理
MULTIDIMENSIONAL HEALTH MANAGEMENT",2,期,False,25,0,0,25,郭素娥,"四8,7(醫IL3013)","['', '', '', '78', '', '', '']",《講授類》,[],True
https://selcrs.nsysu.edu.tw/menu5/showoutline.asp?SYEAR=114&SEM=2&CrsDat=NURS115&Crsname=家庭與健康,,,False,護理系,NURS115,1,不分班,"家庭與健康
FAMILIES AND HEALTH",2,期,False,25,0,0,25,王美卿,"四3,4(醫IL3013)","['', '', '', '34', '', '', '']",《講授類》,[],True
https://selcrs.nsysu.edu.tw/menu5/showoutline.asp?SYEAR=114&SEM=2&CrsDat=NURS116&Crsname=氣候變遷下的健康生活學,,,False,護理系,NURS116,1,不分班,"氣候變遷下的健康生活學
LIVING WELL IN A CHANGING CLIMATE",3,期,False,25,0,0,25,葉俊吟,"二5,6,7(醫IL3005)","['', '567', '', '', '', '', '']",《講授類》,[],True
https://selcrs.nsysu.edu.tw/menu5/showoutline.asp?SYEAR=114&SEM=2&CrsDat=NURS117&Crsname=計算機概論,,,False,護理系,NURS117,1,不分班,"計算機概論
BASIC COMPUTER CONCEPTS",2,期,False,50,0,0,50,羅珮綺,"四5,6(PC01)","['', '', '', '56', '', '', '']",《講授類》,[],False
https://selcrs.nsysu.edu.tw/menu5/showoutline.asp?SYEAR=114&SEM=2&CrsDat=NURS118&Crsname=跨文化照護與靈性護理,,,False,護理系,NURS118,1,不分班,"跨文化照護與靈性護理
TRANSCULTURAL CARE AND SPIRITUAL NURSING",2,期,False,50,0,0,50,陳嬿今,,"['', '234567', '234567', '234567', '', '', '']","《講授類》
限護理學系學生修習",[],True
https://selcrs.nsysu.edu.tw/menu5/showoutline.asp?SYEAR=114&SEM=2&CrsDat=MED101&Crsname=基礎生物學,,,False,醫學院,MED101,0,不分班,"基礎生物學
BASIC CONCEPTS OF BIOLOGY",2,期,False,5,0,0,5,"張玉泉,薛佑玲,鄭光宏","四8,9(通GE 1010)","['', '', '', '89', '', '', '']","《講授類》
限醫學院大學部學生修習",[],False
https://selcrs.nsysu.edu.tw/menu5/showoutline.asp?SYEAR=114&SEM=2&CrsDat=MED103&Crsname=智慧長照服務創新開發模式,,,False,醫學院,MED103,0,不分班,"智慧長照服務創新開發模式
DEVELOPMENT MODEL OF SERVICE INNOVATION FOR SMART LONG-TERM CARE",3,期,False,10,0,0,10,莊承鑫,"三5,6,7(醫IL 3017)","['', '', '567', '', '', '', '']","《講授類》
限醫學院大學部學生修習",[],False
https://selcrs.nsysu.edu.tw/menu5/showoutline.asp?SYEAR=114&SEM=2&CrsDat=MED105&Crsname=醫學史（二）-台灣醫學史,,,False,醫學院,MED105,0,不分班,"醫學史（二）-台灣醫學史
MEDICAL HISTORY (II) – HISTORY OF MEDICINE IN TAIWAN",2,期,False,10,0,0,10,劉景寬,"四8,7(國IR 4002)","['', '', '', '78', '', '', '']","《講授類》
限醫學院大學部學生修習",[],False
https://selcrs.nsysu.edu.tw/menu5/showoutline.asp?SYEAR=114&SEM=2&CrsDat=MED106&Crsname=人體結構探索–初階人體解剖學,,,False,醫學院,MED106,0,不分班,"人體結構探索–初階人體解剖學
HUMAN STRUCTURE EXPLORATION-BASIC HUMAN ANATOMY",3,期,False,10,0,0,10,柯翠玲,"三2,3,4(醫IL 9012)","['', '', '234', '', '', '', '']","《講授類》
限醫學院大學部學生修習",[],False
https://selcrs.nsysu.edu.tw/menu5/showoutline.asp?SYEAR=114&SEM=2&CrsDat=MED109&Crsname=毒理學概論,,,False,醫學院,MED109,0,不分班,"毒理學概論
THE BASIC PRINCIPLE OF TOXICOLOGY",3,期,False,10,0,0,10,趙敏吾,"三5,6,7(醫IL 9012)","['', '', '567', '', '', '', '']","《講授類》
限醫學院大學部學生修習",[],False
https://selcrs.nsysu.edu.tw/menu5/showoutline.asp?SYEAR=114&SEM=2&CrsDat=MED112&Crsname=環境與職業衛生：飲食生活工作對健康的影響,,,False,醫學院,MED112,0,不分班,"環境與職業衛生：飲食生活工作對健康的影響
ENVIRONMENTAL AND OCCUPATIONAL HEALTH: HEALTH EFFECTS FROM DIET, LIFE AND WORK",3,期,False,10,0,0,10,鄭雅勻,"二8,9,7(醫IL 9012)","['', '789', '', '', '', '', '']","《講授類》
限醫學院大學部學生修習",[],False
https://selcrs.nsysu.edu.tw/menu5/showoutline.asp?SYEAR=114&SEM=2&CrsDat=MED116&Crsname=塑膠星球,,,False,醫學院,MED116,0,不分班,"塑膠星球
PLASTIC PLANET",3,期,False,10,0,0,10,李昇翰,"一8,9,7(醫IL 9010)","['789', '', '', '', '', '', '']","《講授類》
限醫學院大學部學生修習",[],False
https://selcrs.nsysu.edu.tw/menu5/showoutline.asp?SYEAR=114&SEM=2&CrsDat=MED117&Crsname=環境毒理學,,,False,醫學院,MED117,0,不分班,"環境毒理學
ENVIRONMENTAL TOXICOLOGY",2,期,False,10,0,0,10,李昇翰,"四1,2(醫IL 9012)","['', '', '', '12', '', '', '']","《講授類》
限醫學院大學部學生修習",[],False
https://selcrs.nsysu.edu.tw/menu5/showoutline.asp?SYEAR=114&SEM=2&CrsDat=MED121&Crsname=瘟疫與人類歷史,,,False,醫學院,MED121,0,不分班,"瘟疫與人類歷史
PANDEMICS AND HUMAN HISTORY",2,期,False,15,0,0,15,王文宏,"四5,6(醫IL 9012)","['', '', '', '56', '', '', '']","《講授類》
限醫學院大學部學生修習",[],False
https://selcrs.nsysu.edu.tw/menu5/showoutline.asp?SYEAR=114&SEM=2&CrsDat=MED125&Crsname=醫用微生物學概論,,,False,醫學院,MED125,0,不分班,"醫用微生物學概論
BASIC MEDICAL MICROBIOLOGY",3,期,False,20,0,0,20,陳彥樺,"一8,9,7(醫IL 9012)","['789', '', '', '', '', '', '']","《講授類》
限醫學院大學部學生修習",[],False
https://selcrs.nsysu.edu.tw/menu5/showoutline.asp?SYEAR=114&SEM=2&CrsDat=MED128&Crsname=神經科學應用概論,,,False,醫學院,MED128,0,不分班,"神經科學應用概論
INTRODUCTION OF NEUROSCIENCE AND APPLICATION",2,期,False,20,0,0,20,柯瓊媛,"一5,6(醫IL 9012)","['56', '', '', '', '', '', '']","《講授類》
限醫學院大學部學生修習",[],False
https://selcrs.nsysu.edu.tw/menu5/showoutline.asp?SYEAR=114&SEM=2&CrsDat=MED129&Crsname=基礎外傷急救,,,False,醫學院,MED129,0,不分班,"基礎外傷急救
BASICS OF TRAUMA CARE",2,期,False,5,0,0,5,唐逸文,"一5,6(醫IL 9010)","['56', '', '', '', '', '', '']","《講授類》
限醫學院大學部學生修習",[],False
https://selcrs.nsysu.edu.tw/menu5/showoutline.asp?SYEAR=114&SEM=2&CrsDat=MED136&Crsname=生物資訊初探,,,False,醫學院,MED136,0,不分班,"生物資訊初探
INTRODUCTION TO BIOINFORMATICS",2,期,False,20,0,0,20,陳彥樺,"二3,4(圖IL PC01)","['', '34', '', '', '', '', '']","《講授類》
限醫學院大學部學生修習",[],False
https://selcrs.nsysu.edu.tw/menu5/showoutline.asp?SYEAR=114&SEM=2&CrsDat=MED140&Crsname=展示我們的健康-醫學與博物館學,,,False,醫學院,MED140,0,不分班,"展示我們的健康-醫學與博物館學
MEDICINE AND MUSEOLOGY: EXHIBITING THE HEALTH",2,期,False,20,0,0,20,劉勃佑,"二5,6(醫IL 9012)","['', '56', '', '', '', '', '']","《講授類》
限醫學院大學部學生修習",[],False
https://selcrs.nsysu.edu.tw/menu5/showoutline.asp?SYEAR=114&SEM=2&CrsDat=MED149&Crsname=基礎生物醫學技術與應用,,,False,醫學院,MED149,0,不分班,"基礎生物醫學技術與應用
BASICS OF BIOMEDICAL TECHNOLOGY AND APPLICATIONS",2,期,False,10,0,0,10,李昇翰,"二8,7(醫IL 9010)","['', '78', '', '', '', '', '']","《講授類》
限醫學院大學部學生修習",[],False
https://selcrs.nsysu.edu.tw/menu5/showoutline.asp?SYEAR=114&SEM=2&CrsDat=MED151&Crsname=藥物獵人：天然物與藥物化學,,,False,醫學院,MED151,0,不分班,"藥物獵人：天然物與藥物化學
THE DRUG HUNTER: NATURAL PRODUCTS AND MEDICINAL CHEMISTRY",3,期,False,20,0,0,20,陳亮傑,"三5,6,7(醫IL 9010)","['', '', '567', '', '', '', '']","《講授類》
限醫學院大學部學生修習",[],False
https://selcrs.nsysu.edu.tw/menu5/showoutline.asp?SYEAR=114&SEM=2&CrsDat=MED153&Crsname=神經心理學：大腦與情緒,,,False,醫學院,MED153,0,不分班,"神經心理學：大腦與情緒
NEUROPSYCHOLOGY: THE BRAIN AND EMOTIONS",3,期,False,10,0,0,10,楊仁豪,"五8,6,7(國IR 4002)","['', '', '', '', '678', '', '']","《講授類》
限醫學院大學部學生修習",[],True
https://selcrs.nsysu.edu.tw/menu5/showoutline.asp?SYEAR=114&SEM=2&CrsDat=MED161&Crsname=生命的奈米世界：初階細胞生物學,,,False,醫學院,MED161,0,不分班,"生命的奈米世界：初階細胞生物學
THE NANOWORLD OF LIFE: BASIC CELL BIOLOGY",2,期,False,20,0,0,20,柯瓊媛,"二5,6(醫IL 9010)","['', '56', '', '', '', '', '']","《講授類》
限醫學院大學部學生修習",[],False
https://selcrs.nsysu.edu.tw/menu5/showoutline.asp?SYEAR=114&SEM=2&CrsDat=MED163&Crsname=新生兒急救：從零開始掌握關鍵技能,,,False,醫學院,MED163,0,不分班,"新生兒急救：從零開始掌握關鍵技能
NEONATAL RESUSCITATION: MASTERING ESSENTIAL SKILLS FROM SCRATCH",2,期,False,20,0,0,20,陳秀玲,"三3,4(醫IL 9010)","['', '', '34', '', '', '', '']","《講授類》
限醫學院大學部學生修習",[],False
https://selcrs.nsysu.edu.tw/menu5/showoutline.asp?SYEAR=114&SEM=2&CrsDat=MED168&Crsname=中醫暨整合醫學,,,False,醫學院,MED168,0,不分班,"中醫暨整合醫學
CHINESE AND INTEGRATIVE MEDICINE",2,期,False,20,0,0,20,"張嘉祐,謝孟倉,陳貞吟","四3,4(醫IL 9012)","['', '', '', '34', '', '', '']","《講授類》
限醫學院大學部學生修習",[],False
https://selcrs.nsysu.edu.tw/menu5/showoutline.asp?SYEAR=114&SEM=2&CrsDat=MED170&Crsname=肝臟疾病與研究之新進展,,,False,醫學院,MED170,0,不分班,"肝臟疾病與研究之新進展
ADVANCE IN LIVER DISEASE AND RESEARCH",2,期,False,25,0,0,25,葉明倫,"二3,4(醫IL 9012)","['', '34', '', '', '', '', '']","《講授類》
限醫學院大學部學生修習",[],False
https://selcrs.nsysu.edu.tw/menu5/showoutline.asp?SYEAR=114&SEM=2&CrsDat=CL505&Crsname=專題研究,,,False,中文碩,CL505,0,不分班,"專題研究
INDEPENDENT STUDIES",1,期,False,50,0,0,50,林芷瑩,一8(文LA 6048),"['8', '', '', '', '', '', '']",《獨立研究》,[],False
https://selcrs.nsysu.edu.tw/menu5/showoutline.asp?SYEAR=114&SEM=2&CrsDat=CL528&Crsname=自然詩學專題,,,False,中文碩,CL528,0,不分班,"自然詩學專題
SEMINAR ON NATURE POETRY",3,期,False,50,0,0,50,林孜曄,"三5,6,7(文LA 4014)","['', '', '567', '', '', '', '']",《講授類》,[],False
https://selcrs.nsysu.edu.tw/menu5/showoutline.asp?SYEAR=114&SEM=2&CrsDat=CL534&Crsname=當代戲曲討論,,,False,中文碩,CL534,0,不分班,"當代戲曲討論
DISCUSSION ON MODERN CHINESE DRAMA",3,期,False,50,0,0,50,林芷瑩,"二2,3,4(文LA 4013)","['', '234', '', '', '', '', '']",《講授類》,[],False
https://selcrs.nsysu.edu.tw/menu5/showoutline.asp?SYEAR=114&SEM=2&CrsDat=CL535&Crsname=臺灣當代文學研究（二）,,,False,中文碩,CL535,0,不分班,"臺灣當代文學研究（二）
CONTEMPORARY TAIWAN LITERATURE STUDIES (II)",3,期,False,50,0,0,50,黃資婷,"四5,6,7(文LA 4013)","['', '', '', '567', '', '', '']",《講授類》,[],False
https://selcrs.nsysu.edu.tw/menu5/showoutline.asp?SYEAR=114&SEM=2&CrsDat=CL538&Crsname=華語電影的理論與實踐及其與文學的關係,,,False,中文碩,CL538,0,不分班,"華語電影的理論與實踐及其與文學的關係
THEORY AND PRACTICE OF SINOPHONE CINEMA AND ITS RELATION TO LITERATURE",3,期,False,50,0,0,50,何重誼,"三2,3,4(文LA 4013)","['', '', '234', '', '', '', '']",《講授類》,[],False
https://selcrs.nsysu.edu.tw/menu5/showoutline.asp?SYEAR=114&SEM=2&CrsDat=CL639&Crsname=唐宋思想史,,,False,中文碩,CL639,0,不分班,"唐宋思想史
INTELLECTUAL HISTORY OF THE TANG AND SONG DYNASTIES",3,期,False,50,0,0,50,江政寬,"四2,3,4(文LA 4012)","['', '', '', '234', '', '', '']","《講授類》
限碩博士研究生選修",[],False
https://selcrs.nsysu.edu.tw/menu5/showoutline.asp?SYEAR=114&SEM=2&CrsDat=DFLL502&Crsname=文學評論與研究方法,,,True,外文碩,DFLL502,1,不分班,"文學評論與研究方法
LITERARY THEORY AND RESEARCH METHODS",3,期,True,50,0,0,50,林毓凱,"三2,3,4(文LA 3018)","['', '', '234', '', '', '', '']",《講授類》,[],False
https://selcrs.nsysu.edu.tw/menu5/showoutline.asp?SYEAR=114&SEM=2&CrsDat=DFLL612&Crsname=十九世紀英國小說,,,False,外文碩,DFLL612,0,不分班,"十九世紀英國小說
19TH CENTURY BRITISH FICTION",3,期,False,50,0,0,50,賴淑芳,"二5,6,7(文LA 3018)","['', '567', '', '', '', '', '']",《講授類》,[],True
https://selcrs.nsysu.edu.tw/menu5/showoutline.asp?SYEAR=114&SEM=2&CrsDat=DFLL620&Crsname=早期美國文學,,,False,外文碩,DFLL620,0,不分班,"早期美國文學
EARLY AMRICAN LITERATURE",3,期,False,50,0,0,50,盧莉茹,"四2,3,4(文LA 2003)","['', '', '', '234', '', '', '']",《講授類》,[],True
https://selcrs.nsysu.edu.tw/menu5/showoutline.asp?SYEAR=114&SEM=2&CrsDat=DFLL621&Crsname=二十世紀美國戲劇,,,False,外文碩,DFLL621,0,不分班,"二十世紀美國戲劇
20TH CENTURY AMERICAN DRAMA",3,期,False,50,0,0,50,范澤凱,"五2,3,4(文LA 3018)","['', '', '', '', '234', '', '']",《講授類》,[],True
https://selcrs.nsysu.edu.tw/menu5/showoutline.asp?SYEAR=114&SEM=2&CrsDat=DFLL667&Crsname=語言測驗,,,False,外文碩,DFLL667,0,不分班,"語言測驗
LANGUAGE TESTING",3,期,False,50,0,0,50,施智閔,"五5,6,7(文LA 3017)","['', '', '', '', '567', '', '']",《講授類》,[],True
https://selcrs.nsysu.edu.tw/menu5/showoutline.asp?SYEAR=114&SEM=2&CrsDat=DFLL668&Crsname=跨文化溝通,,,False,外文碩,DFLL668,0,不分班,"跨文化溝通
INTERCULTURAL COMMUNICATION",3,期,False,50,0,0,50,黃舒屏,"二2,3,4(文LA 3017)","['', '234', '', '', '', '', '']",《講授類》,[],True
https://selcrs.nsysu.edu.tw/menu5/showoutline.asp?SYEAR=114&SEM=2&CrsDat=DFLL680&Crsname=專題研究,異動,更換時間1/2,True,外文碩,DFLL680,2,不分班,"專題研究
INDEPENDENT STUDIES",3,期,True,50,0,0,50,白士禮,"二2,3,4()","['', '234', '', '', '', '', '']",《獨立研究》,[],True
https://selcrs.nsysu.edu.tw/menu5/showoutline.asp?SYEAR=114&SEM=2&CrsDat=DFLL680B&Crsname=專題研究,,,True,外文碩,DFLL680B,2,不分班,"專題研究
INDEPENDENT STUDIES",3,期,True,50,0,0,50,陳福仁,"一2,3,4()","['234', '', '', '', '', '', '']",《獨立研究》,[],True
https://selcrs.nsysu.edu.tw/menu5/showoutline.asp?SYEAR=114&SEM=2&CrsDat=DFLL680C&Crsname=專題研究,,,True,外文碩,DFLL680C,2,不分班,"專題研究
INDEPENDENT STUDIES",3,期,True,50,0,0,50,曾銘裕,"一5,6,7()","['567', '', '', '', '', '', '']",《獨立研究》,[],True
https://selcrs.nsysu.edu.tw/menu5/showoutline.asp?SYEAR=114&SEM=2&CrsDat=DFLL680D&Crsname=專題研究,,,True,外文碩,DFLL680D,2,不分班,"專題研究
INDEPENDENT STUDIES",3,期,True,50,0,0,50,徐淑瑛,"三5,6,7()","['', '', '567', '', '', '', '']",《獨立研究》,[],True
https://selcrs.nsysu.edu.tw/menu5/showoutline.asp?SYEAR=114&SEM=2&CrsDat=MUSI501&Crsname=西洋音樂史總論,,,False,音樂碩,MUSI501,0,不分班,"西洋音樂史總論
THE HISTORY OF WESTERN MUSIC REVIEW",3,期,False,50,0,0,50,郭瓊嬌,"三2,3,4(文FA 6011)","['', '', '234', '', '', '', '']",《講授類》,[],False
https://selcrs.nsysu.edu.tw/menu5/showoutline.asp?SYEAR=114&SEM=2&CrsDat=MUSI516&Crsname=鍵盤（二）,,,False,音樂碩,MUSI516,0,不分班,"鍵盤（二）
KEYBOARD(II)",2,期,False,50,0,0,50,"唐佳迎,林雅叙,陳宜蓁,顏竹君","六1,2()","['', '', '', '', '', '12', '']","《音樂類》
限音樂系學生修課",[],False
https://selcrs.nsysu.edu.tw/menu5/showoutline.asp?SYEAR=114&SEM=2&CrsDat=MUSI521&Crsname=鋼琴文獻（一）,,,False,音樂碩,MUSI521,0,不分班,"鋼琴文獻（一）
PIANO LITERATURE (I)",2,期,False,50,0,0,50,林雅叙,"四3,4(文FA 5008)","['', '', '', '34', '', '', '']",《講授類》,[],False
https://selcrs.nsysu.edu.tw/menu5/showoutline.asp?SYEAR=114&SEM=2&CrsDat=MUSI537&Crsname=弦樂二（大提琴）,,,False,音樂碩,MUSI537,0,不分班,"弦樂二（大提琴）
STRINGS II (CELLO)",2,期,False,50,0,0,50,"張毅心,曾加宜","六1,2()","['', '', '', '', '', '12', '']","《音樂類》
限音樂系學生修課",[],False
https://selcrs.nsysu.edu.tw/menu5/showoutline.asp?SYEAR=114&SEM=2&CrsDat=MUSI538&Crsname=弦樂二（中、小提琴）,,,False,音樂碩,MUSI538,0,不分班,"弦樂二（中、小提琴）
STRINGS II (VIOLA & VIOLIN)",2,期,False,50,0,0,50,陳鈺雯,"六1,2()","['', '', '', '', '', '12', '']","《音樂類》
限音樂系學生修課",[],False
https://selcrs.nsysu.edu.tw/menu5/showoutline.asp?SYEAR=114&SEM=2&CrsDat=MUSI550&Crsname=管樂二（長笛）,,,False,音樂碩,MUSI550,0,不分班,"管樂二（長笛）
WOODWIND II (FLUTE)",2,期,False,50,0,0,50,林鴻君,"六1,2()","['', '', '', '', '', '12', '']","《音樂類》
限音樂系學生修課",[],False
https://selcrs.nsysu.edu.tw/menu5/showoutline.asp?SYEAR=114&SEM=2&CrsDat=MUSI554&Crsname=管樂文獻（二）,,,False,音樂碩,MUSI554,0,不分班,"管樂文獻（二）
THE LITERA TURE OF WIND INSTRUMENTS(II)",2,期,False,50,0,0,50,張瑞芝,"三6,7(文FA 5008)","['', '', '67', '', '', '', '']",《講授類》,[],False
https://selcrs.nsysu.edu.tw/menu5/showoutline.asp?SYEAR=114&SEM=2&CrsDat=MUSI562&Crsname=聲樂教學,,,False,音樂碩,MUSI562,0,不分班,"聲樂教學
VOCAL PEDAGOGY",2,期,False,50,0,0,50,黃子珊,"四5,6(文FA 6011)","['', '', '', '56', '', '', '']",《講授類》,[],False
https://selcrs.nsysu.edu.tw/menu5/showoutline.asp?SYEAR=114&SEM=2&CrsDat=MUSI565&Crsname=擊樂（二）,,,False,音樂碩,MUSI565,0,不分班,"擊樂（二）
PERCUSSION(II)",2,期,False,50,0,0,50,鄭雅心,"六1,2()","['', '', '', '', '', '12', '']","《音樂類》
限音樂系學生修課",[],False
https://selcrs.nsysu.edu.tw/menu5/showoutline.asp?SYEAR=114&SEM=2&CrsDat=MUSI590&Crsname=作曲（二）,,,False,音樂碩,MUSI590,0,不分班,"作曲（二）
COMPOSITION(II)",2,期,False,50,0,0,50,李思嫺,"六1,2()","['', '', '', '', '', '12', '']","《音樂類》
限音樂系學生修課",[],False
https://selcrs.nsysu.edu.tw/menu5/showoutline.asp?SYEAR=114&SEM=2&CrsDat=MUSI592&Crsname=進階樂曲分析,,,False,音樂碩,MUSI592,0,不分班,"進階樂曲分析
ADVANCED MUSICAL ANALYSIS",2,期,False,50,0,0,50,游詠晴,"二3,4(文FA 6011)","['', '34', '', '', '', '', '']",《講授類》,[],False
https://selcrs.nsysu.edu.tw/menu5/showoutline.asp?SYEAR=114&SEM=2&CrsDat=MUSI596&Crsname=音樂學理論與方法,,,False,音樂碩,MUSI596,0,不分班,"音樂學理論與方法
INTRODUCTION TO MUSICOLOGY",3,期,False,50,0,0,50,郭瓊嬌,"二2,3,4(文FA 6011-1)","['', '234', '', '', '', '', '']",《講授類》,[],False
https://selcrs.nsysu.edu.tw/menu5/showoutline.asp?SYEAR=114&SEM=2&CrsDat=MUSI610&Crsname=鍵盤（三）,,,False,音樂碩,MUSI610,0,不分班,"鍵盤（三）
KEYBOARD (III)",2,期,False,50,0,0,50,陳宜蓁,"六1,2()","['', '', '', '', '', '12', '']","《音樂類》
限音樂系學生修課",[],False
https://selcrs.nsysu.edu.tw/menu5/showoutline.asp?SYEAR=114&SEM=2&CrsDat=MUSI611&Crsname=鍵盤（四）,,,False,音樂碩,MUSI611,0,不分班,"鍵盤（四）
KEYBOARD(IV)",2,期,False,50,0,0,50,林雅叙,"六1,2()","['', '', '', '', '', '12', '']","《音樂類》
限音樂系學生修課",[],False
https://selcrs.nsysu.edu.tw/menu5/showoutline.asp?SYEAR=114&SEM=2&CrsDat=MUSI624&Crsname=弦樂四（中、小提琴）,,,False,音樂碩,MUSI624,0,不分班,"弦樂四（中、小提琴）
STRINGS IV(VIOLA & VIOLIN)",2,期,False,50,0,0,50,"張群,林子平,莊孟勳,葉翹任,陳鈺雯","六1,2()","['', '', '', '', '', '12', '']","《音樂類》
限音樂系學生修課",[],False
https://selcrs.nsysu.edu.tw/menu5/showoutline.asp?SYEAR=114&SEM=2&CrsDat=MUSI626&Crsname=弦樂教學 (二),,,False,音樂碩,MUSI626,0,不分班,"弦樂教學 (二)
STRING PEDAGOGY (II)",2,期,False,50,0,0,50,熊書宜,"一3,4(文FA 6011-1)","['34', '', '', '', '', '', '']",《講授類》,[],False
https://selcrs.nsysu.edu.tw/menu5/showoutline.asp?SYEAR=114&SEM=2&CrsDat=MUSI639&Crsname=管樂四（長笛）,,,False,音樂碩,MUSI639,0,不分班,"管樂四（長笛）
WOODWIND I V(FLUTE)",2,期,False,50,0,0,50,"呂承祐,林鴻君","六1,2()","['', '', '', '', '', '12', '']","《音樂類》
限音樂系學生修課",[],False
https://selcrs.nsysu.edu.tw/menu5/showoutline.asp?SYEAR=114&SEM=2&CrsDat=MUSI650&Crsname=聲樂（三）,,,False,音樂碩,MUSI650,0,不分班,"聲樂（三）
VOICE(III)",2,期,False,50,0,0,50,黃子珊,"六1,2()","['', '', '', '', '', '12', '']","《音樂類》
限音樂系學生修課",[],False
https://selcrs.nsysu.edu.tw/menu5/showoutline.asp?SYEAR=114&SEM=2&CrsDat=MUSI666&Crsname=管弦樂文獻（二）,,,False,音樂碩,MUSI666,0,不分班,"管弦樂文獻（二）
ORCHESTRAL LITERATURE （II）",2,期,False,50,0,0,50,楊智欽,"二6,7(文FA 4030)","['', '67', '', '', '', '', '']",《講授類》,[],False
https://selcrs.nsysu.edu.tw/menu5/showoutline.asp?SYEAR=114&SEM=2&CrsDat=MUSI683&Crsname=序列音樂探討,,,False,音樂碩,MUSI683,0,不分班,"序列音樂探討
DISCUSSIONS ON SERIAL MUSIC",2,期,False,50,0,0,50,陳以軒,"四3,4(文FA 6011)","['', '', '', '34', '', '', '']",《講授類》,[],False
https://selcrs.nsysu.edu.tw/menu5/showoutline.asp?SYEAR=114&SEM=2&CrsDat=MUSI689&Crsname=進階管弦樂法,,,False,音樂碩,MUSI689,0,不分班,"進階管弦樂法
ADVANCED ORCHESTRATION",2,期,False,50,0,0,50,李思嫺,"一3,4(文FA 6011)","['34', '', '', '', '', '', '']",《講授類》,[],False
https://selcrs.nsysu.edu.tw/menu5/showoutline.asp?SYEAR=114&SEM=2&CrsDat=MUSI698&Crsname=音樂學術寫作技巧,,,False,音樂碩,MUSI698,0,不分班,"音樂學術寫作技巧
ACADEMIC WRITING TECHNIQUES FOR MUSIC DISCOURSE",1,期,False,50,0,0,50,林雅叙,三A(),"['', '', 'A', '', '', '', '']","《音樂類》
限音樂系學生修課",[],False
https://selcrs.nsysu.edu.tw/menu5/showoutline.asp?SYEAR=114&SEM=2&CrsDat=PHIL532&Crsname=哲學法文,,,False,哲學碩,PHIL532,0,不分班,"哲學法文
PHILOSOPHICAL FRENCH",3,期,False,50,0,0,50,宋灝,"二8,6,7(文LA 2008)","['', '678', '', '', '', '', '']",《講授類》,[],False
https://selcrs.nsysu.edu.tw/menu5/showoutline.asp?SYEAR=114&SEM=2&CrsDat=PHIL551&Crsname=尼采與當代歐陸思潮,,,False,哲學碩,PHIL551,0,不分班,"尼采與當代歐陸思潮
NIETZSCHE AND CONTEMPORARY EUROPEAN THOUGHTS",3,期,False,50,0,0,50,楊婉儀,"四8,6,7(文LA 2009)","['', '', '', '678', '', '', '']",《講授類》,[],False
https://selcrs.nsysu.edu.tw/menu5/showoutline.asp?SYEAR=114&SEM=2&CrsDat=PHIL560&Crsname=馬克思到後馬克思主義,,,False,哲學碩,PHIL560,0,不分班,"馬克思到後馬克思主義
FROM MARXISM TO POST-MARXISM",3,期,False,50,0,0,50,洪世謙,"三5,6,7(文LA 2009)","['', '', '567', '', '', '', '']",《講授類》,[],False
https://selcrs.nsysu.edu.tw/menu5/showoutline.asp?SYEAR=114&SEM=2&CrsDat=PHIL578&Crsname=胡塞爾：《笛卡兒式的沉思》,,,False,哲學碩,PHIL578,0,不分班,"胡塞爾：《笛卡兒式的沉思》
HUSSERL: CARTESIAN MEDITATIONS",3,期,False,50,0,0,50,游淙祺,"三2,3,4(文LA 7001)","['', '', '234', '', '', '', '']",《講授類》,[],False
https://selcrs.nsysu.edu.tw/menu5/showoutline.asp?SYEAR=114&SEM=2&CrsDat=PHIL579&Crsname=漢娜·鄂蘭與現象學,,,False,哲學碩,PHIL579,0,不分班,"漢娜·鄂蘭與現象學
HANNAH ARENDT AND PHENOMENOLOGY",3,期,False,50,0,0,50,戴遠雄,"一5,6,7(文LA 2009)","['567', '', '', '', '', '', '']",《講授類》,[],False
https://selcrs.nsysu.edu.tw/menu5/showoutline.asp?SYEAR=114&SEM=2&CrsDat=PHIL601&Crsname=當代德語哲學與美學專題,,,False,哲學碩,PHIL601,0,不分班,"當代德語哲學與美學專題
INDEPENDENT STUDIES IN CONTEMPORARY GERMAN PHILOSOPHY AND AESTHETICS",2,期,False,50,0,0,50,宋灝,"三3,4(文LA 2008)","['', '', '34', '', '', '', '']","《獨立研究》
限哲學所學生",[],False
https://selcrs.nsysu.edu.tw/menu5/showoutline.asp?SYEAR=114&SEM=2&CrsDat=PHIL602&Crsname=當代法語哲學與美學專題,,,False,哲學碩,PHIL602,0,不分班,"當代法語哲學與美學專題
INDEPENDENT STUDIES IN CONTEMPORARY FRENCH PHILOSOPHY AND AESTHETICS",2,期,False,50,0,0,50,楊婉儀,"三1,2(文LA 2008)","['', '', '12', '', '', '', '']","《獨立研究》
限哲學所學生",[],False
https://selcrs.nsysu.edu.tw/menu5/showoutline.asp?SYEAR=114&SEM=2&CrsDat=PHIL605&Crsname=解構的世界圖像與實踐專題,,,False,哲學碩,PHIL605,0,不分班,"解構的世界圖像與實踐專題
INDEPENDENT STUDIES IN DECONSTRUCTION OF WORLD IMAGE AND PRAXIS",2,期,False,50,0,0,50,洪世謙,"二3,4(文LA 2008)","['', '34', '', '', '', '', '']","《獨立研究》
限哲學所學生",[],False
https://selcrs.nsysu.edu.tw/menu5/showoutline.asp?SYEAR=114&SEM=2&CrsDat=PHIL608&Crsname=歐洲哲學與社會政治批判專題,,,False,哲學碩,PHIL608,0,不分班,"歐洲哲學與社會政治批判專題
INDEPENDENT STUDIES IN EUROPEAN PHILOSOPHY AND SOCIO-POLITICAL CRITIQUE",2,期,False,50,0,0,50,戴遠雄,"一3,4(文LA 7001)","['34', '', '', '', '', '', '']","《獨立研究》
限哲學所學生",[],False
https://selcrs.nsysu.edu.tw/menu5/showoutline.asp?SYEAR=114&SEM=2&CrsDat=PHIL609&Crsname=結構主義、解構與其當代遺產專題,,,False,哲學碩,PHIL609,0,不分班,"結構主義、解構與其當代遺產專題
INDEPENDENT STUDIES IN STRUCTURALISM, DECONSTRUCTION AND THEIR CONTEMPORARY LEGACIES",2,期,False,50,0,0,50,高長空,"一3,4(文LA 2008)","['34', '', '', '', '', '', '']","《獨立研究》
限哲學所學生",[],False
https://selcrs.nsysu.edu.tw/menu5/showoutline.asp?SYEAR=114&SEM=2&CrsDat=TA503&Crsname=專業劇場英文,,,False,劇藝碩,TA503,0,不分班,"專業劇場英文
ENGLISH FOR THEATER STUDY",2,期,False,50,0,0,50,蔡詔羽,"三3,4(文FA 2012)","['', '', '34', '', '', '', '']","《講授類》
Introduction to Theater",[],True
https://selcrs.nsysu.edu.tw/menu5/showoutline.asp?SYEAR=114&SEM=2&CrsDat=TA520&Crsname=西方戲劇研究著作選讀,,,False,劇藝碩,TA520,0,不分班,"西方戲劇研究著作選讀
SELECTED READINGS OF WESTERN DRAMA STUDIES",3,期,False,50,0,0,50,許仁豪,"四5,6,7(文FA 2012)","['', '', '', '567', '', '', '']",《講授類》,[],False
https://selcrs.nsysu.edu.tw/menu5/showoutline.asp?SYEAR=114&SEM=2&CrsDat=TA534&Crsname=排演實務（二）,,,False,劇藝碩,TA534,0,不分班,"排演實務（二）
REHEARSAL (II)",3,期,False,50,0,0,50,何怡璉,"四2,3,4(文FA 2012, 1015)","['', '', '', '234', '', '', '']","《展演》
配合教學實踐研究計畫",[],True
https://selcrs.nsysu.edu.tw/menu5/showoutline.asp?SYEAR=114&SEM=2&CrsDat=TA535&Crsname=導演實務（一）,,,False,劇藝碩,TA535,0,不分班,"導演實務（一）
PRACTICAL TRAINING FOR DIRECTING (Ⅰ)",3,期,False,50,0,0,50,楊士平,"二5,6,7(文FA 2012, 2018)","['', '567', '', '', '', '', '']",《展演》,[],False
https://selcrs.nsysu.edu.tw/menu5/showoutline.asp?SYEAR=114&SEM=2&CrsDat=TA557&Crsname=文本與空間敘事,,,False,劇藝碩,TA557,0,不分班,"文本與空間敘事
TEXT AND SPATIAL NARRATION",3,期,False,50,0,0,50,約書亞沙發兒,"三5,6,7(文FA 2012, 1015以及壽山動物園)","['', '', '567', '', '', '', '']","《講授類》
包含移地教學與期末展演於壽山動物園",[],True
https://selcrs.nsysu.edu.tw/menu5/showoutline.asp?SYEAR=114&SEM=2&CrsDat=TA570&Crsname=跨域創作與研究,,,False,劇藝碩,TA570,0,不分班,"跨域創作與研究
INTERDISCIPLINARY PRACTICE AND RESEARCH",3,期,False,50,0,0,50,約書亞沙發兒,"一8,6,7(文FA 2012, 2018)","['678', '', '', '', '', '', '']","《展演》
本系碩士班理論組與創作組必選課程",[],True
https://selcrs.nsysu.edu.tw/menu5/showoutline.asp?SYEAR=114&SEM=2&CrsDat=TA582&Crsname=畢業專題（二）,,,True,劇藝碩,TA582,2,不分班,"畢業專題（二）
INDEPENDENT STUDIES(II)",2,期,True,50,0,0,50,"何怡璉,吳怡瑱,康尹貞,杜思慧,許仁豪","一1,B(文FA 2012)","['1B', '', '', '', '', '', '']","《獨立研究》
碩二以上，畢業論文或創作指導",[],False
https://selcrs.nsysu.edu.tw/menu5/showoutline.asp?SYEAR=114&SEM=2&CrsDat=AME501&Crsname=研究方法,,,False,藝管創業所,AME501,1,不分班,"研究方法
RESEARCH METHODS",3,期,True,50,0,0,50,陳尚盈,"二2,3,4(文FA 3011)","['', '234', '', '', '', '', '']","《講授類》
本所預計4-5月間全所至外縣市移地教學1-2週,學生須自行負擔交通及食宿費,詳細課程安排以藝管所公告為準。",[],False
https://selcrs.nsysu.edu.tw/menu5/showoutline.asp?SYEAR=114&SEM=2&CrsDat=AME532&Crsname=藝術經濟學,,,False,藝管創業所,AME532,0,不分班,"藝術經濟學
THE ECONOMICS OF ARTS",3,期,False,50,0,0,50,張正霖,"四2,3,4(文FA 3011)","['', '', '', '234', '', '', '']","《講授類》
本所預計4-5月間全所至外縣市移地教學1-2週,學生須自行負擔交通及食宿費,詳細課程安排以藝管所公告為準。",[],False
https://selcrs.nsysu.edu.tw/menu5/showoutline.asp?SYEAR=114&SEM=2&CrsDat=AME538&Crsname=藝文創業,,,False,藝管創業所,AME538,0,不分班,"藝文創業
ARTS AND CULTURE ENTREPRENEURSHIP",3,期,False,50,0,0,50,謝榮峯,"三2,3,4(文FA 3011)","['', '', '234', '', '', '', '']","《講授類》
本所預計4-5月間全所至外縣市移地教學1-2週,學生須自行負擔交通及食宿費,詳細課程安排以藝管所公告為準。",[],False
https://selcrs.nsysu.edu.tw/menu5/showoutline.asp?SYEAR=114&SEM=2&CrsDat=AME542&Crsname=國際文化交流,,,False,藝管創業所,AME542,0,不分班,"國際文化交流
INTERNATIONAL CULTURAL RELATIONS: POLICY MAKING AND PRACTICE",3,期,False,50,0,0,50,魏君穎,"三5,6,7(文FA 3011)","['', '', '567', '', '', '', '']","《講授類》
本所預計4-5月間全所至外縣市移地教學1-2週,學生須自行負擔交通及食宿費,詳細課程安排以藝管所公告為準。",[],False
https://selcrs.nsysu.edu.tw/menu5/showoutline.asp?SYEAR=114&SEM=2&CrsDat=AME543&Crsname=藝術策展實務,,,False,藝管創業所,AME543,0,不分班,"藝術策展實務
CURATING PRACTICES",3,期,False,50,0,0,50,張正霖,"二5,6,7(文FA 3011)","['', '567', '', '', '', '', '']","《講授類》
本所預計4-5月間全所至外縣市移地教學1-2週,學生須自行負擔交通及食宿費,詳細課程安排以藝管所公告為準。",[],False
https://selcrs.nsysu.edu.tw/menu5/showoutline.asp?SYEAR=114&SEM=2&CrsDat=AME550&Crsname=專題研究（二）,,,False,藝管創業所,AME550,2,不分班,"專題研究（二）
INDEPENDENT STUDIES（II）",3,期,False,50,0,0,50,陳尚盈,"五2,3,4(文FA 3011)","['', '', '', '', '234', '', '']","《獨立研究》
限藝管所二年級以上選修",[],False
https://selcrs.nsysu.edu.tw/menu5/showoutline.asp?SYEAR=114&SEM=2&CrsDat=AME550A&Crsname=專題研究（二）,,,False,藝管創業所,AME550A,2,不分班,"專題研究（二）
INDEPENDENT STUDIES（II）",3,期,False,50,0,0,50,謝榮峯,"五2,3,4(文FA 3011)","['', '', '', '', '234', '', '']","《獨立研究》
限藝管所二年級以上選修",[],False
https://selcrs.nsysu.edu.tw/menu5/showoutline.asp?SYEAR=114&SEM=2&CrsDat=AME550B&Crsname=專題研究（二）,,,False,藝管創業所,AME550B,2,不分班,"專題研究（二）
INDEPENDENT STUDIES（II）",3,期,False,50,0,0,50,魏君穎,"五2,3,4(文FA 3011)","['', '', '', '', '234', '', '']","《獨立研究》
限藝管所二年級以上選修",[],False
https://selcrs.nsysu.edu.tw/menu5/showoutline.asp?SYEAR=114&SEM=2&CrsDat=AME550C&Crsname=專題研究（二）,,,False,藝管創業所,AME550C,2,不分班,"專題研究（二）
INDEPENDENT STUDIES（II）",3,期,False,50,0,0,50,張正霖,"五2,3,4(文FA 3011)","['', '', '', '', '234', '', '']","《獨立研究》
限藝管所二年級以上選修",[],False
https://selcrs.nsysu.edu.tw/menu5/showoutline.asp?SYEAR=114&SEM=2&CrsDat=AME553&Crsname=藝術行銷,,,False,藝管創業所,AME553,0,不分班,"藝術行銷
MARKETING IN THE ARTS",3,期,False,50,0,0,50,魏君穎,"四5,6,7(文FA 3011)","['', '', '', '567', '', '', '']","《講授類》
本所預計4-5月間全所至外縣市移地教學1-2週,學生須自行負擔交通及食宿費,詳細課程安排以藝管所公告為準。",[],False
https://selcrs.nsysu.edu.tw/menu5/showoutline.asp?SYEAR=114&SEM=2&CrsDat=AME562&Crsname=藝文個案與組織專題（一）,,,False,藝管創業所,AME562,1,不分班,"藝文個案與組織專題（一）
INDEPENDENT STUDIES IN CREATIVE ENTERPRISES
（一）",2,期,True,50,0,0,50,"張正霖,陳尚盈","五5,6(文FA 3011)","['', '', '', '', '56', '', '']","《獨立研究》
限藝管所選修",[],False
https://selcrs.nsysu.edu.tw/menu5/showoutline.asp?SYEAR=114&SEM=2&CrsDat=AME563&Crsname=藝文個案與組織專題（二）,,,False,藝管創業所,AME563,2,不分班,"藝文個案與組織專題（二）
INDEPENDENT STUDIES IN CREATIVE ENTERPRISES
（二）",1,期,True,50,0,0,50,"張正霖,陳尚盈",五7(文FA 3011),"['', '', '', '', '7', '', '']","《獨立研究》
限藝管所二年級以上選修",[],False
https://selcrs.nsysu.edu.tw/menu5/showoutline.asp?SYEAR=114&SEM=2&CrsDat=BIOS502&Crsname=生態研究方法,,,True,生科碩,BIOS502,1,不分班,"生態研究方法
STUDIES IN ECOLOGICAL METHODOLOGY",3,期,True,50,0,0,50,"劉世慧,張楊家豪,黃淑萍","四2,3,4(理BI 3001)","['', '', '', '234', '', '', '']","《講授類》
1.甲組必修 2.與博一併班上課。",[],False
https://selcrs.nsysu.edu.tw/menu5/showoutline.asp?SYEAR=114&SEM=2&CrsDat=BIOS502A&Crsname=生態研究方法,,,True,生科碩,BIOS502A,1,不分班,"生態研究方法
STUDIES IN ECOLOGICAL METHODOLOGY",3,期,True,50,0,0,50,"夏燦風,黃淑萍","五5,6,7(理BI 3001)","['', '', '', '', '567', '', '']","《講授類》
1.甲組必修 2.與博一併班上課。",[],True
https://selcrs.nsysu.edu.tw/menu5/showoutline.asp?SYEAR=114&SEM=2&CrsDat=BIOS511&Crsname=分子與細胞生物學書報討論（二）,,,True,生科碩,BIOS511,1,不分班,"分子與細胞生物學書報討論（二）
MOLECULAR AND CELL BIOLOGY SEMINAR (II)",1,期,True,50,0,0,50,傅瀚儀,四9(理BI 6005),"['', '', '', '9', '', '', '']","《演講/參訪》
出席學術演講報告於學期考試週之前完成繳交",[],False
https://selcrs.nsysu.edu.tw/menu5/showoutline.asp?SYEAR=114&SEM=2&CrsDat=BIOS515&Crsname=生物多樣性書報討論（二）,,,True,生科碩,BIOS515,1,不分班,"生物多樣性書報討論（二）
BIODIVERSITY SEMINAR(II)",1,期,True,50,0,0,50,"夏燦風,張楊家豪",四9(理BI 6005),"['', '', '', '9', '', '', '']","《演講/參訪》
出席學術演講報告於學期考試週之前完成繳交",[],False
https://selcrs.nsysu.edu.tw/menu5/showoutline.asp?SYEAR=114&SEM=2&CrsDat=BIOS516&Crsname=現代分子與細胞生物學專題寫作,,,True,生科碩,BIOS516,1,不分班,"現代分子與細胞生物學專題寫作
SPECIAL TOPICS IN MODERN MOLECULAR AND CELL BIOLOGY WRITING",1,期,True,50,0,0,50,"高資棟,黃明德",四1(理BI 6005),"['', '', '', '1', '', '', '']","《講授類》
乙組必修",[],False
https://selcrs.nsysu.edu.tw/menu5/showoutline.asp?SYEAR=114&SEM=2&CrsDat=BIOS518&Crsname=現代環境生物專題寫作,,,True,生科碩,BIOS518,1,不分班,"現代環境生物專題寫作
SPECIAL TOPICS IN MODERN ENVIRONMENTAL BIOLOGY WRITING",1,期,True,50,0,0,50,"張楊家豪,顏聖紘",四1(理BI 3001),"['', '', '', '1', '', '', '']","《講授類》
甲組必修",[],False
https://selcrs.nsysu.edu.tw/menu5/showoutline.asp?SYEAR=114&SEM=2&CrsDat=BIOS523&Crsname=生物質譜學導論,,,False,生科碩,BIOS523,1,不分班,"生物質譜學導論
INTRODUCTION TO BIOLOGICAL MASS SPECTROMETRY",3,期,False,50,0,0,50,汪海晏,"四5,6,7(理BI 3001)","['', '', '', '567', '', '', '']",《講授類》,[],False
https://selcrs.nsysu.edu.tw/menu5/showoutline.asp?SYEAR=114&SEM=2&CrsDat=BIOS527&Crsname=現代生物醫學新知,,,False,生科碩,BIOS527,1,不分班,"現代生物醫學新知
TRENDS IN CONTEMPORARY BIOMEDICAL SCIENCES",1,期,False,50,0,0,50,康宏佑,三7(理BI 3001),"['', '', '7', '', '', '', '']",《講授類》,[],False
https://selcrs.nsysu.edu.tw/menu5/showoutline.asp?SYEAR=114&SEM=2&CrsDat=BIOS539&Crsname=分子病毒學,,,False,生科碩,BIOS539,1,不分班,"分子病毒學
MOLECULAR VIROLOGY",3,期,False,50,0,0,50,李哲欣,"五2,3,4(理BI 3001)","['', '', '', '', '234', '', '']","《講授類》
限生科系",[],False
https://selcrs.nsysu.edu.tw/menu5/showoutline.asp?SYEAR=114&SEM=2&CrsDat=BIOS544&Crsname=細胞動力學,,,False,生科碩,BIOS544,1,不分班,"細胞動力學
CELL DYNAMICS",3,期,False,50,0,0,50,陳俊霖,"六9,C,D(理BI 3001)","['', '', '', '', '', '9CD', '']","《講授類》
限生科系",[],False
https://selcrs.nsysu.edu.tw/menu5/showoutline.asp?SYEAR=114&SEM=2&CrsDat=BIOS550&Crsname=基因調控議題研討（二）,,,False,生科碩,BIOS550,1,不分班,"基因調控議題研討（二）
SPECIAL TOPICS IN GENE REGULATION（II）",3,期,False,50,0,0,50,吳長益,三A(理SC 3009) 四A(理SC 3009) 五A(理SC 3009),"['', '', 'A', 'A', 'A', '', '']",《研討類》,[],True
https://selcrs.nsysu.edu.tw/menu5/showoutline.asp?SYEAR=114&SEM=2&CrsDat=BIOS552&Crsname=細胞膜訊息傳導專題研究（二）,,,False,生科碩,BIOS552,1,不分班,"細胞膜訊息傳導專題研究（二）
INDEPENDENT STUDIES IN MEMBRANE BIOLOGY & SIGNAL TRANSDUCTION（II）",3,期,False,50,0,0,50,陳俊霖,三A(理SC 3019) 四A(理SC 3019) 五A(理SC 3019),"['', '', 'A', 'A', 'A', '', '']",《獨立研究》,[],True
https://selcrs.nsysu.edu.tw/menu5/showoutline.asp?SYEAR=114&SEM=2&CrsDat=BIOS554&Crsname=脊髓損傷醫學議題研討（二）,,,False,生科碩,BIOS554,1,不分班,"脊髓損傷醫學議題研討（二）
SPECIAL TOPICS IN SPINAL CORD INJURY MEDICINE (II)",3,期,False,50,0,0,50,李昆澤,三A(理SC 1014) 四A(理SC 1014) 五A(理SC 1014),"['', '', 'A', 'A', 'A', '', '']",《研討類》,[],False
https://selcrs.nsysu.edu.tw/menu5/showoutline.asp?SYEAR=114&SEM=2&CrsDat=BIOS576&Crsname=科學論文寫作與發表,,,False,生科碩,BIOS576,1,不分班,"科學論文寫作與發表
WRITING AND PUBLISHING OF SCIENTIFIC PAPERS",3,期,False,50,0,0,50,費卡契,"二2,3,4(理BI 6005)","['', '234', '', '', '', '', '']",《講授類》,[],True
https://selcrs.nsysu.edu.tw/menu5/showoutline.asp?SYEAR=114&SEM=2&CrsDat=BIOS578&Crsname=兩棲爬蟲學獨立研究,,,False,生科碩,BIOS578,1,不分班,"兩棲爬蟲學獨立研究
INDEPENDENT STUDIES IN HERPETOLOGY",3,期,False,50,0,0,50,黃淑萍,"五2,3,4(理SC 3010)","['', '', '', '', '234', '', '']",《獨立研究》,[],False
https://selcrs.nsysu.edu.tw/menu5/showoutline.asp?SYEAR=114&SEM=2&CrsDat=BIOS586&Crsname=分子演化專題(二),,,False,生科碩,BIOS586,1,不分班,"分子演化專題(二)
INDEPENDENT STUDIES IN MOLECULAR EVOLUTION(II)",3,期,False,50,0,0,50,江友中,"二1,5,6(理SC 3010)","['', '156', '', '', '', '', '']",《獨立研究》,[],True
https://selcrs.nsysu.edu.tw/menu5/showoutline.asp?SYEAR=114&SEM=2&CrsDat=BIOS650&Crsname=分子生物學研究法（一）,,,False,生科碩,BIOS650,1,不分班,"分子生物學研究法（一）
METHODOLOGY FOR MOLECULAR BIOLOGY RESEARCH (I)",3,期,False,50,0,0,50,黃明德,一1(理SC 3009) 二1(理SC 3009) 三1(理SC 3009),"['1', '1', '1', '', '', '', '']",《研討類》,[],False
https://selcrs.nsysu.edu.tw/menu5/showoutline.asp?SYEAR=114&SEM=2&CrsDat=BIOS653&Crsname=細菌生理學專題研究,,,False,生科碩,BIOS653,1,不分班,"細菌生理學專題研究
INDEPENDENT STUDIES IN BACTERIAL PHYSIOLOGY",3,期,False,50,0,0,50,李哲欣,一1(理SC 3008) 二1(理SC 3008) 三1(理SC 3008),"['1', '1', '1', '', '', '', '']",《獨立研究》,[],False
https://selcrs.nsysu.edu.tw/menu5/showoutline.asp?SYEAR=114&SEM=2&CrsDat=BIOS666&Crsname=親緣基因體學,,,False,生科碩,BIOS666,1,不分班,"親緣基因體學
PHYLOGENOMICS",2,期,False,50,0,0,50,劉世慧,"二C,D(理BI 3001)","['', 'CD', '', '', '', '', '']",《講授類》,[],True
https://selcrs.nsysu.edu.tw/menu5/showoutline.asp?SYEAR=114&SEM=2&CrsDat=BIOS667&Crsname=統計生態學與R,,,False,生科碩,BIOS667,1,不分班,"統計生態學與R
COMPUTER INTENSIVE STATISTICS IN ECOLOGY WITH R",3,期,False,50,0,0,50,張楊家豪,"二8,6,7(理BI 3001)","['', '678', '', '', '', '', '']",《講授類》,[],False
https://selcrs.nsysu.edu.tw/menu5/showoutline.asp?SYEAR=114&SEM=2&CrsDat=BIOS668&Crsname=生物地理學概論,,,False,生科碩,BIOS668,1,不分班,"生物地理學概論
INTRODUCTION TO BIOGEOGRAPHY",3,期,False,50,0,0,50,費卡契,"三2,3,4(理BI 6005)","['', '', '234', '', '', '', '']",《講授類》,[],True
https://selcrs.nsysu.edu.tw/menu5/showoutline.asp?SYEAR=114&SEM=2&CrsDat=BIOS683&Crsname=功能生態學獨立研究,,,False,生科碩,BIOS683,1,不分班,"功能生態學獨立研究
INDEPENDENT STUDIES IN FUNCTIONAL ECOLOGY",3,期,False,50,0,0,50,夏燦風,一A(理SC 3010) 二A(理SC 3010) 三A(理SC 3010),"['A', 'A', 'A', '', '', '', '']",《獨立研究》,[],True
https://selcrs.nsysu.edu.tw/menu5/showoutline.asp?SYEAR=114&SEM=2&CrsDat=MAEV546&Crsname=港灣工程案例探討與改進,,,False,海工碩,MAEV546,1,不分班,"港灣工程案例探討與改進
HARBOR ENGINEERING CASE STUDY& IMPROVEMENT",2,期,False,50,0,0,50,陳吉紀,"三2,3(海ME 2007)","['', '', '23', '', '', '', '']",《講授類》,[],False
https://selcrs.nsysu.edu.tw/menu5/showoutline.asp?SYEAR=114&SEM=2&CrsDat=MAEV557&Crsname=廢水生物處理方法,,,False,海工碩,MAEV557,1,不分班,"廢水生物處理方法
BIOLOGICAL TREATMENT FOR WASTEWATER",3,期,False,50,0,0,50,卓宴琳,"三5,6,7(海ME 3005)","['', '', '567', '', '', '', '']",《講授類》,[],True
https://selcrs.nsysu.edu.tw/menu5/showoutline.asp?SYEAR=114&SEM=2&CrsDat=MAEV562&Crsname=高等環境系統分析（二）,,,False,海工碩,MAEV562,1,不分班,"高等環境系統分析（二）
ADVANCED ENVIRONMENTAL SYSTEM ANALYSIS (II)",3,期,False,50,0,0,50,張揚祺,"二2,3,4(海ME 2001)","['', '234', '', '', '', '', '']",《講授類》,[],False
https://selcrs.nsysu.edu.tw/menu5/showoutline.asp?SYEAR=114&SEM=2&CrsDat=MAEV570&Crsname=近岸水動力模擬專題研究,,,False,海工碩,MAEV570,1,不分班,"近岸水動力模擬專題研究
INDEPENDENT STUDIES IN SIMULATION OF NEARSHORE HYDRODYNAMICS",2,期,False,50,0,0,50,曾以帆,"五A,1()","['', '', '', '', 'A1', '', '']",《獨立研究》,[],False
https://selcrs.nsysu.edu.tw/menu5/showoutline.asp?SYEAR=114&SEM=2&CrsDat=MAEV571&Crsname=海洋工程地球物理探測,,,False,海工碩,MAEV571,1,不分班,"海洋工程地球物理探測
MARINE  ENGINEERING  GEOPHYSICS",3,期,False,50,0,0,50,林俊宏,"三5,6,7(海ME 2005)","['', '', '567', '', '', '', '']",《講授類》,[],False
https://selcrs.nsysu.edu.tw/menu5/showoutline.asp?SYEAR=114&SEM=2&CrsDat=MAEV572&Crsname=海洋流體力學,,,False,海工碩,MAEV572,1,不分班,"海洋流體力學
OCEAN FLUID MECHANICS",3,期,False,50,0,0,50,歐雅森,"一8,6,7(海ME 2002)","['678', '', '', '', '', '', '']",《講授類》,[],True
https://selcrs.nsysu.edu.tw/menu5/showoutline.asp?SYEAR=114&SEM=2&CrsDat=MAEV576&Crsname=高等水工模型試驗,,,False,海工碩,MAEV576,1,不分班,"高等水工模型試驗
ADVANCED PHYSICAL MODELING IN HYDRAULIC AND OCEAN ENGINEERING",3,期,False,50,0,0,50,曾以帆,"二3,4,B(海ME 3005)","['', '34B', '', '', '', '', '']",《講授類》,[],False
https://selcrs.nsysu.edu.tw/menu5/showoutline.asp?SYEAR=114&SEM=2&CrsDat=MAEV593&Crsname=海域調查與量測,,,False,海工碩,MAEV593,1,不分班,"海域調查與量測
OFFSHORE SITE INVESTIGATION AND MEASUREMENT",3,期,False,50,0,0,50,曾以帆,"五3,4,B(海ME 2007)","['', '', '', '', '34B', '', '']",《講授類》,[],False
https://selcrs.nsysu.edu.tw/menu5/showoutline.asp?SYEAR=114&SEM=2&CrsDat=MAEV596&Crsname=海事工程風險分析及管理,,,False,海工碩,MAEV596,1,不分班,"海事工程風險分析及管理
RISK ANALYSIS AND MANAGEMENT FOR OFFSHORE ENGINEERING",3,期,False,50,0,0,50,柯宗廷,"五2,3,4(海ME 2001)","['', '', '', '', '234', '', '']",《講授類》,[],False
https://selcrs.nsysu.edu.tw/menu5/showoutline.asp?SYEAR=114&SEM=2&CrsDat=MAEV602&Crsname=海洋環境書報討論（四）,,,False,海工碩,MAEV602,2,不分班,"海洋環境書報討論（四）
SEMINAR IN MARINE ENVIRONMENT (IV)",2,期,False,50,0,0,50,張揚祺,"四6,7()","['', '', '', '67', '', '', '']",《演講/參訪》,[],False
https://selcrs.nsysu.edu.tw/menu5/showoutline.asp?SYEAR=114&SEM=2&CrsDat=MAEV628&Crsname=紊流學,,,False,海工碩,MAEV628,1,不分班,"紊流學
TURBULENCE",3,期,False,50,0,0,50,歐雅森,"二8,6,7(海ME 2002)","['', '678', '', '', '', '', '']",《講授類》,[],True
https://selcrs.nsysu.edu.tw/menu5/showoutline.asp?SYEAR=114&SEM=2&CrsDat=MAEV634&Crsname=波與孔隙物作用專研（二）,,,False,海工碩,MAEV634,2,不分班,"波與孔隙物作用專研（二）
IND. ST. IN WAVE-POROUS STRUCTURE INTERACTION (II)",2,期,False,50,0,0,50,許弘莒,"一A,1()","['A1', '', '', '', '', '', '']",《獨立研究》,[],False
https://selcrs.nsysu.edu.tw/menu5/showoutline.asp?SYEAR=114&SEM=2&CrsDat=MAEV661&Crsname=類神經網路,,,False,海工碩,MAEV661,1,不分班,"類神經網路
ARTIFICIAL NEURAL NETWORKS",3,期,False,50,0,0,50,鍾秉宸,"二5,6,7(海ME 3005)","['', '567', '', '', '', '', '']",《講授類》,[],True
https://selcrs.nsysu.edu.tw/menu5/showoutline.asp?SYEAR=114&SEM=2&CrsDat=MAEV663&Crsname=機器學習於海洋環境管理之應用,,,False,海工碩,MAEV663,1,不分班,"機器學習於海洋環境管理之應用
APPLIED MACHINE LEARNING FOR MARINE ENVIRONMENTAL MANAGEMENT",3,期,False,50,0,0,50,夏沛亞,"五2,3,4(海ME 2002)","['', '', '', '', '234', '', '']",《講授類》,[],True
https://selcrs.nsysu.edu.tw/menu5/showoutline.asp?SYEAR=114&SEM=2&CrsDat=MAEV676&Crsname=環境系統分析專題研究,,,False,海工碩,MAEV676,2,不分班,"環境系統分析專題研究
INDEPENDENT STUDIES IN ENVIRONMENTAL SYSTEM ANALYSIS",2,期,False,50,0,0,50,張揚祺,"二A,1()","['', 'A1', '', '', '', '', '']",《獨立研究》,[],False
https://selcrs.nsysu.edu.tw/menu5/showoutline.asp?SYEAR=114&SEM=2&CrsDat=MAEV677&Crsname=海洋環境管理專題研究,,,False,海工碩,MAEV677,1,不分班,"海洋環境管理專題研究
INDEPENDENT STUDIES IN MARINE ENVIRONMENTAL MANAGEMENT",2,期,False,50,0,0,50,陸曉筠,"一A,1()","['A1', '', '', '', '', '', '']",《獨立研究》,[],False
https://selcrs.nsysu.edu.tw/menu5/showoutline.asp?SYEAR=114&SEM=2&CrsDat=MA501&Crsname=專題討論,,,False,海事碩,MA501,1,不分班,"專題討論
SEMINAR",1,期,True,50,0,0,50,劉子銘,"二3,4(海MA 2034)","['', '34', '', '', '', '', '']",《研討類》,[],False
https://selcrs.nsysu.edu.tw/menu5/showoutline.asp?SYEAR=114&SEM=2&CrsDat=MA505&Crsname=社會科學研究方法,,,False,海事碩,MA505,0,不分班,"社會科學研究方法
RESEARCH METHODS IN SOCIAL SCIENCE",3,期,False,50,0,0,50,蔡宏政,"二5,6,7(海MA 2034)","['', '567', '', '', '', '', '']",《講授類》,[],False
https://selcrs.nsysu.edu.tw/menu5/showoutline.asp?SYEAR=114&SEM=2&CrsDat=MA506&Crsname=論文研究,,,False,海事碩,MA506,2,不分班,"論文研究
THESIS RESEARCH",2,期,True,50,0,0,50,"張懿,高世明","五A,1(各教師研究室)","['', '', '', '', 'A1', '', '']",《獨立研究》,[],False
https://selcrs.nsysu.edu.tw/menu5/showoutline.asp?SYEAR=114&SEM=2&CrsDat=MA583&Crsname=海洋法,,,False,海事碩,MA583,0,不分班,"海洋法
LAW OF THE SEA",3,期,False,50,0,0,50,高世明,"五D,E,F(海MA 2034)","['', '', '', '', 'DEF', '', '']",《講授類》,[],True
https://selcrs.nsysu.edu.tw/menu5/showoutline.asp?SYEAR=114&SEM=2&CrsDat=MA584&Crsname=漁業政策,,,False,海事碩,MA584,0,不分班,"漁業政策
FISHERIES POLICY",3,期,False,50,0,0,50,高世明,"五2,3,4(海MA 2034)","['', '', '', '', '234', '', '']",《講授類》,[],False
https://selcrs.nsysu.edu.tw/menu5/showoutline.asp?SYEAR=114&SEM=2&CrsDat=MA585&Crsname=行政法,,,False,海事碩,MA585,0,不分班,"行政法
ADMINISTRATIVE LAW",3,期,False,50,0,0,50,黃明和,"五8,6,7(海MA 2034)","['', '', '', '', '678', '', '']",《講授類》,[],False
https://selcrs.nsysu.edu.tw/menu5/showoutline.asp?SYEAR=114&SEM=2&CrsDat=MA611&Crsname=水下文化遺產保存、保護與管理,,,False,海事碩,MA611,0,不分班,"水下文化遺產保存、保護與管理
PRESERVATION, PROTECTION AND MANAGEMENT OF UNDERWATER CULTURAL HERITAGE",3,期,False,50,0,0,50,吳培福,"四C,D,E(海MA 2034)","['', '', '', 'CDE', '', '', '']",《講授類》,[],False
https://selcrs.nsysu.edu.tw/menu5/showoutline.asp?SYEAR=114&SEM=2&CrsDat=MA615&Crsname=生態資料處理,,,False,海事碩,MA615,0,不分班,"生態資料處理
ECOLOGICAL DATA ANALYSIS",3,期,False,50,0,0,50,林裕䕒,"四2,3,4(海MA 2034)","['', '', '', '234', '', '', '']",《講授類》,[],False
https://selcrs.nsysu.edu.tw/menu5/showoutline.asp?SYEAR=114&SEM=2&CrsDat=MA626&Crsname=原住民傳統知識與海洋生物多樣性保育,,,False,海事碩,MA626,0,不分班,"原住民傳統知識與海洋生物多樣性保育
ISLANDER TRADITIONAL KNOWLEDGE AND MARINE BIODIVERSITY CONSERVATION",3,期,False,50,0,0,50,劉子銘,"二8,9,7(海MA 1020)","['', '789', '', '', '', '', '']",《講授類》,[],False
https://selcrs.nsysu.edu.tw/menu5/showoutline.asp?SYEAR=114&SEM=2&CrsDat=MA628&Crsname=海洋政策與資源之經濟分析,,,False,海事碩,MA628,0,不分班,"海洋政策與資源之經濟分析
ECONOMIC ANALYSIS FOR MARINE POLICY AND NATURAL RESOURCE",3,期,False,50,0,0,50,劉子銘,"二B,5,6(海MA 1020)","['', 'B56', '', '', '', '', '']",《講授類》,[],True
https://selcrs.nsysu.edu.tw/menu5/showoutline.asp?SYEAR=114&SEM=2&CrsDat=MA633&Crsname=整合性海洋與海岸管理（二）：實務面向,,,False,海事碩,MA633,0,不分班,"整合性海洋與海岸管理（二）：實務面向
INTEGRATED OCEAN AND COASTAL MANAGEMENT (Ⅱ): PRACTICAL DIMENSION",3,期,False,50,0,0,50,張懿,"四5,6,7(海MA 2034)","['', '', '', '567', '', '', '']",《講授類》,[],True
https://selcrs.nsysu.edu.tw/menu5/showoutline.asp?SYEAR=114&SEM=2&CrsDat=MA635&Crsname=永續發展,,,False,海事碩,MA635,0,不分班,"永續發展
SUSTAINABLE DEVELOPMENT",3,期,False,50,0,0,50,蔡宏政,"三5,6,7(海MA 2034)","['', '', '567', '', '', '', '']",《講授類》,[],False
https://selcrs.nsysu.edu.tw/menu5/showoutline.asp?SYEAR=114&SEM=2&CrsDat=MA673&Crsname=環境變遷與調適專題研究（二）,,,False,海事碩,MA673,0,不分班,"環境變遷與調適專題研究（二）
INDEPENDENT STUDIES ON ENVIRONMENTAL CHANGE AND ADAPTATION(Ⅱ)",2,期,False,50,0,0,50,劉子銘,"三1,2()","['', '', '12', '', '', '', '']",《獨立研究》,[],False
https://selcrs.nsysu.edu.tw/menu5/showoutline.asp?SYEAR=114&SEM=2&CrsDat=MA675&Crsname=藍色經濟專題研究（二）,,,False,海事碩,MA675,0,不分班,"藍色經濟專題研究（二）
INDEPENDENT STUDIES ON BLUE ECONOMY(Ⅱ)",2,期,False,50,0,0,50,劉子銘,"三3,4()","['', '', '34', '', '', '', '']",《獨立研究》,[],False
https://selcrs.nsysu.edu.tw/menu5/showoutline.asp?SYEAR=114&SEM=2&CrsDat=DO509&Crsname=專題演講（二）,,,False,海科碩,DO509,0,不分班,"專題演講（二）
COLLOQUIUM (II)",1,期,False,50,0,0,50,張詠斌,三6(海MA 3040),"['', '', '6', '', '', '', '']",《演講/參訪》,[],False
https://selcrs.nsysu.edu.tw/menu5/showoutline.asp?SYEAR=114&SEM=2&CrsDat=DO511&Crsname=專題演講（四）,,,False,海科碩,DO511,0,不分班,"專題演講（四）
COLLOQUIUM (IV)",1,期,False,50,0,0,50,待聘,三7(海MA 3040),"['', '', '7', '', '', '', '']",《演講/參訪》,[],False
https://selcrs.nsysu.edu.tw/menu5/showoutline.asp?SYEAR=114&SEM=2&CrsDat=DO517&Crsname=海洋生態學,,,False,海科碩,DO517,0,不分班,"海洋生態學
MARINE ECOLOGY",3,期,False,50,0,0,50,"塗子萱,托星豪","二8,6,7(海MA 3020)","['', '678', '', '', '', '', '']","《講授類》
與MEC510併班上課。",[],False
https://selcrs.nsysu.edu.tw/menu5/showoutline.asp?SYEAR=114&SEM=2&CrsDat=DO539&Crsname=海洋生物生理學,,,False,海科碩,DO539,0,不分班,"海洋生物生理學
PHYSIOLOGY OF MARINE ORGANISMS",3,期,False,50,0,0,50,王志騰,"三2,3,4(海MA 2022)","['', '', '234', '', '', '', '']","《講授類》
與DO315併班上課。",[],False
https://selcrs.nsysu.edu.tw/menu5/showoutline.asp?SYEAR=114&SEM=2&CrsDat=DO552&Crsname=海洋流體力學,,,False,海科碩,DO552,0,不分班,"海洋流體力學
OCEAN FLUID MECHANICS",2,期,False,50,0,0,50,曾若玄,"五3,4(海MA 2042)","['', '', '', '', '34', '', '']","《講授類》
與DO342併班上課。",[],False
https://selcrs.nsysu.edu.tw/menu5/showoutline.asp?SYEAR=114&SEM=2&CrsDat=DO572&Crsname=論文寫作（一）,,,False,海科碩,DO572,0,不分班,"論文寫作（一）
TECHNICAL WRITING（I）",1,期,False,50,0,0,50,雷漢杰,二3(海MA 2009),"['', '3', '', '', '', '', '']","《講授類》
適合海地化組研究生選修。",[],False
https://selcrs.nsysu.edu.tw/menu5/showoutline.asp?SYEAR=114&SEM=2&CrsDat=DO573&Crsname=高等海洋化學,,,False,海科碩,DO573,0,不分班,"高等海洋化學
ADVANCED MARINE CHEMISTRY",3,期,False,50,0,0,50,雷漢杰,"三2,3,4(海MA 3040)","['', '', '234', '', '', '', '']",《講授類》,[],False
https://selcrs.nsysu.edu.tw/menu5/showoutline.asp?SYEAR=114&SEM=2&CrsDat=DO613&Crsname=海水微量分析,,,False,海科碩,DO613,0,不分班,"海水微量分析
TRACE ANALYSIS OF SEAWATER",3,期,False,50,0,0,50,簡國童,"四8,6,7(海MA 2042)","['', '', '', '678', '', '', '']","《講授類》
與DO313併班上課。",[],False
https://selcrs.nsysu.edu.tw/menu5/showoutline.asp?SYEAR=114&SEM=2&CrsDat=DO627&Crsname=高等古海洋學,,,False,海科碩,DO627,0,不分班,"高等古海洋學
ADVANCED PALEOCEANOGRAPHY",3,期,False,50,0,0,50,張詠斌,"五8,6,7(海MA 2009)","['', '', '', '', '678', '', '']",《講授類》,[],True
https://selcrs.nsysu.edu.tw/menu5/showoutline.asp?SYEAR=114&SEM=2&CrsDat=DO664&Crsname=野外實驗方法,,,False,海科碩,DO664,0,不分班,"野外實驗方法
FIELD EXPERIMENTAL APPROACHES",2,期,False,6,0,0,6,塗子萱,"四3,4(海MA 2022)","['', '', '', '34', '', '', '']","《講授類》
限有參與東沙環礁實地訓練者選修。寒假期間在東沙上課，受限機位、空間因素，限修人數為6人",[],False
https://selcrs.nsysu.edu.tw/menu5/showoutline.asp?SYEAR=114&SEM=2&CrsDat=DO666&Crsname=海洋地球化學,,,False,海科碩,DO666,0,不分班,"海洋地球化學
MARINE GEOCHEMISTRY",3,期,False,50,0,0,50,簡國童,"二8,6,7(海MA 2042)","['', '678', '', '', '', '', '']","《講授類》
與DO313併班上課。",[],False
https://selcrs.nsysu.edu.tw/menu5/showoutline.asp?SYEAR=114&SEM=2&CrsDat=DO668&Crsname=海洋生物專題研究（二）,,,True,海科碩,DO668,1,不分班,"海洋生物專題研究（二）
INDEPENDENT STUDIES IN MARINE BIOLOGY（II）",3,期,True,50,0,0,50,"塗子萱,廖德裕,托星豪,熊寶兒,王志騰,陳慶能","二C,D,E()","['', 'CDE', '', '', '', '', '']",《獨立研究》,[],False
https://selcrs.nsysu.edu.tw/menu5/showoutline.asp?SYEAR=114&SEM=2&CrsDat=DO670&Crsname=海洋生物專題研究（四）,,,False,海科碩,DO670,2,不分班,"海洋生物專題研究（四）
INDEPENDENT STUDIES IN MARINE BIOLOGY（IV）",3,期,True,50,0,0,50,,,"['', '', '', '', '', '', '']",《獨立研究》,[],False
https://selcrs.nsysu.edu.tw/menu5/showoutline.asp?SYEAR=114&SEM=2&CrsDat=DO674&Crsname=海洋地質及生地化學專題研究（四）,,,False,海科碩,DO674,0,不分班,"海洋地質及生地化學專題研究（四）
INDEPENDENT STUDIES IN MARINE GEOLOGY AND BIOGEOCHEMISTRY (IV)",3,期,False,50,0,0,50,"張詠斌,林慧玲,林玉詩,簡國童,雷漢杰,黃蔚人","五C,D,E()","['', '', '', '', 'CDE', '', '']",《獨立研究》,[],False
https://selcrs.nsysu.edu.tw/menu5/showoutline.asp?SYEAR=114&SEM=2&CrsDat=DO678&Crsname=物理海洋專題研究（四）,,,False,海科碩,DO678,0,不分班,"物理海洋專題研究（四）
INDEPENDENT STUDIES IN PHYSICAL OCEANOGRAPHY (IV)",3,期,False,50,0,0,50,"方盈智,李逸環","四C,D,E()","['', '', '', 'CDE', '', '', '']",《獨立研究》,[],False
https://selcrs.nsysu.edu.tw/menu5/showoutline.asp?SYEAR=114&SEM=2&CrsDat=DO685&Crsname=海洋生物專題討論（二）,,,True,海科碩,DO685,1,不分班,"海洋生物專題討論（二）
SEMINAR IN MARINE BIOLOGY (II)",1,期,True,50,0,0,50,托星豪,三6(海MA 2009),"['', '', '6', '', '', '', '']",《研討類》,[],True
https://selcrs.nsysu.edu.tw/menu5/showoutline.asp?SYEAR=114&SEM=2&CrsDat=DO687&Crsname=海洋生物專題討論（四）,,,False,海科碩,DO687,0,不分班,"海洋生物專題討論（四）
SEMINAR IN MARINE BIOLOGY (IV)",1,期,False,50,0,0,50,陳慶能,三7(海MA 2009),"['', '', '7', '', '', '', '']",《研討類》,[],True
https://selcrs.nsysu.edu.tw/menu5/showoutline.asp?SYEAR=114&SEM=2&CrsDat=DO690&Crsname=海洋化學與地質數據處理,,,False,海科碩,DO690,0,不分班,"海洋化學與地質數據處理
DATA PROCESSING IN MARINE CHEMISTRY AND GEOLOGY",2,期,False,50,0,0,50,黃蔚人,"一6,7(海MA 3040)","['67', '', '', '', '', '', '']","《講授類》
與DO327併班上課。",[],False
https://selcrs.nsysu.edu.tw/menu5/showoutline.asp?SYEAR=114&SEM=2&CrsDat=DO693&Crsname=物理海洋專題討論（二）,,,False,海科碩,DO693,0,不分班,"物理海洋專題討論（二）
SEMINAR IN PHYSICAL OCEANOGRAPHY (II)",1,期,False,50,0,0,50,方盈智,三6(),"['', '', '6', '', '', '', '']",《研討類》,[],False
https://selcrs.nsysu.edu.tw/menu5/showoutline.asp?SYEAR=114&SEM=2&CrsDat=DO695&Crsname=物理海洋專題討論（四）,,,False,海科碩,DO695,0,不分班,"物理海洋專題討論（四）
SEMINAR IN PHYSICAL OCEANOGRAPHY (IV)",1,期,False,50,0,0,50,李逸環,三7(),"['', '', '7', '', '', '', '']",《研討類》,[],False
https://selcrs.nsysu.edu.tw/menu5/showoutline.asp?SYEAR=114&SEM=2&CrsDat=DO697&Crsname=高等物理海洋學（二）,,,False,海科碩,DO697,0,不分班,"高等物理海洋學（二）
ADVANCED PHYSICAL OCEANOGRAPHY (II)",2,期,False,50,0,0,50,方盈智,"三3,4(海MA 2042)","['', '', '34', '', '', '', '']",《講授類》,[],False
https://selcrs.nsysu.edu.tw/menu5/showoutline.asp?SYEAR=114&SEM=2&CrsDat=DO701&Crsname=進階科學英文,,,False,海科碩,DO701,0,不分班,"進階科學英文
ADVANCED SCIENTIFIC ENGLISH",3,期,False,50,0,0,50,王敬湧,"四2,3,4(海MA 2009)","['', '', '', '234', '', '', '']","《講授類》
與DO405併班上課。",[],True
https://selcrs.nsysu.edu.tw/menu5/showoutline.asp?SYEAR=114&SEM=2&CrsDat=DO715&Crsname=海洋無脊椎生物學,,,False,海科碩,DO715,0,不分班,"海洋無脊椎生物學
MARINE INVERTEBRATE BIOLOGY",3,期,False,50,0,0,50,熊寶兒,"四5,6,7(海MA 2022)","['', '', '', '567', '', '', '']",《講授類》,[],True
https://selcrs.nsysu.edu.tw/menu5/showoutline.asp?SYEAR=114&SEM=2&CrsDat=DO721&Crsname=應用統計學（二）,,,False,海科碩,DO721,0,不分班,"應用統計學（二）
APPLIED STATISTICS (II)",2,期,False,50,0,0,50,托星豪,"一3,4(海MA 2034)","['34', '', '', '', '', '', '']","《講授類》
1. 選修「應用統計學(二)」課程需同時選修「應用統計學實習(二)」課程。 2. 與DO208併班上課。",[],False
https://selcrs.nsysu.edu.tw/menu5/showoutline.asp?SYEAR=114&SEM=2&CrsDat=DO722&Crsname=應用統計學實習（二）,,,False,海科碩,DO722,0,不分班,"應用統計學實習（二）
APPLIED STATISTICS PRACTICE (II)",1,期,False,50,0,0,50,吳淑娟,"一5,6,7(圖IL PC02)(實驗)","['567', '', '', '', '', '', '']","《實習類》
1. 選修「應用統計學(二)」課程需同時選修「應用統計學實習(二)」課程。 2. 與DO209併班上課。",[],False
https://selcrs.nsysu.edu.tw/menu5/showoutline.asp?SYEAR=114&SEM=2&CrsDat=DO724&Crsname=科學倫理導論,,,False,海科碩,DO724,0,不分班,"科學倫理導論
INTRODUCTION TO SCIENCE ETHICS",2,期,False,50,0,0,50,熊寶兒,"五6,7(海MA 2022)","['', '', '', '', '67', '', '']","《講授類》
與DO409併班上課。",[],True
https://selcrs.nsysu.edu.tw/menu5/showoutline.asp?SYEAR=114&SEM=2&CrsDat=UT505&Crsname=海上實習（二）,,,False,海下科技碩,UT505,0,不分班,"海上實習（二）
CRUISE PRACTICE (II)",1,期,False,50,0,0,50,謝孟璋,"五8,9(海MA 2052)(實驗)","['', '', '', '', '89', '', '']","《實習類》
本課程限海下科技研究所碩士班研究生及已取得海下科技研究所五學年學碩士資格之大學部學生選修。",[],False
https://selcrs.nsysu.edu.tw/menu5/showoutline.asp?SYEAR=114&SEM=2&CrsDat=UT527&Crsname=隨機訊號分析,,,False,海下科技碩,UT527,0,不分班,"隨機訊號分析
RANDOM SIGNAL ANALYSIS",3,期,False,50,0,0,50,魏瑞昌,"三5,6,7(海MA 2052)","['', '', '567', '', '', '', '']",《講授類》,[],False
https://selcrs.nsysu.edu.tw/menu5/showoutline.asp?SYEAR=114&SEM=2&CrsDat=UT531&Crsname=海下科技研討（二）,,,False,海下科技碩,UT531,1,不分班,"海下科技研討（二）
SEMINAR IN UNDERSEA TECHNOLOGY (II)",2,期,True,50,0,0,50,周佑誠,"五6,7(海MA 2052)","['', '', '', '', '67', '', '']",《研討類》,[],False
https://selcrs.nsysu.edu.tw/menu5/showoutline.asp?SYEAR=114&SEM=2&CrsDat=UT532&Crsname=工程機率與統計,,,False,海下科技碩,UT532,0,不分班,"工程機率與統計
PROBABILITY AND STATISTICS IN ENGINEERING",3,期,False,50,0,0,50,周佑誠,"四2,3,4(海MA 2052)","['', '', '', '234', '', '', '']",《講授類》,[],True
https://selcrs.nsysu.edu.tw/menu5/showoutline.asp?SYEAR=114&SEM=2&CrsDat=UT535&Crsname=海下科技研討（四）,,,False,海下科技碩,UT535,0,不分班,"海下科技研討（四）
SEMINAR IN UNDERSEA TECHNOLOGY (IV)",2,期,False,50,0,0,50,魏瑞昌,"五6,7(海MA 1020)","['', '', '', '', '67', '', '']",《研討類》,[],False
https://selcrs.nsysu.edu.tw/menu5/showoutline.asp?SYEAR=114&SEM=2&CrsDat=UT539&Crsname=基礎水中聲學,,,False,海下科技碩,UT539,0,不分班,"基礎水中聲學
FUNDAMENTAL UNDERWATER ACOUSTICS",3,期,False,50,0,0,50,邱永盛,"四8,6,7(海MA 2052)","['', '', '', '678', '', '', '']",《講授類》,[],True
https://selcrs.nsysu.edu.tw/menu5/showoutline.asp?SYEAR=114&SEM=2&CrsDat=UT540&Crsname=水下載具導論,,,False,海下科技碩,UT540,0,不分班,"水下載具導論
INTRODUCTION TO UNDERWATER VEHICLES",3,期,False,50,0,0,50,陳信宏,"三2,3,4(海MA 2052)","['', '', '234', '', '', '', '']",《講授類》,[],False
https://selcrs.nsysu.edu.tw/menu5/showoutline.asp?SYEAR=114&SEM=2&CrsDat=UT541&Crsname=電子電路與控制,,,False,海下科技碩,UT541,0,不分班,"電子電路與控制
ELECTRONICS AND CONTROLS",3,期,False,50,0,0,50,謝孟璋,"五2,3,4(海MA 2052)","['', '', '', '', '234', '', '']",《講授類》,[],True
https://selcrs.nsysu.edu.tw/menu5/showoutline.asp?SYEAR=114&SEM=2&CrsDat=UT634&Crsname=水中聲學專題研究（二）,,,False,海下科技碩,UT634,0,不分班,"水中聲學專題研究（二）
INDEPENDENT STUDIES IN UNDERWATER ACOUSTICS (II)",2,期,False,50,0,0,50,"周佑誠,王兆璋,謝孟璋,邱永盛,陳信宏,魏瑞昌","一3,4(海MA 2052)","['34', '', '', '', '', '', '']",《獨立研究》,[],False
https://selcrs.nsysu.edu.tw/menu5/showoutline.asp?SYEAR=114&SEM=2&CrsDat=UT635&Crsname=水下機電專題研究（二）,,,False,海下科技碩,UT635,0,不分班,"水下機電專題研究（二）
INDEPENDENT STUDIES IN UNDERWATER MECHATRONICS (II)",2,期,False,50,0,0,50,"周佑誠,王兆璋,謝孟璋,邱永盛,陳信宏,魏瑞昌","一1,2(海MA 2052)","['12', '', '', '', '', '', '']",《獨立研究》,[],False
https://selcrs.nsysu.edu.tw/menu5/showoutline.asp?SYEAR=114&SEM=2&CrsDat=MEC502&Crsname=海洋生態與保育專題討論（二）,,,False,海生保育碩,MEC502,1,不分班,"海洋生態與保育專題討論（二）
SEMINAR IN MARINE ECOLOGY AND CONSERVATION（II）",1,期,True,50,0,0,50,林裕䕒,三5(海MA 2022),"['', '', '5', '', '', '', '']",《研討類》,[],True
https://selcrs.nsysu.edu.tw/menu5/showoutline.asp?SYEAR=114&SEM=2&CrsDat=MEC504&Crsname=海洋生態與保育專題研究（二）,,,False,海生保育碩,MEC504,2,不分班,"海洋生態與保育專題研究（二）
INDEPENDENT STUDIES IN MARINE ECOLOGY AND CONSERVATION（II）",3,期,True,50,0,0,50,"張揚祺,張桂祥,徐華遜,林裕䕒,王右仁,陳孟仙",三A() 四A() 五A(),"['', '', 'A', 'A', 'A', '', '']",《獨立研究》,[],True
https://selcrs.nsysu.edu.tw/menu5/showoutline.asp?SYEAR=114&SEM=2&CrsDat=MEC509&Crsname=海洋生態與保育專題討論（四）,,,False,海生保育碩,MEC509,2,不分班,"海洋生態與保育專題討論（四）
SEMINAR IN MARINE ECOLOGY AND CONSERVATION（IV）",1,期,False,50,0,0,50,林裕䕒,三6(海MA 2022),"['', '', '6', '', '', '', '']",《研討類》,[],True
https://selcrs.nsysu.edu.tw/menu5/showoutline.asp?SYEAR=114&SEM=2&CrsDat=MEC510&Crsname=海洋生態學,,,False,海生保育碩,MEC510,1,不分班,"海洋生態學
MARINE ECOLOGY",3,期,True,50,0,0,50,"塗子萱,托星豪","二8,6,7(海MA 3020)","['', '678', '', '', '', '', '']",《講授類》,[],False
https://selcrs.nsysu.edu.tw/menu5/showoutline.asp?SYEAR=114&SEM=2&CrsDat=MEC512&Crsname=生物多樣性與保育,,,False,海生保育碩,MEC512,1,不分班,"生物多樣性與保育
BIODIVERSITY AND CONSERVATION",2,期,True,50,0,0,50,江友中,"二8,7(理BI 6005)","['', '78', '', '', '', '', '']",《講授類》,[],False
https://selcrs.nsysu.edu.tw/menu5/showoutline.asp?SYEAR=114&SEM=2&CrsDat=MEC521&Crsname=水產資源概論,,,False,海生保育碩,MEC521,0,不分班,"水產資源概論
INTRODUCTION TO FISHERIES RESOURCES",2,期,False,30,0,0,30,林裕䕒,"五3,4(海MA 2003)","['', '', '', '', '34', '', '']",《講授類》,[],False
https://selcrs.nsysu.edu.tw/menu5/showoutline.asp?SYEAR=114&SEM=2&CrsDat=OWP503&Crsname=離岸風電書報討論（二）,,,False,離岸風電碩,OWP503,1,不分班,"離岸風電書報討論（二）
SEMINAR IN OFFSHORE WIND POWER (Ⅱ)",2,期,False,50,0,0,50,曾以帆,"四6,7(海ME 3002)","['', '', '', '67', '', '', '']",《演講/參訪》,[],False
https://selcrs.nsysu.edu.tw/menu5/showoutline.asp?SYEAR=114&SEM=2&CrsDat=OWP505&Crsname=離岸風電書報討論（四）,,,False,離岸風電碩,OWP505,2,不分班,"離岸風電書報討論（四）
SEMINAR IN OFFSHORE WIND POWER (Ⅳ)",2,期,False,50,0,0,50,張揚祺,"四6,7(海ME 3002)","['', '', '', '67', '', '', '']",《演講/參訪》,[],False
https://selcrs.nsysu.edu.tw/menu5/showoutline.asp?SYEAR=114&SEM=2&CrsDat=OWP509&Crsname=海事工程風險分析及管理,,,False,離岸風電碩,OWP509,1,不分班,"海事工程風險分析及管理
RISK ANALYSIS AND MANAGEMENT FOR OFFSHORE ENGINEERING",3,期,False,50,0,0,50,柯宗廷,"五2,3,4(海ME 2001)","['', '', '', '', '234', '', '']",《講授類》,[],False
https://selcrs.nsysu.edu.tw/menu5/showoutline.asp?SYEAR=114&SEM=2&CrsDat=OWP516&Crsname=離岸風電運維實務,,,False,離岸風電碩,OWP516,1,不分班,"離岸風電運維實務
OPERATION AND MAINTENANCE OF OFFSHORE WIND FARMS",3,期,False,50,0,0,50,王右仁,"四3,4,B(海ME 2001)","['', '', '', '34B', '', '', '']",《講授類》,[],False
https://selcrs.nsysu.edu.tw/menu5/showoutline.asp?SYEAR=114&SEM=2&CrsDat=IPS503&Crsname=社會科學的哲學,,,True,政治碩,IPS503,1,不分班,"社會科學的哲學
PHILOSOPHY OF SOCIAL SCIENCE",3,期,True,50,0,0,50,林婉萍,"五5,6,7(社SS 3008)","['', '', '', '', '567', '', '']","《講授類》
限政治所碩士生修習",[],False
https://selcrs.nsysu.edu.tw/menu5/showoutline.asp?SYEAR=114&SEM=2&CrsDat=IPS510&Crsname=探索式資料分析,,,False,政治碩,IPS510,0,不分班,"探索式資料分析
EXPLORATORY DATA ANALYSIS",3,期,False,20,0,0,20,劉正山,"四5,6,7(社SS 3010-2)","['', '', '', '567', '', '', '']","《講授類》
限修習過至少一門R相關課程之學生選修",[],False
https://selcrs.nsysu.edu.tw/menu5/showoutline.asp?SYEAR=114&SEM=2&CrsDat=IPS513&Crsname=政治哲學與現代政治,,,False,政治碩,IPS513,0,不分班,"政治哲學與現代政治
POLITICAL PHILOSOPHY & MODERN POLITICS",3,期,False,20,0,0,20,楊尚儒,"二5,6,7(社SS 3010-1)","['', '567', '', '', '', '', '']",《講授類》,[],False
https://selcrs.nsysu.edu.tw/menu5/showoutline.asp?SYEAR=114&SEM=2&CrsDat=IPS519&Crsname=實用主義的議題與實踐,,,False,政治碩,IPS519,0,不分班,"實用主義的議題與實踐
PRAGMATISM: ISSUES AND PRACTICES",3,期,False,15,0,0,15,劉正山,"五5,6,7(社SS 3010-1)","['', '', '', '', '567', '', '']",《講授類》,[],False
https://selcrs.nsysu.edu.tw/menu5/showoutline.asp?SYEAR=114&SEM=2&CrsDat=IPS558&Crsname=比較政治,,,True,政治碩,IPS558,1,不分班,"比較政治
COMPARATIVE POLITICS",3,期,True,40,0,0,40,張晉赫,"三5,6,7(社SS 3010-2)","['', '', '567', '', '', '', '']",《講授類》,[],True
https://selcrs.nsysu.edu.tw/menu5/showoutline.asp?SYEAR=114&SEM=2&CrsDat=IPS560&Crsname=比較威權,,,False,政治碩,IPS560,0,不分班,"比較威權
COMPARATIVE AUTHORITARIANISM",3,期,False,40,0,0,40,黃韋豪,"二2,3,4(社SS 3010-2)","['', '234', '', '', '', '', '']",《講授類》,[],False
https://selcrs.nsysu.edu.tw/menu5/showoutline.asp?SYEAR=114&SEM=2&CrsDat=IPS562&Crsname=中國政治經濟發展,,,False,政治碩,IPS562,0,不分班,"中國政治經濟發展
POLITICAL AND ECONOMIC DEVELOPMENT IN CHINA",3,期,False,10,0,0,10,陳若蘭,"二5,6,7(社SS 1006)","['', '567', '', '', '', '', '']",《講授類》,[],False
https://selcrs.nsysu.edu.tw/menu5/showoutline.asp?SYEAR=114&SEM=2&CrsDat=IPS603&Crsname=專題研究（二）,,,False,政治碩,IPS603,0,不分班,"專題研究（二）
INDEPENDENT STUDIES(II)",3,期,False,50,0,0,50,陳宗巖,"五2,3,4()","['', '', '', '', '234', '', '']","《獨立研究》
限政治所博碩士生經所屬指導教授同意後選修",[],False
https://selcrs.nsysu.edu.tw/menu5/showoutline.asp?SYEAR=114&SEM=2&CrsDat=IPS603A&Crsname=專題研究（二）,,,False,政治碩,IPS603A,0,不分班,"專題研究（二）
INDEPENDENT STUDIES(II)",3,期,False,50,0,0,50,張晉赫,"五2,3,4()","['', '', '', '', '234', '', '']","《獨立研究》
限政治所博碩士生經所屬指導教授同意後選修",[],False
https://selcrs.nsysu.edu.tw/menu5/showoutline.asp?SYEAR=114&SEM=2&CrsDat=IPS603B&Crsname=專題研究（二）,,,False,政治碩,IPS603B,0,不分班,"專題研究（二）
INDEPENDENT STUDIES(II)",3,期,False,50,0,0,50,黃韋豪,"五2,3,4()","['', '', '', '', '234', '', '']","《獨立研究》
限政治所博碩士生經所屬指導教授同意後選修",[],False
https://selcrs.nsysu.edu.tw/menu5/showoutline.asp?SYEAR=114&SEM=2&CrsDat=IPS630&Crsname=國際政治經濟學,,,False,政治碩,IPS630,1,不分班,"國際政治經濟學
INTERNATIONAL POLITICAL ECONOMY",3,期,False,40,0,0,40,陳宗巖,"一2,3,4(社SS 3010-2)","['234', '', '', '', '', '', '']",《講授類》,[],False
https://selcrs.nsysu.edu.tw/menu5/showoutline.asp?SYEAR=114&SEM=2&CrsDat=IPS635&Crsname=國際安全,,,False,政治碩,IPS635,0,不分班,"國際安全
INTERNATIONAL SECURITY",3,期,False,40,0,0,40,黃韋豪,"四2,3,4(社SS  3010-2)","['', '', '', '234', '', '', '']",《講授類》,[],False
https://selcrs.nsysu.edu.tw/menu5/showoutline.asp?SYEAR=114&SEM=2&CrsDat=IPS643&Crsname=後實證國際關係理論研究,,,False,政治碩,IPS643,0,不分班,"後實證國際關係理論研究
POST-POSITIVIST INTERNATIONAL RELATIONS THORIES",3,期,False,20,0,0,20,林婉萍,"三5,6,7(社SS 3008)","['', '', '567', '', '', '', '']",《講授類》,[],True
https://selcrs.nsysu.edu.tw/menu5/showoutline.asp?SYEAR=114&SEM=2&CrsDat=ECON511&Crsname=計量經濟學（二）,,,False,經濟碩,ECON511,1,不分班,"計量經濟學（二）
ECONOMETRICS (II)",3,期,True,50,0,0,50,陳孟瑋,"五2,3,4(社SS 2003-2)","['', '', '', '', '234', '', '']",《講授類》,[],True
https://selcrs.nsysu.edu.tw/menu5/showoutline.asp?SYEAR=114&SEM=2&CrsDat=ECON512&Crsname=個體經濟學（二）,,,False,經濟碩,ECON512,1,不分班,"個體經濟學（二）
MICROECONOMICS(II)",3,期,True,50,0,0,50,許嘉麟,"一8,6,7(社SS 2003-2)","['678', '', '', '', '', '', '']",《講授類》,[],True
https://selcrs.nsysu.edu.tw/menu5/showoutline.asp?SYEAR=114&SEM=2&CrsDat=ECON513&Crsname=總體經濟學（二）,,,False,經濟碩,ECON513,1,不分班,"總體經濟學（二）
MACROECONOMICS (II)",3,期,True,50,0,0,50,陳冠任,"一8,6,7(社SS 3002-1)","['678', '', '', '', '', '', '']",《講授類》,[],True
https://selcrs.nsysu.edu.tw/menu5/showoutline.asp?SYEAR=114&SEM=2&CrsDat=ECON515&Crsname=機制設計,,,False,經濟碩,ECON515,1,不分班,"機制設計
MECHANISM DESIGN",3,期,True,50,0,0,50,許嘉麟,"四2,3,4(社SS 3002-1)","['', '', '', '234', '', '', '']",《講授類》,[],True
https://selcrs.nsysu.edu.tw/menu5/showoutline.asp?SYEAR=114&SEM=2&CrsDat=ECON530&Crsname=國際貿易理論,,,False,經濟碩,ECON530,1,不分班,"國際貿易理論
THEORY OF INTERNATIONAL TRADE",3,期,False,50,0,0,50,吳世傑,"三2,3,4(社SS 3002-1)","['', '', '234', '', '', '', '']",《講授類》,[],False
https://selcrs.nsysu.edu.tw/menu5/showoutline.asp?SYEAR=114&SEM=2&CrsDat=ECON534&Crsname=實證經濟研究法,,,False,經濟碩,ECON534,0,不分班,"實證經濟研究法
METHODOLOGY OF EMPIRICAL ECONOMIC STUDIES",3,期,False,50,0,0,50,鄭子長,"三5,6,7(社SS 2003-2)","['', '', '567', '', '', '', '']",《講授類》,[],True
https://selcrs.nsysu.edu.tw/menu5/showoutline.asp?SYEAR=114&SEM=2&CrsDat=ECON540&Crsname=產業經濟理論,,,False,經濟碩,ECON540,0,不分班,"產業經濟理論
THEORY OF INDUSTRIAL ECONOMICS",1,期,False,50,0,0,50,鄭宜玲,一9(社SS 2003-2),"['9', '', '', '', '', '', '']",《講授類》,[],True
https://selcrs.nsysu.edu.tw/menu5/showoutline.asp?SYEAR=114&SEM=2&CrsDat=ECON543&Crsname=公共選擇,,,False,經濟碩,ECON543,1,不分班,"公共選擇
PUBLIC CHOICE",3,期,False,50,0,0,50,童永年,"三5,6,7(社SS 3002-1)","['', '', '567', '', '', '', '']",《講授類》,[],True
https://selcrs.nsysu.edu.tw/menu5/showoutline.asp?SYEAR=114&SEM=2&CrsDat=ECON629&Crsname=勞動經濟學,,,False,經濟碩,ECON629,1,不分班,"勞動經濟學
LABOR ECONOMICS",3,期,False,50,0,0,50,李明軒,"一2,3,4(社SS 2003-2)","['234', '', '', '', '', '', '']",《講授類》,[],False
https://selcrs.nsysu.edu.tw/menu5/showoutline.asp?SYEAR=114&SEM=2&CrsDat=ECON654&Crsname=實證公司理財,,,False,經濟碩,ECON654,0,不分班,"實證公司理財
EMPIRICAL CORPORATE FINANCE",3,期,False,50,0,0,50,鄭子長,"四8,6,7(社SS 3002-1)","['', '', '', '678', '', '', '']",《講授類》,[],True
https://selcrs.nsysu.edu.tw/menu5/showoutline.asp?SYEAR=114&SEM=2&CrsDat=ECON686&Crsname=國際經濟學,,,False,經濟碩,ECON686,1,不分班,"國際經濟學
INTERNATIONAL ECONOMICS",1,期,False,50,0,0,50,賴景昌,五6(社SS 3002-1),"['', '', '', '', '6', '', '']",《講授類》,[],False
https://selcrs.nsysu.edu.tw/menu5/showoutline.asp?SYEAR=114&SEM=2&CrsDat=ECON692&Crsname=專題研究（二）,,,False,經濟碩,ECON692,2,不分班,"專題研究（二）
INDEPENDENT STUDIES （II）",3,期,False,50,0,0,50,鄭子長,"三2,3,4(社SS 2003-2)","['', '', '234', '', '', '', '']",《獨立研究》,[],False
https://selcrs.nsysu.edu.tw/menu5/showoutline.asp?SYEAR=114&SEM=2&CrsDat=ECON692A&Crsname=專題研究（二）,,,False,經濟碩,ECON692A,2,不分班,"專題研究（二）
INDEPENDENT STUDIES （II）",3,期,False,50,0,0,50,陳孟瑋,"二2,3,4(社SS 1014)","['', '234', '', '', '', '', '']",《獨立研究》,[],False
https://selcrs.nsysu.edu.tw/menu5/showoutline.asp?SYEAR=114&SEM=2&CrsDat=ECON692B&Crsname=專題研究（二）,,,False,經濟碩,ECON692B,2,不分班,"專題研究（二）
INDEPENDENT STUDIES （II）",3,期,False,50,0,0,50,陳冠任,"四8,6,7(社SS 2003-2)","['', '', '', '678', '', '', '']",《獨立研究》,[],False
https://selcrs.nsysu.edu.tw/menu5/showoutline.asp?SYEAR=114&SEM=2&CrsDat=ECON692C&Crsname=專題研究（二）,,,False,經濟碩,ECON692C,2,不分班,"專題研究（二）
INDEPENDENT STUDIES （II）",3,期,False,50,0,0,50,許嘉麟,"五8,6,7(社SS 1014)","['', '', '', '', '678', '', '']",《獨立研究》,[],False
https://selcrs.nsysu.edu.tw/menu5/showoutline.asp?SYEAR=114&SEM=2&CrsDat=ECON692D&Crsname=專題研究（二）,,,False,經濟碩,ECON692D,2,不分班,"專題研究（二）
INDEPENDENT STUDIES （II）",3,期,False,50,0,0,50,童永年,"四2,3,4(社SS 1014)","['', '', '', '234', '', '', '']",《獨立研究》,[],False
https://selcrs.nsysu.edu.tw/menu5/showoutline.asp?SYEAR=114&SEM=2&CrsDat=ECON692E&Crsname=專題研究（二）,,,False,經濟碩,ECON692E,2,不分班,"專題研究（二）
INDEPENDENT STUDIES （II）",3,期,False,50,0,0,50,鄭宜玲,"三5,6,7(社SS 1014)","['', '', '567', '', '', '', '']",《獨立研究》,[],False
https://selcrs.nsysu.edu.tw/menu5/showoutline.asp?SYEAR=114&SEM=2&CrsDat=ECON692F&Crsname=專題研究（二）,,,False,經濟碩,ECON692F,2,不分班,"專題研究（二）
INDEPENDENT STUDIES （II）",3,期,False,50,0,0,50,李慶男,"五2,3,4(社SS 3002-1)","['', '', '', '', '234', '', '']",《獨立研究》,[],False
https://selcrs.nsysu.edu.tw/menu5/showoutline.asp?SYEAR=114&SEM=2&CrsDat=ECON698&Crsname=書報討論（二）,,,False,經濟碩,ECON698,1,不分班,"書報討論（二）
SEMINAR IN ECONOMICS (2)",1,期,False,50,0,0,50,童永年,二6(社SS 3002-1),"['', '6', '', '', '', '', '']",《演講/參訪》,[],False
https://selcrs.nsysu.edu.tw/menu5/showoutline.asp?SYEAR=114&SEM=2&CrsDat=IOE509&Crsname=教育研究法,,,False,教育碩,IOE509,1,不分班,"教育研究法
EDUCATIONAL RESEARCH METHODS",3,期,True,30,0,0,30,"鄭雯,陳利銘","二8,6,7(社SS 2005)","['', '678', '', '', '', '', '']",《講授類》,[],False
https://selcrs.nsysu.edu.tw/menu5/showoutline.asp?SYEAR=114&SEM=2&CrsDat=IOE529&Crsname=教育測驗與評量研究,,,False,教育碩,IOE529,0,不分班,"教育測驗與評量研究
STUDIES IN EDUCATIONAL TESTING AND MEASUREMENT",3,期,False,30,0,0,30,施慶麟,"三2,3,4(社SS 2004-3)","['', '', '234', '', '', '', '']",《講授類》,[],False
https://selcrs.nsysu.edu.tw/menu5/showoutline.asp?SYEAR=114&SEM=2&CrsDat=IOE530&Crsname=課程理論研究,,,False,教育碩,IOE530,0,不分班,"課程理論研究
STUDIES IN CURRICULUM THEORIES",3,期,False,30,0,0,30,周珮儀,"一8,6,7(社SS 2002-2)","['678', '', '', '', '', '', '']",《講授類》,[],False
https://selcrs.nsysu.edu.tw/menu5/showoutline.asp?SYEAR=114&SEM=2&CrsDat=IOE557&Crsname=專題研討（二）,,,False,教育碩,IOE557,1,不分班,"專題研討（二）
SEMINAR IN EDUCATIONAL RESEARCH",1,期,True,30,0,0,30,謝百淇,三7(社SS 2001),"['', '', '7', '', '', '', '']",《研討類》,[],False
https://selcrs.nsysu.edu.tw/menu5/showoutline.asp?SYEAR=114&SEM=2&CrsDat=IOE558&Crsname=全球教育研究,,,False,教育碩,IOE558,0,不分班,"全球教育研究
STUDIES IN GLOBAL EDUCATION",3,期,False,30,0,0,30,周珮儀,"一2,3,4(社SS 2002-1)","['234', '', '', '', '', '', '']",《講授類》,[],False
https://selcrs.nsysu.edu.tw/menu5/showoutline.asp?SYEAR=114&SEM=2&CrsDat=IOE581&Crsname=教學心理學研究,,,False,教育碩,IOE581,0,不分班,"教學心理學研究
THE STUDY OF PSYCHOLOGY FOR TEACHING",3,期,False,30,0,0,30,楊淑晴,"三B,5,6(社SS 2002-1)","['', '', 'B56', '', '', '', '']",《研討類》,[],False
https://selcrs.nsysu.edu.tw/menu5/showoutline.asp?SYEAR=114&SEM=2&CrsDat=IOE596&Crsname=教師專業發展研究,,,False,教育碩,IOE596,0,不分班,"教師專業發展研究
STUDIES IN FACULTY PROFESSION IN HIGHER EDUCATION",3,期,False,30,0,0,30,林靜慧,"三B,5,6(社SS 2005)","['', '', 'B56', '', '', '', '']",《講授類》,[],True
https://selcrs.nsysu.edu.tw/menu5/showoutline.asp?SYEAR=114&SEM=2&CrsDat=IOE600&Crsname=全球教育領導,,,False,教育碩,IOE600,0,不分班,"全球教育領導
LEADERSHIP IN GLOBAL EDUCATION",3,期,False,30,0,0,30,艾玲,"一8,6,7(社SS 2006)","['678', '', '', '', '', '', '']",《講授類》,[],True
https://selcrs.nsysu.edu.tw/menu5/showoutline.asp?SYEAR=114&SEM=2&CrsDat=IOE605&Crsname=教育專題研究（二）,,,False,教育碩,IOE605,2,不分班,"教育專題研究（二）
INDEPENDENT STUDIES IN EDUCATION (II)",1,期,True,30,0,0,30,施慶麟,六1(),"['', '', '', '', '', '1', '']",《獨立研究》,[],False
https://selcrs.nsysu.edu.tw/menu5/showoutline.asp?SYEAR=114&SEM=2&CrsDat=IOE607&Crsname=多變量分析,,,False,教育碩,IOE607,0,不分班,"多變量分析
MULTIVARIATE ANALYSIS",3,期,False,30,0,0,30,艾玲,"一2,3,4(社SS 3006 )","['234', '', '', '', '', '', '']",《講授類》,[],True
https://selcrs.nsysu.edu.tw/menu5/showoutline.asp?SYEAR=114&SEM=2&CrsDat=IOE612&Crsname=STEM教育研究,,,False,教育碩,IOE612,0,不分班,"STEM教育研究
RESEARCH ON STEM EDUCATION",3,期,False,30,0,0,30,謝百淇,"四2,3,4(社SS 2005)","['', '', '', '234', '', '', '']",《講授類》,[],True
https://selcrs.nsysu.edu.tw/menu5/showoutline.asp?SYEAR=114&SEM=2&CrsDat=IOE623&Crsname=研究方法,,,False,教育碩,IOE623,1,不分班,"研究方法
RESEARCH METHODS",3,期,True,20,0,0,20,馮雅群,"三2,3,4(社SS 2002-1)","['', '', '234', '', '', '', '']",《講授類》,[],True
https://selcrs.nsysu.edu.tw/menu5/showoutline.asp?SYEAR=114&SEM=2&CrsDat=IOE624&Crsname=STREAM探究與實作,,,False,教育碩,IOE624,0,不分班,"STREAM探究與實作
INQUIRY AND PRACTICE ON STREAM",3,期,False,30,0,0,30,楊淑晴,"五B,5,6(社SS 2002-2)","['', '', '', '', 'B56', '', '']",《講授類》,[],False
https://selcrs.nsysu.edu.tw/menu5/showoutline.asp?SYEAR=114&SEM=2&CrsDat=IOE627&Crsname=對外英語教學,,,False,教育碩,IOE627,0,不分班,"對外英語教學
TEACHING ENGLISH TO SPEAKERS OF OTHER LANGUAGES (TESOL)",3,期,False,30,0,0,30,紀博善,"三B,5,6(社SS 2002-2)","['', '', 'B56', '', '', '', '']",《講授類》,[],True
https://selcrs.nsysu.edu.tw/menu5/showoutline.asp?SYEAR=114&SEM=2&CrsDat=IOE628&Crsname=質性資料分析,,,False,教育碩,IOE628,0,不分班,"質性資料分析
ANALYSIS IN QUALITATIVE RESEARCH",3,期,False,30,0,0,30,紀博善,"二8,6,7(社SS 2002-2)","['', '678', '', '', '', '', '']",《講授類》,[],True
https://selcrs.nsysu.edu.tw/menu5/showoutline.asp?SYEAR=114&SEM=2&CrsDat=IOE632&Crsname=科技融入學習環境研究,,,False,教育碩,IOE632,0,不分班,"科技融入學習環境研究
CURRENT ISSUES IN TECHNOLOGY ENHANCED LEARNING ENVIRONMENTS",3,期,False,30,0,0,30,陳菁徽,"四2,3,4(社SS 2002-1)","['', '', '', '234', '', '', '']",《講授類》,[],True
https://selcrs.nsysu.edu.tw/menu5/showoutline.asp?SYEAR=114&SEM=2&CrsDat=IOE635&Crsname=社會創新與教育創業,,,False,教育碩,IOE635,0,不分班,"社會創新與教育創業
SOCIAL INNOVATION AND EDUCATIONAL ENTREPRENEURSHIP",3,期,False,30,0,0,30,游銘仁,"五8,6,7(西SW 1004)","['', '', '', '', '678', '', '']",《講授類》,[],False
https://selcrs.nsysu.edu.tw/menu5/showoutline.asp?SYEAR=114&SEM=2&CrsDat=IOE643&Crsname=青少年心理與輔導研究,,,False,教育碩,IOE643,0,不分班,"青少年心理與輔導研究
RESEARCH ON ADOLESCENT PSYCHOLOGY AND GUIDANCE",3,期,False,8,0,0,8,宋呈澔,"三2,3,4(社SS 2002-2)","['', '', '234', '', '', '', '']",《講授類》,[],True
https://selcrs.nsysu.edu.tw/menu5/showoutline.asp?SYEAR=114&SEM=2&CrsDat=IOE645&Crsname=數位媒體素養與教育研究,,,False,教育碩,IOE645,0,不分班,"數位媒體素養與教育研究
STUDIES IN DIGITAL LITERACIES IN EDUCATION",3,期,False,30,0,0,30,張宇慧,"一8,9,7(社SS 3006)","['789', '', '', '', '', '', '']",《講授類》,[],True
https://selcrs.nsysu.edu.tw/menu5/showoutline.asp?SYEAR=114&SEM=2&CrsDat=IOE649&Crsname=弱勢年輕成人,,,False,教育碩,IOE649,0,不分班,"弱勢年輕成人
MARGINALIZATION IN EMERGING AND YOUNG ADULTHOOD",3,期,False,30,0,0,30,陳威霖,"四8,9,7(社SS 2002-2)","['', '', '', '789', '', '', '']",《講授類》,[],True
https://selcrs.nsysu.edu.tw/menu5/showoutline.asp?SYEAR=114&SEM=2&CrsDat=IOE651&Crsname=跨領域對話教育研究,,,False,教育碩,IOE651,0,不分班,"跨領域對話教育研究
RESEARCH ON INTERDISCIPLINARY DIALOGIC EDUCATION",3,期,False,30,0,0,30,張至慶,"五2,3,4(社SS 2002-1)","['', '', '', '', '234', '', '']",《講授類》,[],True
https://selcrs.nsysu.edu.tw/menu5/showoutline.asp?SYEAR=114&SEM=2&CrsDat=CAPS545&Crsname=社會法,,,True,亞太碩,CAPS545,1,不分班,"社會法
SOCIAL WELFARE ACTS",3,期,True,50,0,0,50,張道義,"五2,3,4(社SS 2009-1)","['', '', '', '', '234', '', '']",《講授類》,[],False
https://selcrs.nsysu.edu.tw/menu5/showoutline.asp?SYEAR=114&SEM=2&CrsDat=CAPS561&Crsname=國家安全與危機處理,,,False,亞太碩,CAPS561,2,不分班,"國家安全與危機處理
NATIONAL SECURITY AND CRISIS MANAGEMENT",3,期,False,50,0,0,50,林文程,"五C,D,E(社SS 2011)","['', '', '', '', 'CDE', '', '']",《講授類》,[],False
https://selcrs.nsysu.edu.tw/menu5/showoutline.asp?SYEAR=114&SEM=2&CrsDat=CAPS568&Crsname=日本政府與政治,,,True,亞太碩,CAPS568,1,不分班,"日本政府與政治
JAPANESE POLITICS",3,期,True,50,0,0,50,郭育仁,"二8,6,7(社SS 2011)","['', '678', '', '', '', '', '']",《講授類》,[],False
https://selcrs.nsysu.edu.tw/menu5/showoutline.asp?SYEAR=114&SEM=2&CrsDat=CAPS574&Crsname=亞太區域經濟,,,True,亞太碩,CAPS574,1,不分班,"亞太區域經濟
ASIA PACIFIC ECONOMIES",3,期,True,50,0,0,50,林雅淇,"三5,6,7(社SS 2011)","['', '', '567', '', '', '', '']",《講授類》,[],False
https://selcrs.nsysu.edu.tw/menu5/showoutline.asp?SYEAR=114&SEM=2&CrsDat=CAPS586&Crsname=全球化與經濟發展,,,False,亞太碩,CAPS586,1,不分班,"全球化與經濟發展
GLOBALIZATION AND ECONOMIC DEVELOPMENT",3,期,False,50,0,0,50,蔡書瑋,"三2,3,4(社SS 2011)","['', '', '234', '', '', '', '']",《講授類》,[],False
https://selcrs.nsysu.edu.tw/menu5/showoutline.asp?SYEAR=114&SEM=2&CrsDat=CAPS600&Crsname=印太區域安全,,,False,亞太碩,CAPS600,2,不分班,"印太區域安全
INDO-PACIFIC SECURITY",3,期,False,50,0,0,50,林正義,"四3,4,B(社SS 2011)","['', '', '', '34B', '', '', '']",《講授類》,[],False
https://selcrs.nsysu.edu.tw/menu5/showoutline.asp?SYEAR=114&SEM=2&CrsDat=CAPS609&Crsname=金融時事分析,,,False,亞太碩,CAPS609,2,不分班,"金融時事分析
FINANCIAL NEWS AND ANALYSES",2,期,False,50,0,0,50,林雅淇,"四6,7(社SS 2008)","['', '', '', '67', '', '', '']",《講授類》,[],True
https://selcrs.nsysu.edu.tw/menu5/showoutline.asp?SYEAR=114&SEM=2&CrsDat=CAPS613&Crsname=戰略與國家安全政策,,,False,亞太碩,CAPS613,2,不分班,"戰略與國家安全政策
STRATEGY AND NATIONAL SECURITY POLICY",3,期,False,50,0,0,50,郭育仁,"二2,3,4(社SS 2007)","['', '234', '', '', '', '', '']",《講授類》,[],False
https://selcrs.nsysu.edu.tw/menu5/showoutline.asp?SYEAR=114&SEM=2&CrsDat=CAPS617&Crsname=英文法學名著與文獻選讀,,,False,亞太碩,CAPS617,1,不分班,"英文法學名著與文獻選讀
SELECTED READINGS ON ANGLO-AMERICAN JURISPRUDENCE",3,期,False,50,0,0,50,楊健弘,"五5,6,7(社SS 2009-1)","['', '', '', '', '567', '', '']",《講授類》,[],False
https://selcrs.nsysu.edu.tw/menu5/showoutline.asp?SYEAR=114&SEM=2&CrsDat=CAPS619&Crsname=全球化研究：政治、經濟與安全,,,False,亞太碩,CAPS619,1,不分班,"全球化研究：政治、經濟與安全
GLOBAL STUDIES: POLITICAL ECONOMY AND SECURITY",3,期,False,50,0,0,50,劉奇峯,"四8,6,7(社SS 4005)","['', '', '', '678', '', '', '']",《講授類》,[],False
https://selcrs.nsysu.edu.tw/menu5/showoutline.asp?SYEAR=114&SEM=2&CrsDat=CAPS623&Crsname=永續發展法制比較,,,False,亞太碩,CAPS623,1,不分班,"永續發展法制比較
COMPARATIVE SUSTAINABLE DEVELOPMENT LAW",3,期,False,50,0,0,50,楊健弘,"五2,3,4(社SS 2011)","['', '', '', '', '234', '', '']",《講授類》,[],True
https://selcrs.nsysu.edu.tw/menu5/showoutline.asp?SYEAR=114&SEM=2&CrsDat=CAPS627&Crsname=亞太區域經貿法制專題研討,,,False,亞太碩,CAPS627,1,不分班,"亞太區域經貿法制專題研討
SEMINAR IN TRADE AND ECONOMIC LAW IN ASIA-PACIFIC REGION",3,期,False,50,0,0,50,楊健弘,"四8,6,7(社SS 1004)","['', '', '', '678', '', '', '']",《研討類》,[],False
https://selcrs.nsysu.edu.tw/menu5/showoutline.asp?SYEAR=114&SEM=2&CrsDat=CAPS632&Crsname=財經資料預測：機器學習方法應用（二）,,,False,亞太碩,CAPS632,2,不分班,"財經資料預測：機器學習方法應用（二）
PREDICTION OF ECONOMIC DATA: THE APPLICATION OF MACHINE LEARNING METHODS (II)",1,期,False,50,0,0,50,林雅淇,三4(社SS 2008),"['', '', '4', '', '', '', '']",《講授類》,[],False
https://selcrs.nsysu.edu.tw/menu5/showoutline.asp?SYEAR=114&SEM=2&CrsDat=CAPS669&Crsname=專題研究（二）,,,False,亞太碩,CAPS669,2,不分班,"專題研究（二）
INDEPENDENT STUDIES(II)",3,期,False,50,0,0,50,陳珮芬,"三5,6,7(社SS 2008)","['', '', '567', '', '', '', '']",《獨立研究》,[],False
https://selcrs.nsysu.edu.tw/menu5/showoutline.asp?SYEAR=114&SEM=2&CrsDat=CAPS669A&Crsname=專題研究（二）,,,False,亞太碩,CAPS669A,2,不分班,"專題研究（二）
INDEPENDENT STUDIES(II)",3,期,False,50,0,0,50,蔡書瑋,"二2,3,4(社SS 2008)","['', '234', '', '', '', '', '']",《獨立研究》,[],False
https://selcrs.nsysu.edu.tw/menu5/showoutline.asp?SYEAR=114&SEM=2&CrsDat=CAPS669B&Crsname=專題研究（二）,,,False,亞太碩,CAPS669B,2,不分班,"專題研究（二）
INDEPENDENT STUDIES(II)",3,期,False,50,0,0,50,林雅淇,"二8,6,7(社SS 2008)","['', '678', '', '', '', '', '']",《獨立研究》,[],False
https://selcrs.nsysu.edu.tw/menu5/showoutline.asp?SYEAR=114&SEM=2&CrsDat=CAPS669C&Crsname=專題研究（二）,,,False,亞太碩,CAPS669C,2,不分班,"專題研究（二）
INDEPENDENT STUDIES(II)",3,期,False,50,0,0,50,陳盈雪,"二8,6,7(社SS 2007)","['', '678', '', '', '', '', '']",《獨立研究》,[],False
https://selcrs.nsysu.edu.tw/menu5/showoutline.asp?SYEAR=114&SEM=2&CrsDat=CAPS682&Crsname=兩岸關係與國際關係理論,,,True,亞太碩,CAPS682,1,不分班,"兩岸關係與國際關係理論
CROSS-STRAIT RELATIONS IN INTERNATIONAL RELATIONS THEORIES",3,期,True,50,0,0,50,黎寶文,"六2,3,4(社SS 2009-1)","['', '', '', '', '', '234', '']",《講授類》,[],False
https://selcrs.nsysu.edu.tw/menu5/showoutline.asp?SYEAR=114&SEM=2&CrsDat=SOC502&Crsname=社會學研究方法,,,False,社會碩,SOC502,1,不分班,"社會學研究方法
SOCIOLOGICAL METHODOLOGY",3,期,True,50,0,0,50,"戴昀,趙恩潔","三2,3,4(社SS 3004-2)","['', '', '234', '', '', '', '']",《講授類》,[],False
https://selcrs.nsysu.edu.tw/menu5/showoutline.asp?SYEAR=114&SEM=2&CrsDat=SOC510&Crsname=南方社會議題（二）,,,False,社會碩,SOC510,1,不分班,"南方社會議題（二）
ISSUES OF SOUTH SOCIETY(II)",1,期,True,50,0,0,50,李馨慈,三5(社SS 3004-2),"['', '', '5', '', '', '', '']",《講授類》,[],False
https://selcrs.nsysu.edu.tw/menu5/showoutline.asp?SYEAR=114&SEM=2&CrsDat=SOC511&Crsname=亞洲社會學,,,False,社會碩,SOC511,2,不分班,"亞洲社會學
SOCIOLOGY OF ASIAN SOCIETY",3,期,False,50,0,0,50,"楊靜利,趙恩潔,陳美華","五8,6,7(社SS 3004-1)","['', '', '', '', '678', '', '']","《講授類》
本課程為學位論文指導課程，限本系同學選修",[],False
https://selcrs.nsysu.edu.tw/menu5/showoutline.asp?SYEAR=114&SEM=2&CrsDat=SOC543&Crsname=性別與遷徙,,,False,社會碩,SOC543,1,不分班,"性別與遷徙
GENDER AND MIGRATION",3,期,False,50,0,0,50,楊又欣,"五2,3,4(社SS 3004-2)","['', '', '', '', '234', '', '']","《講授類》
開放大三以上選修",[],True
https://selcrs.nsysu.edu.tw/menu5/showoutline.asp?SYEAR=114&SEM=2&CrsDat=SOC559&Crsname=量化研究（一）,,,False,社會碩,SOC559,1,不分班,"量化研究（一）
QUANTITATIVE STUDY (I)",3,期,False,50,0,0,50,戴昀,"四2,3,4(社SS 3004-2)","['', '', '', '234', '', '', '']","《講授類》
開放大三以上選修",[],False
https://selcrs.nsysu.edu.tw/menu5/showoutline.asp?SYEAR=114&SEM=2&CrsDat=SOC601&Crsname=社會學文獻選讀,,,False,社會碩,SOC601,2,不分班,"社會學文獻選讀
SELECTED READINGS IN SOCIOLOGY",3,期,False,50,0,0,50,萬毓澤,"二8,6,7(社SS 3004-2)","['', '678', '', '', '', '', '']","《講授類》
開放大三以上選修",[],False
https://selcrs.nsysu.edu.tw/menu5/showoutline.asp?SYEAR=114&SEM=2&CrsDat=SOC608&Crsname=南方社會議題（四）,,,False,社會碩,SOC608,2,不分班,"南方社會議題（四）
ISSUES OF SOUTH SOCIETY (IV)",1,期,True,50,0,0,50,李馨慈,三6(社SS 3004-2),"['', '', '6', '', '', '', '']",《講授類》,[],False
https://selcrs.nsysu.edu.tw/menu5/showoutline.asp?SYEAR=114&SEM=2&CrsDat=SOC609&Crsname=發展社會學,,,False,社會碩,SOC609,2,不分班,"發展社會學
DEVELOPMENTAL SOCIOLOGY",3,期,False,50,0,0,50,"萬毓澤,邱花妹","五2,3,4(社SS 3004-1)","['', '', '', '', '234', '', '']","《講授類》
本課程為學位論文指導課程，限本系同學選修",[],False
https://selcrs.nsysu.edu.tw/menu5/showoutline.asp?SYEAR=114&SEM=2&CrsDat=SOC619&Crsname=環境社會學,,,False,社會碩,SOC619,2,不分班,"環境社會學
ENVIRONMENTAL SOCIOLOGY",3,期,False,50,0,0,50,邱花妹,"四8,6,7(社SS 3004-2)","['', '', '', '678', '', '', '']","《講授類》
開放大三以上選修",[],False
https://selcrs.nsysu.edu.tw/menu5/showoutline.asp?SYEAR=114&SEM=2&CrsDat=MAPA502&Crsname=國際政治經濟學,,,False,亞太英語碩程,MAPA502,1,不分班,"國際政治經濟學
INTERNATIONAL POLITICAL ECONOMY",3,期,True,50,0,0,50,劉奇峯,"三5,6,7(社SS 4005)","['', '', '567', '', '', '', '']",《講授類》,[],True
https://selcrs.nsysu.edu.tw/menu5/showoutline.asp?SYEAR=114&SEM=2&CrsDat=MAPA518&Crsname=中國與國際組織,,,False,亞太英語碩程,MAPA518,0,不分班,"中國與國際組織
CHINA AND INTERNATIONAL ORGANIZATIONS",3,期,False,50,0,0,50,希家玹,"三2,3,4(社SS 4005)","['', '', '234', '', '', '', '']",《講授類》,[],True
https://selcrs.nsysu.edu.tw/menu5/showoutline.asp?SYEAR=114&SEM=2&CrsDat=MAPA520&Crsname=台灣外交政策,,,False,亞太英語碩程,MAPA520,0,不分班,"台灣外交政策
STUDIES IN TAIWAN’S FOREIGN POLICY",3,期,False,50,0,0,50,林正義,"四5,6,7(社SS 2011)","['', '', '', '567', '', '', '']",《講授類》,[],True
https://selcrs.nsysu.edu.tw/menu5/showoutline.asp?SYEAR=114&SEM=2&CrsDat=MAPA521&Crsname=中國政府與政治,,,False,亞太英語碩程,MAPA521,0,不分班,"中國政府與政治
GOVERNMENTS AND POLITICS IN CHINA",3,期,False,50,0,0,50,林文程,"五8,6,7(社SS 2011)","['', '', '', '', '678', '', '']",《講授類》,[],True
https://selcrs.nsysu.edu.tw/menu5/showoutline.asp?SYEAR=114&SEM=2&CrsDat=MAPA525&Crsname=台灣政經發展,,,False,亞太英語碩程,MAPA525,0,不分班,"台灣政經發展
TAIWAN'S POLITICAL ECONOMY DEVELOPMENT",3,期,False,50,0,0,50,希家玹,"一2,3,4(社SS 4005)","['234', '', '', '', '', '', '']",《講授類》,[],True
https://selcrs.nsysu.edu.tw/menu5/showoutline.asp?SYEAR=114&SEM=2&CrsDat=MAPA535&Crsname=韓國外交關係,,,False,亞太英語碩程,MAPA535,0,不分班,"韓國外交關係
FOREIGN RELATIONS OF KOREA",3,期,False,50,0,0,50,郭育仁,"五2,3,4(社SS 4005)","['', '', '', '', '234', '', '']",《講授類》,[],True
https://selcrs.nsysu.edu.tw/menu5/showoutline.asp?SYEAR=114&SEM=2&CrsDat=MAPA539&Crsname=科技地緣政治,,,False,亞太英語碩程,MAPA539,0,不分班,"科技地緣政治
TECHNO-GEOPOLITICS",3,期,False,50,0,0,50,劉奇峯,"二8,6,7(社SS 4005)","['', '678', '', '', '', '', '']",《講授類》,[],True
https://selcrs.nsysu.edu.tw/menu5/showoutline.asp?SYEAR=114&SEM=2&CrsDat=MAPA540&Crsname=美國與亞太政策,,,False,亞太英語碩程,MAPA540,0,不分班,"美國與亞太政策
U.S. AND ASIA-PACIFIC POLICY",3,期,False,50,0,0,50,希家玹,"四2,3,4(社SS 4005)","['', '', '', '234', '', '', '']",《講授類》,[],True
https://selcrs.nsysu.edu.tw/menu5/showoutline.asp?SYEAR=114&SEM=2&CrsDat=IGPE501&Crsname=研究方法,,,False,教人全英碩,IGPE501,1,不分班,"研究方法
RESEARCH METHODS",3,期,True,20,0,0,20,馮雅群,"三2,3,4(社SS 2002-1)","['', '', '234', '', '', '', '']",《講授類》,[],True
https://selcrs.nsysu.edu.tw/menu5/showoutline.asp?SYEAR=114&SEM=2&CrsDat=IGPE512&Crsname=對外英語教學,,,False,教人全英碩,IGPE512,0,不分班,"對外英語教學
TEACHING ENGLISH TO SPEAKERS OF OTHER LANGUAGES (TESOL)",3,期,False,20,0,0,20,紀博善,"三B,5,6(社SS 2002-2)","['', '', 'B56', '', '', '', '']",《講授類》,[],True
https://selcrs.nsysu.edu.tw/menu5/showoutline.asp?SYEAR=114&SEM=2&CrsDat=IGPE525&Crsname=質性資料分析,,,False,教人全英碩,IGPE525,0,不分班,"質性資料分析
ANALYSIS IN QUALITATIVE RESEARCH",3,期,False,20,0,0,20,紀博善,"二8,6,7(社SS 2004-3)","['', '678', '', '', '', '', '']",《講授類》,[],True
https://selcrs.nsysu.edu.tw/menu5/showoutline.asp?SYEAR=114&SEM=2&CrsDat=IGPE531&Crsname=多變量分析,,,False,教人全英碩,IGPE531,0,不分班,"多變量分析
MULTIVARIATE ANALYSIS",3,期,False,20,0,0,20,艾玲,"一2,3,4(社SS 3006)","['234', '', '', '', '', '', '']",《講授類》,[],True
https://selcrs.nsysu.edu.tw/menu5/showoutline.asp?SYEAR=114&SEM=2&CrsDat=IGPE538&Crsname=STEM教育研究,,,False,教人全英碩,IGPE538,0,不分班,"STEM教育研究
RESEARCH ON STEM EDUCATION",3,期,False,30,0,0,30,謝百淇,"四2,3,4(社SS 2005)","['', '', '', '234', '', '', '']",《講授類》,[],True
https://selcrs.nsysu.edu.tw/menu5/showoutline.asp?SYEAR=114&SEM=2&CrsDat=IGPE539&Crsname=教師專業發展研究,,,False,教人全英碩,IGPE539,0,不分班,"教師專業發展研究
STUDIES IN FACULTY PROFESSION IN HIGHER EDUCATION",3,期,False,20,0,0,20,林靜慧,"三B,5,6(社SS 2005)","['', '', 'B56', '', '', '', '']",《講授類》,[],True
https://selcrs.nsysu.edu.tw/menu5/showoutline.asp?SYEAR=114&SEM=2&CrsDat=IGPE545&Crsname=科技融入學習環境研究,,,False,教人全英碩,IGPE545,0,不分班,"科技融入學習環境研究
CURRENT ISSUES IN TECHNOLOGY ENHANCED LEARNING ENVIRONMENTS",3,期,False,20,0,0,20,陳菁徽,"四2,3,4(社SS 2002-1)","['', '', '', '234', '', '', '']",《講授類》,[],True
https://selcrs.nsysu.edu.tw/menu5/showoutline.asp?SYEAR=114&SEM=2&CrsDat=IGPE550&Crsname=青少年心理與輔導研究,異動,修正時間1/2,False,教人全英碩,IGPE550,0,不分班,"青少年心理與輔導研究
RESEARCH ON ADOLESCENT PSYCHOLOGY AND GUIDANCE",3,期,False,8,0,0,8,宋呈澔,"三2,3,4(社SS 2002-2)","['', '', '234', '', '', '', '']",《講授類》,[],True
https://selcrs.nsysu.edu.tw/menu5/showoutline.asp?SYEAR=114&SEM=2&CrsDat=IGPE551&Crsname=數位媒體素養與教育研究,,,False,教人全英碩,IGPE551,0,不分班,"數位媒體素養與教育研究
STUDIES IN DIGITAL LITERACIES IN EDUCATION",3,期,False,20,0,0,20,張宇慧,"一8,9,7(社SS 3006)","['789', '', '', '', '', '', '']",《講授類》,[],True
https://selcrs.nsysu.edu.tw/menu5/showoutline.asp?SYEAR=114&SEM=2&CrsDat=IGPE553&Crsname=全球教育領導,,,False,教人全英碩,IGPE553,0,不分班,"全球教育領導
LEADERSHIP IN GLOBAL EDUCATION",3,期,False,20,0,0,20,艾玲,"一8,6,7(社SS 2006)","['678', '', '', '', '', '', '']",《講授類》,[],True
https://selcrs.nsysu.edu.tw/menu5/showoutline.asp?SYEAR=114&SEM=2&CrsDat=IGPE555&Crsname=弱勢年輕成人,,,False,教人全英碩,IGPE555,0,不分班,"弱勢年輕成人
MARGINALIZATION IN EMERGING AND YOUNG ADULTHOOD",3,期,False,20,0,0,20,陳威霖,"四8,9,7(社SS 2002-2)","['', '', '', '789', '', '', '']",《講授類》,[],True
https://selcrs.nsysu.edu.tw/menu5/showoutline.asp?SYEAR=114&SEM=2&CrsDat=IGPE556&Crsname=跨領域對話教育研究,,,False,教人全英碩,IGPE556,0,不分班,"跨領域對話教育研究
RESEARCH ON INTERDISCIPLINARY DIALOGIC EDUCATION",3,期,False,30,0,0,30,張至慶,"五2,3,4(社SS 2002-1)","['', '', '', '', '234', '', '']",《講授類》,[],True
https://selcrs.nsysu.edu.tw/menu5/showoutline.asp?SYEAR=114&SEM=2&CrsDat=ISI501&Crsname=地方創生研究與實踐,,,False,社會創新所,ISI501,0,不分班,"地方創生研究與實踐
STUDY AND PRACTICE ON REGIONAL REVITALIZATION",3,期,False,30,0,0,30,楊士奇,"三5,6,7(西SW 1003)","['', '', '567', '', '', '', '']",《講授類》,[],False
https://selcrs.nsysu.edu.tw/menu5/showoutline.asp?SYEAR=114&SEM=2&CrsDat=ISI511&Crsname=社會創新與教育創業,,,False,社會創新所,ISI511,0,不分班,"社會創新與教育創業
SOCIAL INNOVATION AND EDUCATIONAL ENTREPRENEURSHIP",3,期,False,30,0,0,30,游銘仁,"五8,6,7(西SW 1004)","['', '', '', '', '678', '', '']",《講授類》,[],False
https://selcrs.nsysu.edu.tw/menu5/showoutline.asp?SYEAR=114&SEM=2&CrsDat=ISI516&Crsname=地方、草根創新與永續轉型,,,False,社會創新所,ISI516,0,不分班,"地方、草根創新與永續轉型
PLACE AND GRASSROOTS INNOVATIONS FOR SUSTAINABILITY TRANSITIONS",3,期,False,30,0,0,30,賴慧玲,"三2,3,4(西SW 1004)","['', '', '234', '', '', '', '']",《講授類》,[],False
https://selcrs.nsysu.edu.tw/menu5/showoutline.asp?SYEAR=114&SEM=2&CrsDat=ISI523&Crsname=研究方法論,,,False,社會創新所,ISI523,1,不分班,"研究方法論
RESEARCH METHODOLOGY",3,期,True,30,0,0,30,陳德容,"四8,6,7(西SW 1003)","['', '', '', '678', '', '', '']",《講授類》,[],False
https://selcrs.nsysu.edu.tw/menu5/showoutline.asp?SYEAR=114&SEM=2&CrsDat=ISI624&Crsname=社會創新專題研究（二）,,,False,社會創新所,ISI624,2,不分班,"社會創新專題研究（二）
INDEPENDENT STUDIES IN SOCIAL INNOVATION（II）",3,期,True,10,0,0,10,游銘仁,"一2,3,4(西SW 1003)","['234', '', '', '', '', '', '']",《獨立研究》,[],False
https://selcrs.nsysu.edu.tw/menu5/showoutline.asp?SYEAR=114&SEM=2&CrsDat=ISI624A&Crsname=社會創新專題研究（二）,,,False,社會創新所,ISI624A,2,不分班,"社會創新專題研究（二）
INDEPENDENT STUDIES IN SOCIAL INNOVATION（II）",3,期,True,10,0,0,10,洪世謙,"一2,3,4(西SW 1004)","['234', '', '', '', '', '', '']",《獨立研究》,[],False
https://selcrs.nsysu.edu.tw/menu5/showoutline.asp?SYEAR=114&SEM=2&CrsDat=ISI624B&Crsname=社會創新專題研究（二）,,,False,社會創新所,ISI624B,2,不分班,"社會創新專題研究（二）
INDEPENDENT STUDIES IN SOCIAL INNOVATION（II）",3,期,True,10,0,0,10,楊士奇,"二2,3,4(西SW 1003)","['', '234', '', '', '', '', '']",《獨立研究》,[],False
https://selcrs.nsysu.edu.tw/menu5/showoutline.asp?SYEAR=114&SEM=2&CrsDat=ISI624C&Crsname=社會創新專題研究（二）,,,False,社會創新所,ISI624C,2,不分班,"社會創新專題研究（二）
INDEPENDENT STUDIES IN SOCIAL INNOVATION（II）",3,期,True,10,0,0,10,陳德容,"二5,6,7(西SW 1004)","['', '567', '', '', '', '', '']",《獨立研究》,[],False
https://selcrs.nsysu.edu.tw/menu5/showoutline.asp?SYEAR=114&SEM=2&CrsDat=ISI624D&Crsname=社會創新專題研究（二）,,,False,社會創新所,ISI624D,2,不分班,"社會創新專題研究（二）
INDEPENDENT STUDIES IN SOCIAL INNOVATION（II）",3,期,True,10,0,0,10,賴慧玲,"五2,3,4(西SW 1003)","['', '', '', '', '234', '', '']",《獨立研究》,[],False
https://selcrs.nsysu.edu.tw/menu5/showoutline.asp?SYEAR=114&SEM=2&CrsDat=IBMS525&Crsname=生物資訊學,,,False,生醫碩,IBMS525,0,不分班,"生物資訊學
BIOINFORMATICS",3,期,False,40,0,0,40,薛佑玲,"一2,3,4(國IR 5001)","['234', '', '', '', '', '', '']",《講授類》,[],True
https://selcrs.nsysu.edu.tw/menu5/showoutline.asp?SYEAR=114&SEM=2&CrsDat=IBMS601&Crsname=書報討論（二）,,,False,生醫碩,IBMS601,1,不分班,"書報討論（二）
SEMINAR(II)",1,期,True,20,0,0,20,鄭光宏,一5(國IR 5001),"['5', '', '', '', '', '', '']",《講授類》,[],True
https://selcrs.nsysu.edu.tw/menu5/showoutline.asp?SYEAR=114&SEM=2&CrsDat=IBMS602&Crsname=書報討論（四）,,,False,生醫碩,IBMS602,2,不分班,"書報討論（四）
SEMINARS (IV)",1,期,True,20,0,0,20,"楊仁豪,薛佑玲",一5(國IR 5004),"['5', '', '', '', '', '', '']",《講授類》,[],False
https://selcrs.nsysu.edu.tw/menu5/showoutline.asp?SYEAR=114&SEM=2&CrsDat=IBMS604&Crsname=抗癌藥物研發專題研究（二）,,,False,生醫碩,IBMS604,0,不分班,"抗癌藥物研發專題研究（二）
INDEPENDENT STUDIES IN ANTI-CANCER DRUG DEVELOPMENT(II)",3,期,False,10,0,0,10,許晉銓,"二5,6,7(國IR 5004)","['', '567', '', '', '', '', '']",《獨立研究》,[],False
https://selcrs.nsysu.edu.tw/menu5/showoutline.asp?SYEAR=114&SEM=2&CrsDat=IBMS605&Crsname=新陳代謝專題研究（二）,,,False,生醫碩,IBMS605,0,不分班,"新陳代謝專題研究（二）
SPECIAL TOPICS ON METABOLISM(II)",3,期,False,10,0,0,10,戴明泓,"一2,3,4(國IR 5004)","['234', '', '', '', '', '', '']",《獨立研究》,[],False
https://selcrs.nsysu.edu.tw/menu5/showoutline.asp?SYEAR=114&SEM=2&CrsDat=IBMS606&Crsname=序列分析資訊開採專題研究（二）,,,False,生醫碩,IBMS606,0,不分班,"序列分析資訊開採專題研究（二）
INDEPENDENT STUDIES IN SEQUENCE ANALYSIS AND DATA MINING (II)",3,期,False,10,0,0,10,薛佑玲,"五3,5,7(國IR 4005)","['', '', '', '', '357', '', '']",《獨立研究》,[],False
https://selcrs.nsysu.edu.tw/menu5/showoutline.asp?SYEAR=114&SEM=2&CrsDat=IBMS607&Crsname=癌症專題研究（二）,,,False,生醫碩,IBMS607,0,不分班,"癌症專題研究（二）
INDEPENDENT STUDIES IN CANCER(II)",3,期,False,10,0,0,10,張玉泉,"一8,9,7(國IR 5001)","['789', '', '', '', '', '', '']",《獨立研究》,[],False
https://selcrs.nsysu.edu.tw/menu5/showoutline.asp?SYEAR=114&SEM=2&CrsDat=IBMS608&Crsname=基因專題研究（二）,,,False,生醫碩,IBMS608,0,不分班,"基因專題研究（二）
INDEPENDENT STUDIES IN GENES(II)",3,期,False,20,0,0,20,楊仁豪,"三5,6,7(國IR 5005)","['', '', '567', '', '', '', '']",《獨立研究》,[],False
https://selcrs.nsysu.edu.tw/menu5/showoutline.asp?SYEAR=114&SEM=2&CrsDat=IBMS609&Crsname=癌症幹細胞生物學專題研究（二）,,,False,生醫碩,IBMS609,0,不分班,"癌症幹細胞生物學專題研究（二）
SPECIAL TOPICS IN CANCER AND STEM CELL(II)",3,期,False,10,0,0,10,鄭光宏,"五8,6,7(國IR 5001)","['', '', '', '', '678', '', '']",《獨立研究》,[],False
https://selcrs.nsysu.edu.tw/menu5/showoutline.asp?SYEAR=114&SEM=2&CrsDat=IBMS626&Crsname=生技產業現況與展望,,,False,生醫碩,IBMS626,0,不分班,"生技產業現況與展望
THE CURRENT AND FUTURE PROSPECTS OF BIOTECH INDUSTRIES",3,期,False,20,0,0,20,戴明泓,"三2,3,4(國IR 5005)","['', '', '234', '', '', '', '']",《講授類》,[],False
https://selcrs.nsysu.edu.tw/menu5/showoutline.asp?SYEAR=114&SEM=2&CrsDat=IBMS627&Crsname=創新人類疾病動物模式研究,,,False,生醫碩,IBMS627,0,不分班,"創新人類疾病動物模式研究
INNOVATIONS IN HUMAN DISEASE MODELING",3,期,False,50,0,0,50,鄭光宏,"二2,3,4(國IR 5001)","['', '234', '', '', '', '', '']",《講授類》,[],True
https://selcrs.nsysu.edu.tw/menu5/showoutline.asp?SYEAR=114&SEM=2&CrsDat=IBMS628&Crsname=細胞遷移與疾病,,,False,生醫碩,IBMS628,0,不分班,"細胞遷移與疾病
CELL MIGRATION AND DISEASES",3,期,False,20,0,0,20,張玉泉,"五2,3,4(國IR 5001)","['', '', '', '', '234', '', '']",《講授類》,[],False
https://selcrs.nsysu.edu.tw/menu5/showoutline.asp?SYEAR=114&SEM=2&CrsDat=IBMS630&Crsname=mRNA 疫苗與 RNA 醫藥應用,,,False,生醫碩,IBMS630,0,不分班,"mRNA 疫苗與 RNA 醫藥應用
MRNA VACCINE AND RNA THERAPEUTICS",3,期,False,20,0,0,20,"楊仁豪,賴至人","一2,3,4(國IR 5003)","['234', '', '', '', '', '', '']",《講授類》,[],True
https://selcrs.nsysu.edu.tw/menu5/showoutline.asp?SYEAR=114&SEM=2&CrsDat=IBMS635&Crsname=RNA在疾病的應用：RNA次世代定序技術與定序資料的分析,,,False,生醫碩,IBMS635,0,不分班,"RNA在疾病的應用：RNA次世代定序技術與定序資料的分析
APPLICATIONS OF RNA IN DISEASE: RNA SEQUENCING AND DATA ANALYSIS",3,期,False,20,0,0,20,楊仁豪,"五2,3,4(國IR 5004)","['', '', '', '', '234', '', '']",《講授類》,[],True
https://selcrs.nsysu.edu.tw/menu5/showoutline.asp?SYEAR=114&SEM=2&CrsDat=IMST502&Crsname=書報討論（二）,,,False,醫科碩,IMST502,1,不分班,"書報討論（二）
SEMINAR (II)",1,期,True,50,0,0,50,廖子嫻,三6(國IR 5002),"['', '', '6', '', '', '', '']",《研討類》,[],False
https://selcrs.nsysu.edu.tw/menu5/showoutline.asp?SYEAR=114&SEM=2&CrsDat=BM503&Crsname=生產與作業管理,,,False,企企管碩,BM503,0,,"生產與作業管理
PRODUCTIONS AND OPERATIONS MANAGEMENT",3,期,False,50,0,0,50,彭聖翔,"五C,D,E(管CM 4069)","['', '', '', '', 'CDE', '', '']",《講授類》,[],False
https://selcrs.nsysu.edu.tw/menu5/showoutline.asp?SYEAR=114&SEM=2&CrsDat=BM503&Crsname=生產與作業管理,,,False,企企管碩,BM503,0,,"生產與作業管理
PRODUCTIONS AND OPERATIONS MANAGEMENT",3,期,False,50,0,0,50,彭聖翔,"五C,D,E(管CM 4069)","['', '', '', '', 'CDE', '', '']","《講授類》
企業管理組;",[],False
https://selcrs.nsysu.edu.tw/menu5/showoutline.asp?SYEAR=114&SEM=2&CrsDat=BM503&Crsname=生產與作業管理,,,False,企企管碩,BM503,0,,"生產與作業管理
PRODUCTIONS AND OPERATIONS MANAGEMENT",3,期,False,50,0,0,50,彭聖翔,"五C,D,E(管CM 4069)","['', '', '', '', 'CDE', '', '']",《講授類》,[],False
https://selcrs.nsysu.edu.tw/menu5/showoutline.asp?SYEAR=114&SEM=2&CrsDat=BM504&Crsname=行銷管理與研究,,,False,企企管碩,BM504,0,,"行銷管理與研究
MARKETING MANAGEMENT AND RESEARCH",3,期,False,50,0,0,50,張純端,"四2,3,4(管CM 3022)","['', '', '', '234', '', '', '']",《講授類》,[],True
https://selcrs.nsysu.edu.tw/menu5/showoutline.asp?SYEAR=114&SEM=2&CrsDat=BM504&Crsname=行銷管理與研究,,,False,企企管碩,BM504,0,,"行銷管理與研究
MARKETING MANAGEMENT AND RESEARCH",3,期,False,50,0,0,50,張純端,"四2,3,4(管CM 3022)","['', '', '', '234', '', '', '']",《講授類》,[],True
https://selcrs.nsysu.edu.tw/menu5/showoutline.asp?SYEAR=114&SEM=2&CrsDat=BM504&Crsname=行銷管理與研究,,,False,企企管碩,BM504,0,,"行銷管理與研究
MARKETING MANAGEMENT AND RESEARCH",3,期,False,50,0,0,50,張純端,"四2,3,4(管CM 3022)","['', '', '', '234', '', '', '']","《講授類》
企業管理組;",[],True
https://selcrs.nsysu.edu.tw/menu5/showoutline.asp?SYEAR=114&SEM=2&CrsDat=BM505&Crsname=財務管理與研究,,,False,企企管碩,BM505,0,,"財務管理與研究
FINANCIAL MANAGEMENT & RESEARCH",3,期,False,50,0,0,50,彭聰敏,"五E(管CM  1032) 五C,D(管CM 1032)","['', '', '', '', 'CDE', '', '']",《講授類》,[],True
https://selcrs.nsysu.edu.tw/menu5/showoutline.asp?SYEAR=114&SEM=2&CrsDat=BM505&Crsname=財務管理與研究,,,False,企企管碩,BM505,0,,"財務管理與研究
FINANCIAL MANAGEMENT & RESEARCH",3,期,False,50,0,0,50,彭聰敏,"五E(管CM  1032) 五C,D(管CM 1032)","['', '', '', '', 'CDE', '', '']",《講授類》,[],True
https://selcrs.nsysu.edu.tw/menu5/showoutline.asp?SYEAR=114&SEM=2&CrsDat=BM505&Crsname=財務管理與研究,,,False,企企管碩,BM505,0,,"財務管理與研究
FINANCIAL MANAGEMENT & RESEARCH",3,期,False,50,0,0,50,彭聰敏,"五E(管CM  1032) 五C,D(管CM 1032)","['', '', '', '', 'CDE', '', '']","《講授類》
企業管理組;",[],True
https://selcrs.nsysu.edu.tw/menu5/showoutline.asp?SYEAR=114&SEM=2&CrsDat=BM519&Crsname=孫子兵法策略原理,,,False,企企管碩,BM519,0,,"孫子兵法策略原理
STRATEGIC PRINCIPLES IN THE ART OF WAR OF SUN-ZI",3,期,False,50,0,0,50,莊旺川,"二C,D,E(管CM 3017)","['', 'CDE', '', '', '', '', '']",《講授類》,[],False
https://selcrs.nsysu.edu.tw/menu5/showoutline.asp?SYEAR=114&SEM=2&CrsDat=MBR556&Crsname=海洋總體基因體學,,,False,海資碩,MBR556,1,,"海洋總體基因體學
MARINE METAGENOMICS",2,期,False,50,0,0,50,"劉勃佑,林梅芳","三3,4(海MB 2009)","['', '', '34', '', '', '', '']",《講授類》,[],True
https://selcrs.nsysu.edu.tw/menu5/showoutline.asp?SYEAR=114&SEM=2&CrsDat=MBR561&Crsname=物種和生態系統對氣候變遷反應的動態,,,False,海資碩,MBR561,1,,"物種和生態系統對氣候變遷反應的動態
DYNAMICS OF SPECIES AND ECOSYSTEM RESPONSE TO CLIMATE CHANGE",2,期,False,50,0,0,50,水晶,"四3,4(海MB 2009)","['', '', '', '34', '', '', '']",《講授類》,[],True
https://selcrs.nsysu.edu.tw/menu5/showoutline.asp?SYEAR=114&SEM=2&CrsDat=MBR574&Crsname=海洋分子生態學,,,False,海資碩,MBR574,1,,"海洋分子生態學
MARINE MOLECULAR ECOLOGY",3,期,False,50,0,0,50,"塗子萱,林梅芳,林秀瑾","五2,3,4(海MB 2016)","['', '', '', '', '234', '', '']",《講授類》,[],True
https://selcrs.nsysu.edu.tw/menu5/showoutline.asp?SYEAR=114&SEM=2&CrsDat=MBR593&Crsname=海洋生物多樣性與保育（二）,,,True,海資碩,MBR593,1,,"海洋生物多樣性與保育（二）
MARINE BIODIVERSITY AND CONSERVATION （2）",2,期,True,50,0,0,50,"劉商隱,水晶","二3,4(海MB 2009)","['', '34', '', '', '', '', '']",《講授類》,[],True
https://selcrs.nsysu.edu.tw/menu5/showoutline.asp?SYEAR=114&SEM=2&CrsDat=MBR598&Crsname=海洋天然物與化學分析（二）,,,True,海資碩,MBR598,1,,"海洋天然物與化學分析（二）
MARINE NATURAL PRODUCTS AND CHEMICAL ANALYSIS II",2,期,True,50,0,0,50,廖志中,"五3,4(海MB 3013)","['', '', '', '', '34', '', '']",《講授類》,[],True
https://selcrs.nsysu.edu.tw/menu5/showoutline.asp?SYEAR=114&SEM=2&CrsDat=MAEV523&Crsname=海洋系統模擬（二）,,,False,海工碩,MAEV523,1,,"海洋系統模擬（二）
MARINE SYSTEM MODELING (II)",3,期,False,50,0,0,50,歐雅森,"三5,6,7(海ME 2002)","['', '', '567', '', '', '', '']",《講授類》,[],True
https://selcrs.nsysu.edu.tw/menu5/showoutline.asp?SYEAR=114&SEM=2&CrsDat=MAEV542&Crsname=海洋結構動力學,,,False,海工碩,MAEV542,1,,"海洋結構動力學
STRUCTURE DYNAMICS IN OCEAN ENGINEERING",3,期,False,50,0,0,50,詹鵬台,"三2,3,4(海ME 2002)","['', '', '234', '', '', '', '']",《講授類》,[],True
https://selcrs.nsysu.edu.tw/menu5/showoutline.asp?SYEAR=114&SEM=2&CrsDat=MAEV557&Crsname=廢水生物處理方法,,,False,海工碩,MAEV557,1,,"廢水生物處理方法
BIOLOGICAL TREATMENT FOR WASTEWATER",3,期,False,50,0,0,50,卓宴琳,"三5,6,7(海ME 3005)","['', '', '567', '', '', '', '']",《講授類》,[],True
https://selcrs.nsysu.edu.tw/menu5/showoutline.asp?SYEAR=114&SEM=2&CrsDat=MAEV572&Crsname=海洋流體力學,,,False,海工碩,MAEV572,1,,"海洋流體力學
OCEAN FLUID MECHANICS",3,期,False,50,0,0,50,歐雅森,"一8,6,7(海ME 2002)","['678', '', '', '', '', '', '']",《講授類》,[],True
https://selcrs.nsysu.edu.tw/menu5/showoutline.asp?SYEAR=114&SEM=2&CrsDat=MAEV628&Crsname=紊流學,,,False,海工碩,MAEV628,1,,"紊流學
TURBULENCE",3,期,False,50,0,0,50,歐雅森,"二8,6,7(海ME 2002)","['', '678', '', '', '', '', '']",《講授類》,[],True
https://selcrs.nsysu.edu.tw/menu5/showoutline.asp?SYEAR=114&SEM=2&CrsDat=MAEV661&Crsname=類神經網路,,,False,海工碩,MAEV661,1,,"類神經網路
ARTIFICIAL NEURAL NETWORKS",3,期,False,50,0,0,50,鍾秉宸,"二5,6,7(海ME 3005)","['', '567', '', '', '', '', '']",《講授類》,[],True
https://selcrs.nsysu.edu.tw/menu5/showoutline.asp?SYEAR=114&SEM=2&CrsDat=MAEV663&Crsname=機器學習於海洋環境管理之應用,,,False,海工碩,MAEV663,1,,"機器學習於海洋環境管理之應用
APPLIED MACHINE LEARNING FOR MARINE ENVIRONMENTAL MANAGEMENT",3,期,False,50,0,0,50,夏沛亞,"五2,3,4(海ME 2002)","['', '', '', '', '234', '', '']",《講授類》,[],True
https://selcrs.nsysu.edu.tw/menu5/showoutline.asp?SYEAR=114&SEM=2&CrsDat=MA583&Crsname=海洋法,,,False,海事碩,MA583,0,,"海洋法
LAW OF THE SEA",3,期,False,50,0,0,50,高世明,"五D,E,F(海MA 2034)","['', '', '', '', 'DEF', '', '']",《講授類》,[],True
https://selcrs.nsysu.edu.tw/menu5/showoutline.asp?SYEAR=114&SEM=2&CrsDat=MA628&Crsname=海洋政策與資源之經濟分析,,,False,海事碩,MA628,0,,"海洋政策與資源之經濟分析
ECONOMIC ANALYSIS FOR MARINE POLICY AND NATURAL RESOURCE",3,期,False,50,0,0,50,劉子銘,"二B,5,6(海MA 1020)","['', 'B56', '', '', '', '', '']",《講授類》,[],True
https://selcrs.nsysu.edu.tw/menu5/showoutline.asp?SYEAR=114&SEM=2&CrsDat=MA633&Crsname=整合性海洋與海岸管理（二）：實務面向,,,False,海事碩,MA633,0,,"整合性海洋與海岸管理（二）：實務面向
INTEGRATED OCEAN AND COASTAL MANAGEMENT (Ⅱ): PRACTICAL DIMENSION",3,期,False,50,0,0,50,張懿,"四5,6,7(海MA 2034)","['', '', '', '567', '', '', '']",《講授類》,[],True
https://selcrs.nsysu.edu.tw/menu5/showoutline.asp?SYEAR=114&SEM=2&CrsDat=DO627&Crsname=高等古海洋學,,,False,海科碩,DO627,0,,"高等古海洋學
ADVANCED PALEOCEANOGRAPHY",3,期,False,50,0,0,50,張詠斌,"五8,6,7(海MA 2009)","['', '', '', '', '678', '', '']",《講授類》,[],True
https://selcrs.nsysu.edu.tw/menu5/showoutline.asp?SYEAR=114&SEM=2&CrsDat=DO685&Crsname=海洋生物專題討論（二）,,,True,海科碩,DO685,1,,"海洋生物專題討論（二）
SEMINAR IN MARINE BIOLOGY (II)",1,期,True,50,0,0,50,托星豪,三6(海MA 2009),"['', '', '6', '', '', '', '']",《研討類》,[],True
https://selcrs.nsysu.edu.tw/menu5/showoutline.asp?SYEAR=114&SEM=2&CrsDat=DO687&Crsname=海洋生物專題討論（四）,,,False,海科碩,DO687,0,,"海洋生物專題討論（四）
SEMINAR IN MARINE BIOLOGY (IV)",1,期,False,50,0,0,50,陳慶能,三7(海MA 2009),"['', '', '7', '', '', '', '']",《研討類》,[],True
https://selcrs.nsysu.edu.tw/menu5/showoutline.asp?SYEAR=114&SEM=2&CrsDat=DO701&Crsname=進階科學英文,,,False,海科碩,DO701,0,,"進階科學英文
ADVANCED SCIENTIFIC ENGLISH",3,期,False,50,0,0,50,王敬湧,"四2,3,4(海MA 2009)","['', '', '', '234', '', '', '']","《講授類》
與DO405併班上課。",[],True
https://selcrs.nsysu.edu.tw/menu5/showoutline.asp?SYEAR=114&SEM=2&CrsDat=DO715&Crsname=海洋無脊椎生物學,,,False,海科碩,DO715,0,,"海洋無脊椎生物學
MARINE INVERTEBRATE BIOLOGY",3,期,False,50,0,0,50,熊寶兒,"四5,6,7(海MA 2022)","['', '', '', '567', '', '', '']",《講授類》,[],True
https://selcrs.nsysu.edu.tw/menu5/showoutline.asp?SYEAR=114&SEM=2&CrsDat=DO724&Crsname=科學倫理導論,,,False,海科碩,DO724,0,,"科學倫理導論
INTRODUCTION TO SCIENCE ETHICS",2,期,False,50,0,0,50,熊寶兒,"五6,7(海MA 2022)","['', '', '', '', '67', '', '']","《講授類》
與DO409併班上課。",[],True
https://selcrs.nsysu.edu.tw/menu5/showoutline.asp?SYEAR=114&SEM=2&CrsDat=UT532&Crsname=工程機率與統計,,,False,海下科技碩,UT532,0,,"工程機率與統計
PROBABILITY AND STATISTICS IN ENGINEERING",3,期,False,50,0,0,50,周佑誠,"四2,3,4(海MA 2052)","['', '', '', '234', '', '', '']",《講授類》,[],True
https://selcrs.nsysu.edu.tw/menu5/showoutline.asp?SYEAR=114&SEM=2&CrsDat=UT539&Crsname=基礎水中聲學,,,False,海下科技碩,UT539,0,,"基礎水中聲學
FUNDAMENTAL UNDERWATER ACOUSTICS",3,期,False,50,0,0,50,邱永盛,"四8,6,7(海MA 2052)","['', '', '', '678', '', '', '']",《講授類》,[],True
https://selcrs.nsysu.edu.tw/menu5/showoutline.asp?SYEAR=114&SEM=2&CrsDat=UT541&Crsname=電子電路與控制,,,False,海下科技碩,UT541,0,,"電子電路與控制
ELECTRONICS AND CONTROLS",3,期,False,50,0,0,50,謝孟璋,"五2,3,4(海MA 2052)","['', '', '', '', '234', '', '']",《講授類》,[],True
https://selcrs.nsysu.edu.tw/menu5/showoutline.asp?SYEAR=114&SEM=2&CrsDat=MEC521&Crsname=水產資源概論,,,False,海生保育碩,MEC521,0,,"水產資源概論
INTRODUCTION TO FISHERIES RESOURCES",2,期,False,30,0,0,30,林裕䕒,"五3,4(海MA 2003)","['', '', '', '', '34', '', '']",《講授類》,[],False
https://selcrs.nsysu.edu.tw/menu5/showoutline.asp?SYEAR=114&SEM=2&CrsDat=HRM947&Crsname=研發管理,,,False,人管碩專,HRM947,0,,"研發管理
R&D MANAGEMENT",3,期,False,28,0,0,28,陳旻男,"四C,D,E(管CM 3043)","['', '', '', 'CDE', '', '', '']",《講授類》,[],False
https://selcrs.nsysu.edu.tw/menu5/showoutline.asp?SYEAR=114&SEM=2&CrsDat=HRM948&Crsname=服務創新,,,False,人管碩專,HRM948,0,,"服務創新
SERVICE INNOVATION",3,期,False,50,0,0,50,陳旻男,"三D,E,F(管CM 3044)","['', '', 'DEF', '', '', '', '']",《講授類》,[],True
https://selcrs.nsysu.edu.tw/menu5/showoutline.asp?SYEAR=114&SEM=2&CrsDat=HRM969&Crsname=商業個案研究,,,False,人管碩專,HRM969,0,,"商業個案研究
BUSINESS CASE STUDIES",3,期,False,28,0,0,28,葉致微,"五C,D,E(管CM 3043)","['', '', '', '', 'CDE', '', '']",《講授類》,[],False
https://selcrs.nsysu.edu.tw/menu5/showoutline.asp?SYEAR=114&SEM=2&CrsDat=HRM976&Crsname=人工智慧在測驗下的相關應用與發展,,,False,人管碩專,HRM976,0,,"人工智慧在測驗下的相關應用與發展
RELEVANT APPLICATIONS AND DEVELOPMENT OF ARTIFICIAL INTELLIGENCE IN MEASUREMENT",3,期,False,15,0,0,15,鄭怡玲,"日8,6,7(管CM 1036)","['', '', '', '', '', '', '678']",《研討類》,[],False
https://selcrs.nsysu.edu.tw/menu5/showoutline.asp?SYEAR=114&SEM=2&CrsDat=HRM983&Crsname=策略管理,,,False,人管碩專,HRM983,0,,"策略管理
STRATEGIC MANAGEMENT",3,期,False,28,0,0,28,陳寶蓮,"六8,6,7(管CM 3043)","['', '', '', '', '', '678', '']",《講授類》,[],False
https://selcrs.nsysu.edu.tw/menu5/showoutline.asp?SYEAR=114&SEM=2&CrsDat=HRM995&Crsname=雇主品牌行銷管理,,,False,人管碩專,HRM995,0,,"雇主品牌行銷管理
EMPLOYER BRANDING AND MARKETING MANAGEMENT",3,期,False,28,0,0,28,楊文芬,"日C,D,E(管CM 3043)","['', '', '', '', '', '', 'CDE']",《講授類》,[],False
https://selcrs.nsysu.edu.tw/menu5/showoutline.asp?SYEAR=114&SEM=2&CrsDat=HRMA913&Crsname=人力資源管理,,,False,人亞碩專,HRMA913,0,,"人力資源管理
HUMAN RESOURCE MANAGEMENT",3,期,False,50,0,0,50,謝慧賢,"一C,D,E(管CM 1036)","['CDE', '', '', '', '', '', '']",《講授類》,[],False
https://selcrs.nsysu.edu.tw/menu5/showoutline.asp?SYEAR=114&SEM=2&CrsDat=HRMA916&Crsname=量化研究方法,,,False,人亞碩專,HRMA916,0,,"量化研究方法
QUANTITATIVE RESEARCH METHODS",3,期,False,50,0,0,50,"李澄賢,王豫萱,陳旻男","六C,D,E(管CM 3051)","['', '', '', '', '', 'CDE', '']",《講授類》,[],False
https://selcrs.nsysu.edu.tw/menu5/showoutline.asp?SYEAR=114&SEM=2&CrsDat=HRMA955&Crsname=永續轉型與變革管理,,,False,人亞碩專,HRMA955,0,,"永續轉型與變革管理
SUSTAINABILITY TRANSITION AND ORGANIZATIONAL CHANGE",3,期,False,50,0,0,50,何佳澔,"六8,6,7(管CM 1037)","['', '', '', '', '', '678', '']",《講授類》,[],False
https://selcrs.nsysu.edu.tw/menu5/showoutline.asp?SYEAR=114&SEM=2&CrsDat=HRMA971&Crsname=策略性人力資源管理,,,False,人亞碩專,HRMA971,0,,"策略性人力資源管理
STRATEGIC HUMAN RESOURCE MANAGEMENT",3,期,False,50,0,0,50,陳寶蓮,"日2,3,4(管CM 2037)","['', '', '', '', '', '', '234']","《講授類》
限修過策略管理相關課程選修",[],False
https://selcrs.nsysu.edu.tw/menu5/showoutline.asp?SYEAR=114&SEM=2&CrsDat=MIS703&Crsname=研究方法（二）,,,False,資管博,MIS703,1,,"研究方法（二）
RESEARCH METHODOLOGY(II)",3,期,True,50,0,0,50,邱兆民,"一8,6,7(管CM 2016)","['678', '', '', '', '', '', '']",《講授類》,[],False
