url,change,changeDescription,multipleCompulsory,department,id,grade,class,name,credit,yearSemester,compulsory,restrict,select,selected,remaining,teacher,room,classTime,description,tags,english
https://selcrs.nsysu.edu.tw/menu5/showoutline.asp?SYEAR=115&SEM=1&CrsDat=STP101&Crsname=教育心理學,,,False,中學學程,STP101,0,不分班,"教育心理學
EDUCATIONAL PSYCHOLOGY",2,期,False,50,0,0,50,馮雅群,"三3,4(社SS 2006)","['', '', '34', '', '', '', '']","《講授類》
本課程為教育學程課程。",[],False
https://selcrs.nsysu.edu.tw/menu5/showoutline.asp?SYEAR=115&SEM=1&CrsDat=STP104&Crsname=教學原理,,,False,中學學程,STP104,0,不分班,"教學原理
PRINCIPLES OF TEACHING",2,期,False,50,0,0,50,陳威霖,"四B,5(社SS 2006)","['', '', '', 'B5', '', '', '']","《講授類》
本課程為教育學程課程，雙語授課。如欲採計為雙語次專長學分，須於申請通過後始得採計。",[],False
https://selcrs.nsysu.edu.tw/menu5/showoutline.asp?SYEAR=115&SEM=1&CrsDat=STP105&Crsname=輔導原理與實務,,,False,中學學程,STP105,0,不分班,"輔導原理與實務
THEORY AND PRACTICE OF GUIDANCE",2,期,False,50,0,0,50,鄭雯,"一8,9(社SS 2001)","['89', '', '', '', '', '', '']","《講授類》
本課程為教育學程課程。",[],False
https://selcrs.nsysu.edu.tw/menu5/showoutline.asp?SYEAR=115&SEM=1&CrsDat=STP110&Crsname=教育概論,,,False,中學學程,STP110,0,不分班,"教育概論
INTRODUCTION TO EDUCATION",2,期,False,50,0,0,50,張至慶,"四3,4(社SS 2005)","['', '', '', '34', '', '', '']","《講授類》
本課程為教育學程課程，雙語授課。如欲採計為雙語次專長學分，須於申請通過後始得採計。",[],False
https://selcrs.nsysu.edu.tw/menu5/showoutline.asp?SYEAR=115&SEM=1&CrsDat=STP117&Crsname=班級經營,,,False,中學學程,STP117,0,不分班,"班級經營
CLASSROOM MANAGEMENT",2,期,False,50,0,0,50,陳利銘,"二3,4(社SS 2001)","['', '34', '', '', '', '', '']","《講授類》
本課程為教育學程課程。",[],False
https://selcrs.nsysu.edu.tw/menu5/showoutline.asp?SYEAR=115&SEM=1&CrsDat=STP121&Crsname=性別教育,,,False,中學學程,STP121,0,不分班,"性別教育
GENDER EDUCATION",2,期,False,25,0,0,25,"宋呈澔,林靜慧","三3,4(社SS 2001)","['', '', '34', '', '', '', '']","《講授類》
本課程為教育學程課程。",[],False
https://selcrs.nsysu.edu.tw/menu5/showoutline.asp?SYEAR=115&SEM=1&CrsDat=STP123&Crsname=教學媒體與運用,,,False,中學學程,STP123,0,不分班,"教學媒體與運用
THE USE OF INSTRUCTIONAL MEDIA",2,期,False,50,0,0,50,陳菁徽,"五3,4(社SS 2006)","['', '', '', '', '34', '', '']","《講授類》
本課程為教育學程課程。",[],False
https://selcrs.nsysu.edu.tw/menu5/showoutline.asp?SYEAR=115&SEM=1&CrsDat=STP170&Crsname=心理學,,,False,中學學程,STP170,0,不分班,"心理學
INTRODUCTION TO PSYCHOLOGY",3,期,False,10,0,0,10,邱文彬,"一5,6,7(社SS 2001)","['567', '', '', '', '', '', '']","《講授類》
本課程為教育學程課程",[],False
https://selcrs.nsysu.edu.tw/menu5/showoutline.asp?SYEAR=115&SEM=1&CrsDat=STP173&Crsname=教育行政,,,False,中學學程,STP173,0,不分班,"教育行政
EDUCATIONAL ADMINISTRATION",2,期,False,50,0,0,50,林靜慧,"一3,4(社SS 2006)","['34', '', '', '', '', '', '']","《講授類》
本課程為教育學程課程。",[],False
https://selcrs.nsysu.edu.tw/menu5/showoutline.asp?SYEAR=115&SEM=1&CrsDat=STP174&Crsname=環境教育,,,False,中學學程,STP174,0,不分班,"環境教育
ENVIROMENTAL EDUCATION",2,期,False,20,0,0,20,謝百淇,"三6,7(社SS 2005)","['', '', '67', '', '', '', '']","《講授類》
本課程為教育學程課程。",[],False
https://selcrs.nsysu.edu.tw/menu5/showoutline.asp?SYEAR=115&SEM=1&CrsDat=STP182&Crsname=探究與實作,,,False,中學學程,STP182,0,不分班,"探究與實作
INQUIRY AND PRACTICE",2,期,False,50,0,0,50,楊淑晴,"二8,9(社SS 2006)","['', '89', '', '', '', '', '']","《講授類》
本課程為教育學程課程",[],False
https://selcrs.nsysu.edu.tw/menu5/showoutline.asp?SYEAR=115&SEM=1&CrsDat=STP250&Crsname=適性教學,,,False,中學學程,STP250,0,不分班,"適性教學
ADAPTIVE EDUCATION",2,期,False,50,0,0,50,陳菁徽,"五5,6(社SS 2006)","['', '', '', '', '56', '', '']","《講授類》
本課程為教育學程課程。",[],False
https://selcrs.nsysu.edu.tw/menu5/showoutline.asp?SYEAR=115&SEM=1&CrsDat=STP260&Crsname=自然領域-化學科/化學專長教材教法,,,False,中學學程,STP260,0,不分班,"自然領域-化學科/化學專長教材教法
SUBJECT MATTER AND PEDAGOGY FOR SCIENCE/CHEMISTRY",2,期,False,50,0,0,50,李偉廷,"三B,5(社SS 2002-2)","['', '', 'B5', '', '', '', '']","《講授類》
本課程為中等教育學程課程，需修畢(含當學期修習)教育基礎必選課程至少4學分、教育方法必選課程至少4學分，選修至少4學分，共計12學分，始得修習本課程。",[],False
https://selcrs.nsysu.edu.tw/menu5/showoutline.asp?SYEAR=115&SEM=1&CrsDat=STP264&Crsname=自然領域-生物科/生物專長教材教法,,,False,中學學程,STP264,0,不分班,"自然領域-生物科/生物專長教材教法
SUBJECT MATTER AND PEDAGOGY FOR SCIENCE/BIOLOGY",2,期,False,50,0,0,50,王麗雅,"一8,9(社SS 2002-2)","['89', '', '', '', '', '', '']","《講授類》
本課程為中等教育學程課程，需修畢(含當學期修習)教育基礎必選課程至少4學分、教育方法必選課程至少4學分，選修至少4學分，共計12學分，始得修習本課程。",[],False
https://selcrs.nsysu.edu.tw/menu5/showoutline.asp?SYEAR=115&SEM=1&CrsDat=STP266&Crsname=語文領域-國語文專長教材教法,,,False,中學學程,STP266,0,不分班,"語文領域-國語文專長教材教法
SUBJECT MATTER AND PEDAGOGY FOR CHINESE",2,期,False,50,0,0,50,陳威霖,"五B,5(社SS 2005)","['', '', '', '', 'B5', '', '']","《講授類》
本課程為中等教育學程課程，需修畢(含當學期修習)教育基礎必選課程至少4學分、教育方法必選課程至少4學分，選修至少4學分，共計12學分，始得修習本課程。",[],False
https://selcrs.nsysu.edu.tw/menu5/showoutline.asp?SYEAR=115&SEM=1&CrsDat=STP268&Crsname=語文領域-英語文專長教材教法,,,False,中學學程,STP268,0,不分班,"語文領域-英語文專長教材教法
SUBJECT MATTER AND PEDAGOGY FOR ENGLISH",2,期,False,50,0,0,50,張宇慧,"二3,4(社SS 2002-2)","['', '34', '', '', '', '', '']","《講授類》
本課程為中等教育學程課程，需修畢(含當學期修習)教育基礎必選課程至少4學分、教育方法必選課程至少4學分，選修至少4學分，共計12學分，始得修習本課程。",[],True
https://selcrs.nsysu.edu.tw/menu5/showoutline.asp?SYEAR=115&SEM=1&CrsDat=STP270&Crsname=數學領域-數學專長教材教法,,,False,中學學程,STP270,0,不分班,"數學領域-數學專長教材教法
MATHEMATICS TEACHING METHODS",2,期,False,50,0,0,50,黃家杰,"三A,1(社SS 2002-2)","['', '', 'A1', '', '', '', '']","《講授類》
本課程為中等教育學程課程，需修畢(含當學期修習)教育基礎必選課程至少4學分、教育方法必選課程至少4學分，選修至少4學分，共計12學分，始得修習本課程。",[],False
https://selcrs.nsysu.edu.tw/menu5/showoutline.asp?SYEAR=115&SEM=1&CrsDat=STP272&Crsname=社會領域-公民與社會專長教材教法,,,False,中學學程,STP272,0,不分班,"社會領域-公民與社會專長教材教法
SUBJECT MATTER AND PEDAGOGY FOR SOCIAL STUDIES",2,期,False,50,0,0,50,張至慶,"四B,5(社SS 2002-2)","['', '', '', 'B5', '', '', '']","《講授類》
本課程為中等教育學程課程，需修畢(含當學期修習)教育基礎必選課程至少4學分、教育方法必選課程至少4學分，選修至少4學分，共計12學分，始得修習本課程。",[],False
https://selcrs.nsysu.edu.tw/menu5/showoutline.asp?SYEAR=115&SEM=1&CrsDat=STP274&Crsname=藝術領域-音樂藝術專長教材教法,,,False,中學學程,STP274,0,不分班,"藝術領域-音樂藝術專長教材教法
SUBJECT MATTER AND PEDAGOGY FOR ARTS/MUSIC",2,期,False,50,0,0,50,洪佳慧,"三3,4(社SS 2005)","['', '', '34', '', '', '', '']","《講授類》
本課程為中等教育學程課程，需修畢(含當學期修習)教育基礎必選課程至少4學分、教育方法必選課程至少4學分，選修至少4學分，共計12學分，始得修習本課程。",[],False
https://selcrs.nsysu.edu.tw/menu5/showoutline.asp?SYEAR=115&SEM=1&CrsDat=STP276&Crsname=藝術領域-表演藝術專長教材教法,,,False,中學學程,STP276,0,不分班,"藝術領域-表演藝術專長教材教法
SUBJECT MATTER AND PEDAGOGY FOR ARTS/PERFORMING ARTS",2,期,False,50,0,0,50,鍾佳玲,"三3,4(社SS 2004-3)","['', '', '34', '', '', '', '']","《講授類》
本課程為中等教育學程課程，需修畢(含當學期修習)教育基礎必選課程至少4學分、教育方法必選課程至少4學分，選修至少4學分，共計12學分，始得修習本課程。",[],False
https://selcrs.nsysu.edu.tw/menu5/showoutline.asp?SYEAR=115&SEM=1&CrsDat=STP278&Crsname=藝術領域藝術生活科-表演藝術專長教材教法,,,False,中學學程,STP278,0,不分班,"藝術領域藝術生活科-表演藝術專長教材教法
SUBJECT MATTER AND PEDAGOGY FOR ARTS AND LIFE/PERFORMING ARTS",2,期,False,50,0,0,50,鍾佳玲,"三3,4(社SS 2004-3)","['', '', '34', '', '', '', '']","《講授類》
本課程為中等教育學程課程，需修畢(含當學期修習)教育基礎必選課程至少4學分、教育方法必選課程至少4學分，選修至少4學分，共計12學分，始得修習本課程。",[],False
https://selcrs.nsysu.edu.tw/menu5/showoutline.asp?SYEAR=115&SEM=1&CrsDat=STP284&Crsname=雙語教材教法,,,False,中學學程,STP284,0,不分班,"雙語教材教法
METHODS AND MATERIALS FOR BILINGUAL EDUCATION",2,期,False,50,0,0,50,張宇慧,"二8,9(社SS 2002-2)","['', '89', '', '', '', '', '']","《講授類》
本課程為中等教育學程課程，需修畢(含當學期修習)教育基礎必選課程至少4學分、教育方法必選課程至少4學分，選修至少4學分，共計12學分，始得修習本課程。雙語授課。",[],True
https://selcrs.nsysu.edu.tw/menu5/showoutline.asp?SYEAR=115&SEM=1&CrsDat=STP291&Crsname=戶外探索教育與應用,,,False,中學學程,STP291,0,不分班,"戶外探索教育與應用
ADVENTURE EDUCATION AND IMPLEMENTATION",2,期,False,50,0,0,50,宋呈澔,"四3,4(社SS 2006)","['', '', '', '34', '', '', '']","《講授類》
本課程為教育學程課程。",[],False
https://selcrs.nsysu.edu.tw/menu5/showoutline.asp?SYEAR=115&SEM=1&CrsDat=GENL0001&Crsname=中文思辨與表達（一）,,,True,國家語言,GENL0001,0,不分班,"中文思辨與表達（一）
CRITICAL THINKING AND EXPRESSION IN CHINESE（I）",3,期,False,45,0,0,45,黃羽璿,"二2,3,4(管CM 0052)","['', '234', '', '', '', '', '']","《講授類》
本課程「加退選期間」額滿不予加簽。",[],False
https://selcrs.nsysu.edu.tw/menu5/showoutline.asp?SYEAR=115&SEM=1&CrsDat=GENL0001B&Crsname=中文思辨與表達（一）,,,True,國家語言,GENL0001B,0,不分班,"中文思辨與表達（一）
CRITICAL THINKING AND EXPRESSION IN CHINESE（I）",3,期,False,45,0,0,45,鍾志偉,"二2,3,4(理SC 0014)","['', '234', '', '', '', '', '']","《講授類》
本課程「加退選期間」額滿不予加簽。",[],False
https://selcrs.nsysu.edu.tw/menu5/showoutline.asp?SYEAR=115&SEM=1&CrsDat=GENL0001C&Crsname=中文思辨與表達（一）,,,True,國家語言,GENL0001C,0,不分班,"中文思辨與表達（一）
CRITICAL THINKING AND EXPRESSION IN CHINESE（I）",3,期,False,45,0,0,45,莫加南,"二2,3,4(管CM 1019)","['', '234', '', '', '', '', '']","《講授類》
本課程「加退選期間」額滿不予加簽。",[],False
https://selcrs.nsysu.edu.tw/menu5/showoutline.asp?SYEAR=115&SEM=1&CrsDat=GENL0001D&Crsname=中文思辨與表達（一）,,,True,國家語言,GENL0001D,0,不分班,"中文思辨與表達（一）
CRITICAL THINKING AND EXPRESSION IN CHINESE（I）",3,期,False,45,0,0,45,涂書瑋,"二2,3,4(工EN 2007)","['', '234', '', '', '', '', '']","《講授類》
本課程「加退選期間」額滿不予加簽。",[],False
https://selcrs.nsysu.edu.tw/menu5/showoutline.asp?SYEAR=115&SEM=1&CrsDat=GENL0001E&Crsname=中文思辨與表達（一）,,,True,國家語言,GENL0001E,0,不分班,"中文思辨與表達（一）
CRITICAL THINKING AND EXPRESSION IN CHINESE（I）",3,期,False,45,0,0,45,何重誼,"二5,6,7(社SS 1003)","['', '567', '', '', '', '', '']","《講授類》
本課程「加退選期間」額滿不予加簽。",[],False
https://selcrs.nsysu.edu.tw/menu5/showoutline.asp?SYEAR=115&SEM=1&CrsDat=GENL0001F&Crsname=中文思辨與表達（一）,,,True,國家語言,GENL0001F,0,不分班,"中文思辨與表達（一）
CRITICAL THINKING AND EXPRESSION IN CHINESE（I）",3,期,False,45,0,0,45,謝薇娜,"二5,6,7(文LA 1004)","['', '567', '', '', '', '', '']","《講授類》
本課程「加退選期間」額滿不予加簽。",[],False
https://selcrs.nsysu.edu.tw/menu5/showoutline.asp?SYEAR=115&SEM=1&CrsDat=GENL0001G&Crsname=中文思辨與表達（一）,,,True,國家語言,GENL0001G,0,不分班,"中文思辨與表達（一）
CRITICAL THINKING AND EXPRESSION IN CHINESE（I）",3,期,False,45,0,0,45,陳秋宏,"二5,6,7(理SC 0014)","['', '567', '', '', '', '', '']","《講授類》
本課程「加退選期間」額滿不予加簽。",[],False
https://selcrs.nsysu.edu.tw/menu5/showoutline.asp?SYEAR=115&SEM=1&CrsDat=GENL0001I&Crsname=中文思辨與表達（一）,,,True,國家語言,GENL0001I,0,不分班,"中文思辨與表達（一）
CRITICAL THINKING AND EXPRESSION IN CHINESE（I）",3,期,False,45,0,0,45,林孜曄,"二5,6,7(工EN 0032)","['', '567', '', '', '', '', '']","《講授類》
本課程「加退選期間」額滿不予加簽。",[],False
https://selcrs.nsysu.edu.tw/menu5/showoutline.asp?SYEAR=115&SEM=1&CrsDat=GENL0001J&Crsname=中文思辨與表達（一）,,,True,國家語言,GENL0001J,0,不分班,"中文思辨與表達（一）
CRITICAL THINKING AND EXPRESSION IN CHINESE（I）",3,期,False,45,0,0,45,陳明聖,"二2,3,4(醫IL 3017)","['', '234', '', '', '', '', '']","《講授類》
本課程「加退選期間」額滿不予加簽。",[],False
https://selcrs.nsysu.edu.tw/menu5/showoutline.asp?SYEAR=115&SEM=1&CrsDat=GENL0001K&Crsname=中文思辨與表達（一）,,,True,國家語言,GENL0001K,0,不分班,"中文思辨與表達（一）
CRITICAL THINKING AND EXPRESSION IN CHINESE（I）",3,期,False,45,0,0,45,陳明聖,"二5,6,7(海ME 3006)","['', '567', '', '', '', '', '']","《講授類》
本課程「加退選期間」額滿不予加簽。",[],False
https://selcrs.nsysu.edu.tw/menu5/showoutline.asp?SYEAR=115&SEM=1&CrsDat=GENL0001L&Crsname=中文思辨與表達（一）,,,True,國家語言,GENL0001L,0,不分班,"中文思辨與表達（一）
CRITICAL THINKING AND EXPRESSION IN CHINESE（I）",3,期,False,45,0,0,45,陳明聖,"五2,3,4(工EC 3015)","['', '', '', '', '234', '', '']","《講授類》
本課程「加退選期間」額滿不予加簽。",[],False
https://selcrs.nsysu.edu.tw/menu5/showoutline.asp?SYEAR=115&SEM=1&CrsDat=GENL0001M&Crsname=中文思辨與表達（一）,,,True,國家語言,GENL0001M,0,不分班,"中文思辨與表達（一）
CRITICAL THINKING AND EXPRESSION IN CHINESE（I）",3,期,False,45,0,0,45,陳明聖,"五5,6,7(工EC 3015)","['', '', '', '', '567', '', '']","《講授類》
本課程「加退選期間」額滿不予加簽。",[],False
https://selcrs.nsysu.edu.tw/menu5/showoutline.asp?SYEAR=115&SEM=1&CrsDat=GENL0003&Crsname=臺灣客語文化創意說讀寫作課程,,,False,國家語言,GENL0003,0,不分班,"臺灣客語文化創意說讀寫作課程
FIELD-BASED CULTURAL CREATIVITY IN TAIWANESE HAKKA: INTEGRATED SPEAKING, READING, AND WRITING",3,期,False,50,0,0,50,待聘,"三2,3,4(通GE 4016)","['', '', '234', '', '', '', '']",《講授類》,[],False
https://selcrs.nsysu.edu.tw/menu5/showoutline.asp?SYEAR=115&SEM=1&CrsDat=GENL0005&Crsname=基礎阿美族語與文化,新增,7/2,False,國家語言,GENL0005,0,不分班,"基礎阿美族語與文化
BASIC AMIS LANGUAGE & CULTURE",3,期,False,50,0,0,50,陳金結,"二2,3,4(通GE 3011)","['', '234', '', '', '', '', '']",《講授類》,[],False
https://selcrs.nsysu.edu.tw/menu5/showoutline.asp?SYEAR=115&SEM=1&CrsDat=GENL0006&Crsname=排灣族語、文化與藝術（一）,新增,7/2,False,國家語言,GENL0006,0,不分班,"排灣族語、文化與藝術（一）
PAIWAN LANGUAGE, CULTURE AND ARTS (I)",3,期,False,50,0,0,50,方化雨,"五5,6,7(西SW 1007)","['', '', '', '', '567', '', '']",《講授類》,[],False
https://selcrs.nsysu.edu.tw/menu5/showoutline.asp?SYEAR=115&SEM=1&CrsDat=GEEN004&Crsname=英文初級,,,False,英文初級,GEEN004,0,不分班,"英文初級
GENERAL ENGLISH:BASIC",0,期,True,35,0,0,35,陳瑞華,"二2,3,4(海ME 3004)","['', '234', '', '', '', '', '']","《講授類》
若未依「國立中山大學學士班學生英文能力培育辦法」選課，修習及格學分不計",[],True
https://selcrs.nsysu.edu.tw/menu5/showoutline.asp?SYEAR=115&SEM=1&CrsDat=GEEN004A&Crsname=英文初級,,,False,英文初級,GEEN004A,0,不分班,"英文初級
GENERAL ENGLISH:BASIC",0,期,True,35,0,0,35,曾彩楣,"五5,6,7(社SS 3006)","['', '', '', '', '567', '', '']","《講授類》
若未依「國立中山大學學士班學生英文能力培育辦法」選課，修習及格學分不計",[],True
https://selcrs.nsysu.edu.tw/menu5/showoutline.asp?SYEAR=115&SEM=1&CrsDat=GEEN116&Crsname=英文中級,,,False,英文中級,GEEN116,0,不分班,"英文中級
GENERAL ENGLISH: INTERMEDIATE",3,期,True,35,0,0,35,曾彩楣,"二2,3,4(社SS 3006)","['', '234', '', '', '', '', '']","《講授類》
若未依「國立中山大學學士班學生英文能力培育辦法」選課，修習及格學分不計",[],True
https://selcrs.nsysu.edu.tw/menu5/showoutline.asp?SYEAR=115&SEM=1&CrsDat=GEEN116A&Crsname=英文中級,,,False,英文中級,GEEN116A,0,不分班,"英文中級
GENERAL ENGLISH: INTERMEDIATE",3,期,True,35,0,0,35,曾彩楣,"五2,3,4(社SS 3006)","['', '', '', '', '234', '', '']","《講授類》
若未依「國立中山大學學士班學生英文能力培育辦法」選課，修習及格學分不計",[],True
https://selcrs.nsysu.edu.tw/menu5/showoutline.asp?SYEAR=115&SEM=1&CrsDat=GEEN116B&Crsname=英文中級,,,False,英文中級,GEEN116B,0,不分班,"英文中級
GENERAL ENGLISH: INTERMEDIATE",3,期,True,35,0,0,35,曾千紋,"二2,3,4(管CM 2025)","['', '234', '', '', '', '', '']","《講授類》
若未依「國立中山大學學士班學生英文能力培育辦法」選課，修習及格學分不計",[],True
https://selcrs.nsysu.edu.tw/menu5/showoutline.asp?SYEAR=115&SEM=1&CrsDat=GEEN116C&Crsname=英文中級,,,False,英文中級,GEEN116C,0,不分班,"英文中級
GENERAL ENGLISH: INTERMEDIATE",3,期,True,35,0,0,35,曾千紋,"二5,6,7(管CM 2025)","['', '567', '', '', '', '', '']","《講授類》
若未依「國立中山大學學士班學生英文能力培育辦法」選課，修習及格學分不計",[],True
https://selcrs.nsysu.edu.tw/menu5/showoutline.asp?SYEAR=115&SEM=1&CrsDat=GEEN116D&Crsname=英文中級,,,False,英文中級,GEEN116D,0,不分班,"英文中級
GENERAL ENGLISH: INTERMEDIATE",3,期,True,35,0,0,35,曾千紋,"五2,3,4(管CM 2025)","['', '', '', '', '234', '', '']","《講授類》
若未依「國立中山大學學士班學生英文能力培育辦法」選課，修習及格學分不計",[],True
https://selcrs.nsysu.edu.tw/menu5/showoutline.asp?SYEAR=115&SEM=1&CrsDat=GEEN116E&Crsname=英文中級,,,False,英文中級,GEEN116E,0,不分班,"英文中級
GENERAL ENGLISH: INTERMEDIATE",3,期,True,35,0,0,35,莊家雄,"五2,3,4(海ME 3004)","['', '', '', '', '234', '', '']","《講授類》
若未依「國立中山大學學士班學生英文能力培育辦法」選課，修習及格學分不計",[],True
https://selcrs.nsysu.edu.tw/menu5/showoutline.asp?SYEAR=115&SEM=1&CrsDat=GEEN117&Crsname=英文中高級,,,False,英文中高級,GEEN117,0,不分班,"英文中高級
GENERAL ENGLISH: HIGHER-INTERMEDIATE",3,期,True,35,0,0,35,溫惠珍,"五2,3,4(管CM 4078)","['', '', '', '', '234', '', '']","《講授類》
若未依「國立中山大學學士班學生英文能力培育辦法」選課，修習及格學分不計",[],True
https://selcrs.nsysu.edu.tw/menu5/showoutline.asp?SYEAR=115&SEM=1&CrsDat=GEEN117A&Crsname=英文中高級,,,False,英文中高級,GEEN117A,0,不分班,"英文中高級
GENERAL ENGLISH: HIGHER-INTERMEDIATE",3,期,True,35,0,0,35,溫惠珍,"五5,6,7(理SC 1003)","['', '', '', '', '567', '', '']","《講授類》
若未依「國立中山大學學士班學生英文能力培育辦法」選課，修習及格學分不計",[],True
https://selcrs.nsysu.edu.tw/menu5/showoutline.asp?SYEAR=115&SEM=1&CrsDat=GEEN117B&Crsname=英文中高級,,,False,英文中高級,GEEN117B,0,不分班,"英文中高級
GENERAL ENGLISH: HIGHER-INTERMEDIATE",3,期,True,35,0,0,35,陳美淑,"二2,3,4(理SC 1003)","['', '234', '', '', '', '', '']","《講授類》
若未依「國立中山大學學士班學生英文能力培育辦法」選課，修習及格學分不計",[],True
https://selcrs.nsysu.edu.tw/menu5/showoutline.asp?SYEAR=115&SEM=1&CrsDat=GEEN117C&Crsname=英文中高級,,,False,英文中高級,GEEN117C,0,不分班,"英文中高級
GENERAL ENGLISH: HIGHER-INTERMEDIATE",3,期,True,35,0,0,35,陳美淑,"二5,6,7(社SS 3006)","['', '567', '', '', '', '', '']","《講授類》
若未依「國立中山大學學士班學生英文能力培育辦法」選課，修習及格學分不計",[],True
https://selcrs.nsysu.edu.tw/menu5/showoutline.asp?SYEAR=115&SEM=1&CrsDat=GEEN117D&Crsname=英文中高級,,,False,英文中高級,GEEN117D,0,不分班,"英文中高級
GENERAL ENGLISH: HIGHER-INTERMEDIATE",3,期,True,35,0,0,35,莊家雄,"二2,3,4(海ME 3006)","['', '234', '', '', '', '', '']","《講授類》
若未依「國立中山大學學士班學生英文能力培育辦法」選課，修習及格學分不計",[],True
https://selcrs.nsysu.edu.tw/menu5/showoutline.asp?SYEAR=115&SEM=1&CrsDat=GEEN117E&Crsname=英文中高級,,,False,英文中高級,GEEN117E,0,不分班,"英文中高級
GENERAL ENGLISH: HIGHER-INTERMEDIATE",3,期,True,35,0,0,35,莊家雄,"二5,6,7(海ME 3004)","['', '567', '', '', '', '', '']","《講授類》
若未依「國立中山大學學士班學生英文能力培育辦法」選課，修習及格學分不計",[],True
https://selcrs.nsysu.edu.tw/menu5/showoutline.asp?SYEAR=115&SEM=1&CrsDat=GEPE102&Crsname=運動與健康：體適能,,,False,運動健康(必),GEPE102,1,不分班,"運動與健康：體適能
SPORT & HEALTH: PHYSICAL FITNESS",1,期,True,55,0,0,55,羅凱暘,"一1,2()","['12', '', '', '', '', '', '']","《體育類》
第一堂課為線上授課。",[],False
https://selcrs.nsysu.edu.tw/menu5/showoutline.asp?SYEAR=115&SEM=1&CrsDat=GEPE102A&Crsname=運動與健康：體適能,,,False,運動健康(必),GEPE102A,1,不分班,"運動與健康：體適能
SPORT & HEALTH: PHYSICAL FITNESS",1,期,True,55,0,0,55,羅凱暘,"一3,4()","['34', '', '', '', '', '', '']","《體育類》
第一堂課為線上授課。",[],False
https://selcrs.nsysu.edu.tw/menu5/showoutline.asp?SYEAR=115&SEM=1&CrsDat=GEPE102B&Crsname=運動與健康：體適能,,,False,運動健康(必),GEPE102B,1,不分班,"運動與健康：體適能
SPORT & HEALTH: PHYSICAL FITNESS",1,期,True,55,0,0,55,羅凱暘,"一6,7()","['67', '', '', '', '', '', '']","《體育類》
第一堂課為線上授課。",[],False
https://selcrs.nsysu.edu.tw/menu5/showoutline.asp?SYEAR=115&SEM=1&CrsDat=GEPE102C&Crsname=運動與健康：體適能,,,False,運動健康(必),GEPE102C,1,不分班,"運動與健康：體適能
SPORT & HEALTH: PHYSICAL FITNESS",1,期,True,55,0,0,55,許秀桃,"一8,9()","['89', '', '', '', '', '', '']","《體育類》
第一堂課請於體育館門口集合。",[],False
https://selcrs.nsysu.edu.tw/menu5/showoutline.asp?SYEAR=115&SEM=1&CrsDat=GEPE102D&Crsname=運動與健康：體適能,,,False,運動健康(必),GEPE102D,1,不分班,"運動與健康：體適能
SPORT & HEALTH: PHYSICAL FITNESS",1,期,True,55,0,0,55,李佳倫,"二3,4()","['', '34', '', '', '', '', '']","《體育類》
第一堂課請於桌球室集合。",[],False
https://selcrs.nsysu.edu.tw/menu5/showoutline.asp?SYEAR=115&SEM=1&CrsDat=GEPE102E&Crsname=運動與健康：體適能,,,False,運動健康(必),GEPE102E,1,不分班,"運動與健康：體適能
SPORT & HEALTH: PHYSICAL FITNESS",1,期,True,55,0,0,55,李佳倫,"二6,7()","['', '67', '', '', '', '', '']","《體育類》
第一堂課請於桌球室集合。",[],False
https://selcrs.nsysu.edu.tw/menu5/showoutline.asp?SYEAR=115&SEM=1&CrsDat=GEPE102F&Crsname=運動與健康：體適能,,,False,運動健康(必),GEPE102F,1,不分班,"運動與健康：體適能
SPORT & HEALTH: PHYSICAL FITNESS",1,期,True,55,0,0,55,林國欽,"二6,7()","['', '67', '', '', '', '', '']","《體育類》
第一堂課請於體育館門口集合。",[],False
https://selcrs.nsysu.edu.tw/menu5/showoutline.asp?SYEAR=115&SEM=1&CrsDat=GEPE102G&Crsname=運動與健康：體適能,,,False,運動健康(必),GEPE102G,1,不分班,"運動與健康：體適能
SPORT & HEALTH: PHYSICAL FITNESS",1,期,True,55,0,0,55,蔡鋒樺,"二6,7()","['', '67', '', '', '', '', '']","《體育類》
第一堂課請於體育館門口集合。",[],False
https://selcrs.nsysu.edu.tw/menu5/showoutline.asp?SYEAR=115&SEM=1&CrsDat=GEPE102H&Crsname=運動與健康：體適能,,,False,運動健康(必),GEPE102H,1,不分班,"運動與健康：體適能
SPORT & HEALTH: PHYSICAL FITNESS",1,期,True,55,0,0,55,李佳倫,"二8,9()","['', '89', '', '', '', '', '']","《體育類》
第一堂課請於桌球室集合。",[],False
https://selcrs.nsysu.edu.tw/menu5/showoutline.asp?SYEAR=115&SEM=1&CrsDat=GEPE102I&Crsname=運動與健康：體適能,,,False,運動健康(必),GEPE102I,1,不分班,"運動與健康：體適能
SPORT & HEALTH: PHYSICAL FITNESS",1,期,True,55,0,0,55,蔡鋒樺,"二8,9()","['', '89', '', '', '', '', '']","《體育類》
第一堂課請於體育館門口集合。",[],False
https://selcrs.nsysu.edu.tw/menu5/showoutline.asp?SYEAR=115&SEM=1&CrsDat=GEPE102J&Crsname=運動與健康：體適能,,,False,運動健康(必),GEPE102J,1,不分班,"運動與健康：體適能
SPORT & HEALTH: PHYSICAL FITNESS",1,期,True,55,0,0,55,蔡宗晏,"三1,2()","['', '', '12', '', '', '', '']","《體育類》
第一堂課請於體育館前空地集合。",[],False
https://selcrs.nsysu.edu.tw/menu5/showoutline.asp?SYEAR=115&SEM=1&CrsDat=GEPE102K&Crsname=運動與健康：體適能,,,False,運動健康(必),GEPE102K,1,不分班,"運動與健康：體適能
SPORT & HEALTH: PHYSICAL FITNESS",1,期,True,55,0,0,55,蔡宗晏,"三3,4()","['', '', '34', '', '', '', '']","《體育類》
第一堂課請於體育館前空地集合。",[],False
https://selcrs.nsysu.edu.tw/menu5/showoutline.asp?SYEAR=115&SEM=1&CrsDat=GEPE102L&Crsname=運動與健康：體適能,,,False,運動健康(必),GEPE102L,1,不分班,"運動與健康：體適能
SPORT & HEALTH: PHYSICAL FITNESS",1,期,True,55,0,0,55,許秀桃,"三6,7()","['', '', '67', '', '', '', '']","《體育類》
第一堂課請於體育館門口集合。",[],False
https://selcrs.nsysu.edu.tw/menu5/showoutline.asp?SYEAR=115&SEM=1&CrsDat=GEPE102M&Crsname=運動與健康：體適能,,,False,運動健康(必),GEPE102M,1,不分班,"運動與健康：體適能
SPORT & HEALTH: PHYSICAL FITNESS",1,期,True,55,0,0,55,羅郁平,"三6,7()","['', '', '67', '', '', '', '']","《體育類》
第一堂課請於體育館門口集合。",[],False
https://selcrs.nsysu.edu.tw/menu5/showoutline.asp?SYEAR=115&SEM=1&CrsDat=GEPE102N&Crsname=運動與健康：體適能,,,False,運動健康(必),GEPE102N,1,不分班,"運動與健康：體適能
SPORT & HEALTH: PHYSICAL FITNESS",1,期,True,55,0,0,55,蔡鋒樺,"四1,2()","['', '', '', '12', '', '', '']","《體育類》
第一堂課請於體育館門口集合。",[],False
https://selcrs.nsysu.edu.tw/menu5/showoutline.asp?SYEAR=115&SEM=1&CrsDat=GEPE102O&Crsname=運動與健康：體適能,,,False,運動健康(必),GEPE102O,1,不分班,"運動與健康：體適能
SPORT & HEALTH: PHYSICAL FITNESS",1,期,True,55,0,0,55,許秀桃,"四6,7()","['', '', '', '67', '', '', '']","《體育類》
第一堂課請於體育館門口集合。",[],False
https://selcrs.nsysu.edu.tw/menu5/showoutline.asp?SYEAR=115&SEM=1&CrsDat=GEPE102P&Crsname=運動與健康：體適能,,,False,運動健康(必),GEPE102P,1,不分班,"運動與健康：體適能
SPORT & HEALTH: PHYSICAL FITNESS",1,期,True,55,0,0,55,林國欽,"四6,7()","['', '', '', '67', '', '', '']","《體育類》
第一堂課請於體育館門口集合。",[],False
https://selcrs.nsysu.edu.tw/menu5/showoutline.asp?SYEAR=115&SEM=1&CrsDat=GEPE102Q&Crsname=運動與健康：體適能,,,False,運動健康(必),GEPE102Q,1,不分班,"運動與健康：體適能
SPORT & HEALTH: PHYSICAL FITNESS",1,期,True,55,0,0,55,林國欽,"四8,9()","['', '', '', '89', '', '', '']","《體育類》
第一堂課請於體育館門口集合。",[],False
https://selcrs.nsysu.edu.tw/menu5/showoutline.asp?SYEAR=115&SEM=1&CrsDat=GEPE102R&Crsname=運動與健康：體適能,,,False,運動健康(必),GEPE102R,1,不分班,"運動與健康：體適能
SPORT & HEALTH: PHYSICAL FITNESS",1,期,True,55,0,0,55,蔡宗晏,"五6,7()","['', '', '', '', '67', '', '']","《體育類》
第一堂課請於體育館前空地集合。",[],False
https://selcrs.nsysu.edu.tw/menu5/showoutline.asp?SYEAR=115&SEM=1&CrsDat=GEPE102S&Crsname=運動與健康：體適能,,,False,運動健康(必),GEPE102S,1,不分班,"運動與健康：體適能
SPORT & HEALTH: PHYSICAL FITNESS",1,期,True,55,0,0,55,待聘,"四8,9()","['', '', '', '89', '', '', '']","《體育類》
第一堂課請於體育館門口集合。",[],True
https://selcrs.nsysu.edu.tw/menu5/showoutline.asp?SYEAR=115&SEM=1&CrsDat=GEPE102T&Crsname=運動與健康：體適能,,,False,運動健康(必),GEPE102T,1,不分班,"運動與健康：體適能
SPORT & HEALTH: PHYSICAL FITNESS",1,期,True,55,0,0,55,待聘,"五1,2()","['', '', '', '', '12', '', '']","《體育類》
第一堂課請於體育館門口集合。",[],False
https://selcrs.nsysu.edu.tw/menu5/showoutline.asp?SYEAR=115&SEM=1&CrsDat=GEPE102U&Crsname=運動與健康：體適能,,,False,運動健康(必),GEPE102U,1,不分班,"運動與健康：體適能
SPORT & HEALTH: PHYSICAL FITNESS",1,期,True,55,0,0,55,待聘,"五3,4()","['', '', '', '', '34', '', '']","《體育類》
第一堂課請於體育館門口集合。",[],False
https://selcrs.nsysu.edu.tw/menu5/showoutline.asp?SYEAR=115&SEM=1&CrsDat=GEPE202&Crsname=運動與健康：初級集訓班,,,False,運動健康(必),GEPE202,2,不分班,"運動與健康：初級集訓班
SPORT & HEALTH:BASIC ASSEMBLED TRAINING CLASS",1,期,True,100,0,0,100,"待聘,林國欽,羅凱暘,蔡鋒樺,黃義博",一A() 三A(),"['A', '', 'A', '', '', '', '']","《體育類》
限大二以上選修且本校校隊學生需自行加選；非校隊加選以零分計。",[],False
https://selcrs.nsysu.edu.tw/menu5/showoutline.asp?SYEAR=115&SEM=1&CrsDat=GEPE203&Crsname=運動與健康：初級潛水,,,False,運動健康(必),GEPE203,2,不分班,"運動與健康：初級潛水
SPORT & HEALTH: BASIC DIVING",1,期,True,25,0,0,25,林宗正,"四3,4(游泳池/Swimming pool)","['', '', '', '34', '', '', '']","《體育類》
限大二以上選修。",[],False
https://selcrs.nsysu.edu.tw/menu5/showoutline.asp?SYEAR=115&SEM=1&CrsDat=GEPE203A&Crsname=運動與健康：初級潛水,,,False,運動健康(必),GEPE203A,2,不分班,"運動與健康：初級潛水
SPORT & HEALTH: BASIC DIVING",1,期,True,25,0,0,25,林宗正,"五3,4(游泳池/Swimming pool)","['', '', '', '', '34', '', '']","《體育類》
限大二以上選修。",[],False
https://selcrs.nsysu.edu.tw/menu5/showoutline.asp?SYEAR=115&SEM=1&CrsDat=GEPE203B&Crsname=運動與健康：初級潛水,,,False,運動健康(必),GEPE203B,2,不分班,"運動與健康：初級潛水
SPORT & HEALTH: BASIC DIVING",1,期,True,25,0,0,25,林宗正,"五6,7(游泳池/Swimming pool)","['', '', '', '', '67', '', '']","《體育類》
限大二以上選修。",[],False
https://selcrs.nsysu.edu.tw/menu5/showoutline.asp?SYEAR=115&SEM=1&CrsDat=GEPE205&Crsname=運動與健康：初級羽球,,,False,運動健康(必),GEPE205,2,不分班,"運動與健康：初級羽球
SPORT & HEALTH: BASIC BADMINTON",1,期,True,50,0,0,50,林國欽,"一6,7(體育館3樓/3rd floors of Gym)","['67', '', '', '', '', '', '']","《體育類》
限大二以上選修。",[],False
https://selcrs.nsysu.edu.tw/menu5/showoutline.asp?SYEAR=115&SEM=1&CrsDat=GEPE205A&Crsname=運動與健康：初級羽球,,,False,運動健康(必),GEPE205A,2,不分班,"運動與健康：初級羽球
SPORT & HEALTH: BASIC BADMINTON",1,期,True,50,0,0,50,林國欽,"一8,9(體育館3樓/3rd floors of Gym)","['89', '', '', '', '', '', '']","《體育類》
限大二以上選修。",[],False
https://selcrs.nsysu.edu.tw/menu5/showoutline.asp?SYEAR=115&SEM=1&CrsDat=GEPE208&Crsname=運動與健康：初級桌球,,,False,運動健康(必),GEPE208,2,不分班,"運動與健康：初級桌球
SPORT & HEALTH: BASIC TABLE TENNIS",1,期,True,50,0,0,50,羅凱暘,"一8,9(桌球室/Table tennis room)","['89', '', '', '', '', '', '']","《體育類》
限大二以上選修。",[],False
https://selcrs.nsysu.edu.tw/menu5/showoutline.asp?SYEAR=115&SEM=1&CrsDat=GEPE210&Crsname=運動與健康：初級籃球,,,False,運動健康(必),GEPE210,2,不分班,"運動與健康：初級籃球
SPORT & HEALTH: BASIC BASKETBALL",1,期,True,50,0,0,50,羅郁平,"三1,2(體育館3樓/3rd floors of Gym)","['', '', '12', '', '', '', '']","《體育類》
限大二以上選修。",[],False
https://selcrs.nsysu.edu.tw/menu5/showoutline.asp?SYEAR=115&SEM=1&CrsDat=GEPE210A&Crsname=運動與健康：初級籃球,,,False,運動健康(必),GEPE210A,2,不分班,"運動與健康：初級籃球
SPORT & HEALTH: BASIC BASKETBALL",1,期,True,50,0,0,50,羅郁平,"三3,4(體育館3樓/3rd floors of Gym)","['', '', '34', '', '', '', '']","《體育類》
限大二以上選修。",[],False
https://selcrs.nsysu.edu.tw/menu5/showoutline.asp?SYEAR=115&SEM=1&CrsDat=GEPE210B&Crsname=運動與健康：初級籃球,,,False,運動健康(必),GEPE210B,2,不分班,"運動與健康：初級籃球
SPORT & HEALTH: BASIC BASKETBALL",1,期,True,50,0,0,50,待聘,"四1,2(體育館3樓/3rd floors of Gym)","['', '', '', '12', '', '', '']","《體育類》
限大二以上選修。",[],False
https://selcrs.nsysu.edu.tw/menu5/showoutline.asp?SYEAR=115&SEM=1&CrsDat=GEPE210C&Crsname=運動與健康：初級籃球,,,False,運動健康(必),GEPE210C,2,不分班,"運動與健康：初級籃球
SPORT & HEALTH: BASIC BASKETBALL",1,期,True,50,0,0,50,待聘,"四3,4(體育館3樓/3rd floors of Gym)","['', '', '', '34', '', '', '']","《體育類》
限大二以上選修。",[],False
https://selcrs.nsysu.edu.tw/menu5/showoutline.asp?SYEAR=115&SEM=1&CrsDat=GEPE211&Crsname=運動與健康：初級墊上核心,,,False,運動健康(必),GEPE211,2,不分班,"運動與健康：初級墊上核心
SPORT & HEALTH: BASIC MAT SCIENCE",1,期,True,50,0,0,50,李佳倫,"一3,4(韻律教室/Aerobics classroom)","['34', '', '', '', '', '', '']","《體育類》
限大二以上選修。",[],True
https://selcrs.nsysu.edu.tw/menu5/showoutline.asp?SYEAR=115&SEM=1&CrsDat=GEPE211A&Crsname=運動與健康：初級墊上核心,,,False,運動健康(必),GEPE211A,2,不分班,"運動與健康：初級墊上核心
SPORT & HEALTH: BASIC MAT SCIENCE",1,期,True,50,0,0,50,李佳倫,"一B,5(韻律教室/Aerobics classroom)","['B5', '', '', '', '', '', '']","《體育類》
限大二以上選修。",[],False
https://selcrs.nsysu.edu.tw/menu5/showoutline.asp?SYEAR=115&SEM=1&CrsDat=GEPE211B&Crsname=運動與健康：初級墊上核心,,,False,運動健康(必),GEPE211B,2,不分班,"運動與健康：初級墊上核心
SPORT & HEALTH: BASIC MAT SCIENCE",1,期,True,50,0,0,50,許秀桃,"一6,7(韻律教室/Aerobics classroom)","['67', '', '', '', '', '', '']","《體育類》
限大二以上選修。",[],False
https://selcrs.nsysu.edu.tw/menu5/showoutline.asp?SYEAR=115&SEM=1&CrsDat=GEPE211C&Crsname=運動與健康：初級墊上核心,,,False,運動健康(必),GEPE211C,2,不分班,"運動與健康：初級墊上核心
SPORT & HEALTH: BASIC MAT SCIENCE",1,期,True,50,0,0,50,許秀桃,"三3,4(韻律教室/Aerobics classroom)","['', '', '34', '', '', '', '']","《體育類》
限大二以上選修。",[],False
https://selcrs.nsysu.edu.tw/menu5/showoutline.asp?SYEAR=115&SEM=1&CrsDat=GEPE211D&Crsname=運動與健康：初級墊上核心,異動,更換時間6/29,False,運動健康(必),GEPE211D,2,不分班,"運動與健康：初級墊上核心
SPORT & HEALTH: BASIC MAT SCIENCE",1,期,True,50,0,0,50,許秀桃,"四8,9(韻律教室/Aerobics classroom)","['', '', '', '89', '', '', '']","《體育類》
限大二以上選修。",[],False
https://selcrs.nsysu.edu.tw/menu5/showoutline.asp?SYEAR=115&SEM=1&CrsDat=GEPE215&Crsname=運動與健康：初級帆船,,,False,運動健康(必),GEPE215,2,不分班,"運動與健康：初級帆船
SPORT & HEALTH: BASIC YACHTING",1,期,True,25,0,0,25,楊智翔,"一1,2(海域中心/Marine sports center)","['12', '', '', '', '', '', '']","《體育類》
限大二以上選修。",[],False
https://selcrs.nsysu.edu.tw/menu5/showoutline.asp?SYEAR=115&SEM=1&CrsDat=GEPE215A&Crsname=運動與健康：初級帆船,,,False,運動健康(必),GEPE215A,2,不分班,"運動與健康：初級帆船
SPORT & HEALTH: BASIC YACHTING",1,期,True,25,0,0,25,楊智翔,"一3,4(海域中心/Marine sports center)","['34', '', '', '', '', '', '']","《體育類》
限大二以上選修。",[],False
https://selcrs.nsysu.edu.tw/menu5/showoutline.asp?SYEAR=115&SEM=1&CrsDat=GEPE215B&Crsname=運動與健康：初級帆船,,,False,運動健康(必),GEPE215B,2,不分班,"運動與健康：初級帆船
SPORT & HEALTH: BASIC YACHTING",1,期,True,25,0,0,25,蔡鋒樺,"二1,2(海域中心/Marine sports center)","['', '12', '', '', '', '', '']","《體育類》
限大二以上選修。",[],False
https://selcrs.nsysu.edu.tw/menu5/showoutline.asp?SYEAR=115&SEM=1&CrsDat=GEPE215C&Crsname=運動與健康：初級帆船,,,False,運動健康(必),GEPE215C,2,不分班,"運動與健康：初級帆船
SPORT & HEALTH: BASIC YACHTING",1,期,True,25,0,0,25,吳緒昌,"二1,2(海域中心/Marine sports center)","['', '12', '', '', '', '', '']","《體育類》
限大二以上選修。",[],False
https://selcrs.nsysu.edu.tw/menu5/showoutline.asp?SYEAR=115&SEM=1&CrsDat=GEPE215D&Crsname=運動與健康：初級帆船,,,False,運動健康(必),GEPE215D,2,不分班,"運動與健康：初級帆船
SPORT & HEALTH: BASIC YACHTING",1,期,True,25,0,0,25,蔡鋒樺,"二3,4(海域中心/Marine sports center)","['', '34', '', '', '', '', '']","《體育類》
限大二以上選修。",[],False
https://selcrs.nsysu.edu.tw/menu5/showoutline.asp?SYEAR=115&SEM=1&CrsDat=GEPE215E&Crsname=運動與健康：初級帆船,,,False,運動健康(必),GEPE215E,2,不分班,"運動與健康：初級帆船
SPORT & HEALTH: BASIC YACHTING",1,期,True,25,0,0,25,吳緒昌,"二3,4(海域中心/Marine sports center)","['', '34', '', '', '', '', '']","《體育類》
限大二以上選修。",[],False
https://selcrs.nsysu.edu.tw/menu5/showoutline.asp?SYEAR=115&SEM=1&CrsDat=GEPE215F&Crsname=運動與健康：初級帆船,,,False,運動健康(必),GEPE215F,2,不分班,"運動與健康：初級帆船
SPORT & HEALTH: BASIC YACHTING",1,期,True,25,0,0,25,蔡鋒樺,"三1,2(海域中心/Marine sports center)","['', '', '12', '', '', '', '']","《體育類》
限大二以上選修。",[],False
https://selcrs.nsysu.edu.tw/menu5/showoutline.asp?SYEAR=115&SEM=1&CrsDat=GEPE215G&Crsname=運動與健康：初級帆船,,,False,運動健康(必),GEPE215G,2,不分班,"運動與健康：初級帆船
SPORT & HEALTH: BASIC YACHTING",1,期,True,25,0,0,25,蔡睿洋,"三1,2(海域中心/Marine sports center)","['', '', '12', '', '', '', '']","《體育類》
限大二以上選修。",[],True
https://selcrs.nsysu.edu.tw/menu5/showoutline.asp?SYEAR=115&SEM=1&CrsDat=GEPE215H&Crsname=運動與健康：初級帆船,,,False,運動健康(必),GEPE215H,2,不分班,"運動與健康：初級帆船
SPORT & HEALTH: BASIC YACHTING",1,期,True,25,0,0,25,蔡睿洋,"三3,4(海域中心/Marine sports center)","['', '', '34', '', '', '', '']","《體育類》
限大二以上選修。",[],True
https://selcrs.nsysu.edu.tw/menu5/showoutline.asp?SYEAR=115&SEM=1&CrsDat=GEPE215I&Crsname=運動與健康：初級帆船,,,False,運動健康(必),GEPE215I,2,不分班,"運動與健康：初級帆船
SPORT & HEALTH: BASIC YACHTING",1,期,True,25,0,0,25,潘泰安,"三3,4(海域中心/Marine sports center)","['', '', '34', '', '', '', '']","《體育類》
限大二以上選修。",[],False
https://selcrs.nsysu.edu.tw/menu5/showoutline.asp?SYEAR=115&SEM=1&CrsDat=GEPE216&Crsname=運動與健康：初級排球,,,False,運動健康(必),GEPE216,2,不分班,"運動與健康：初級排球
SPORT & HEALTH: BASIC VOLLEY BALL",1,期,True,50,0,0,50,蔡宗晏,"五3,4(體育館3樓/3rd floors of Gym)","['', '', '', '', '34', '', '']","《體育類》
限大二以上選修。",[],False
https://selcrs.nsysu.edu.tw/menu5/showoutline.asp?SYEAR=115&SEM=1&CrsDat=GEPE217&Crsname=運動與健康：初級水域休閒活動,,,False,運動健康(必),GEPE217,2,不分班,"運動與健康：初級水域休閒活動
SPORT & HEALTH：BASIC AQUATIC RECREATION ACTIVITIES",1,期,True,25,0,0,25,楊智翔,"一5,6(海域中心/Marine sports center)","['56', '', '', '', '', '', '']","《體育類》
限大二以上選修。",[],True
https://selcrs.nsysu.edu.tw/menu5/showoutline.asp?SYEAR=115&SEM=1&CrsDat=GEPE221&Crsname=運動與健康：初級肌肉適能,,,False,運動健康(必),GEPE221,2,不分班,"運動與健康：初級肌肉適能
SPORT & HEALTH: BASIC MUSCULAR FITNESS",1,期,True,35,0,0,35,蔡宗晏,"三6,7(體適能中心/Fitness Center)","['', '', '67', '', '', '', '']","《體育類》
限大二以上選修。第一堂課請至體育館3樓體適能中心。",[],False
https://selcrs.nsysu.edu.tw/menu5/showoutline.asp?SYEAR=115&SEM=1&CrsDat=GEPE221A&Crsname=運動與健康：初級肌肉適能,,,False,運動健康(必),GEPE221A,2,不分班,"運動與健康：初級肌肉適能
SPORT & HEALTH: BASIC MUSCULAR FITNESS",1,期,True,35,0,0,35,蔡宗晏,"四6,7(體適能中心/Fitness Center)","['', '', '', '67', '', '', '']","《體育類》
限大二以上選修。第一堂課請至體育館3樓體適能中心。",[],False
https://selcrs.nsysu.edu.tw/menu5/showoutline.asp?SYEAR=115&SEM=1&CrsDat=GEPE223&Crsname=運動與健康：初級競技桌球,,,False,運動健康(必),GEPE223,2,不分班,"運動與健康：初級競技桌球
SPORT & HEALTH: BASIC SPORT TABLE TENNIS",1,期,True,50,0,0,50,莊智淵,"三1,2(桌球室/Table tennis room)","['', '', '12', '', '', '', '']","《體育類》
限大二以上選修。",[],False
https://selcrs.nsysu.edu.tw/menu5/showoutline.asp?SYEAR=115&SEM=1&CrsDat=GEPE227&Crsname=運動與健康：初級複合弓,,,False,運動健康(必),GEPE227,2,不分班,"運動與健康：初級複合弓
SPORT & HEALTH: BASIC COMPOUND BOW",1,期,True,20,0,0,20,黃義博,"五6,7(射箭場/Archery field)","['', '', '', '', '67', '', '']","《體育類》
限大二以上選修。",[],False
https://selcrs.nsysu.edu.tw/menu5/showoutline.asp?SYEAR=115&SEM=1&CrsDat=GEPE228&Crsname=運動與健康：初級競技羽球,,,False,運動健康(必),GEPE228,2,不分班,"運動與健康：初級競技羽球
SPORT & HEALTH：BASIC ATHLETIC BADMINTON",1,期,True,50,0,0,50,林國欽,"二3,4(體育館3樓/3rd floors of Gym)","['', '34', '', '', '', '', '']","《體育類》
限大二以上選修。請有修習過初級羽球或具基本能力者再進行選修，授課教師於第一堂課測試基本能力後始得修習。",[],False
https://selcrs.nsysu.edu.tw/menu5/showoutline.asp?SYEAR=115&SEM=1&CrsDat=GEPE229&Crsname=運動與健康：初級水中救生,,,False,運動健康(必),GEPE229,2,不分班,"運動與健康：初級水中救生
SPORT & HEALTH: BASIC LIFE SAVING",2,期,True,20,0,0,20,羅凱暘,,"['CD', 'CD', 'DE', 'CD', 'CD', '1234B5678', '']","《體育類》
限大二以上選修。200公尺(自由式、蛙式各100公尺)游泳6分鐘完成，方得修習本課程。",[],False
https://selcrs.nsysu.edu.tw/menu5/showoutline.asp?SYEAR=115&SEM=1&CrsDat=GEPE230&Crsname=運動與健康：初級衝浪,,,False,運動健康(必),GEPE230,2,不分班,"運動與健康：初級衝浪
SPORT & HEALTH：BASIC SURF",1,期,True,25,0,0,25,蔡睿洋,"四1,2(海域中心/Marine sports center)","['', '', '', '12', '', '', '']","《體育類》
限大二以上選修，且海泳200公尺不落地完成(不限泳姿不限時)，方得修習本課程",[],True
https://selcrs.nsysu.edu.tw/menu5/showoutline.asp?SYEAR=115&SEM=1&CrsDat=GEPE231&Crsname=運動與健康：初級動作教育,,,False,運動健康(必),GEPE231,2,不分班,"運動與健康：初級動作教育
SPORT & HEALTH BASIC MOVEMENT EDUCATION",1,期,True,40,0,0,40,羅凱暘,"二3,4(韻律教室/Aerobics classroom)","['', '34', '', '', '', '', '']","《體育類》
限大二以上選修。",[],False
https://selcrs.nsysu.edu.tw/menu5/showoutline.asp?SYEAR=115&SEM=1&CrsDat=GEPE232&Crsname=運動與健康：初級桌球集訓班,,,False,運動健康(必),GEPE232,2,不分班,"運動與健康：初級桌球集訓班
SPORT & HEALTH: BASIC TABLE TENNIS ASSEMBLED TRAINING CLASS",1,期,True,100,0,0,100,莊智淵,一A() 三A(),"['A', '', 'A', '', '', '', '']","《體育類》
限大二以上選修且本校校隊學生需自行加選；非校隊加選以零分計。",[],False
https://selcrs.nsysu.edu.tw/menu5/showoutline.asp?SYEAR=115&SEM=1&CrsDat=GEPE303&Crsname=運動與健康：進階集訓班,,,False,運動進階(選),GEPE303,3,不分班,"運動與健康：進階集訓班
SPORT & HEALTH:  ADVANCED ASSEMBLED TRAINING CLASS",2,期,False,100,0,0,100,"待聘,林國欽,羅凱暘,蔡鋒樺,黃義博",二A() 四A(),"['', 'A', '', 'A', '', '', '']","《體育類》
限大三以上選修且本校校隊學生需自行加選；非校隊加選以零分計。以運動績優管道入學之學生必修此課程二學期。",[],False
https://selcrs.nsysu.edu.tw/menu5/showoutline.asp?SYEAR=115&SEM=1&CrsDat=GEPE306&Crsname=運動與健康：進階競技桌球,,,False,運動進階(選),GEPE306,3,不分班,"運動與健康：進階競技桌球
SPORT & HEALTH ADVANCED ATHLETIC TABLE TENNIS TRAINING",2,期,False,24,0,0,24,莊智淵,"三3,4(桌球室/Table tennis room)","['', '', '34', '', '', '', '']","《體育類》
限大三以上選修。",[],False
https://selcrs.nsysu.edu.tw/menu5/showoutline.asp?SYEAR=115&SEM=1&CrsDat=GEPE307&Crsname=運動與健康：進階桌球集訓班,,,False,運動進階(選),GEPE307,3,不分班,"運動與健康：進階桌球集訓班
SPORT & HEALTH:ADVANCED TABLE TENNIS ASSEMBLED TRAINING CLASS",2,期,False,100,0,0,100,莊智淵,二A() 四A() 五A(),"['', 'A', '', 'A', 'A', '', '']","《體育類》
限大三以上選修。本校校隊學生需自行加選，非校隊加選以零分計算。",[],False
https://selcrs.nsysu.edu.tw/menu5/showoutline.asp?SYEAR=115&SEM=1&CrsDat=GEAE2105&Crsname=莎劇與文化詮釋,,,False,博雅向度一,GEAE2105,0,不分班,"莎劇與文化詮釋
APPROACHING SHAKESPEARE：FROM PAGE TO PERFORMANCE",3,期,True,50,0,0,50,林季怡,"四8,6,7(通GE 2006)","['', '', '', '678', '', '', '']",《講授類》,[],False
https://selcrs.nsysu.edu.tw/menu5/showoutline.asp?SYEAR=115&SEM=1&CrsDat=GEAE2108&Crsname=台灣社會與文化,,,False,博雅向度一,GEAE2108,0,不分班,"台灣社會與文化
SOCIETY AND CULTURE IN TAIWAN",3,期,True,80,0,0,80,江政寬,"一5,6,7(通GE 1008)","['567', '', '', '', '', '', '']",《講授類》,[],False
https://selcrs.nsysu.edu.tw/menu5/showoutline.asp?SYEAR=115&SEM=1&CrsDat=GEAE2109&Crsname=生命禮儀與文化詮釋,,,False,博雅向度一,GEAE2109,0,不分班,"生命禮儀與文化詮釋
ANALYSIS OF CULTURE PERSPECTIVE ABOUT LIFE CEREMONY",3,期,True,80,0,0,80,楊濟襄,"一2,3,4(文LA 0002)","['234', '', '', '', '', '', '']","《講授類》
限非中文系學生修習",[],False
https://selcrs.nsysu.edu.tw/menu5/showoutline.asp?SYEAR=115&SEM=1&CrsDat=GEAE2113&Crsname=通識專題講座：美學與文化識讀,,,False,博雅向度一,GEAE2113,0,不分班,"通識專題講座：美學與文化識讀
LECTURESHIP ON GENERAL EDUCATION－ESTHETICS AND CULTURAL LITERACY",2,期,True,110,0,0,110,"吳亦昕,林季怡","一6,7(通GE 1010)","['67', '', '', '', '', '', '']",《演講/參訪》,[],False
https://selcrs.nsysu.edu.tw/menu5/showoutline.asp?SYEAR=115&SEM=1&CrsDat=GEAE2117&Crsname=當代劇場藝術的價值與思維,,,False,博雅向度一,GEAE2117,0,不分班,"當代劇場藝術的價值與思維
MODERNISM IN THEATRE",2,期,True,50,0,0,50,林宜誠,"二8,9(文FA 3007)","['', '89', '', '', '', '', '']","《講授類》
限非劇藝系學生修習",[],False
https://selcrs.nsysu.edu.tw/menu5/showoutline.asp?SYEAR=115&SEM=1&CrsDat=GEAE2127&Crsname=台灣的族群文化與文學,,,False,博雅向度一,GEAE2127,0,不分班,"台灣的族群文化與文學
TAIWAN ETHNIC CULTURE AND LITERATURE",3,期,True,50,0,0,50,劉庭彰,"五3,4,B(西SW 1005)","['', '', '', '', '34B', '', '']",《講授類》,[],False
https://selcrs.nsysu.edu.tw/menu5/showoutline.asp?SYEAR=115&SEM=1&CrsDat=GEAE2135&Crsname=創意繪畫之美學實踐,,,False,博雅向度一,GEAE2135,0,不分班,"創意繪畫之美學實踐
AESTHETIC PRACTICE OF CREATIVE PAINTING",2,期,True,50,0,0,50,王以亮,"一8,7(文FA 3009)","['78', '', '', '', '', '', '']",《講授類》,[],False
https://selcrs.nsysu.edu.tw/menu5/showoutline.asp?SYEAR=115&SEM=1&CrsDat=GEAE2144&Crsname=美學與美感體驗,,,False,博雅向度一,GEAE2144,0,不分班,"美學與美感體驗
AESTHETICS AND AESTHETIC EXPERIENCE",2,期,True,50,0,0,50,王以亮,"三3,4(通GE 2006)","['', '', '34', '', '', '', '']",《講授類》,[],False
https://selcrs.nsysu.edu.tw/menu5/showoutline.asp?SYEAR=115&SEM=1&CrsDat=GEAE2148&Crsname=藝術行政與管理,,,False,博雅向度一,GEAE2148,0,不分班,"藝術行政與管理
ARTS ADMINISTRATION AND MANAGEMENT",3,期,True,50,0,0,50,張正霖,"三2,3,4(文FA 3007)","['', '', '234', '', '', '', '']",《講授類》,[],False
https://selcrs.nsysu.edu.tw/menu5/showoutline.asp?SYEAR=115&SEM=1&CrsDat=GEAE2154&Crsname=探索音樂劇表演,,,False,博雅向度一,GEAE2154,0,不分班,"探索音樂劇表演
EXPLORING MUSICAL THEATRE THROUGH PERFORMANCE",3,期,True,50,0,0,50,林宜誠,"四5,6,7(通GE 4016)","['', '', '', '567', '', '', '']",《展演》,[],False
https://selcrs.nsysu.edu.tw/menu5/showoutline.asp?SYEAR=115&SEM=1&CrsDat=GEAE2155&Crsname=世界音樂,異動,更換時間6/29,False,博雅向度一,GEAE2155,0,不分班,"世界音樂
WORLD MUSIC",2,期,True,50,0,0,50,楊妮蓉,"一3,4(文FA 7003)","['34', '', '', '', '', '', '']","《講授類》
音樂系「世界音樂」與校內外音樂系相關系所課程不得抵免本課程",[],False
https://selcrs.nsysu.edu.tw/menu5/showoutline.asp?SYEAR=115&SEM=1&CrsDat=GEAE2156&Crsname=西洋文學導讀,,,False,博雅向度一,GEAE2156,0,不分班,"西洋文學導讀
GUIDED READINGS OF WESTERN LITERATURE",3,期,True,80,0,0,80,盧莉茹,"二5,6,7(文LA 0002)","['', '567', '', '', '', '', '']","《講授類》
本課程為優先選修課程，依選課須知規定，優先條件為第一篩選順序，志願序或點數加選為次要篩選順序。優先條件順序:(1)全英語學士專班(分組/班)學生。(2)其他學士班學生。",[],True
https://selcrs.nsysu.edu.tw/menu5/showoutline.asp?SYEAR=115&SEM=1&CrsDat=GEAE2204&Crsname=自由與責任,,,False,博雅向度二,GEAE2204,0,不分班,"自由與責任
FREEDOM AND RESPONSIBILITY",3,期,True,50,0,0,50,戴遠雄,"二2,3,4(文LA 1004)","['', '234', '', '', '', '', '']",《講授類》,[],False
https://selcrs.nsysu.edu.tw/menu5/showoutline.asp?SYEAR=115&SEM=1&CrsDat=GEAE2205&Crsname=視覺文化與哲學反思,,,False,博雅向度二,GEAE2205,0,不分班,"視覺文化與哲學反思
VISUAL CULTURE AND PHILOSOPHICAL REFLECTION",3,期,True,80,0,0,80,楊婉儀,"四2,3,4(通GE 1010)","['', '', '', '234', '', '', '']",《講授類》,[],False
https://selcrs.nsysu.edu.tw/menu5/showoutline.asp?SYEAR=115&SEM=1&CrsDat=GEAE2207&Crsname=文化差異與倫理規範,,,False,博雅向度二,GEAE2207,0,不分班,"文化差異與倫理規範
CULTURAL DIFFERENCE AND ETHICAL NORMS",3,期,True,50,0,0,50,游淙祺,"一5,6,7(文LA 0001)","['567', '', '', '', '', '', '']",《講授類》,[],False
https://selcrs.nsysu.edu.tw/menu5/showoutline.asp?SYEAR=115&SEM=1&CrsDat=GEAE2209&Crsname=東方哲學思想(二),,,False,博雅向度二,GEAE2209,0,不分班,"東方哲學思想(二)
EASTERN PHILOSOPHY (2)",2,期,True,50,0,0,50,陳立驤,"一3,4(通GE 1008)","['34', '', '', '', '', '', '']",《講授類》,[],False
https://selcrs.nsysu.edu.tw/menu5/showoutline.asp?SYEAR=115&SEM=1&CrsDat=GEAE2210&Crsname=生命教育,,,False,博雅向度二,GEAE2210,0,不分班,"生命教育
LIFE EDUCATION",2,期,True,50,0,0,50,楊婉儀,"三3,4(文LA 0001)","['', '', '34', '', '', '', '']",《講授類》,[],False
https://selcrs.nsysu.edu.tw/menu5/showoutline.asp?SYEAR=115&SEM=1&CrsDat=GEAE2215&Crsname=女性主義思潮,,,False,博雅向度二,GEAE2215,0,不分班,"女性主義思潮
FEMINISMS THOUGHTS",2,期,True,50,0,0,50,陳美華,"二6,7(社SS 4004-2)","['', '67', '', '', '', '', '']",《講授類》,[],False
https://selcrs.nsysu.edu.tw/menu5/showoutline.asp?SYEAR=115&SEM=1&CrsDat=GEAE2219&Crsname=生命倫理的探索,,,False,博雅向度二,GEAE2219,0,不分班,"生命倫理的探索
EXPLORATION OF ETHICS IN HUMAN EXISTENCE",3,期,True,50,0,0,50,戴遠雄,"二5,6,7(文LA 1003)","['', '567', '', '', '', '', '']",《講授類》,[],False
https://selcrs.nsysu.edu.tw/menu5/showoutline.asp?SYEAR=115&SEM=1&CrsDat=GEAE2221&Crsname=性與性別的跨文化觀點,,,False,博雅向度二,GEAE2221,0,不分班,"性與性別的跨文化觀點
SEX AND GENDER IN CROSS-CULTURAL PERSPECTIVE",3,期,True,60,0,0,60,趙恩潔,"四8,6,7(社SS 2001)","['', '', '', '678', '', '', '']",《講授類》,[],False
https://selcrs.nsysu.edu.tw/menu5/showoutline.asp?SYEAR=115&SEM=1&CrsDat=GEAE2223&Crsname=文化工作的倫理議題,,,False,博雅向度二,GEAE2223,0,不分班,"文化工作的倫理議題
ETHICAL ISSUES OF CULTURAL WORK",3,期,True,50,0,0,50,楊士奇,"二5,6,7(通GE 2006)","['', '567', '', '', '', '', '']",《講授類》,[],False
https://selcrs.nsysu.edu.tw/menu5/showoutline.asp?SYEAR=115&SEM=1&CrsDat=GEAE2226&Crsname=現代日本社會與宗教,,,False,博雅向度二,GEAE2226,0,不分班,"現代日本社會與宗教
RELIGION IN MODERN JAPANESE SOCIETY",3,期,True,70,0,0,70,伊藤佳代,"三5,6,7(通GE 2006)","['', '', '567', '', '', '', '']",《講授類》,[],False
https://selcrs.nsysu.edu.tw/menu5/showoutline.asp?SYEAR=115&SEM=1&CrsDat=GEAE2231&Crsname=人權倡議,,,False,博雅向度二,GEAE2231,0,不分班,"人權倡議
HUMAN RIGHTS ADVOCACY",3,期,True,50,0,0,50,許家豪,"二2,3,4(通GE 4016)","['', '234', '', '', '', '', '']","《講授類》
本課程為優先選修課程，依選課須知規定，優先條件為第一篩選順序，志願序或點數加選為次要篩選順序。優先條件順序:(1)全英語學士專班(分組/班)學生。(2)其他學士班學生。",[],True
https://selcrs.nsysu.edu.tw/menu5/showoutline.asp?SYEAR=115&SEM=1&CrsDat=GEAE2238&Crsname=安頓自己：正念覺察與紓壓,,,False,博雅向度二,GEAE2238,0,不分班,"安頓自己：正念覺察與紓壓
FINDING YOUR BALANCE: MINDFUL AWARENESS AND STRESS RELIEF",2,期,True,50,0,0,50,待聘,"二8,7(醫IL 3017)","['', '78', '', '', '', '', '']",《講授類》,[],False
https://selcrs.nsysu.edu.tw/menu5/showoutline.asp?SYEAR=115&SEM=1&CrsDat=GEAE2239&Crsname=邏輯與批判思考,,,False,博雅向度二,GEAE2239,0,不分班,"邏輯與批判思考
LOGIC AND CRITICAL THINKING",3,期,True,50,0,0,50,待聘,"四8,6,7(文LA 1003)","['', '', '', '678', '', '', '']","《講授類》
本課程為優先選修課程，依選課須知規定，優先條件為第一篩選順序，志願序或點數加選為次要篩選順序。優先條件順序:(1)全英語學士專班(分組/班)學生。(2)其他學士班學生。",[],True
https://selcrs.nsysu.edu.tw/menu5/showoutline.asp?SYEAR=115&SEM=1&CrsDat=GEAE2301&Crsname=海洋文化,,,False,博雅向度三,GEAE2301,0,不分班,"海洋文化
MARITIME CULTURE",3,期,True,80,0,0,80,江政寬,"四5,6,7(通GE 1008)","['', '', '', '567', '', '', '']",《講授類》,[],False
https://selcrs.nsysu.edu.tw/menu5/showoutline.asp?SYEAR=115&SEM=1&CrsDat=GEAE2328&Crsname=日本文化概論,,,False,博雅向度三,GEAE2328,0,不分班,"日本文化概論
INTRODUCTION TO JAPANESE CULTURE",3,期,True,80,0,0,80,吳亦昕,"五2,3,4(通GE 2006)","['', '', '', '', '234', '', '']",《講授類》,[],False
https://selcrs.nsysu.edu.tw/menu5/showoutline.asp?SYEAR=115&SEM=1&CrsDat=GEAE2329&Crsname=公民生活與保險,,,False,博雅向度三,GEAE2329,0,不分班,"公民生活與保險
CIVIC LIFE AND INSURANCE",2,期,True,95,0,0,95,唐俊華,"二5,6(通GE 1010)","['', '56', '', '', '', '', '']","《講授類》
限大3以上非財管系學生修習。",[],False
https://selcrs.nsysu.edu.tw/menu5/showoutline.asp?SYEAR=115&SEM=1&CrsDat=GEAE2330&Crsname=地方文化採集與應用,,,False,博雅向度三,GEAE2330,0,不分班,"地方文化採集與應用
LOCAL CULTURAL COLLECTIONS AND APPLICATIONS",3,期,True,50,0,0,50,吳亦昕,"三2,3,4(通GE 1008)","['', '', '234', '', '', '', '']",《講授類》,[],False
https://selcrs.nsysu.edu.tw/menu5/showoutline.asp?SYEAR=115&SEM=1&CrsDat=GEAE2332&Crsname=社會文化分析,,,False,博雅向度三,GEAE2332,0,不分班,"社會文化分析
SOCIO-CULTURAL ANALYSIS",3,期,True,60,0,0,60,王啟仲,"三5,6,7(通GE 1010)","['', '', '567', '', '', '', '']","《講授類》
本課程為優先選修課程，依選課須知規定，優先條件為第一篩選順序，志願序或點數加選為次要篩選順序。優先條件順序:(1)全英語學士專班(分組/班)學生。(2)其他學士班學生。",[],True
https://selcrs.nsysu.edu.tw/menu5/showoutline.asp?SYEAR=115&SEM=1&CrsDat=GEAE2334&Crsname=公共演說及致辭,,,False,博雅向度三,GEAE2334,0,不分班,"公共演說及致辭
PUBLIC SPEAKING AND PUBLIC ADDRESS",3,期,True,40,0,0,40,蘇其康,"四2,3,4(文LA 0001)","['', '', '', '234', '', '', '']","《講授類》
本課程為優先選修課程，依選課須知規定，優先條件為第一篩選順序，志願序或點數加選為次要篩選順序。優先條件順序:(1)全英語學士專班(分組/班)學生。(2)其他學士班學生。",[],True
https://selcrs.nsysu.edu.tw/menu5/showoutline.asp?SYEAR=115&SEM=1&CrsDat=GEAE2343&Crsname=創造力與社會創新,,,False,博雅向度三,GEAE2343,0,不分班,"創造力與社會創新
CREATIVITY AND SOCIAL INNOVATION",3,期,True,50,0,0,50,游銘仁,"三5,6,7(海ME 2001)","['', '', '567', '', '', '', '']",《講授類》,[],False
https://selcrs.nsysu.edu.tw/menu5/showoutline.asp?SYEAR=115&SEM=1&CrsDat=GEAE2344&Crsname=台日文化比較研究（一）,,,False,博雅向度三,GEAE2344,0,不分班,"台日文化比較研究（一）
COMPARATIVE CULTURAL STUDIES OF TAIWAN AND JAPAN(I)",3,期,True,50,0,0,50,伊藤佳代,"五5,6,7(通GE 3011)","['', '', '', '', '567', '', '']","《講授類》
日語授課，日語能力至少N4以上程度",[],False
https://selcrs.nsysu.edu.tw/menu5/showoutline.asp?SYEAR=115&SEM=1&CrsDat=GEAE2345&Crsname=地方創生議題探討,,,False,博雅向度三,GEAE2345,0,不分班,"地方創生議題探討
CASE STUDIES ON REGIONAL REVITALIZATION",3,期,True,50,0,0,50,"伊藤佳代,吳亦昕",,"['1234B56789D', '1234B5678D', '1234B567', '234B', '', '234B56789', '1234B56789CD']","《講授類》
1. 須具備英語溝通能力。 2. 須繳交霧台踏查行程交通與食宿等費用，一人5000元。 3. 6/12前須填寫報名表單，經通知錄取並完成繳費者，方能選課。 4.上課時間為8/8~8/13。",[],False
https://selcrs.nsysu.edu.tw/menu5/showoutline.asp?SYEAR=115&SEM=1&CrsDat=GEAE2346&Crsname=西洋政治思想史,,,False,博雅向度三,GEAE2346,0,不分班,"西洋政治思想史
HISTORY OF WESTERN POLITICAL THOUGHT",3,期,True,50,0,0,50,楊尚儒,"三5,6,7(社SS 1006)","['', '', '567', '', '', '', '']",《講授類》,[],False
https://selcrs.nsysu.edu.tw/menu5/showoutline.asp?SYEAR=115&SEM=1&CrsDat=GEAE2348&Crsname=美國歷史與發展,,,False,博雅向度三,GEAE2348,0,不分班,"美國歷史與發展
HISTORY AND DEVELOPMENT OF THE UNITED STATES",3,期,True,50,0,0,50,希家玹,"四2,3,4(管CM 0052)","['', '', '', '234', '', '', '']","《講授類》
本課程為優先選修課程，依選課須知規定，優先條件為第一篩選順序，志願序或點數加選為次要篩選順序。優先條件順序:(1)全英語學士專班(分組/班)學生。(2)其他學士班學生。",[],True
https://selcrs.nsysu.edu.tw/menu5/showoutline.asp?SYEAR=115&SEM=1&CrsDat=GEAE2403&Crsname=創新科技應用服務,,,False,博雅向度四,GEAE2403,0,不分班,"創新科技應用服務
INNOVATIVE TECHNOLOGY ENABLED SERVICES",3,期,True,55,0,0,55,蔡俊彥,"二2,3,4(圖IL PC03)","['', '234', '', '', '', '', '']","《講授類》
限非資工、資管系修習。已修過「創意程式設計」課程不得修。",[],False
https://selcrs.nsysu.edu.tw/menu5/showoutline.asp?SYEAR=115&SEM=1&CrsDat=GEAE2406&Crsname=現今科技與社會,,,False,博雅向度四,GEAE2406,0,不分班,"現今科技與社會
MODERN SCIENCE & TECHNOLOGY AND SOCIETY",2,期,True,95,0,0,95,"于松桓,張美濙,李佶珉","二8,9(通GE 4016)","['', '89', '', '', '', '', '']",《講授類》,[],False
https://selcrs.nsysu.edu.tw/menu5/showoutline.asp?SYEAR=115&SEM=1&CrsDat=GEAE2413&Crsname=海權與海洋事務,,,False,博雅向度四,GEAE2413,0,不分班,"海權與海洋事務
SEA POWER AND MARINE AFFAIRS",2,期,True,115,0,0,115,"吳偉寧,王志騰,蔡錦昌,高世明","二B,5(海MA 3021)","['', 'B5', '', '', '', '', '']","《講授類》
已修海洋事務概論不得修。",[],False
https://selcrs.nsysu.edu.tw/menu5/showoutline.asp?SYEAR=115&SEM=1&CrsDat=GEAE2430&Crsname=科學、媒體與文化,,,False,博雅向度四,GEAE2430,0,不分班,"科學、媒體與文化
SCIENCE, MEDIA, AND CULTURE",3,期,True,90,0,0,90,李育諭,"五2,3,4(通GE 1008)","['', '', '', '', '234', '', '']",《講授類》,[],False
https://selcrs.nsysu.edu.tw/menu5/showoutline.asp?SYEAR=115&SEM=1&CrsDat=GEAE2432&Crsname=流行音樂、科技與社會,,,False,博雅向度四,GEAE2432,0,不分班,"流行音樂、科技與社會
POPULAR MUSIC, TECHNOLOGY AND SOCIETY",3,期,True,60,0,0,60,王啟仲,"二5,6,7(通GE 1008)","['', '567', '', '', '', '', '']",《講授類》,[],False
https://selcrs.nsysu.edu.tw/menu5/showoutline.asp?SYEAR=115&SEM=1&CrsDat=GEAE2438&Crsname=科技與飲食社會,,,False,博雅向度四,GEAE2438,0,不分班,"科技與飲食社會
TECHNOLOGY AND FOOD SOCIETY",3,期,True,50,0,0,50,陳德容,"三5,6,7(通GE 4016)","['', '', '567', '', '', '', '']","《講授類》
本課程為優先選修課程，依選課須知規定，優先條件為第一篩選順序，志願序或點數加選為次要篩選順序。優先條件順序:(1)全英語學士專班(分組/班)學生。(2)其他學士班學生。",[],True
https://selcrs.nsysu.edu.tw/menu5/showoutline.asp?SYEAR=115&SEM=1&CrsDat=GEAE2442&Crsname=海洋生態資源：科技研究與社會影響,,,False,博雅向度四,GEAE2442,0,不分班,"海洋生態資源：科技研究與社會影響
MARINE ECOLOGICAL RESOURCES: SCIENTIFIC RESEARCH AND SOCIAL IMPACT",2,期,True,80,0,0,80,"張水鍇,張詠斌","四8,9(通GE 1008)","['', '', '', '89', '', '', '']",《講授類》,[],False
https://selcrs.nsysu.edu.tw/menu5/showoutline.asp?SYEAR=115&SEM=1&CrsDat=GEAE2444&Crsname=生成式AI：文字與圖像生成的原理與實務,,,False,博雅向度四,GEAE2444,0,不分班,"生成式AI：文字與圖像生成的原理與實務
GENERATIVE AI: TEXT AND IMAGE SYNTHESIS PRINCIPLES AND PRACTICE",3,期,True,40,0,0,40,"AI聯盟教師,楊政融","二8,9,C(同步遠距)","['', '89C', '', '', '', '', '']","《講授類》
1.開課單位及教師：政治大學蔡炎龍老師。本校協助教師：機電系楊政融副教授。2.課程網頁：Facebook【政大應數系直播中心】https://facebook.com/groups/nccumathonline/。學生選修限制, 請詳見AI聯盟公告。3.同步考試時間：2026/12/22 在 Gather.town 線上研討會型式的期末專題成果分享(主導課程會以學生投稿、擇優方式參與，獲選同學參加期末專案分享，並有額外加分。",[],False
https://selcrs.nsysu.edu.tw/menu5/showoutline.asp?SYEAR=115&SEM=1&CrsDat=GEAE2445&Crsname=半導體科技專題講座,,,False,博雅向度四,GEAE2445,0,不分班,"半導體科技專題講座
SPECIAL LECTURES ON SEMICONDUCTOR TECHNOLOGY",3,期,True,120,0,0,120,于欽平,"五2,3,4(通GE 1010)","['', '', '', '', '234', '', '']","《演講/參訪》
限非工學院、物理系、化學系學生修習。",[],False
https://selcrs.nsysu.edu.tw/menu5/showoutline.asp?SYEAR=115&SEM=1&CrsDat=GEAE2447&Crsname=故事創意與AI繪本創作,,,False,博雅向度四,GEAE2447,0,不分班,"故事創意與AI繪本創作
STORY CREATIVITY AND AI PICTURE BOOK DESIGN",3,期,True,55,0,0,55,黃郁晴,"四2,3,4(通GE 1008)","['', '', '', '234', '', '', '']",《講授類》,[],False
https://selcrs.nsysu.edu.tw/menu5/showoutline.asp?SYEAR=115&SEM=1&CrsDat=GEAE2451&Crsname=人工智慧應用開發實務,,,False,博雅向度四,GEAE2451,0,不分班,"人工智慧應用開發實務
ARTIFICIAL INTELLIGENCE APPLICATION DEVELOPMENT",3,期,True,50,0,0,50,許智超,"四8,6,7(圖IL PC01)","['', '', '', '678', '', '', '']",《講授類》,[],False
https://selcrs.nsysu.edu.tw/menu5/showoutline.asp?SYEAR=115&SEM=1&CrsDat=GEAE2503&Crsname=本地植物學,,,False,博雅向度五,GEAE2503,0,不分班,"本地植物學
LOCAL FLORA",2,期,True,70,0,0,70,張楊家豪,"五3,4(海ME 3006)","['', '', '', '', '34', '', '']","《講授類》
限非生科系學生修習。",[],False
https://selcrs.nsysu.edu.tw/menu5/showoutline.asp?SYEAR=115&SEM=1&CrsDat=GEAE2514&Crsname=生命科學,,,False,博雅向度五,GEAE2514,0,不分班,"生命科學
LIFE SCIENCES",2,期,True,95,0,0,95,"王亮鈞,王志騰,陳慶能","一8,9(通GE 1010)","['89', '', '', '', '', '', '']","《講授類》
限非生科、海資、生醫科技系學生修習。",[],False
https://selcrs.nsysu.edu.tw/menu5/showoutline.asp?SYEAR=115&SEM=1&CrsDat=GEAE2514A&Crsname=生命科學,,,False,博雅向度五,GEAE2514A,0,不分班,"生命科學
LIFE SCIENCES",2,期,True,95,0,0,95,"劉勃佑,王敬湧","五3,4(通GE 4016)","['', '', '', '', '34', '', '']","《講授類》
限非生科、海資、生醫科技系學生修習。本課程為優先選修課程，依選課須知規定，優先條件為第一篩選順序，志願序或點數加選為次要篩選順序。優先條件順序:(1)全英語學士專班(分組/班)學生。(2)其他學士班學生。",[],True
https://selcrs.nsysu.edu.tw/menu5/showoutline.asp?SYEAR=115&SEM=1&CrsDat=GEAE2514B&Crsname=生命科學,,,False,博雅向度五,GEAE2514B,0,不分班,"生命科學
LIFE SCIENCES",2,期,True,95,0,0,95,"吳長益,高資棟","二6,7(通GE 4016)","['', '67', '', '', '', '', '']","《講授類》
限非生科、海資、生醫科技系學生修習。",[],False
https://selcrs.nsysu.edu.tw/menu5/showoutline.asp?SYEAR=115&SEM=1&CrsDat=GEAE2515&Crsname=生醫桂冠的故事,,,False,博雅向度五,GEAE2515,0,不分班,"生醫桂冠的故事
THE STORIES OF NOBEL PRIZE LAUREATES IN BIOMEDICAL SCIENCES",2,期,True,85,0,0,85,許晉銓,"四6,7(通GE 1010)","['', '', '', '67', '', '', '']",《講授類》,[],False
https://selcrs.nsysu.edu.tw/menu5/showoutline.asp?SYEAR=115&SEM=1&CrsDat=GEAE2520&Crsname=科學的本質,,,False,博雅向度五,GEAE2520,0,不分班,"科學的本質
NATURE OF SCIENCE",2,期,True,70,0,0,70,劉叔秋,,"['', '', 'X', '89X', '', '', '']","《講授類》
1.本課程為混成課程。2.本課程為優先選修課程，依選課須知規定，優先條件為第一篩選順序，志願序或點數加選為次要篩選順序。優先條件順序:(1)全英語學士專班(分組/班)學生。(2)其他學士班學生。",[],True
https://selcrs.nsysu.edu.tw/menu5/showoutline.asp?SYEAR=115&SEM=1&CrsDat=GEAE2526&Crsname=地球生命概論,,,False,博雅向度五,GEAE2526,0,不分班,"地球生命概論
AN INTRODUCTION TO LIFE ON EARTH",3,期,True,70,0,0,70,邊安台,"三2,3,4(通GE 1010)","['', '', '234', '', '', '', '']","《講授類》
本課程為優先選修課程，依選課須知規定，優先條件為第一篩選順序，志願序或點數加選為次要篩選順序。優先條件順序:(1)全英語學士專班(分組/班)學生。(2)其他學士班學生。",[],True
https://selcrs.nsysu.edu.tw/menu5/showoutline.asp?SYEAR=115&SEM=1&CrsDat=GEAE2528&Crsname=基礎程式設計（C++）,,,False,博雅向度五,GEAE2528,0,不分班,"基礎程式設計（C++）
INTRODUCTION TO PROGRAMMING（C++）",3,期,True,40,0,0,40,"AI聯盟教師,莊豐任","一2,3,4(同步遠距)","['234', '', '', '', '', '', '']","《講授類》
1.開課單位及教師：陽明交通大學温宏斌老師。本校協助教師：電機系莊豐任教授。2.同步考試時間：2026-11-02(一) 、 2026-12-21(一) AM 9:00-PM12:00",[],False
https://selcrs.nsysu.edu.tw/menu5/showoutline.asp?SYEAR=115&SEM=1&CrsDat=GEAE2529&Crsname=人工智慧導論,,,False,博雅向度五,GEAE2529,0,不分班,"人工智慧導論
INTRODUCTION TO ARTIFICIAL INTELLIGENCE",3,期,True,40,0,0,40,AI聯盟教師,"四5,6,7(同步遠距)","['', '', '', '567', '', '', '']","《講授類》
1.開課單位及教師：成功大學朱威達老師。2. 上課連結：https://www.youtube.com/@WeiTaChu。課堂作業包括程式作業，修課學生需具備程式撰寫能力以及演算法的基本知識。3.同步考試時間為2026年12月10日, 13:10~16:00 （所有學生需同步進行，在此時段無法應考的學生請勿修課）",[],False
https://selcrs.nsysu.edu.tw/menu5/showoutline.asp?SYEAR=115&SEM=1&CrsDat=GEAE2530&Crsname=統計學暨實習,,,False,博雅向度五,GEAE2530,0,不分班,"統計學暨實習
STATISTICS WITH RECITATION",4,期,True,40,0,0,40,"AI聯盟教師,林裕䕒","二5,6(同步遠距)(實驗) 三2,3,4(同步遠距)","['', '56', '234', '', '', '', '']","《講授類》
1.開課單位及教師：臺灣大學李宗穎老師。本校協助教師：海事所林裕䕒助理教授。2課堂上的所有互動（包含小組討論、期末/期中測驗以及所有與課程相關的作業與報告）均須全程使用英語。我們將使用 NTU COOL 平台來分享課程教材與公布重要公告。學生有責任每天查看 NTU COOL 以及學校電子信箱，以確保掌握最新訊息與課程動態。上課期間，所有通訊設備皆須關閉或調整為靜音模式。3.同步考試時間：2026/10/28期中考及2026/12/16期末考 (9:30 AM - 12:00 PM)",[],True
https://selcrs.nsysu.edu.tw/menu5/showoutline.asp?SYEAR=115&SEM=1&CrsDat=GEAE2532&Crsname=災難照護與科技防災準備,,,False,博雅向度五,GEAE2532,0,不分班,"災難照護與科技防災準備
DISASTER CARE AND TECHNOLOGY-BASED PREPAREDNESS",2,期,True,50,0,0,50,王美卿,"一5,6(醫IL 3013)","['56', '', '', '', '', '', '']",《講授類》,[],False
https://selcrs.nsysu.edu.tw/menu5/showoutline.asp?SYEAR=115&SEM=1&CrsDat=GEAE2533&Crsname=智慧高齡健康永續：科技點亮人生,,,False,博雅向度五,GEAE2533,0,不分班,"智慧高齡健康永續：科技點亮人生
SUSTAINABLE WELLNESS FOR SMART AGING: TECHNOLOGY LIGHTS LIFE",2,期,True,50,0,0,50,陳嬿今,"二3,4(醫IL 3004)","['', '34', '', '', '', '', '']",《講授類》,[],False
https://selcrs.nsysu.edu.tw/menu5/showoutline.asp?SYEAR=115&SEM=1&CrsDat=GEAE2601&Crsname=地球科學,,,False,博雅向度六,GEAE2601,0,不分班,"地球科學
FUNDAMENTALS OF EARTH SCIENCE",2,期,True,90,0,0,90,"張瑜峻,托星豪,方盈智,楊仁凱","四5,6(海MA 3021)","['', '', '', '56', '', '', '']",《講授類》,[],False
https://selcrs.nsysu.edu.tw/menu5/showoutline.asp?SYEAR=115&SEM=1&CrsDat=GEAE2602&Crsname=海洋生態與海洋科技教育探索,,,False,博雅向度六,GEAE2602,0,不分班,"海洋生態與海洋科技教育探索
EXPLORATION OF MARINE ECOLOGY AND TECHNOLOGY",2,期,True,80,0,0,80,黃蔚人,"二6,7(海MA 3021)","['', '67', '', '', '', '', '']",《講授類》,[],False
https://selcrs.nsysu.edu.tw/menu5/showoutline.asp?SYEAR=115&SEM=1&CrsDat=GEAE2610&Crsname=環境倫理與環境政策,,,False,博雅向度六,GEAE2610,0,不分班,"環境倫理與環境政策
ENVIRONMENTAL ETHICS AND ENVIRONMENTAL POLICIES",2,期,True,73,0,0,73,吳偉寧,"二3,4(通GE 1008)","['', '34', '', '', '', '', '']",《講授類》,[],False
https://selcrs.nsysu.edu.tw/menu5/showoutline.asp?SYEAR=115&SEM=1&CrsDat=GEAE2613&Crsname=氣候變遷與調適,,,False,博雅向度六,GEAE2613,0,不分班,"氣候變遷與調適
CLIMATE CHANGE ADAPTATION",3,期,True,80,0,0,80,"劉叔秋,張水鍇,張詠斌,李育諭","一5,6,7(通GE 4016)","['567', '', '', '', '', '', '']",《講授類》,[],False
https://selcrs.nsysu.edu.tw/menu5/showoutline.asp?SYEAR=115&SEM=1&CrsDat=GEAE2616&Crsname=光電生活與能源永續,,,False,博雅向度六,GEAE2616,0,不分班,"光電生活與能源永續
OPTOELECTRONIC DAILY LIFE AND ENERGY SUSTAINABILITY",2,期,True,50,0,0,50,于欽平,"一8,9(西SW 1005)","['89', '', '', '', '', '', '']","《講授類》
限文、管、社學院學生修習",[],False
https://selcrs.nsysu.edu.tw/menu5/showoutline.asp?SYEAR=115&SEM=1&CrsDat=GEAE2622&Crsname=人類與環境之交互關係,,,False,博雅向度六,GEAE2622,0,不分班,"人類與環境之交互關係
HUMAN-ENVIRONMENT INTERACTIONS",3,期,True,50,0,0,50,夏燦風,"四2,3,4(理SC 1001)","['', '', '', '234', '', '', '']","《講授類》
本課程為優先選修課程，依選課須知規定，優先條件為第一篩選順序，志願序或點數加選為次要篩選順序。優先條件順序:(1)全英語學士專班(分組/班)學生。(2)其他學士班學生。",[],True
https://selcrs.nsysu.edu.tw/menu5/showoutline.asp?SYEAR=115&SEM=1&CrsDat=GEAE2625&Crsname=在地食物的永續發展與全球脈絡,,,False,博雅向度六,GEAE2625,0,不分班,"在地食物的永續發展與全球脈絡
SUSTAINABLE LOCAL FOOD IN GLOBAL CONTEXT",3,期,True,60,0,0,60,"李育諭,林季怡","五8,6,7(通GE 4016)","['', '', '', '', '678', '', '']","《講授類》
本課程為優先選修課程，依選課須知規定，優先條件為第一篩選順序，志願序或點數加選為次要篩選順序。優先條件順序:(1)全英語學士專班(分組/班)學生。(2)其他學士班學生。",[],True
https://selcrs.nsysu.edu.tw/menu5/showoutline.asp?SYEAR=115&SEM=1&CrsDat=GEAE2632&Crsname=通識專題講座：濕地生態與環境永續,,,False,博雅向度六,GEAE2632,0,不分班,"通識專題講座：濕地生態與環境永續
LECTURESHIP ON GENERAL EDUCATION: WETLAND ECOLOGY AND ENVIRONMENTAL SUSTAINABILITY",2,期,True,120,0,0,120,"劉叔秋,張詠斌","五6,7(通GE 1010)","['', '', '', '', '67', '', '']",《演講/參訪》,[],False
https://selcrs.nsysu.edu.tw/menu5/showoutline.asp?SYEAR=115&SEM=1&CrsDat=GEAE2633&Crsname=海洋生態保育與永續發展,,,False,博雅向度六,GEAE2633,0,不分班,"海洋生態保育與永續發展
MARINE ECOLOGY CONSERVATION AND SUSTAINABLE DEVELOPMENT",2,期,True,50,0,0,50,林裕䕒,"三5,6(通GE 1008)","['', '', '56', '', '', '', '']",《講授類》,[],False
https://selcrs.nsysu.edu.tw/menu5/showoutline.asp?SYEAR=115&SEM=1&CrsDat=GEAE2634&Crsname=環境科學與污染防治,,,False,博雅向度六,GEAE2634,0,不分班,"環境科學與污染防治
ENVIRONMENTAL SCIENCE AND POLLUTION PREVENTION",2,期,True,50,0,0,50,陳則綸,"一3,4(工EC 2011)","['34', '', '', '', '', '', '']",《講授類》,[],False
https://selcrs.nsysu.edu.tw/menu5/showoutline.asp?SYEAR=115&SEM=1&CrsDat=AI10001&Crsname=人工智慧導論,,,False,AI聯盟(學),AI10001,0,不分班,"人工智慧導論
INTRODUCTION TO ARTIFICIAL INTELLIGENCE",3,期,False,10,0,0,10,AI聯盟教師,"四5,6,7(同步遠距)","['', '', '', '567', '', '', '']","《講授類》
1.開課單位及教師：成功大學朱威達老師。2. 上課連結：https://www.youtube.com/@WeiTaChu。課堂作業包括程式作業，修課學生需具備程式撰寫能力以及演算法的基本知識。3.同步考試時間為2026年12月10日, 13:10~16:00 （所有學生需同步進行，在此時段無法應考的學生請勿修課）",[],False
https://selcrs.nsysu.edu.tw/menu5/showoutline.asp?SYEAR=115&SEM=1&CrsDat=AI10004&Crsname=基礎程式設計（C++）,,,False,AI聯盟(學),AI10004,0,不分班,"基礎程式設計（C++）
INTRODUCTION TO PROGRAMMING （C++）",3,期,False,10,0,0,10,"AI聯盟教師,莊豐任","一2,3,4(同步遠距)","['234', '', '', '', '', '', '']","《講授類》
1.開課單位及教師：陽明交通大學温宏斌老師。本校協助教師：電機系莊豐任教授。2.同步考試時間：2026-11-02(一) 、 2026-12-21(一) AM 9:00-PM12:00",[],False
https://selcrs.nsysu.edu.tw/menu5/showoutline.asp?SYEAR=115&SEM=1&CrsDat=AI10005&Crsname=統計學暨實習,,,False,AI聯盟(學),AI10005,0,不分班,"統計學暨實習
STATISTICS WITH RECITATION",4,期,False,10,0,0,10,"AI聯盟教師,林裕䕒","二5,6(同步遠距)(實驗) 三2,3,4(同步遠距)","['', '56', '234', '', '', '', '']","《講授類》
1.開課單位及教師：臺灣大學李宗穎老師。本校協助教師：海事所林裕䕒助理教授。2.課堂上的所有互動（包含小組討論、期末/期中測驗以及所有與課程相關的作業與報告）均須全程使用英語。我們將使用 NTU COOL 平台來分享課程教材與公布重要公告。學生有責任每天查看 NTU COOL 以及學校電子信箱，以確保掌握最新訊息與課程動態。上課期間，所有通訊設備皆須關閉或調整為靜音模式。3.同步考試時間：2026/10/28期中考及2026/12/16期末考 (9:30 AM - 12:00 PM)",[],True
https://selcrs.nsysu.edu.tw/menu5/showoutline.asp?SYEAR=115&SEM=1&CrsDat=AI50001&Crsname=機器學習,,,False,AI聯盟(碩),AI50001,0,不分班,"機器學習
MACHINE LEARNING",3,期,False,10,0,0,10,AI聯盟教師,"三2,3,4(同步遠距)","['', '', '234', '', '', '', '']","《講授類》
1.開課單位及教師：臺灣大學林軒田老師。2.課堂作業包括程式作業，修課學生需具備程式撰寫能力以及演算法的基本知識。限大三以上及研究生選修。學生選課限制：Computer Programming, Calculus, Probability, Linear Algebra.3.期末考時間：2026/12/9",[],False
https://selcrs.nsysu.edu.tw/menu5/showoutline.asp?SYEAR=115&SEM=1&CrsDat=AI50002&Crsname=金融科技導論,,,False,AI聯盟(碩),AI50002,0,不分班,"金融科技導論
INTRODUCTION TO FINTECH",3,期,False,45,0,0,45,AI聯盟教師,"三2,3,4(同步遠距)","['', '', '234', '', '', '', '']","《講授類》
1.開課單位及教師：臺灣大學張智星老師。2.上課連結：https://ntucc.webex.com/meet/rogerjang。限研究所學生選修。先修課程要求：請先詳閱AI聯盟公告3.同步考試時間：2026/12/23 9:10~12:10。",[],False
https://selcrs.nsysu.edu.tw/menu5/showoutline.asp?SYEAR=115&SEM=1&CrsDat=AI50003&Crsname=資料探勘與應用,,,False,AI聯盟(碩),AI50003,0,不分班,"資料探勘與應用
DATA MINING: CONCEPTS, TECHNIQUES, AND APPLICATIONS",3,期,False,50,0,0,50,AI聯盟教師,"一2,3,4(同步遠距)","['234', '', '', '', '', '', '']","《講授類》
1.開課單位及教師：清華大學陳宜欣老師。2. 上課連結：https://www.youtube.com/@NTHU_ISA5810_DataMining。限大三以上及研究生選修，建議學生需已修過Python程式設計、有基本機率概念。本課程期末專題採分組開發，請審慎評估可投入的時間在選課，若需退選最晚須於第十週以前退選，以避免影響同組修課同學之權益。3.同步考試時間：2026/12/14。",[],True
https://selcrs.nsysu.edu.tw/menu5/showoutline.asp?SYEAR=115&SEM=1&CrsDat=AI50004&Crsname=自然語言處理,,,False,AI聯盟(碩),AI50004,0,不分班,"自然語言處理
NATURAL LANGUAGE PROCESSING",3,期,False,40,0,0,40,AI聯盟教師,"四2,3,4(同步遠距)","['', '', '', '234', '', '', '']","《講授類》
1.開課單位及教師：清華大學高宏宇老師。2.上課連結：https://cool.ntu.edu.tw/courses/41436/modules。限研究所學生選修。建議學生須先具Python程式語言的先備知識。3.同步考試時間訂於：12月10日（星期四）09:00–12:00",[],False
https://selcrs.nsysu.edu.tw/menu5/showoutline.asp?SYEAR=115&SEM=1&CrsDat=AI50006&Crsname=生成式AI：文字與圖像生成的原理與實務,,,False,AI聯盟(碩),AI50006,0,不分班,"生成式AI：文字與圖像生成的原理與實務
GENERATIVE AI: TEXT AND IMAGE SYNTHESIS PRINCIPLES AND PRACTICE",3,期,False,10,0,0,10,"AI聯盟教師,楊政融","二8,9,C(同步遠距)","['', '89C', '', '', '', '', '']","《講授類》
1.開課單位及教師：政治大學蔡炎龍老師。本校協助教師：機電系楊政融副教授。2.""課程網頁：Facebook【政大應數系直播中心】https://facebook.com/groups/nccumathonline/。學生選修限制, 請詳見AI聯盟公告。3.同步考試時間：2026/12/22 在 Gather.town 線上研討會型式的期末專題成果分享(主導課程會以學生投稿、擇優方式參與，獲選同學參加期末專案分享，並有額外加分。",[],False
https://selcrs.nsysu.edu.tw/menu5/showoutline.asp?SYEAR=115&SEM=1&CrsDat=AI50009&Crsname=智慧人機互動,,,False,AI聯盟(碩),AI50009,0,不分班,"智慧人機互動
HUMAN-AI INTERACTION",3,期,False,50,0,0,50,"AI聯盟教師,翁愷貽","四5,6,7(同步遠距)","['', '', '', '567', '', '', '']","《講授類》
1.開課單位及教師：臺北科技大學韓秉軒老師。本校協助教師：電機系翁愷貽助理教授。2.上課連結：https://www.youtube.com/@xrlabntut0411。本課程建議學生先修習「生成式人工智慧導論」課程,或其他與人工智慧、自然語言處理相關之課程,具備基礎的 AI 概念與應用經驗。此外,應具備基本的多媒體程式設計能力,並熟悉 Unity Editor 的操作與 Unity SDK 的基礎開發技能。3.同步考試時間：與聯盟學校於12/26(六)共同展示及交流。限大三以上及研究生選修。",[],False
https://selcrs.nsysu.edu.tw/menu5/showoutline.asp?SYEAR=115&SEM=1&CrsDat=AI50015&Crsname=實體人工智慧,,,False,AI聯盟(碩),AI50015,0,不分班,"實體人工智慧
PHYSICAL AI",3,期,False,50,0,0,50,"AI聯盟教師,徐瑞壕","二5,6,7(同步遠距)","['', '567', '', '', '', '', '']","《講授類》
1.開課單位及教師：陽明交通大學陳奕廷老師。本校協助教師：資工系徐瑞壕副教授。3.限研究所（含大學部以上四年級修讀）",[],True
https://selcrs.nsysu.edu.tw/menu5/showoutline.asp?SYEAR=115&SEM=1&CrsDat=PHY101&Crsname=普通物理學（一）,,,False,普通物理小組,PHY101,1,不分班,"普通物理學（一）
GENERAL PHYSICS (I)",3,期,True,50,0,0,50,陳易馨,"一3,4(理SC 0009) 三5(理SC 0009)","['34', '', '5', '', '', '', '']","《講授類》
本課程與普通物理學演習(一)一起規劃課程, 需與普通物理學演習(一)一起修習",[],False
https://selcrs.nsysu.edu.tw/menu5/showoutline.asp?SYEAR=115&SEM=1&CrsDat=PHY102&Crsname=普通物理（一）,,,False,普通物理小組,PHY102,1,不分班,"普通物理（一）
GENERAL PHYSICS(I)",3,期,True,50,0,0,50,吳紘丞,"三2,3,4(海MA 3020)","['', '', '234', '', '', '', '']","《講授類》
化學系與海科系一年級學生優先選修，本課程無法抵免英語班普通物理",[],False
https://selcrs.nsysu.edu.tw/menu5/showoutline.asp?SYEAR=115&SEM=1&CrsDat=PHY102A&Crsname=普通物理（一）,,,False,普通物理小組,PHY102A,1,不分班,"普通物理（一）
GENERAL PHYSICS(I)",3,期,True,50,0,0,50,陳龍銘,"三2,3,4(工EC 1001)","['', '', '234', '', '', '', '']","《講授類》
材光系與光電系一年級學生優先選修，本課程無法抵免英語班普通物理",[],False
https://selcrs.nsysu.edu.tw/menu5/showoutline.asp?SYEAR=115&SEM=1&CrsDat=PHY102B&Crsname=普通物理（一）,,,False,普通物理小組,PHY102B,1,不分班,"普通物理（一）
GENERAL PHYSICS(I)",3,期,True,50,0,0,50,陳宗緯,"五2,3,4(工EC 3013)","['', '', '', '', '234', '', '']","《講授類》
電機系一年級學生優先選修，本課程無法抵免英語班普通物理",[],False
https://selcrs.nsysu.edu.tw/menu5/showoutline.asp?SYEAR=115&SEM=1&CrsDat=PHY102C&Crsname=普通物理（一）,,,False,普通物理小組,PHY102C,1,全英班,"普通物理（一）
GENERAL PHYSICS(I)",3,期,True,50,0,0,50,待聘,"四5,6,7(海ME 3006)","['', '', '', '567', '', '', '']","《講授類》
化學系一年級英語班與海工系一年級學生優先選修",[],True
https://selcrs.nsysu.edu.tw/menu5/showoutline.asp?SYEAR=115&SEM=1&CrsDat=PHY102D&Crsname=普通物理（一）,,,False,普通物理小組,PHY102D,1,全英班,"普通物理（一）
GENERAL PHYSICS(I)",3,期,True,65,0,0,65,周雄,"三2,3,4(工EC 3006)","['', '', '234', '', '', '', '']","《講授類》
材光系與光電系一年級英語班學生優先選修",[],True
https://selcrs.nsysu.edu.tw/menu5/showoutline.asp?SYEAR=115&SEM=1&CrsDat=PHY102E&Crsname=普通物理（一）,,,False,普通物理小組,PHY102E,1,全英班,"普通物理（一）
GENERAL PHYSICS(I)",3,期,True,50,0,0,50,岩本祥,"五5,6,7(工EC 3013)","['', '', '', '', '567', '', '']","《講授類》
電機系一年級英語班學生優先選修",[],True
https://selcrs.nsysu.edu.tw/menu5/showoutline.asp?SYEAR=115&SEM=1&CrsDat=PHY102F&Crsname=普通物理（一）,,,False,普通物理小組,PHY102F,1,全英班,"普通物理（一）
GENERAL PHYSICS(I)",3,期,True,50,0,0,50,范越芳,"三2,3,4(醫IL 3013)","['', '', '234', '', '', '', '']","《講授類》
生醫系一年級學生優先選修",[],True
https://selcrs.nsysu.edu.tw/menu5/showoutline.asp?SYEAR=115&SEM=1&CrsDat=PHY108&Crsname=普通物理實驗（一）,,,False,普通物理小組,PHY108,1,不分班,"普通物理實驗（一）
GENERAL PHYSICS LABORATORY (I)",1,期,True,70,0,0,70,陳易馨,"三2,3,4(理SC 0018; 理SC 0019)(實驗)","['', '', '234', '', '', '', '']","《實驗類》
物理系一年級學生優先選修，本課程無法抵免英語班普通物理實驗",[],False
https://selcrs.nsysu.edu.tw/menu5/showoutline.asp?SYEAR=115&SEM=1&CrsDat=PHY108A&Crsname=普通物理實驗（一）,,,False,普通物理小組,PHY108A,1,不分班,"普通物理實驗（一）
GENERAL PHYSICS LABORATORY (I)",1,期,True,70,0,0,70,吳紘丞,"一5,6,7(理SC 0018; 理SC 0019)(實驗)","['567', '', '', '', '', '', '']","《實驗類》
光電系與材光系一年級學生優先選修，本課程無法抵免英語班普通物理實驗",[],False
https://selcrs.nsysu.edu.tw/menu5/showoutline.asp?SYEAR=115&SEM=1&CrsDat=PHY108B&Crsname=普通物理實驗（一）,,,False,普通物理小組,PHY108B,1,全英班,"普通物理實驗（一）
GENERAL PHYSICS LABORATORY (I)",1,期,True,70,0,0,70,洪昇廷,"三5,6,7(理SC 0018; 理SC 0019)(實驗)","['', '', '567', '', '', '', '']","《實驗類》
材光系與光電系一年級英語班學生優先選修",[],True
https://selcrs.nsysu.edu.tw/menu5/showoutline.asp?SYEAR=115&SEM=1&CrsDat=PHY108C&Crsname=普通物理實驗（一）,,,False,普通物理小組,PHY108C,1,全英班,"普通物理實驗（一）
GENERAL PHYSICS LABORATORY (I)",1,期,True,70,0,0,70,吳紘丞,"四2,3,4(理SC 0018; 理SC 0019)(實驗)","['', '', '', '234', '', '', '']","《實驗類》
生物醫學科技系一年級學生優先選修",[],True
https://selcrs.nsysu.edu.tw/menu5/showoutline.asp?SYEAR=115&SEM=1&CrsDat=PHY108D&Crsname=普通物理實驗（一）,,,False,普通物理小組,PHY108D,1,全英班,"普通物理實驗（一）
GENERAL PHYSICS LABORATORY (I)",1,期,True,70,0,0,70,洪昇廷,"五5,6,7(理SC 0018; 理SC 0019)(實驗)","['', '', '', '', '567', '', '']","《實驗類》
海工系一年級學生優先選修",[],True
https://selcrs.nsysu.edu.tw/menu5/showoutline.asp?SYEAR=115&SEM=1&CrsDat=PHY110&Crsname=基礎理論物理（一）,,,False,普通物理小組,PHY110,1,全英班,"基礎理論物理（一）
INTRODUCTION TO THEORETICAL PHYSICS (I)",4,期,True,50,0,0,50,郭政育,"三5,6(理PH 1009) 四8,9(理PH 1009)","['', '', '56', '89', '', '', '']",《講授類》,[],True
https://selcrs.nsysu.edu.tw/menu5/showoutline.asp?SYEAR=115&SEM=1&CrsDat=GEAH107&Crsname=全民國防教育軍事訓練課程：全民國防（軍訓）,,,False,應用性課程,GEAH107,0,不分班,"全民國防教育軍事訓練課程：全民國防（軍訓）
ALL-OUT DEFENSE EDUCATION MILITARY TRAINING: CIVIL DEFENSE",2,期,False,50,0,0,50,許世宗,,"['', '', '', '', '', '1234', '']","《講授類》
1.軍訓選修課程不列入畢業總學分數，不計應用性課程學分數。2.本門課可依規定折抵兵役役期。3.密集授課時間：9/12、9/19、10/3、10/31、11/7、11/14、11/21、11/28、12/5每週六8~12點。",[],False
https://selcrs.nsysu.edu.tw/menu5/showoutline.asp?SYEAR=115&SEM=1&CrsDat=GEAH109&Crsname=全民國防教育軍事訓練課程：防衛動員（軍訓）,,,False,應用性課程,GEAH109,0,不分班,"全民國防教育軍事訓練課程：防衛動員（軍訓）
ALL-OUT DEFENSE EDUCATION MILITARY TRAINING: DEFENSE MOBILIZATION",2,期,False,60,0,0,60,陳惠華,"五8,7(通GE 1008)","['', '', '', '', '78', '', '']","《講授類》
1. 不允許加簽。2.軍訓選修課程不列入畢業總學分數，不計應用性課程學分數。3.本門課可依規定折抵兵役役期。",[],False
https://selcrs.nsysu.edu.tw/menu5/showoutline.asp?SYEAR=115&SEM=1&CrsDat=GEAH110&Crsname=全民國防教育軍事訓練課程：國防政策（軍訓）,,,False,應用性課程,GEAH110,0,不分班,"全民國防教育軍事訓練課程：國防政策（軍訓）
ALL-OUT DEFENSE EDUCATION MILITARY TRAINING：NATIONAL DEFENSE POLICIES",2,期,False,60,0,0,60,陳惠華,"五5,6(通GE 1008)","['', '', '', '', '56', '', '']","《講授類》
1.不允許加簽。2.軍訓選修課程不列入畢業總學分數，不計應用性課程學分數。3.本門課可依規定折抵兵役役期。",[],False
https://selcrs.nsysu.edu.tw/menu5/showoutline.asp?SYEAR=115&SEM=1&CrsDat=GEAH126&Crsname=全民國防教育軍事訓練課程：國際情勢（軍訓）,,,False,應用性課程,GEAH126,0,不分班,"全民國防教育軍事訓練課程：國際情勢（軍訓）
ALL-OUT DEFENSE EDUCATION MILITARY TRAINING: INTERNATIONAL SITUATION?",2,期,False,50,0,0,50,蔡家和,"二8,9(通GE 3011)","['', '89', '', '', '', '', '']","《講授類》
1.軍訓選修課程不列入畢業總學分數，不計應用性課程學分數。2.本門課可依規定折抵兵役役期。",[],False
https://selcrs.nsysu.edu.tw/menu5/showoutline.asp?SYEAR=115&SEM=1&CrsDat=GEAI1017&Crsname=程式設計概論,,,False,跨院選修(通),GEAI1017,0,不分班,"程式設計概論
THE INTRODUCTION OF PROGRAMMING",3,期,False,50,0,0,50,許智超,"四2,3,4(圖IL PC03)","['', '', '', '234', '', '', '']","《講授類》
限非應數、電機、機電、資工、材光、光電、資管、海工系學生修習",[],False
https://selcrs.nsysu.edu.tw/menu5/showoutline.asp?SYEAR=115&SEM=1&CrsDat=GEAI1027&Crsname=設計思考,,,False,跨院選修(通),GEAI1027,0,不分班,"設計思考
DESIGN THINKING",3,期,True,25,0,0,25,宋世祥,"四5,6,7(西SW 1005)","['', '', '', '567', '', '', '']","《講授類》
跨院通識與人科學程PIS2002課程併班上課",[],False
https://selcrs.nsysu.edu.tw/menu5/showoutline.asp?SYEAR=115&SEM=1&CrsDat=GEAI1046&Crsname=創意街區發展與設計思考,,,False,跨院選修(通),GEAI1046,0,不分班,"創意街區發展與設計思考
CREATIVE DISTRICT DEVELOPMENT AND DESIGN THINKING",3,期,False,25,0,0,25,宋世祥,"二5,6,7(西SW 1004)","['', '567', '', '', '', '', '']","《講授類》
跨院通識與人科學程PIS2007課程併班上課",[],False
https://selcrs.nsysu.edu.tw/menu5/showoutline.asp?SYEAR=115&SEM=1&CrsDat=GEAI1047&Crsname=創意設計方法,,,False,跨院選修(通),GEAI1047,0,不分班,"創意設計方法
CREATIVE DESIGN METHODS",3,期,False,30,0,0,30,張淑美,"三5,6,7(西SW 1005)","['', '', '567', '', '', '', '']","《講授類》
跨院通識與人科學程PIS2011課程併班上課",[],False
https://selcrs.nsysu.edu.tw/menu5/showoutline.asp?SYEAR=115&SEM=1&CrsDat=GEAI1048&Crsname=文化人類學,,,False,跨院選修(通),GEAI1048,0,不分班,"文化人類學
CULTURAL ANTHROPOLOGY",3,期,True,25,0,0,25,宋世祥,"三2,3,4(西SW 1005)","['', '', '234', '', '', '', '']","《講授類》
跨院通識與人科學系DIS1002課程併班上課",[],False
https://selcrs.nsysu.edu.tw/menu5/showoutline.asp?SYEAR=115&SEM=1&CrsDat=GEAI1069&Crsname=基礎程式應用,,,False,跨院選修(通),GEAI1069,0,不分班,"基礎程式應用
BASIC COMPUTER PROGRAMMING AND APPLICATION",3,期,True,10,0,0,10,鄭南玉,"四5,6,7(西SW 1007)","['', '', '', '567', '', '', '']","《講授類》
跨院通識與人科學系DIS1003課程併班上課",[],False
https://selcrs.nsysu.edu.tw/menu5/showoutline.asp?SYEAR=115&SEM=1&CrsDat=GEAI1070&Crsname=客家語言與文化,新增,7/2,False,跨院選修(通),GEAI1070,0,不分班,"客家語言與文化
HAKKA LANGUAGE AND CULTURE",1,期,False,50,0,0,50,古錦松,,"['', '', '', '', '', '12345678', '1234']","《講授類》
部份客家語授課",[],False
https://selcrs.nsysu.edu.tw/menu5/showoutline.asp?SYEAR=115&SEM=1&CrsDat=GEAI1072&Crsname=基礎越南語（I）,,,False,跨院選修(通),GEAI1072,0,不分班,"基礎越南語（I）
BASIC VIETNAMESE (I)",2,期,False,50,0,0,50,阮氏貞,"三3,4(通GE 3011)","['', '', '34', '', '', '', '']",《講授類》,[],False
https://selcrs.nsysu.edu.tw/menu5/showoutline.asp?SYEAR=115&SEM=1&CrsDat=GEAI1079&Crsname=智慧型運輸系統,,,False,跨院選修(通),GEAI1079,0,不分班,"智慧型運輸系統
INTRODUCTION TO INTELLIGENT TRANSPORTATION SYSTEMS",3,期,False,30,0,0,30,夏晧清,"三5,6,7(西SW 1007)","['', '', '567', '', '', '', '']","《講授類》
跨院通識與人科學系DIS1101課程併班上課",[],False
https://selcrs.nsysu.edu.tw/menu5/showoutline.asp?SYEAR=115&SEM=1&CrsDat=GEAI1083&Crsname=閱讀中華寶島,,,False,跨院選修(通),GEAI1083,0,不分班,"閱讀中華寶島
READING THE SINO-ISLAND",3,期,False,50,0,0,50,歐瑞安,"二2,3,4(海ME 1005)","['', '234', '', '', '', '', '']","《講授類》
1、本課程修習通過後，可抵免通識教育之語文素養「中文思辨與表達」【限外籍、僑外及凡於高級中等教育階段修業，以非中文為主要授課語言者（例如修習國際文憑課程〔International Baccalaureate, IB〕、自學符合同等學力、於外僑學校或國外高中畢業者）身份之學位生】。 2、課程成績仍須符合「國立中山大學西灣學院辦理學生通識教育課程抵免學分審查原則」並於規定時間辦理抵免學分手續。",[],True
https://selcrs.nsysu.edu.tw/menu5/showoutline.asp?SYEAR=115&SEM=1&CrsDat=GEAI1101&Crsname=合奏,,,True,跨院選修(文),GEAI1101,0,不分班,"合奏
ENSEMBLE",2,期,True,20,0,0,20,楊智欽,"三6,7(文FA 4031) 五5,6(文FA 4031)","['', '', '67', '', '56', '', '']","《音樂類》
學生選課於第一週參加樂團甄試，通過後始得修課，外系學生借用琴房練習，依規定繳交費用。跨院通識與音樂系MUSI101課程併班上課",[],False
https://selcrs.nsysu.edu.tw/menu5/showoutline.asp?SYEAR=115&SEM=1&CrsDat=GEAI1102&Crsname=合唱,,,True,跨院選修(文),GEAI1102,0,不分班,"合唱
CHORUS",2,期,True,20,0,0,20,張成璞,"三6,7(文FA 4028) 四8,9(文FA 4028)","['', '', '67', '89', '', '', '']","《音樂類》
選課學生須於第一週參加視譜及歌唱測驗，通過後始得修課，外系學生借用琴房練習須依規定繳交費用跨院通識與音樂系MUSI102課程併班上課",[],False
https://selcrs.nsysu.edu.tw/menu5/showoutline.asp?SYEAR=115&SEM=1&CrsDat=GEAI1126&Crsname=西洋哲學史,,,False,跨院選修(文),GEAI1126,0,不分班,"西洋哲學史
HISTORY OF WESTERN PHILOSOPHY",3,期,False,20,0,0,20,待聘,"三5,6,7(文LA 1004)","['', '', '567', '', '', '', '']","《講授類》
與文學院LIBA252課程併班上課",[],False
https://selcrs.nsysu.edu.tw/menu5/showoutline.asp?SYEAR=115&SEM=1&CrsDat=GEAI1129&Crsname=性別文化民俗誌,,,False,跨院選修(文),GEAI1129,0,不分班,"性別文化民俗誌
CHRONICLES OF FEMININE CULTURE",3,期,False,25,0,0,25,楊濟襄,"一5,6,7(文LA 4003)","['567', '', '', '', '', '', '']","《講授類》
與中文系CL430課程併班上課",[],False
https://selcrs.nsysu.edu.tw/menu5/showoutline.asp?SYEAR=115&SEM=1&CrsDat=GEAI1132&Crsname=歐洲文學：1350-1800,,,True,跨院選修(文),GEAI1132,0,不分班,"歐洲文學：1350-1800
EUROPEAN LITERATURE : AFTER 1350-1800",3,期,True,5,0,0,5,沈尚玉,"五2,3,4(文LA 3003)","['', '', '', '', '234', '', '']","《講授類》
建議修畢本校通識英語文「英文中高級」課程，或具備相當於CEFR B2(含)以上英文程度學生修習;與外文系DFLL222課程併班上課",[],True
https://selcrs.nsysu.edu.tw/menu5/showoutline.asp?SYEAR=115&SEM=1&CrsDat=GEAI1134&Crsname=音樂治療,,,False,跨院選修(文),GEAI1134,0,不分班,"音樂治療
INTRODUCTION  TO  MUSIC THERAPY",2,期,False,15,0,0,15,鄭夙雯,"三3,4(文FA 7003)","['', '', '34', '', '', '', '']","《講授類》
與音樂系MUSI314課程併班上課",[],False
https://selcrs.nsysu.edu.tw/menu5/showoutline.asp?SYEAR=115&SEM=1&CrsDat=GEAI1149&Crsname=論語,,,False,跨院選修(文),GEAI1149,0,不分班,"論語
THE ANALECTS",3,期,False,15,0,0,15,吳孟謙,"二2,3,4(文LA 4001)","['', '234', '', '', '', '', '']","《講授類》
與中文系CL248課程併班上課",[],False
https://selcrs.nsysu.edu.tw/menu5/showoutline.asp?SYEAR=115&SEM=1&CrsDat=GEAI1150&Crsname=詩選及習作（一）,,,True,跨院選修(文),GEAI1150,0,不分班,"詩選及習作（一）
READING IN CHINESE CLASSICAL POETRY SHIH (I)",3,期,True,5,0,0,5,陳秋宏,"三5,6,7(文LA 4002)","['', '', '567', '', '', '', '']","《講授類》
與中文系CL205課程併班上課",[],False
https://selcrs.nsysu.edu.tw/menu5/showoutline.asp?SYEAR=115&SEM=1&CrsDat=GEAI1181&Crsname=精神分析批評,,,False,跨院選修(文),GEAI1181,0,不分班,"精神分析批評
PSYCHOANALYTIC CRITICISM",3,期,False,10,0,0,10,陳福仁,"四2,3,4(文LA 3002)","['', '', '', '234', '', '', '']","《研討類》
與外文系DFLL438課程併班上課",[],True
https://selcrs.nsysu.edu.tw/menu5/showoutline.asp?SYEAR=115&SEM=1&CrsDat=GEAI1706&Crsname=英國文學：1660以前,,,True,跨院選修(文),GEAI1706,0,不分班,"英國文學：1660以前
ENGLISH LITERATURE : BEFORE 1660",3,期,True,10,0,0,10,李祁芳,"二5,6,7(文LA 3002)","['', '567', '', '', '', '', '']","《講授類》
與外文系DFLL224課程併班上課",[],True
https://selcrs.nsysu.edu.tw/menu5/showoutline.asp?SYEAR=115&SEM=1&CrsDat=GEAI1727&Crsname=中國戲劇史（一）,,,False,跨院選修(文),GEAI1727,0,不分班,"中國戲劇史（一）
HISTORY OF CHINESE DRAMA AND THEAER (I)",2,期,True,5,0,0,5,康尹貞,"三3,4(文FA 3009)","['', '', '34', '', '', '', '']","《講授類》
與劇藝系TA106課程併班上課",[],False
https://selcrs.nsysu.edu.tw/menu5/showoutline.asp?SYEAR=115&SEM=1&CrsDat=GEAI1735&Crsname=英語語言學概論（一）,,,False,跨院選修(文),GEAI1735,0,不分班,"英語語言學概論（一）
INTRODUCTION TO ENGLISH LINGUISTICS（I）",3,期,True,50,0,0,50,歐淑珍,"一2,3,4(文LA 3004)","['234', '', '', '', '', '', '']","《講授類》
與外文系DFLL220課程併班上課",[],True
https://selcrs.nsysu.edu.tw/menu5/showoutline.asp?SYEAR=115&SEM=1&CrsDat=GEAI1735A&Crsname=英語語言學概論（一）,,,False,跨院選修(文),GEAI1735A,0,不分班,"英語語言學概論（一）
INTRODUCTION TO ENGLISH LINGUISTICS（I）",3,期,True,50,0,0,50,黃舒屏,"一2,3,4(文LA 3002)","['234', '', '', '', '', '', '']","《講授類》
與外文系DFLL220A課程併班上課",[],True
https://selcrs.nsysu.edu.tw/menu5/showoutline.asp?SYEAR=115&SEM=1&CrsDat=GEAI1745&Crsname=莎士比亞戲劇選讀,,,False,跨院選修(文),GEAI1745,0,不分班,"莎士比亞戲劇選讀
READINGS IN SHAKESPEAREAN DRAMA",3,期,False,10,0,0,10,李祁芳,"一5,6,7(文LA 3004)","['567', '', '', '', '', '', '']","《講授類》
與外文系DFLL430課程併班上課",[],True
https://selcrs.nsysu.edu.tw/menu5/showoutline.asp?SYEAR=115&SEM=1&CrsDat=GEAI1750&Crsname=臺灣古典文學概論,,,False,跨院選修(文),GEAI1750,0,不分班,"臺灣古典文學概論
INTRODUCTION TO TAIWANESE CLASSICAL LITERATURE",3,期,False,20,0,0,20,鍾志偉,"二5,6,7(文LA 4002)","['', '567', '', '', '', '', '']","《講授類》
與中文系CL433課程併班上課",[],False
https://selcrs.nsysu.edu.tw/menu5/showoutline.asp?SYEAR=115&SEM=1&CrsDat=GEAI1761&Crsname=英國文學：1800-1900,,,True,跨院選修(文),GEAI1761,0,不分班,"英國文學：1800-1900
ENGLISH LITERATURE : 1800-1900",3,期,True,5,0,0,5,李佳容,"四2,3,4(文LA 3003)","['', '', '', '234', '', '', '']","《講授類》
與外文系DFLL320課程併班上課",[],True
https://selcrs.nsysu.edu.tw/menu5/showoutline.asp?SYEAR=115&SEM=1&CrsDat=GEAI1768&Crsname=視覺藝術（一）：素描,,,False,跨院選修(文),GEAI1768,0,不分班,"視覺藝術（一）：素描
VISUAL ARTS(I)：DRAWING",2,期,False,20,0,0,20,王以亮,"一5,6(文FA 3009)","['56', '', '', '', '', '', '']","《展演》
跨院通識與劇藝系TA171A課程併班上課",[],False
https://selcrs.nsysu.edu.tw/menu5/showoutline.asp?SYEAR=115&SEM=1&CrsDat=GEAI1771&Crsname=跨文化人文思潮與美學導論,,,False,跨院選修(文),GEAI1771,0,不分班,"跨文化人文思潮與美學導論
INTRODUCTION TO CROSS-CULTURAL STUDIES AND AESTHETICS",3,期,False,30,0,0,30,何重誼,"四2,3,4(文LA 1001)","['', '', '', '234', '', '', '']","《講授類》
與文學院LIBA122課程併班上課",[],False
https://selcrs.nsysu.edu.tw/menu5/showoutline.asp?SYEAR=115&SEM=1&CrsDat=GEAI1772&Crsname=臺灣閩南語文的音字書寫與閱讀,,,False,跨院選修(文),GEAI1772,0,不分班,"臺灣閩南語文的音字書寫與閱讀
WRITING AND READING OF TAIWANESE SOUTHERN MIN",3,期,False,20,0,0,20,杜佳倫,"二2,3,4(文LA 1001)","['', '234', '', '', '', '', '']","《講授類》
與文學院LIBA119課程併班上課",[],False
https://selcrs.nsysu.edu.tw/menu5/showoutline.asp?SYEAR=115&SEM=1&CrsDat=GEAI1776&Crsname=語言評量概論,,,False,跨院選修(文),GEAI1776,0,不分班,"語言評量概論
INTRODUCTION TO LANGUAGE ASSESSMENT",3,期,False,65,0,0,65,施智閔,"三5,6,7(海ME 3006)","['', '', '567', '', '', '', '']","《講授類》
與外文系DFLL338課程併班上課",[],True
https://selcrs.nsysu.edu.tw/menu5/showoutline.asp?SYEAR=115&SEM=1&CrsDat=GEAI1806&Crsname=表達性藝術治療個案討論,,,False,跨院選修(文),GEAI1806,0,不分班,"表達性藝術治療個案討論
EXPRESSIVE ARTS THERAPY CASE STUDY",3,期,False,15,0,0,15,顏竹君,"五2,3,4(文FA 6011)","['', '', '', '', '234', '', '']","《講授類》
與音樂系MUSI471課程併班上課",[],False
https://selcrs.nsysu.edu.tw/menu5/showoutline.asp?SYEAR=115&SEM=1&CrsDat=GEAI1826&Crsname=藝術概論,,,False,跨院選修(文),GEAI1826,0,不分班,"藝術概論
INTRODUCTION TO THE ARTS",2,期,False,20,0,0,20,王以亮,"一3,4(文FA 3009)","['34', '', '', '', '', '', '']","《講授類》
跨院通識與劇藝系TA191A課程併班上課",[],False
https://selcrs.nsysu.edu.tw/menu5/showoutline.asp?SYEAR=115&SEM=1&CrsDat=GEAI1833&Crsname=古典小說選（一）,,,False,跨院選修(文),GEAI1833,0,不分班,"古典小說選（一）
CLASSICAL NOVELS(I)",3,期,False,15,0,0,15,羅景文,"二2,3,4(文LA 4004)","['', '234', '', '', '', '', '']","《講授類》
與中文系CL150課程併班上課",[],False
https://selcrs.nsysu.edu.tw/menu5/showoutline.asp?SYEAR=115&SEM=1&CrsDat=GEAI1851&Crsname=基礎程式設計應用,,,False,跨院選修(文),GEAI1851,0,不分班,"基礎程式設計應用
APPLICATION OF BASIC PROGRAMMING",3,期,False,20,0,0,20,溫嘉榮,"三2,3,4(圖IL PC03)","['', '', '234', '', '', '', '']","《講授類》
跨院通識與文學院LIBA143課程併班上課",[],False
https://selcrs.nsysu.edu.tw/menu5/showoutline.asp?SYEAR=115&SEM=1&CrsDat=GEAI1852&Crsname=電影創作與程式邏輯思維,,,False,跨院選修(文),GEAI1852,0,不分班,"電影創作與程式邏輯思維
FILM CREATION AND PROGRAM LOGIC THINKING",3,期,False,20,0,0,20,陳俊宏,"三5,6,7(文LA 1012)","['', '', '567', '', '', '', '']","《講授類》
限非應數、電機、機電、資工、材光、光電、資管、海工系學生修習；與文學院LIBA137課程併班上課",[],False
https://selcrs.nsysu.edu.tw/menu5/showoutline.asp?SYEAR=115&SEM=1&CrsDat=GEAI1854&Crsname=古典戲劇選(一),,,False,跨院選修(文),GEAI1854,0,不分班,"古典戲劇選(一)
SELECTION OF CLASSICAL DRAMA（I）",3,期,False,20,0,0,20,林芷瑩,"一5,6,7(文LA 4004)","['567', '', '', '', '', '', '']","《講授類》
跨院通識與中文系CL146課程併班上課",[],False
https://selcrs.nsysu.edu.tw/menu5/showoutline.asp?SYEAR=115&SEM=1&CrsDat=GEAI1855&Crsname=劇本導讀,,,False,跨院選修(文),GEAI1855,0,不分班,"劇本導讀
PLAY READING AND ANALYSIS",2,期,True,5,0,0,5,康尹貞,"四6,7(文FA 3009)","['', '', '', '67', '', '', '']","《講授類》
與劇藝系TA108課程併班上課",[],False
https://selcrs.nsysu.edu.tw/menu5/showoutline.asp?SYEAR=115&SEM=1&CrsDat=GEAI1867&Crsname=肢體開發（一）,,,False,跨院選修(文),GEAI1867,0,不分班,"肢體開發（一）
PHYSICAL DEVELOPMENT（I）",2,期,False,5,0,0,5,楊馨媛,"五3,4(文FA 2017)","['', '', '', '', '34', '', '']","《展演》
跨院通識與劇藝系TA151課程併班上課",[],False
https://selcrs.nsysu.edu.tw/menu5/showoutline.asp?SYEAR=115&SEM=1&CrsDat=GEAI1872&Crsname=青聽文學,,,False,跨院選修(文),GEAI1872,0,不分班,"青聽文學
YOUTHFUL LITERARY ENGAGEMENT: FROM TEXT TO WORLD",3,期,True,10,0,0,10,"涂書瑋,黃資婷","四8,6,7(文LA 0001)","['', '', '', '678', '', '', '']","《講授類》
與中文系CL454課程併班上課",[],False
https://selcrs.nsysu.edu.tw/menu5/showoutline.asp?SYEAR=115&SEM=1&CrsDat=GEAI1875&Crsname=音樂劇演唱技巧,,,False,跨院選修(文),GEAI1875,0,不分班,"音樂劇演唱技巧
SINGING IN MUSICAL THEATRE",2,期,False,5,0,0,5,林宜誠,"二3,4(文FA 2017)","['', '34', '', '', '', '', '']","《展演》
跨院通識與劇藝系TA358課程併班上課",[],False
https://selcrs.nsysu.edu.tw/menu5/showoutline.asp?SYEAR=115&SEM=1&CrsDat=GEAI2100&Crsname=日文（一）,,,True,跨院選修(文),GEAI2100,0,不分班,"日文（一）
JAPANESE (I)",3,期,True,10,0,0,10,森國松江,"三5,6,7(文LA 3013)","['', '', '567', '', '', '', '']","《講授類》
與外文系DFLL232課程併班上課",[],False
https://selcrs.nsysu.edu.tw/menu5/showoutline.asp?SYEAR=115&SEM=1&CrsDat=GEAI2102&Crsname=西班牙文（一）,,,True,跨院選修(文),GEAI2102,0,不分班,"西班牙文（一）
SPANISH (I)",3,期,True,30,0,0,30,李優俐,"三5,6,7(文LA 3014)","['', '', '567', '', '', '', '']","《講授類》
與外文系DFLL234課程併班上課",[],False
https://selcrs.nsysu.edu.tw/menu5/showoutline.asp?SYEAR=115&SEM=1&CrsDat=GEAI2104&Crsname=法文（一）,,,True,跨院選修(文),GEAI2104,0,不分班,"法文（一）
FRENCH (I)",3,期,False,20,0,0,20,王柔惠,"四2,3,4(文LA 3001)","['', '', '', '234', '', '', '']","《講授類》
與外文系DFLL236A課程併班上課",[],False
https://selcrs.nsysu.edu.tw/menu5/showoutline.asp?SYEAR=115&SEM=1&CrsDat=GEAI2112&Crsname=德文（一） ,,,True,跨院選修(文),GEAI2112,0,不分班,"德文（一） 
GERMAN (I)",3,期,False,26,0,0,26,陳麗雅,"三2,3,4(文LA 1001)","['', '', '234', '', '', '', '']","《講授類》
與外文系DFLL238A課程併班上課",[],False
https://selcrs.nsysu.edu.tw/menu5/showoutline.asp?SYEAR=115&SEM=1&CrsDat=GEAI2113&Crsname=中國園林文學,,,False,跨院選修(文),GEAI2113,0,不分班,"中國園林文學
CHINESE GARDEN LITERATURE",3,期,False,3,0,0,3,林孜曄,"四5,6,7(文LA 4001)","['', '', '', '567', '', '', '']","《講授類》
跨院通識與中文系CL187課程併班上課",[],False
https://selcrs.nsysu.edu.tw/menu5/showoutline.asp?SYEAR=115&SEM=1&CrsDat=GEAI2114&Crsname=神話學導論（一）,,,False,跨院選修(文),GEAI2114,0,不分班,"神話學導論（一）
INTRODUCTION TO MYTHOLOGY(Ⅰ)",3,期,False,20,0,0,20,謝薇娜,"一2,3,4(文LA 4002)","['234', '', '', '', '', '', '']","《講授類》
跨院通識與中文系CL265課程併班上課",[],False
https://selcrs.nsysu.edu.tw/menu5/showoutline.asp?SYEAR=115&SEM=1&CrsDat=GEAI2115&Crsname=華文文學與性別文化（一）,,,False,跨院選修(文),GEAI2115,0,不分班,"華文文學與性別文化（一）
CHINESE LITERATURE AND GENDER CULTURES (I)",3,期,False,10,0,0,10,黃資婷,"五2,3,4(文LA 4002)","['', '', '', '', '234', '', '']","《講授類》
跨院通識與中文系CL192課程併班上課",[],False
https://selcrs.nsysu.edu.tw/menu5/showoutline.asp?SYEAR=115&SEM=1&CrsDat=GEAI2118&Crsname=人物服裝畫,,,False,跨院選修(文),GEAI2118,0,不分班,"人物服裝畫
COSTUME ILLUSTRATION FOR PERFORMANCE",2,期,False,20,0,0,20,吳怡瑱,"二3,4(文FA 2016)","['', '34', '', '', '', '', '']","《展演》
跨院通識與劇藝系TA274A課程併班上課",[],False
https://selcrs.nsysu.edu.tw/menu5/showoutline.asp?SYEAR=115&SEM=1&CrsDat=GEAI1203&Crsname=普通物理實驗（一）,,,False,跨院選修(理),GEAI1203,0,不分班,"普通物理實驗（一）
GENERAL PHYSICS LABORATORY (I)",1,期,True,10,0,0,10,陳易馨,"三2,3,4(理SC 0018; 理SC 0019)(實驗)","['', '', '234', '', '', '', '']","《實驗類》
與普通物理小組PHY108課程併班上課",[],False
https://selcrs.nsysu.edu.tw/menu5/showoutline.asp?SYEAR=115&SEM=1&CrsDat=GEAI1203A&Crsname=普通物理實驗（一）,,,False,跨院選修(理),GEAI1203A,0,不分班,"普通物理實驗（一）
GENERAL PHYSICS LABORATORY (I)",1,期,True,10,0,0,10,吳紘丞,"一5,6,7(理SC 0018; 理SC 0019)(實驗)","['567', '', '', '', '', '', '']","《實驗類》
與普通物理小組PHY108A課程併班上課",[],False
https://selcrs.nsysu.edu.tw/menu5/showoutline.asp?SYEAR=115&SEM=1&CrsDat=GEAI1203B&Crsname=普通物理實驗（一）,,,False,跨院選修(理),GEAI1203B,0,不分班,"普通物理實驗（一）
GENERAL PHYSICS LABORATORY (I)",1,期,True,10,0,0,10,洪昇廷,"三5,6,7(理SC 0018; 理SC 0019)(實驗)","['', '', '567', '', '', '', '']","《實驗類》
與普通物理小組PHY108B課程併班上課",[],True
https://selcrs.nsysu.edu.tw/menu5/showoutline.asp?SYEAR=115&SEM=1&CrsDat=GEAI1203C&Crsname=普通物理實驗（一）,,,False,跨院選修(理),GEAI1203C,0,不分班,"普通物理實驗（一）
GENERAL PHYSICS LABORATORY (I)",1,期,True,10,0,0,10,吳紘丞,"四2,3,4(理SC 0018; 理SC 0019)(實驗)","['', '', '', '234', '', '', '']","《實驗類》
與普通物理小組PHY108C課程併班上課",[],True
https://selcrs.nsysu.edu.tw/menu5/showoutline.asp?SYEAR=115&SEM=1&CrsDat=GEAI1203D&Crsname=普通物理實驗（一）,,,False,跨院選修(理),GEAI1203D,0,不分班,"普通物理實驗（一）
GENERAL PHYSICS LABORATORY (I)",1,期,True,10,0,0,10,洪昇廷,"五5,6,7(理SC 0018; 理SC 0019)(實驗)","['', '', '', '', '567', '', '']","《實驗類》
與普通物理小組PHY108D課程併班上課",[],True
https://selcrs.nsysu.edu.tw/menu5/showoutline.asp?SYEAR=115&SEM=1&CrsDat=GEAI1213&Crsname=生物化學（一）,,,False,跨院選修(理),GEAI1213,0,不分班,"生物化學（一）
BIOCHEMISTRY(I)",3,期,True,10,0,0,10,陳俊霖,"二2,3,4(理SC 2001)","['', '234', '', '', '', '', '']","《講授類》
與生科系BIOS210課程併班上課",[],False
https://selcrs.nsysu.edu.tw/menu5/showoutline.asp?SYEAR=115&SEM=1&CrsDat=GEAI1214&Crsname=微生物學,,,False,跨院選修(理),GEAI1214,0,不分班,"微生物學
MICROBIOLOGY",3,期,False,10,0,0,10,李哲欣,"三2,3,4(理SC 3005)","['', '', '234', '', '', '', '']","《講授類》
與生科系BIOS230課程併班上課",[],False
https://selcrs.nsysu.edu.tw/menu5/showoutline.asp?SYEAR=115&SEM=1&CrsDat=GEAI1215&Crsname=線性代數（一）,,,False,跨院選修(理),GEAI1215,0,不分班,"線性代數（一）
LINEAR ALGEBRA (I)",3,期,True,25,0,0,25,待聘,"四3,4(理SC 0012) 五5(理SC 0012)","['', '', '', '34', '5', '', '']","《講授類》
與應數系MATH103課程併班上課",[],False
https://selcrs.nsysu.edu.tw/menu5/showoutline.asp?SYEAR=115&SEM=1&CrsDat=GEAI1215A&Crsname=線性代數（一）,,,False,跨院選修(理),GEAI1215A,0,不分班,"線性代數（一）
LINEAR ALGEBRA (I)",3,期,True,25,0,0,25,王以晟,"五3,4,B(理SC 1003)","['', '', '', '', '34B', '', '']","《講授類》
與應數系MATH103A課程併班上課",[],True
https://selcrs.nsysu.edu.tw/menu5/showoutline.asp?SYEAR=115&SEM=1&CrsDat=GEAI1216&Crsname=數學導論（一）,,,False,跨院選修(理),GEAI1216,0,不分班,"數學導論（一）
INTRODUCTION TO MATHEMATICS (I)",3,期,False,65,0,0,65,陳志偉,"一2(理SC 0012) 五6,7(理SC 0012)","['2', '', '', '', '67', '', '']","《講授類》
與應數系MATH107課程併班上課",[],True
https://selcrs.nsysu.edu.tw/menu5/showoutline.asp?SYEAR=115&SEM=1&CrsDat=GEAI1250&Crsname=無機化學（二）,,,False,跨院選修(理),GEAI1250,0,不分班,"無機化學（二）
INORGANIC CHEMISTRY(II)",3,期,True,10,0,0,10,邱政超,"一4(理SC 3001) 三3,4(理SC 3001)","['4', '', '34', '', '', '', '']","《講授類》
跨院通識與化學系CHEM302課程併班上課",[],False
https://selcrs.nsysu.edu.tw/menu5/showoutline.asp?SYEAR=115&SEM=1&CrsDat=GEAI1311&Crsname=計算機概論,,,False,跨院選修(工),GEAI1311,0,不分班,"計算機概論
INTRODUCTION TO COMPUTERS",3,期,True,10,0,0,10,陳伯煒,"五5,6,7(工EC 1001)","['', '', '', '', '567', '', '']","《講授類》
限非資管系學生修習。跨院通識與電機系EE1300課程併班上課",[],False
https://selcrs.nsysu.edu.tw/menu5/showoutline.asp?SYEAR=115&SEM=1&CrsDat=GEAI1311B&Crsname=計算機概論,,,False,跨院選修(工),GEAI1311B,0,不分班,"計算機概論
INTRODUCTION TO COMPUTERS",3,期,True,10,0,0,10,翁愷貽,"三2,3,4(工EC 2002)","['', '', '234', '', '', '', '']","《講授類》
限非資管系學生修習。跨院通識與電機系EE1300B課程併班上課",[],True
https://selcrs.nsysu.edu.tw/menu5/showoutline.asp?SYEAR=115&SEM=1&CrsDat=GEAI1312&Crsname=電子學（一）,,,False,跨院選修(工),GEAI1312,0,不分班,"電子學（一）
ELECTRONICS (I)",3,期,True,10,0,0,10,馬誠佑,"二2,3,4(工EC 6019)","['', '234', '', '', '', '', '']","《講授類》
跨院通識與電機系EE2100課程併班上課",[],False
https://selcrs.nsysu.edu.tw/menu5/showoutline.asp?SYEAR=115&SEM=1&CrsDat=GEAI1312B&Crsname=電子學（一）,,,False,跨院選修(工),GEAI1312B,0,不分班,"電子學（一）
ELECTRONICS (I)",3,期,True,10,0,0,10,陳昶孝,"五2,3,4(工EC 6019)","['', '', '', '', '234', '', '']","《講授類》
跨院通識與電機系EE2100B課程併班上課",[],True
https://selcrs.nsysu.edu.tw/menu5/showoutline.asp?SYEAR=115&SEM=1&CrsDat=GEAI1315&Crsname=訊號與系統,,,False,跨院選修(工),GEAI1315,0,不分班,"訊號與系統
SIGNALS AND SYSTEMS",3,期,True,10,0,0,10,曾凡碩,"四5,6,7(工EC 2002)","['', '', '', '567', '', '', '']","《講授類》
跨院通識與電機系EE2600課程併班上課",[],False
https://selcrs.nsysu.edu.tw/menu5/showoutline.asp?SYEAR=115&SEM=1&CrsDat=GEAI1315B&Crsname=訊號與系統,,,False,跨院選修(工),GEAI1315B,0,不分班,"訊號與系統
SIGNALS AND SYSTEMS",3,期,True,10,0,0,10,曾乙立,"二5,6,7(工EC 3013)","['', '567', '', '', '', '', '']","《講授類》
跨院通識與電機系EE2600B課程併班上課",[],True
https://selcrs.nsysu.edu.tw/menu5/showoutline.asp?SYEAR=115&SEM=1&CrsDat=GEAI1322&Crsname=電路學（二）,,,False,跨院選修(工),GEAI1322,0,不分班,"電路學（二）
CIRCUIT THEORY (II)",3,期,True,10,0,0,10,李宗璘,"一2,3,4(工EC 1009)","['234', '', '', '', '', '', '']","《講授類》
跨院通識與電機系EE2401課程併班上課",[],False
https://selcrs.nsysu.edu.tw/menu5/showoutline.asp?SYEAR=115&SEM=1&CrsDat=GEAI1322B&Crsname=電路學（二）,,,False,跨院選修(工),GEAI1322B,0,不分班,"電路學（二）
CIRCUIT THEORY (II)",3,期,True,10,0,0,10,余祥華,"四2,3,4(工EC 3013)","['', '', '', '234', '', '', '']","《講授類》
跨院通識與電機系EE2401B課程併班上課",[],True
https://selcrs.nsysu.edu.tw/menu5/showoutline.asp?SYEAR=115&SEM=1&CrsDat=GEAI1323&Crsname=計算機程式,,,False,跨院選修(工),GEAI1323,0,不分班,"計算機程式
COMPUTER PROGRAMMING",3,期,True,10,0,0,10,魏家博,"三2,3,4(工EC 2011)","['', '', '234', '', '', '', '']","《講授類》
跨院通識與電機系EE1301課程併班上課",[],False
https://selcrs.nsysu.edu.tw/menu5/showoutline.asp?SYEAR=115&SEM=1&CrsDat=GEAI1323B&Crsname=計算機程式,,,False,跨院選修(工),GEAI1323B,0,不分班,"計算機程式
COMPUTER PROGRAMMING",3,期,True,10,0,0,10,魏家博,"四2,3,4(工EC 3014)","['', '', '', '234', '', '', '']","《講授類》
跨院通識與電機系EE1301B課程併班上課",[],True
https://selcrs.nsysu.edu.tw/menu5/showoutline.asp?SYEAR=115&SEM=1&CrsDat=GEAI1324&Crsname=資料結構,,,False,跨院選修(工),GEAI1324,0,不分班,"資料結構
DATA STRUCTURES",3,期,False,10,0,0,10,周孜燦,"三5,6,7(工EC 3013)","['', '', '567', '', '', '', '']","《講授類》
限非資管系學生修習。跨院通識與電機系EE2305課程併班上課",[],False
https://selcrs.nsysu.edu.tw/menu5/showoutline.asp?SYEAR=115&SEM=1&CrsDat=GEAI1326&Crsname=電磁學（一）,,,False,跨院選修(工),GEAI1326,0,不分班,"電磁學（一）
ELECTROMAGNETIC THEORY (I)",3,期,True,10,0,0,10,李杰穎,"二5,6,7(工EC 1009)","['', '567', '', '', '', '', '']","《講授類》
跨院通識與電機系EE2500課程併班上課",[],False
https://selcrs.nsysu.edu.tw/menu5/showoutline.asp?SYEAR=115&SEM=1&CrsDat=GEAI1326B&Crsname=電磁學（一）,,,False,跨院選修(工),GEAI1326B,0,不分班,"電磁學（一）
ELECTROMAGNETIC THEORY (I)",3,期,True,10,0,0,10,沈昭元,"二2,3,4(工EC 3013)","['', '234', '', '', '', '', '']","《講授類》
跨院通識與電機系EE2500B課程併班上課",[],True
https://selcrs.nsysu.edu.tw/menu5/showoutline.asp?SYEAR=115&SEM=1&CrsDat=GEAI1328&Crsname=數位系統設計,,,False,跨院選修(工),GEAI1328,0,不分班,"數位系統設計
DESIGN OF DIGITAL SYSTEMS",3,期,True,10,0,0,10,李宗哲,"四5,6,7(工EC 1009)","['', '', '', '567', '', '', '']","《講授類》
跨院通識與電機系EE1700課程併班上課",[],False
https://selcrs.nsysu.edu.tw/menu5/showoutline.asp?SYEAR=115&SEM=1&CrsDat=GEAI1328B&Crsname=數位系統設計,,,False,跨院選修(工),GEAI1328B,0,不分班,"數位系統設計
DESIGN OF DIGITAL SYSTEMS",3,期,True,10,0,0,10,王朝欽,"一2,3,4(工EC 3009)","['234', '', '', '', '', '', '']","《講授類》
跨院通識與電機系EE1700B課程併班上課",[],True
https://selcrs.nsysu.edu.tw/menu5/showoutline.asp?SYEAR=115&SEM=1&CrsDat=GEAI1359&Crsname=人工智慧導論,,,False,跨院選修(工),GEAI1359,0,不分班,"人工智慧導論
INTRODUCTION TO ARTIFICIAL INTELLIGENCE",3,期,False,10,0,0,10,蔡崇煒,"二8,6,7(工EC 5012)","['', '678', '', '', '', '', '']","《講授類》
跨院通識與資工系CSE326課程併班上課",[],False
https://selcrs.nsysu.edu.tw/menu5/showoutline.asp?SYEAR=115&SEM=1&CrsDat=GEAI1370&Crsname=工程電腦程式,,,False,跨院選修(工),GEAI1370,0,不分班,"工程電腦程式
ENGINEERING COMPUTER PROGRAMMING",3,期,True,5,0,0,5,朱訓鵬,"四2,3,4(工EN 4055-2)","['', '', '', '234', '', '', '']","《講授類》
跨院通識與機電系MEME103課程併班上課",[],False
https://selcrs.nsysu.edu.tw/menu5/showoutline.asp?SYEAR=115&SEM=1&CrsDat=GEAI1370A&Crsname=工程電腦程式,,,False,跨院選修(工),GEAI1370A,0,不分班,"工程電腦程式
ENGINEERING COMPUTER PROGRAMMING",3,期,True,5,0,0,5,朱訓鵬,"一2,3,4(工EN 4055-2)","['234', '', '', '', '', '', '']","《講授類》
跨院通識與機電系MEME103A課程併班上課",[],False
https://selcrs.nsysu.edu.tw/menu5/showoutline.asp?SYEAR=115&SEM=1&CrsDat=GEAI1371&Crsname=由創新申請專利,,,False,跨院選修(工),GEAI1371,0,不分班,"由創新申請專利
PATENT APPLICATION VIA INNOVATIONS",3,期,False,5,0,0,5,何應勤,"二8,9(工EN 3021) 四8(工EN 3021)","['', '89', '', '8', '', '', '']","《講授類》
跨院通識與機電系MEME336課程併班上課",[],True
https://selcrs.nsysu.edu.tw/menu5/showoutline.asp?SYEAR=115&SEM=1&CrsDat=GEAI1404&Crsname=企業概論,,,False,跨院選修(管),GEAI1404,0,不分班,"企業概論
INTRODUCTION TO BUSINESS",3,期,False,30,0,0,30,蔡宗霖,"二5,6,7(管CM 4112)","['', '567', '', '', '', '', '']","《講授類》
跨院通識與企管系BM109課程併班上課",[],False
https://selcrs.nsysu.edu.tw/menu5/showoutline.asp?SYEAR=115&SEM=1&CrsDat=GEAI1405&Crsname=經濟學（一）,,,False,跨院選修(管),GEAI1405,0,不分班,"經濟學（一）
ECONOMICS(I)",3,期,True,10,0,0,10,林晉禾,"三5,6,7(管CM 0052)","['', '', '567', '', '', '', '']","《講授類》
限非政經系學生修習。跨院通識與企管系BM105課程併班上課",[],False
https://selcrs.nsysu.edu.tw/menu5/showoutline.asp?SYEAR=115&SEM=1&CrsDat=GEAI1412&Crsname=組織行為,,,False,跨院選修(管),GEAI1412,0,不分班,"組織行為
ORGANIZATIONAL BEHAVIOR",3,期,True,20,0,0,20,施欣宜,"二2,3,4(管CM 2037)","['', '234', '', '', '', '', '']","《講授類》
跨院通識與企管系BM204課程併班上課",[],False
https://selcrs.nsysu.edu.tw/menu5/showoutline.asp?SYEAR=115&SEM=1&CrsDat=GEAI1412A&Crsname=組織行為,,,False,跨院選修(管),GEAI1412A,0,不分班,"組織行為
ORGANIZATIONAL BEHAVIOR",3,期,True,20,0,0,20,施欣宜,"二5,6,7(管CM 2037)","['', '567', '', '', '', '', '']","《講授類》
跨院通識與企管系BM204A課程併班上課",[],False
https://selcrs.nsysu.edu.tw/menu5/showoutline.asp?SYEAR=115&SEM=1&CrsDat=GEAI1415&Crsname=會計學（一）,,,False,跨院選修(管),GEAI1415,0,不分班,"會計學（一）
ACCOUNTING (I)",3,期,True,10,0,0,10,王萬成,"四5,6,7(管CM 2037)","['', '', '', '567', '', '', '']","《講授類》
跨院通識與企管系BM101課程併班上課",[],False
https://selcrs.nsysu.edu.tw/menu5/showoutline.asp?SYEAR=115&SEM=1&CrsDat=GEAI1415A&Crsname=會計學（一）,,,False,跨院選修(管),GEAI1415A,0,不分班,"會計學（一）
ACCOUNTING (I)",3,期,True,10,0,0,10,陳妮雲,"四2,3,4(管CM 3015)","['', '', '', '234', '', '', '']","《講授類》
跨院通識與企管系BM101A課程併班上課",[],False
https://selcrs.nsysu.edu.tw/menu5/showoutline.asp?SYEAR=115&SEM=1&CrsDat=GEAI1424&Crsname=統計學（一）,,,False,跨院選修(管),GEAI1424,0,不分班,"統計學（一）
STATISTICS (I)",3,期,True,10,0,0,10,林晉禾,"三2,3,4(管CM 0052)","['', '', '234', '', '', '', '']","《講授類》
限非政經系學生修習。併班上課跨院通識與企管系BM201課程併班上課",[],True
https://selcrs.nsysu.edu.tw/menu5/showoutline.asp?SYEAR=115&SEM=1&CrsDat=GEAI1425&Crsname=行銷管理,,,False,跨院選修(管),GEAI1425,0,不分班,"行銷管理
MARKETING MANAGEMENT",3,期,True,10,0,0,10,黃明新,"三5,6,7(管CM 1037)","['', '', '567', '', '', '', '']","《講授類》
併班上課跨院通識與企管系BM203課程併班上課",[],False
https://selcrs.nsysu.edu.tw/menu5/showoutline.asp?SYEAR=115&SEM=1&CrsDat=GEAI1426&Crsname=會計學實習（一）,,,False,跨院選修(管),GEAI1426,0,不分班,"會計學實習（一）
ACCOUNTING PRACTICE(I)",1,期,False,10,0,0,10,王萬成,"四8,9(管CM 2037)(實驗)","['', '', '', '89', '', '', '']","《實習類》
限企管系(含雙主修、輔系)跨院通識與企管系BM103課程併班上課",[],False
https://selcrs.nsysu.edu.tw/menu5/showoutline.asp?SYEAR=115&SEM=1&CrsDat=GEAI1426A&Crsname=會計學實習（一）,,,False,跨院選修(管),GEAI1426A,0,不分班,"會計學實習（一）
ACCOUNTING PRACTICE(I)",1,期,False,10,0,0,10,陳妮雲,"四8,9(管CM 3017)(實驗)","['', '', '', '89', '', '', '']","《實習類》
限企管系(含雙主修、輔系)跨院通識與企管系BM103A課程併班上課",[],False
https://selcrs.nsysu.edu.tw/menu5/showoutline.asp?SYEAR=115&SEM=1&CrsDat=GEAI1439&Crsname=統計學實習（一）,,,False,跨院選修(管),GEAI1439,0,不分班,"統計學實習（一）
EXERCISE FOR STATISTICS(I)",1,期,False,10,0,0,10,林晉禾,"一3,4(管CM 4112)(實驗)","['34', '', '', '', '', '', '']","《實習類》
限企管系(含雙主修、輔系)；併班上課跨院通識與企管系BM217課程併班上課",[],False
https://selcrs.nsysu.edu.tw/menu5/showoutline.asp?SYEAR=115&SEM=1&CrsDat=GEAI1449&Crsname=管理學概論,,,False,跨院選修(管),GEAI1449,0,不分班,"管理學概論
INTRODUCTION TO MANAGEMENT",1,期,False,90,0,0,90,王致遠,三B(網路大學),"['', '', 'B', '', '', '', '']","《講授類》
網大進行之非同步線上課程跨院通識與管理學院CM407課程併班上課",[],False
https://selcrs.nsysu.edu.tw/menu5/showoutline.asp?SYEAR=115&SEM=1&CrsDat=GEAI1450&Crsname=經濟學概論,,,False,跨院選修(管),GEAI1450,0,不分班,"經濟學概論
INTRODUCTION TO ECONOMICS",1,期,False,95,0,0,95,佘健源,四B(網路大學),"['', '', '', 'B', '', '', '']","《講授類》
網大進行之非同步線上課程跨院通識與管理學院CM409課程併班上課",[],False
https://selcrs.nsysu.edu.tw/menu5/showoutline.asp?SYEAR=115&SEM=1&CrsDat=GEAI1452&Crsname=新時代的科技法律陷阱,,,False,跨院選修(管),GEAI1452,0,不分班,"新時代的科技法律陷阱
TECHNOLOGY LAW AND ITS TRAPS IN THE MODERN SOCIETY",3,期,False,10,0,0,10,盧憶,"四5,6,7(管CM 1037)","['', '', '', '567', '', '', '']","《講授類》
跨院通識與企管系BM369課程併班上課",[],False
https://selcrs.nsysu.edu.tw/menu5/showoutline.asp?SYEAR=115&SEM=1&CrsDat=GEAI1460&Crsname=管理資訊系統,,,False,跨院選修(管),GEAI1460,0,不分班,"管理資訊系統
MANAGEMENT INFORMATION SYSTEM",3,期,True,10,0,0,10,黃鋒樟,"二5,6,7(管CM 1037)","['', '567', '', '', '', '', '']","《講授類》
跨院通識與企管系BM303課程併班上課",[],False
https://selcrs.nsysu.edu.tw/menu5/showoutline.asp?SYEAR=115&SEM=1&CrsDat=GEAI1465&Crsname=策略管理,,,False,跨院選修(管),GEAI1465,0,不分班,"策略管理
STRATEGIC MANAGEMENT",3,期,True,30,0,0,30,蔡宗霖,"一5,6,7(管CM 1037)","['567', '', '', '', '', '', '']","《講授類》
跨院通識與企管系BM413A課程併班上課",[],False
https://selcrs.nsysu.edu.tw/menu5/showoutline.asp?SYEAR=115&SEM=1&CrsDat=GEAI1515&Crsname=基礎環境科學,,,False,跨院選修(海),GEAI1515,0,不分班,"基礎環境科學
BASIC ENVIRONMENTAL SCIENCE",2,期,True,10,0,0,10,卓宴琳,"四3,4(海ME 3006)","['', '', '', '34', '', '', '']","《講授類》
跨院通識與海工系MAEV150課程併班上課",[],True
https://selcrs.nsysu.edu.tw/menu5/showoutline.asp?SYEAR=115&SEM=1&CrsDat=GEAI1521&Crsname=工程材料,,,False,跨院選修(海),GEAI1521,0,不分班,"工程材料
ENGINEERING MATERIAL",2,期,True,7,0,0,7,詹鵬台,"一5,6(海ME 2005)","['56', '', '', '', '', '', '']","《講授類》
跨院通識與海工系MAEV242課程併班上課",[],True
https://selcrs.nsysu.edu.tw/menu5/showoutline.asp?SYEAR=115&SEM=1&CrsDat=GEAI1522&Crsname=工程數學（一）,,,False,跨院選修(海),GEAI1522,0,不分班,"工程數學（一）
ENGINEERING MATHEMATICS(I)",3,期,True,7,0,0,7,曾以帆,"三2,3,4(海ME 2003)","['', '', '234', '', '', '', '']","《講授類》
限微積分（一）及微積分（二）50分(D)（含）以上修習，若未符合上述規定者，請洽授課老師後於異常處理階段加選。跨院通識與海工系MAEV203課程併班上課",[],True
https://selcrs.nsysu.edu.tw/menu5/showoutline.asp?SYEAR=115&SEM=1&CrsDat=GEAI1524&Crsname=測量學,,,False,跨院選修(海),GEAI1524,0,不分班,"測量學
SURVEYING",3,期,True,7,0,0,7,鍾秉宸,"二2,3,4(海ME 2005)","['', '234', '', '', '', '', '']","《講授類》
跨院通識與海工系MAEV261課程併班上課",[],True
https://selcrs.nsysu.edu.tw/menu5/showoutline.asp?SYEAR=115&SEM=1&CrsDat=GEAI1533A&Crsname=海洋生物概論,,,False,跨院選修(海),GEAI1533A,0,不分班,"海洋生物概論
INTRODUCTION TO MARINE BIOLOGY",2,期,False,20,0,0,20,熊寶兒,"四8,9(海MA 2022)","['', '', '', '89', '', '', '']","《講授類》
跨院通識與海科系DO203A課程併班上課",[],True
https://selcrs.nsysu.edu.tw/menu5/showoutline.asp?SYEAR=115&SEM=1&CrsDat=GEAI1535&Crsname=海洋地質概論,,,False,跨院選修(海),GEAI1535,0,不分班,"海洋地質概論
INTRODUCTION TO MARINE GEOLOGY",2,期,True,20,0,0,20,張瑜峻,"四3,4(海MA 1005)","['', '', '', '34', '', '', '']","《講授類》
跨院通識與海科系DO131課程併班上課",[],False
https://selcrs.nsysu.edu.tw/menu5/showoutline.asp?SYEAR=115&SEM=1&CrsDat=GEAI1548&Crsname=魚類學,,,False,跨院選修(海),GEAI1548,0,不分班,"魚類學
ICHTHYOLOGY",2,期,False,20,0,0,20,林秀瑾,"二3,4(海MB 2015)","['', '34', '', '', '', '', '']","《講授類》
跨院通識與海資系MBR218課程併班上課",[],False
https://selcrs.nsysu.edu.tw/menu5/showoutline.asp?SYEAR=115&SEM=1&CrsDat=GEAI1559&Crsname=基礎海洋學,,,False,跨院選修(海),GEAI1559,0,不分班,"基礎海洋學
FUNDAMENTALS OF OCEANOGRAPHY",3,期,False,95,0,0,95,"林玉詩,林裕䕒,簡國童,陳冠宇","五2,3,4(海MA 3021)","['', '', '', '', '234', '', '']","《講授類》
跨院通識與海科院（學）MRSC102課程併班上課",[],False
https://selcrs.nsysu.edu.tw/menu5/showoutline.asp?SYEAR=115&SEM=1&CrsDat=GEAI1563&Crsname=全球環境變遷概論,,,False,跨院選修(海),GEAI1563,0,不分班,"全球環境變遷概論
INTRODUCTION TO GLOBAL ENVIRONMENTAL CHANGE",2,期,False,25,0,0,25,"陳鎮東,雷漢杰","四3,4(海MA 3020)","['', '', '', '34', '', '', '']","《講授類》
跨院通識與海科系DO225課程併班上課",[],True
https://selcrs.nsysu.edu.tw/menu5/showoutline.asp?SYEAR=115&SEM=1&CrsDat=GEAI1566&Crsname=海洋生物多樣性導論,,,False,跨院選修(海),GEAI1566,0,不分班,"海洋生物多樣性導論
INTRODUCTION TO MARINE BIODIVERSITY",2,期,True,20,0,0,20,"劉商隱,水晶","二6,7(海MB 2015)","['', '67', '', '', '', '', '']","《講授類》
跨院通識與海資系MBR227課程併班上課",[],True
https://selcrs.nsysu.edu.tw/menu5/showoutline.asp?SYEAR=115&SEM=1&CrsDat=GEAI1575&Crsname=生態工程與實務,,,False,跨院選修(海),GEAI1575,0,不分班,"生態工程與實務
ECOLOGICAL ENGINEERING AND PRACTICE",3,期,False,5,0,0,5,林巧雯,"三2,3,4(海ME 2007)","['', '', '234', '', '', '', '']","《講授類》
跨院通識與海工系MAEV454課程併班上課",[],False
https://selcrs.nsysu.edu.tw/menu5/showoutline.asp?SYEAR=115&SEM=1&CrsDat=GEAI1577&Crsname=海岸開發及保育工程,,,False,跨院選修(海),GEAI1577,0,不分班,"海岸開發及保育工程
COASTAL DEVELOPMENT AND RESTORATION ENGINEERING",3,期,False,7,0,0,7,曾以帆,"一8,6,7(海ME 2007)","['678', '', '', '', '', '', '']","《講授類》
跨院通識與海工系MAEV453課程併班上課",[],False
https://selcrs.nsysu.edu.tw/menu5/showoutline.asp?SYEAR=115&SEM=1&CrsDat=GEAI1579&Crsname=海洋無脊椎動物學（一）,,,False,跨院選修(海),GEAI1579,0,不分班,"海洋無脊椎動物學（一）
MARINE INVERTEBRATE ZOOLOGY(I)",2,期,False,20,0,0,20,塗子萱,"五3,4(海MA 1005)","['', '', '', '', '34', '', '']","《講授類》
跨院通識與海科系DO417課程併班上課",[],False
https://selcrs.nsysu.edu.tw/menu5/showoutline.asp?SYEAR=115&SEM=1&CrsDat=GEAI1582&Crsname=人因工程,,,False,跨院選修(海),GEAI1582,0,不分班,"人因工程
HUMAN FACTORS ENGINEERING",3,期,False,40,0,0,40,謝孟璋,"三5,6,7(海MB 1009)","['', '', '567', '', '', '', '']","《講授類》
跨院通識與海科院（學）MRSC118課程併班上課",[],False
https://selcrs.nsysu.edu.tw/menu5/showoutline.asp?SYEAR=115&SEM=1&CrsDat=GEAI1586&Crsname=海洋法,,,False,跨院選修(海),GEAI1586,0,不分班,"海洋法
LAW OF THE SEA",3,期,False,20,0,0,20,高世明,"一5,6,7(海MB 2009)","['567', '', '', '', '', '', '']","《講授類》
跨院通識與海資系MBR413課程併班上課",[],False
https://selcrs.nsysu.edu.tw/menu5/showoutline.asp?SYEAR=115&SEM=1&CrsDat=GEAI1592&Crsname=探索海洋國家公園,,,False,跨院選修(海),GEAI1592,0,不分班,"探索海洋國家公園
EXPLORE MARINE NATIONAL PARKS",2,期,False,30,0,0,30,"塗子萱,張水鍇","五5,6(海MA 3020)","['', '', '', '', '56', '', '']","《講授類》
跨院通識與海科院（學）MRSC120課程併班上課",[],False
https://selcrs.nsysu.edu.tw/menu5/showoutline.asp?SYEAR=115&SEM=1&CrsDat=GEAI1596&Crsname=海洋永續發展科技概論,,,False,跨院選修(海),GEAI1596,0,不分班,"海洋永續發展科技概論
INTRODUCTION TO OCEAN SUSTAINABLE DEVELOPMENT TECHNOLOGY",2,期,False,30,0,0,30,"葉博弘,魏瑞昌","四3,4(海MA 2016)","['', '', '', '34', '', '', '']","《講授類》
跨院通識與海科院（學）MRSC122課程併班上課",[],False
https://selcrs.nsysu.edu.tw/menu5/showoutline.asp?SYEAR=115&SEM=1&CrsDat=GEAI1597&Crsname=環境教育,,,False,跨院選修(海),GEAI1597,0,不分班,"環境教育
ENVIROMENTAL EDUCATION",2,期,False,60,0,0,60,謝百淇,"三6,7(社SS 2005)","['', '', '67', '', '', '', '']","《講授類》
跨院通識與海科院（學）MRSC105課程併班上課",[],False
https://selcrs.nsysu.edu.tw/menu5/showoutline.asp?SYEAR=115&SEM=1&CrsDat=GEAI1599&Crsname=科學倫理導論,,,False,跨院選修(海),GEAI1599,0,不分班,"科學倫理導論
INTRODUCTION TO SCIENCE ETHICS",2,期,False,20,0,0,20,熊寶兒,"二6,7(海MA 2022)","['', '67', '', '', '', '', '']","《講授類》
跨院通識與海科系DO409課程併班上課",[],True
https://selcrs.nsysu.edu.tw/menu5/showoutline.asp?SYEAR=115&SEM=1&CrsDat=GEAI1601&Crsname=心理學,,,False,跨院選修(社),GEAI1601,0,不分班,"心理學
INTRODUCTION TO PSYCHOLOGY",3,期,False,80,0,0,80,"邱文彬,鄭雯","一5,6,7(社SS 2001)","['567', '', '', '', '', '', '']","《講授類》
與社科院CSS101課程併班上課",[],False
https://selcrs.nsysu.edu.tw/menu5/showoutline.asp?SYEAR=115&SEM=1&CrsDat=GEAI1609&Crsname=經濟學原理（一）,,,False,跨院選修(社),GEAI1609,0,不分班,"經濟學原理（一）
PRINCIPLES OF ECONOMICS(I)",3,期,False,40,0,0,40,吳世傑,"四2,3,4(社SS 1006)","['', '', '', '234', '', '', '']","《講授類》
與政經系PE101A課程併班上課",[],False
https://selcrs.nsysu.edu.tw/menu5/showoutline.asp?SYEAR=115&SEM=1&CrsDat=GEAI1614&Crsname=經濟學,,,False,跨院選修(社),GEAI1614,0,不分班,"經濟學
ECONOMICS",3,期,False,30,0,0,30,鄭子長,"五8,6,7(社SS 4001)","['', '', '', '', '678', '', '']","《講授類》
與社科院CSS106課程併班上課",[],False
https://selcrs.nsysu.edu.tw/menu5/showoutline.asp?SYEAR=115&SEM=1&CrsDat=GEAI1644&Crsname=創意手機遊戲程式設計,,,False,跨院選修(社),GEAI1644,0,不分班,"創意手機遊戲程式設計
CREATIVE MOBILE GAME PROGRAMMING",3,期,False,20,0,0,20,李春雄,"四2,3,4(圖IL PC02)","['', '', '', '234', '', '', '']","《講授類》
『本課程之限修，於加退選2階段開放選修』。限非應數、電機、機電、資工、材光、光電、資管、海工系學生修習跨院通識與社科院CSS128課程併班上課",[],False
https://selcrs.nsysu.edu.tw/menu5/showoutline.asp?SYEAR=115&SEM=1&CrsDat=GEAI1646&Crsname=漁業外交概論,,,False,跨院選修(社),GEAI1646,0,不分班,"漁業外交概論
INTRODUCTION TO FISHERIES DIPLOMACY",3,期,False,25,0,0,25,高世明,"五5,6,7(社SS 3005)","['', '', '', '', '567', '', '']","《講授類》
與政經系PE131課程併班上課",[],False
https://selcrs.nsysu.edu.tw/menu5/showoutline.asp?SYEAR=115&SEM=1&CrsDat=GEAI1652&Crsname=智慧城市與智慧運輸趨勢、發展及課題研析,,,False,跨院選修(社),GEAI1652,0,不分班,"智慧城市與智慧運輸趨勢、發展及課題研析
THE TREND, DEVELOPMENT, AND CHALLENGE OF SMART CITY AND SMART TRANSIT",3,期,False,75,0,0,75,李予綱,"五5,6,7(社SS 3001)","['', '', '', '', '567', '', '']","《演講/參訪》
與社科院CSS134課程併班上課",[],False
https://selcrs.nsysu.edu.tw/menu5/showoutline.asp?SYEAR=115&SEM=1&CrsDat=GEAI1653&Crsname=國際金融,,,False,跨院選修(社),GEAI1653,0,不分班,"國際金融
INTERNATIONAL FINANCE",3,期,False,30,0,0,30,陳孟瑋,"三2,3,4(管CM 4036)","['', '', '234', '', '', '', '']","《講授類》
與社科院CSS135課程併班上課",[],False
https://selcrs.nsysu.edu.tw/menu5/showoutline.asp?SYEAR=115&SEM=1&CrsDat=GEAI1654&Crsname=剖析都市：數據分析方法與應用,,,False,跨院選修(社),GEAI1654,0,不分班,"剖析都市：數據分析方法與應用
 THE ANATOMY OF THE CITY: DATA ANALYSIS METHOD AND APPLICATION",3,期,False,75,0,0,75,李予綱,"五2,3,4(社SS 3001)","['', '', '', '', '234', '', '']","《講授類》
與社科院CSS120課程併班上課",[],False
https://selcrs.nsysu.edu.tw/menu5/showoutline.asp?SYEAR=115&SEM=1&CrsDat=GEAI1664&Crsname=原民的環境、經濟與社會,,,False,跨院選修(社),GEAI1664,0,不分班,"原民的環境、經濟與社會
INDIGENOUS ENVIRONMENT, ECONOMY AND SOCIETY",3,期,False,10,0,0,10,"李育諭,李馨慈",,"['123456789', '123456789', '1234567DE', '123456789', '', '123456789', '123456789']","《講授類》
暑假密集式授課8/8-8/13，限有修課同學選修跨院通識與社會系SOC258課程併班上課",[],True
https://selcrs.nsysu.edu.tw/menu5/showoutline.asp?SYEAR=115&SEM=1&CrsDat=GEAI1665&Crsname=全球政治,,,False,跨院選修(社),GEAI1665,0,不分班,"全球政治
GLOBAL POLITICS",3,期,False,20,0,0,20,方志恒,"二8,6,7(社SS 4001)","['', '678', '', '', '', '', '']","《講授類》
與社會系SOC257課程併班上課",[],True
https://selcrs.nsysu.edu.tw/menu5/showoutline.asp?SYEAR=115&SEM=1&CrsDat=GEAI1675&Crsname=性別教育,,,False,跨院選修(社),GEAI1675,0,不分班,"性別教育
GENDER EDUCATION",2,期,False,30,0,0,30,"宋呈澔,林靜慧","三3,4(社SS 2001)","['', '', '34', '', '', '', '']","《講授類》
跨院通識與社科院CSS160課程併班上課",[],False
https://selcrs.nsysu.edu.tw/menu5/showoutline.asp?SYEAR=115&SEM=1&CrsDat=GEAI1678&Crsname=賽局導論,,,False,跨院選修(社),GEAI1678,0,不分班,"賽局導論
INTRODUCTION TO GAME THEORY",3,期,False,30,0,0,30,許嘉麟,"四8,6,7(管CM 3019)","['', '', '', '678', '', '', '']","《講授類》
與社科院CSS161課程併班上課",[],False
https://selcrs.nsysu.edu.tw/menu5/showoutline.asp?SYEAR=115&SEM=1&CrsDat=GEAI1683&Crsname=現代民事與商務法律導論,,,False,跨院選修(社),GEAI1683,0,不分班,"現代民事與商務法律導論
INTRODUCTION TO MODERN CIVIL AND COMMERCIAL LAW",2,期,False,30,0,0,30,楊健弘,"五3,4(社SS 1006)","['', '', '', '', '34', '', '']","《講授類》
跨院通識與社科院CSS171課程併班上課",[],False
https://selcrs.nsysu.edu.tw/menu5/showoutline.asp?SYEAR=115&SEM=1&CrsDat=GEAI1904&Crsname=基礎藥理學,,,False,跨院選修(醫),GEAI1904,0,不分班,"基礎藥理學
BASIC PHARMACOLOGY",3,期,False,40,0,0,40,趙敏吾,"三5,6,7(醫IL 9012)","['', '', '567', '', '', '', '']","《講授類》
與醫學院MED143課程併班上課(基礎醫學數位微學程)",[],False
https://selcrs.nsysu.edu.tw/menu5/showoutline.asp?SYEAR=115&SEM=1&CrsDat=GEAI1907&Crsname=醫學史（一）–西洋醫學史,,,False,跨院選修(醫),GEAI1907,0,不分班,"醫學史（一）–西洋醫學史
MEDICAL HISTORY(I)–WESTERN MEDICAL HISTORY",2,期,False,40,0,0,40,劉景寬,"四8,7(國IR 4002)","['', '', '', '78', '', '', '']","《講授類》
與醫學院MED144課程併班上課",[],False
https://selcrs.nsysu.edu.tw/menu5/showoutline.asp?SYEAR=115&SEM=1&CrsDat=GEAI1908&Crsname=基礎生物學,,,False,跨院選修(醫),GEAI1908,0,不分班,"基礎生物學
BASIC CONCEPTS OF BIOLOGY",2,期,False,95,0,0,95,"張玉泉,李佶珉,鄭光宏","四8,9(通GE 1010)","['', '', '', '89', '', '', '']","《講授類》
與醫學院MED101課程併班上課",[],False
https://selcrs.nsysu.edu.tw/menu5/showoutline.asp?SYEAR=115&SEM=1&CrsDat=GEAI1909&Crsname=環境健康大數據資料分析暨視覺化實務,,,False,跨院選修(醫),GEAI1909,0,不分班,"環境健康大數據資料分析暨視覺化實務
ENVIRONMENTAL AND HEALTHY BIG DATA ANALYSIS WITH VISUALISED PRACTICE",3,期,False,30,0,0,30,鄭雅勻,"二5,6,7(圖IL PC02)","['', '567', '', '', '', '', '']","《講授類》
跨院通識與醫學院MED145課程併班上課",[],True
https://selcrs.nsysu.edu.tw/menu5/showoutline.asp?SYEAR=115&SEM=1&CrsDat=GEAI1912&Crsname=生物統計與資訊,,,False,跨院選修(醫),GEAI1912,0,不分班,"生物統計與資訊
BIOSTATISTICS AND BIOINFORMATICS?",2,期,False,30,0,0,30,鄭雅勻,"三3,4(圖IL PC01)","['', '', '34', '', '', '', '']","《講授類》
與醫學院MED146課程併班上課",[],False
https://selcrs.nsysu.edu.tw/menu5/showoutline.asp?SYEAR=115&SEM=1&CrsDat=GEAI1913&Crsname=公共衛生學,,,False,跨院選修(醫),GEAI1913,0,不分班,"公共衛生學
PUBLIC HEALTH?",2,期,False,40,0,0,40,鄭雅勻,"四5,6(醫IL 9012)","['', '', '', '56', '', '', '']","《講授類》
與醫學院MED147課程併班上課",[],False
https://selcrs.nsysu.edu.tw/menu5/showoutline.asp?SYEAR=115&SEM=1&CrsDat=GEAI1939&Crsname=共病時代-談人類與動物共通傳染病,,,False,跨院選修(醫),GEAI1939,0,不分班,"共病時代-談人類與動物共通傳染病
DISEASE, PLAGUE, AND CIVILIZATION",3,期,False,40,0,0,40,王文宏,"二2,3,4(醫IL 9012)","['', '234', '', '', '', '', '']","《講授類》
跨院通識與醫學院MED122課程併班上課",[],False
https://selcrs.nsysu.edu.tw/menu5/showoutline.asp?SYEAR=115&SEM=1&CrsDat=GEAI1940&Crsname=疾病瘟疫與文明,,,False,跨院選修(醫),GEAI1940,0,不分班,"疾病瘟疫與文明
DISEASE, PLAGUE, AND CIVILIZATION",3,期,False,40,0,0,40,王文宏,"五2,3,4(醫IL 9012)","['', '', '', '', '234', '', '']","《講授類》
與醫學院MED123課程併班上課",[],False
https://selcrs.nsysu.edu.tw/menu5/showoutline.asp?SYEAR=115&SEM=1&CrsDat=GEAI1943&Crsname=危老年代,,,False,跨院選修(醫),GEAI1943,0,不分班,"危老年代
AGING AND HEALTH",2,期,False,40,0,0,40,李昇翰,"二8,9(醫IL 9010)","['', '89', '', '', '', '', '']","《講授類》
與醫學院MED126課程併班上課",[],False
https://selcrs.nsysu.edu.tw/menu5/showoutline.asp?SYEAR=115&SEM=1&CrsDat=GEAI1944&Crsname=危險同居「人」：漫談居家有害生物,,,False,跨院選修(醫),GEAI1944,0,不分班,"危險同居「人」：漫談居家有害生物
PESTS IN HOUSEHOLD ENVIRONMENT",3,期,False,40,0,0,40,李昇翰,"一8,9,7(醫IL 9010)","['789', '', '', '', '', '', '']","《講授類》
與醫學院MED127課程併班上課",[],False
https://selcrs.nsysu.edu.tw/menu5/showoutline.asp?SYEAR=115&SEM=1&CrsDat=GEAI1945&Crsname=環境與人類健康,,,False,跨院選修(醫),GEAI1945,0,不分班,"環境與人類健康
ENVIRONMENT AND HUMAN HEALTH",2,期,False,40,0,0,40,李昇翰,"三3,4(醫IL 9010)","['', '', '34', '', '', '', '']","《講授類》
與醫學院MED128課程併班上課",[],False
https://selcrs.nsysu.edu.tw/menu5/showoutline.asp?SYEAR=115&SEM=1&CrsDat=GEAI1946&Crsname=基礎外傷急救,,,False,跨院選修(醫),GEAI1946,0,不分班,"基礎外傷急救
BASICS OF TRAUMA CARE",2,期,False,30,0,0,30,唐逸文,"一3,4(醫IL 9010)","['34', '', '', '', '', '', '']","《講授類》
跨院通識與醫學院MED129課程併班上課",[],False
https://selcrs.nsysu.edu.tw/menu5/showoutline.asp?SYEAR=115&SEM=1&CrsDat=GEAI1948&Crsname=人體生理功能解密:生理學入門,,,False,跨院選修(醫),GEAI1948,0,不分班,"人體生理功能解密:生理學入門
HUMAN BODY FUNCTIONS: BASIC PHYSIOLOGY",3,期,False,40,0,0,40,柯瓊媛,"三2,3,4(醫IL 9012)","['', '', '234', '', '', '', '']","《講授類》
與醫學院MED131課程併班上課(基礎醫學數位微學程)",[],False
https://selcrs.nsysu.edu.tw/menu5/showoutline.asp?SYEAR=115&SEM=1&CrsDat=GEAI1950&Crsname=探索藥物：現實與電影中的藥物,,,False,跨院選修(醫),GEAI1950,0,不分班,"探索藥物：現實與電影中的藥物
EXPLORING DRUGS: DRUGS IN REALITY AND IN MOVIES",3,期,False,40,0,0,40,陳亮傑,"二5,6,7(醫IL 9010)","['', '567', '', '', '', '', '']","《講授類》
與醫學院MED133課程併班上課",[],False
https://selcrs.nsysu.edu.tw/menu5/showoutline.asp?SYEAR=115&SEM=1&CrsDat=GEAI1952&Crsname=人類免疫與代謝,,,False,跨院選修(醫),GEAI1952,0,不分班,"人類免疫與代謝
IMMUNOMETABOLISM OF HUMAN DISEASES",2,期,False,30,0,0,30,陳彥樺,"二8,7(醫IL 9012)","['', '78', '', '', '', '', '']","《講授類》
與醫學院MED135課程併班上課(基礎醫學數位微學程)",[],False
https://selcrs.nsysu.edu.tw/menu5/showoutline.asp?SYEAR=115&SEM=1&CrsDat=GEAI1954&Crsname=基因中的演化之舞,,,False,跨院選修(醫),GEAI1954,0,不分班,"基因中的演化之舞
TRACING THE TANGLED TRACKS OF EVOLUTIONARY JOURNEY IN GENOME",3,期,False,30,0,0,30,陳彥樺,"三5,6,7(圖IL PC02)","['', '', '567', '', '', '', '']","《講授類》
與醫學院MED137課程併班上課",[],False
https://selcrs.nsysu.edu.tw/menu5/showoutline.asp?SYEAR=115&SEM=1&CrsDat=GEAI1964&Crsname=神經心理學：大腦與情緒,,,False,跨院選修(醫),GEAI1964,0,不分班,"神經心理學：大腦與情緒
NEUROPSYCHOLOGY: THE BRAIN AND EMOTIONS",3,期,False,40,0,0,40,楊仁豪,"五8,6,7(國IR 4002)","['', '', '', '', '678', '', '']","《講授類》
與醫學院MED153課程併班上課",[],False
https://selcrs.nsysu.edu.tw/menu5/showoutline.asp?SYEAR=115&SEM=1&CrsDat=GEAI1965&Crsname=癌症治療,,,False,跨院選修(醫),GEAI1965,0,不分班,"癌症治療
CANCER THERAPEUTICS",2,期,False,35,0,0,35,趙敏吾,"二5,6(醫IL 9012)","['', '56', '', '', '', '', '']","《講授類》
與醫學院MED154課程併班上課(英語授課)",[],True
https://selcrs.nsysu.edu.tw/menu5/showoutline.asp?SYEAR=115&SEM=1&CrsDat=GEAI1968&Crsname=生活柯南：破解似是而非的迷思,,,False,跨院選修(醫),GEAI1968,0,不分班,"生活柯南：破解似是而非的迷思
LIVING CONAN: CRACKING THE MYTHS OF PLAUSIBILITY",2,期,False,30,0,0,30,"葉俊吟,陳嬿今","四3,4(醫IL 3013)","['', '', '', '34', '', '', '']","《講授類》
與醫學院MED157課程併班上課",[],False
https://selcrs.nsysu.edu.tw/menu5/showoutline.asp?SYEAR=115&SEM=1&CrsDat=GEAI1969&Crsname=與老共舞,,,False,跨院選修(醫),GEAI1969,0,不分班,"與老共舞
LIVING WITH AGING: GERIATRIC CARE FOR OLDER ADULTS",3,期,False,30,0,0,30,"葉俊吟,郭素娥,陳嬿今","四5,6,7(醫IL 3013)","['', '', '', '567', '', '', '']","《講授類》
與醫學院MED158課程併班上課(英語授課)",[],True
https://selcrs.nsysu.edu.tw/menu5/showoutline.asp?SYEAR=115&SEM=1&CrsDat=GEAI1970&Crsname=看不見的魔力：生活中的微生物之應用,,,False,跨院選修(醫),GEAI1970,0,不分班,"看不見的魔力：生活中的微生物之應用
THE INVISIBLE MAGIC: MICROORGANISMS AND THEIR APPLICATIONS IN DAILY LIFE",2,期,False,25,0,0,25,陳彥樺,"一3,4(醫IL 9012)","['34', '', '', '', '', '', '']","《講授類》
與醫學院MED159課程併班上課(英語授課)",[],True
https://selcrs.nsysu.edu.tw/menu5/showoutline.asp?SYEAR=115&SEM=1&CrsDat=GEAI1978&Crsname=身心健康醫學講座,,,False,跨院選修(醫),GEAI1978,0,不分班,"身心健康醫學講座
SPECIAL LECTURES ON PHYSICAL AND MENTAL HEALTH",2,期,False,75,0,0,75,"余靈珊,王文宏","一5,6()","['56', '', '', '', '', '', '']","《講授類》
與醫學院MED167課程併班上課",[],False
https://selcrs.nsysu.edu.tw/menu5/showoutline.asp?SYEAR=115&SEM=1&CrsDat=GEAI1979&Crsname=中醫暨整合醫學,,,False,跨院選修(醫),GEAI1979,0,不分班,"中醫暨整合醫學
CHINESE AND INTEGRATIVE MEDICINE",2,期,False,40,0,0,40,"謝孟倉,陳貞吟","四3,4(醫IL 9012)","['', '', '', '34', '', '', '']","《講授類》
與醫學院MED168課程併班上課",[],False
https://selcrs.nsysu.edu.tw/menu5/showoutline.asp?SYEAR=115&SEM=1&CrsDat=GEAI1983&Crsname=基礎奈米生醫材料與3D列印技術之應用,,,False,跨院選修(醫),GEAI1983,0,不分班,"基礎奈米生醫材料與3D列印技術之應用
APPLICATIONS OF FOUNDATIONAL NANOBIOMATERIALS AND 3D PRINTING TECHNOLOGY",2,期,False,35,0,0,35,"廖子嫻,陳玟帆","二8,7(國IR 5002)","['', '78', '', '', '', '', '']","《講授類》
與醫學院MED169課程併班上課",[],False
https://selcrs.nsysu.edu.tw/menu5/showoutline.asp?SYEAR=115&SEM=1&CrsDat=GEAI1985&Crsname=精準醫療科技進展,,,False,跨院選修(醫),GEAI1985,0,不分班,"精準醫療科技進展
ADVANCES IN PRECISION MEDICINE TECHNOLOGY",3,期,False,40,0,0,40,李孟娟,"三5,6,7(醫IL 3015)","['', '', '567', '', '', '', '']","《講授類》
跨院通識與醫學院MED171課程併班上課",[],False
https://selcrs.nsysu.edu.tw/menu5/showoutline.asp?SYEAR=115&SEM=1&CrsDat=GEAI1986&Crsname=創新腦科技,,,False,跨院選修(醫),GEAI1986,0,不分班,"創新腦科技
INNOVATIVE TECHNOLOGIES IN BRAIN SCIENCE",3,期,False,40,0,0,40,林萱文,"二2,3,4(醫IL 3014)","['', '234', '', '', '', '', '']","《講授類》
跨院通識與醫學院MED172課程併班上課",[],False
https://selcrs.nsysu.edu.tw/menu5/showoutline.asp?SYEAR=115&SEM=1&CrsDat=GEAI1987&Crsname=臨床醫學概論,,,False,跨院選修(醫),GEAI1987,0,不分班,"臨床醫學概論
INTRODUCTION TO CLINICAL MEDICINE",2,期,False,45,0,0,45,唐逸文,"五5,6(醫IL 9012)","['', '', '', '', '56', '', '']","《講授類》
跨院通識與醫學院MED173課程併班上課",[],False
https://selcrs.nsysu.edu.tw/menu5/showoutline.asp?SYEAR=115&SEM=1&CrsDat=GEAI1988&Crsname=醫療與護理資訊,,,False,跨院選修(醫),GEAI1988,0,不分班,"醫療與護理資訊
MEDICAL AND NURSING INFORMATICS",2,期,False,25,0,0,25,"羅珮綺,葉俊吟","二5,6(醫IL 3013)","['', '56', '', '', '', '', '']","《講授類》
限護理學系學生修習跨院通識與護理系NURS309課程併班上課",[],False
https://selcrs.nsysu.edu.tw/menu5/showoutline.asp?SYEAR=115&SEM=1&CrsDat=GEAI1989&Crsname=子宮裡的氣象戰：氣候變遷與母嬰健康,,,False,跨院選修(醫),GEAI1989,0,不分班,"子宮裡的氣象戰：氣候變遷與母嬰健康
THE BATTLE IN THE WOMB: CLIMATE CHANGE AND MATERNAL AND INFANT HEALTH",2,期,False,25,0,0,25,王美卿,"一3,4(社SS 1003)","['34', '', '', '', '', '', '']","《講授類》
跨院通識與護理系NURS213課程併班上課",[],False
https://selcrs.nsysu.edu.tw/menu5/showoutline.asp?SYEAR=115&SEM=1&CrsDat=GEAI1990&Crsname=綠色照護：從自己做起,,,False,跨院選修(醫),GEAI1990,0,不分班,"綠色照護：從自己做起
GREEN CARE: STARTING WITH YOURSELF",2,期,False,25,0,0,25,熊乃歡,"三6,7(醫IL 3013)","['', '', '67', '', '', '', '']","《講授類》
跨院通識與護理系NURS119課程併班上課",[],False
https://selcrs.nsysu.edu.tw/menu5/showoutline.asp?SYEAR=115&SEM=1&CrsDat=GEAI1991&Crsname=空氣污染跨域新作為：我們每天吸進去的，不只是空氣,,,False,跨院選修(醫),GEAI1991,0,不分班,"空氣污染跨域新作為：我們每天吸進去的，不只是空氣
AIR ACROSS DISCIPLINES: BEYOND THE AIR WE BREATHE",3,期,False,25,0,0,25,郭素娥,"四2,3,4(醫IL 3016)","['', '', '', '234', '', '', '']","《講授類》
跨院通識與護理系NURS120課程併班上課",[],False
https://selcrs.nsysu.edu.tw/menu5/showoutline.asp?SYEAR=115&SEM=1&CrsDat=GEAI1992&Crsname=人工智慧於醫療科技之運用,,,False,跨院選修(醫),GEAI1992,0,不分班,"人工智慧於醫療科技之運用
APPLICATIONS OF ARTIFICIAL INTELLIGENCE IN MEDICAL TECHNOLOGY",2,期,False,30,0,0,30,葉俊吟,"一5,6(醫IL 3017)","['56', '', '', '', '', '', '']","《講授類》
跨院通識與護理系NURS210課程併班上課",[],False
https://selcrs.nsysu.edu.tw/menu5/showoutline.asp?SYEAR=115&SEM=1&CrsDat=GEAIE702&Crsname=英語簡報與口語表達（中高級）,,,False,跨院EAP,GEAIE702,0,不分班,"英語簡報與口語表達（中高級）
ENGLISH PRESENTATION AND ORAL EXPRESSION(HIGH-INTERMEDIATE LEVEL)",3,期,False,50,0,0,50,陳美淑,"三2,3,4(圖IL PC02)","['', '', '234', '', '', '', '']","《講授類》
限非外文系。建議英文程度『中高級』以上程度學生修習選課。",[],True
https://selcrs.nsysu.edu.tw/menu5/showoutline.asp?SYEAR=115&SEM=1&CrsDat=GEAIE705&Crsname=科技英文閱讀（中高級）,,,False,跨院EAP,GEAIE705,0,不分班,"科技英文閱讀（中高級）
ENGLISH READING FOR SCIENCE AND TECHNOLOGY（HIGH-INTERMEDIATE LEVEL）",3,期,False,50,0,0,50,陳美淑,"三5,6,7(圖IL PC03)","['', '', '567', '', '', '', '']","《講授類》
限非外文系。建議英文程度『中高級』以上程度學生修習選課。",[],True
https://selcrs.nsysu.edu.tw/menu5/showoutline.asp?SYEAR=115&SEM=1&CrsDat=GEAIE706&Crsname=極限閱讀：挑戰想像力與創造力（中高級）,,,False,跨院EAP,GEAIE706,0,不分班,"極限閱讀：挑戰想像力與創造力（中高級）
EXTREME READING: CHALLENGES OF IMAGINATION AND CREATIVITY（HIGH-INTERMEDIATE LEVEL）",3,期,False,50,0,0,50,陳瑞華,"五2,3,4(海ME 2005)","['', '', '', '', '234', '', '']","《講授類》
限非外文系。建議英文程度『中高級』以上程度學生修習選課。",[],True
https://selcrs.nsysu.edu.tw/menu5/showoutline.asp?SYEAR=115&SEM=1&CrsDat=GEAIE802&Crsname=演說與辯論（高級）,,,False,跨院EAP,GEAIE802,0,不分班,"演說與辯論（高級）
PUBLIC SPEECH AND DEBATE（ADVANCED LEVEL）",3,期,False,35,0,0,35,林毓凱,"二2,3,4(文LA 3003)","['', '234', '', '', '', '', '']","《講授類》
限非外文系。建議英文程度『高級』以上程度學生修習選課。",[],True
https://selcrs.nsysu.edu.tw/menu5/showoutline.asp?SYEAR=115&SEM=1&CrsDat=GEAP207&Crsname=英文寫作：資料視覺化與描述 （中高級）,新增,7/7,False,跨院EAP,GEAP207,0,不分班,"英文寫作：資料視覺化與描述 （中高級）
ENGLISH WRITING: DATA VISUALIZATION AND DESCRIPTION (HIGH-INTERMEDIATE LEVEL)",3,期,False,50,0,0,50,陳瑞華,"四2,3,4(通GE 3011)","['', '', '', '234', '', '', '']","《講授類》
限非外文系。建議英文程度『中高級』以上程度學生修習選課。",[],True
https://selcrs.nsysu.edu.tw/menu5/showoutline.asp?SYEAR=115&SEM=1&CrsDat=GEAIE610&Crsname=賞析音樂學英語（中級）,,,False,跨院ESP,GEAIE610,0,不分班,"賞析音樂學英語（中級）
LEARNING ENGLISH THROUGH MUSIC APPRECIATION（INTERMEDIATE LEVEL）",3,期,False,50,0,0,50,王品惠,"一2,3,4(通GE 4016)","['234', '', '', '', '', '', '']","《講授類》
限非外文系。建議英文程度『中級』以上程度學生修習選課。",[],True
https://selcrs.nsysu.edu.tw/menu5/showoutline.asp?SYEAR=115&SEM=1&CrsDat=GEAIE700&Crsname=從英語課程學習多元文化（中高級）,,,False,跨院ESP,GEAIE700,0,不分班,"從英語課程學習多元文化（中高級）
DEVELOPING MULTICULTURAL AWARENESS IN ENGLISH CLASSROOM(HIGH-INTERMEDIATE LEVEL)",3,期,False,50,0,0,50,紀博善,"一5,6,7(社SS 2006)","['567', '', '', '', '', '', '']","《講授類》
限非外文系。建議英文程度『中高級』以上程度學生修習選課。",[],True
https://selcrs.nsysu.edu.tw/menu5/showoutline.asp?SYEAR=115&SEM=1&CrsDat=GEAIE804&Crsname=文化藝術賞析與英語溝通（高級）,,,False,跨院ESP,GEAIE804,0,不分班,"文化藝術賞析與英語溝通（高級）
CRITICAL THINKING AND ENGLISH COMMUNICATIONS ON ARTS AND CULTURE (ADVANCED LEVEL)",3,期,False,50,0,0,50,范澤凱,"一5,6,7(文LA 2003)","['567', '', '', '', '', '', '']","《講授類》
限非外文系。建議英文程度『高級』以上程度學生修習選課。",[],True
https://selcrs.nsysu.edu.tw/menu5/showoutline.asp?SYEAR=115&SEM=1&CrsDat=GESP201&Crsname=國際會展英語（中高級）,,,False,跨院ESP,GESP201,0,不分班,"國際會展英語（中高級）
INTERNATIONAL ENGLISH FOR MICE:MEETING, INCENTIVES, CONVENTIONS, EXHIBITIONS(HIGH-INTERMEDIATE LEVEL",3,期,False,50,0,0,50,傅安德,"一2,3,4(西SW 1007)","['234', '', '', '', '', '', '']","《講授類》
限非外文系。建議英文程度『中高級』以上程度學生修習選課。",[],True
https://selcrs.nsysu.edu.tw/menu5/showoutline.asp?SYEAR=115&SEM=1&CrsDat=GESP205&Crsname=商業英語溝通 （中高級）,,,False,跨院ESP,GESP205,0,不分班,"商業英語溝通 （中高級）
ENGLISH FOR BUSINESS COMMUNICATION  (HIGH-INTERMEDIATE LEVEL)",3,期,False,50,0,0,50,劉季貞,"五5,6,7(管CM 2025)","['', '', '', '', '567', '', '']","《講授類》
限非外文系。建議英文程度『中高級』以上程度學生修習選課。",[],True
https://selcrs.nsysu.edu.tw/menu5/showoutline.asp?SYEAR=115&SEM=1&CrsDat=GESP207&Crsname=實用醫療英語 （中高級）,,,False,跨院ESP,GESP207,0,不分班,"實用醫療英語 （中高級）
PRACTICAL ENGLISH FOR HEALTH (HIGH-INTERMEDIATE LEVEL)",3,期,False,50,0,0,50,傅安德,"二2,3,4(理SC 1001)","['', '234', '', '', '', '', '']","《講授類》
限非外文系。建議英文程度『中高級』以上程度學生修習選課。",[],True
https://selcrs.nsysu.edu.tw/menu5/showoutline.asp?SYEAR=115&SEM=1&CrsDat=GESP211&Crsname=工程英文 （中高級）,,,False,跨院ESP,GESP211,0,不分班,"工程英文 （中高級）
ENGLISH FOR ENGINEERING (HIGH-INTERMEDIATE LEVEL)",3,期,False,50,0,0,50,莊家雄,"三2,3,4(海ME 2001)","['', '', '234', '', '', '', '']","《講授類》
限非外文系。建議英文程度『中高級』以上程度學生修習選課。",[],True
https://selcrs.nsysu.edu.tw/menu5/showoutline.asp?SYEAR=115&SEM=1&CrsDat=GESP401&Crsname=進階英文聽講 （高級）,,,False,跨院ESP,GESP401,0,不分班,"進階英文聽講 （高級）
ADVANCED ENGLISH LISTENING AND SPEAKING (ADVANCED LEVEL)",3,期,False,50,0,0,50,曾銘裕,"二2,3,4(文LA 2001)","['', '234', '', '', '', '', '']","《講授類》
限非外文系。建議英文程度『高級』以上程度學生修習選課。",[],True
https://selcrs.nsysu.edu.tw/menu5/showoutline.asp?SYEAR=115&SEM=1&CrsDat=GESP406&Crsname=海外工作與學習之英語與文化（高級）,,,False,跨院ESP,GESP406,0,不分班,"海外工作與學習之英語與文化（高級）
ENGLISHES AND CULTURES FOR OVERSEAS STUDIES AND WORK(ADVANCED LEVEL)",3,期,False,50,0,0,50,施智閔,"五5,6,7(文LA 1004)","['', '', '', '', '567', '', '']","《講授類》
限非外文系。建議英文程度『高級』以上程度學生修習選課。",[],True
https://selcrs.nsysu.edu.tw/menu5/showoutline.asp?SYEAR=115&SEM=1&CrsDat=GESP408&Crsname=國際商務領導英語（高級）,,,False,跨院ESP,GESP408,0,不分班,"國際商務領導英語（高級）
ENGLISH FOR INTERNATIONAL BUSINESS LEADERSHIP (ADVANCED LEVEL)",3,期,False,50,0,0,50,傅安德,"二5,6,7(管CM 1019)","['', '567', '', '', '', '', '']","《講授類》
限非外文系。建議英文程度『高級』以上程度學生修習選課。",[],True
https://selcrs.nsysu.edu.tw/menu5/showoutline.asp?SYEAR=115&SEM=1&CrsDat=GESP409&Crsname=醫學學術英文表達（高級）,,,False,跨院ESP,GESP409,0,不分班,"醫學學術英文表達（高級）
MEDICAL ACADEMIC ORAL PRESENTATION (ADVANCED LEVEL)",3,期,False,50,0,0,50,傅安德,"三2,3,4()","['', '', '234', '', '', '', '']","《講授類》
限非外文系。建議英文程度『高級』以上程度學生修習選課。",[],True
https://selcrs.nsysu.edu.tw/menu5/showoutline.asp?SYEAR=115&SEM=1&CrsDat=GESP410&Crsname=英文短篇小說（高級）,,,False,跨院ESP,GESP410,0,不分班,"英文短篇小說（高級）
ENGLISH SHORT STORIES (ADVANCED LEVEL)",3,期,False,50,0,0,50,黃心雅,"二5,6,7(文LA 3001)","['', '567', '', '', '', '', '']","《講授類》
限非外文系。建議英文程度『高級』以上程度學生修習選課。",[],True
https://selcrs.nsysu.edu.tw/menu5/showoutline.asp?SYEAR=115&SEM=1&CrsDat=GESP412&Crsname=精神分析：文化與日常生活 （高級）,,,False,跨院ESP,GESP412,0,不分班,"精神分析：文化與日常生活 （高級）
PSYCHOANALYSIS: CULTURE AND EVERYDAY LIFE (ADVANCED LEVEL)",3,期,False,50,0,0,50,陳福仁,"二2,3,4(文LA 3002)","['', '234', '', '', '', '', '']","《講授類》
限非外文系。建議英文程度『高級』以上程度學生修習選課。",[],True
https://selcrs.nsysu.edu.tw/menu5/showoutline.asp?SYEAR=115&SEM=1&CrsDat=GESL351&Crsname=服務學習：兒童照顧與個人成長,,,False,服務學習,GESL351,0,不分班,"服務學習：兒童照顧與個人成長
SERVICE LEARNING: VOLUNTEER SERVICES",1,期,True,30,0,0,30,"林梅芳,林裕䕒","一3,4(通GE 3013)","['34', '', '', '', '', '', '']",《服務學習類》,[],False
https://selcrs.nsysu.edu.tw/menu5/showoutline.asp?SYEAR=115&SEM=1&CrsDat=GESL356&Crsname=服務學習：弱勢兒少視訊教學服務,,,False,服務學習,GESL356,0,不分班,"服務學習：弱勢兒少視訊教學服務
SERVICE LEARNING: VOLUNTEER SERVICE",1,期,True,40,0,0,40,葉博弘,"四C,D(通GE 1008)","['', '', '', 'CD', '', '', '']","《服務學習類》
異常處理階段高年級學生優先。",[],False
https://selcrs.nsysu.edu.tw/menu5/showoutline.asp?SYEAR=115&SEM=1&CrsDat=GESL375&Crsname=服務學習：光電探索,,,False,服務學習,GESL375,0,不分班,"服務學習：光電探索
SERVICE LEARNING: EXPLORING PHOTONICS",1,期,True,32,0,0,32,于欽平,"一6,7(國IR 3002)","['67', '', '', '', '', '', '']","《服務學習類》
歡迎非光電領域學生選修。",[],False
https://selcrs.nsysu.edu.tw/menu5/showoutline.asp?SYEAR=115&SEM=1&CrsDat=GESL379&Crsname=服務學習：築夢計畫,,,False,服務學習,GESL379,0,不分班,"服務學習：築夢計畫
SERVICE LEARNING：PROJECT OF DREAM-BUILDING",1,期,True,30,0,0,30,古錦松,"一8,9(西SW 1004)","['89', '', '', '', '', '', '']",《服務學習類》,[],False
https://selcrs.nsysu.edu.tw/menu5/showoutline.asp?SYEAR=115&SEM=1&CrsDat=GESL385&Crsname=服務學習：長照政策與高齡化社會,,,False,服務學習,GESL385,0,不分班,"服務學習：長照政策與高齡化社會
SERVICE LEARNING: LONG-TERM CARE POLICY AND AGING POPULATION SOCIETY",1,期,True,30,0,0,30,林玉華,"一3,4(管CM 3022)","['34', '', '', '', '', '', '']","《服務學習類》
第一次上課請務必出席",[],False
https://selcrs.nsysu.edu.tw/menu5/showoutline.asp?SYEAR=115&SEM=1&CrsDat=GESL388&Crsname=服務學習：人人都是科學家！,,,False,服務學習,GESL388,0,不分班,"服務學習：人人都是科學家！
SERVICE LEARNING:ANYONE CAN BE A SCIENTIST!",1,期,True,30,0,0,30,劉叔秋,"二8,9(通GE 2006)","['', '89', '', '', '', '', '']",《服務學習類》,[],True
https://selcrs.nsysu.edu.tw/menu5/showoutline.asp?SYEAR=115&SEM=1&CrsDat=GESL392&Crsname=服務學習：新住民學童培力服務,,,False,服務學習,GESL392,0,不分班,"服務學習：新住民學童培力服務
SERVICE LEARNING：ABILITY DEVELOPMENT FOR CHILDREN OF NEW IMMIGRANTS",1,期,True,30,0,0,30,古錦松,"一6,7(西SW 1004)","['67', '', '', '', '', '', '']",《服務學習類》,[],False
https://selcrs.nsysu.edu.tw/menu5/showoutline.asp?SYEAR=115&SEM=1&CrsDat=GESL393&Crsname=服務學習：動物保護、收容與送養服務,,,False,服務學習,GESL393,0,不分班,"服務學習：動物保護、收容與送養服務
SERVICE LEARNING: ANIMAL PROTECTION, SHELTERING AND ADOPTION",1,期,True,40,0,0,40,彭渰雯,"五3,4(西SW 1007)","['', '', '', '', '34', '', '']",《服務學習類》,[],False
https://selcrs.nsysu.edu.tw/menu5/showoutline.asp?SYEAR=115&SEM=1&CrsDat=GESL409&Crsname=服務學習：西灣國際沙龍校園英語志工,,,False,服務學習,GESL409,0,不分班,"服務學習：西灣國際沙龍校園英語志工
SERVICE LEARNING: ENGLISH VOLUNTEERING AT SI WAN INTERNATIONAL SALON",1,期,True,35,0,0,35,陳瑞華,"二6,7(通GE 3011)","['', '67', '', '', '', '', '']","《服務學習類》
建議英文程度多益785分或全民英檢中高級初試或雅思5.5 以上程度學生選修。",[],True
https://selcrs.nsysu.edu.tw/menu5/showoutline.asp?SYEAR=115&SEM=1&CrsDat=GESL415&Crsname=服務學習：弱勢孩童的標靶教學,,,False,服務學習,GESL415,0,不分班,"服務學習：弱勢孩童的標靶教學
SERVICE LEARNING: TARGET LEARNING FOR DISADVANTAGED STUDENTS",1,期,True,45,0,0,45,郭瑞坤,"四8,9(管CM 4112)","['', '', '', '89', '', '', '']","《服務學習類》
1.第一週務必參與了解課程規劃。2.職前講習訓練修課同學一律要求參加，若不克前來請勿選修或請退選本課程。",[],False
https://selcrs.nsysu.edu.tw/menu5/showoutline.asp?SYEAR=115&SEM=1&CrsDat=GESL418&Crsname=服務學習：校園科普展演,,,False,服務學習,GESL418,0,不分班,"服務學習：校園科普展演
SERVICE LEARNING: GENERAL SCIENCE DEMONSTRATION IN CAMPUS",1,期,True,40,0,0,40,黃旭明,"六3,4(理PH 1008)","['', '', '', '', '', '34', '']","《服務學習類》
必須配合活動學校的展演時間，所以可能會在平時日進行。",[],False
https://selcrs.nsysu.edu.tw/menu5/showoutline.asp?SYEAR=115&SEM=1&CrsDat=GESL421&Crsname=服務學習：日本地方創生實務,,,False,服務學習,GESL421,0,不分班,"服務學習：日本地方創生實務
SERVICE LEARNING: PRACTICAL STUDIES IN REGIONAL REVITALIZATION IN JAPAN",1,期,True,30,0,0,30,吳亦昕,"五6,7(通GE 3013)","['', '', '', '', '67', '', '']","《服務學習類》
1.須經過甄選並於期限內繳交家長同意書等資料後才符合選課資格，經篩選上之同學應於異常處理期間辦理選課。2.預計09/16-09/29出隊(自費前往日本服務)。",[],False
https://selcrs.nsysu.edu.tw/menu5/showoutline.asp?SYEAR=115&SEM=1&CrsDat=GESL425&Crsname=服務學習：推動高中民防實作教育,,,False,服務學習,GESL425,0,不分班,"服務學習：推動高中民防實作教育
SERVICE LEARNING: PROMOTING CIVIL DEFENSE EDUCATION IN HIGH SCHOOLS",1,期,True,40,0,0,40,佘健源,"五6,7(西SW 1005)","['', '', '', '', '67', '', '']",《服務學習類》,[],False
https://selcrs.nsysu.edu.tw/menu5/showoutline.asp?SYEAR=115&SEM=1&CrsDat=GESL426&Crsname=服務學習：弱勢兒童課輔,異動,修正備註說明6/25,False,服務學習,GESL426,0,不分班,"服務學習：弱勢兒童課輔
SERVICE LEARNING: TUTORING FOR SOCIOECONOMICALLY DISADVANTAGED STUDENTS",1,期,True,40,0,0,40,王以亮,"二C,D(通GE 3011)","['', 'CD', '', '', '', '', '']","《服務學習類》
1.服務時間須滿28小時，服務時間跟地點請詳閱課綱。 2.第2週說明會修課同學一律要求參加，若不克前來請勿選修或請退選本課程。",[],False
https://selcrs.nsysu.edu.tw/menu5/showoutline.asp?SYEAR=115&SEM=1&CrsDat=GESL428&Crsname=服務學習：城市道路標線底圖繪製,,,False,服務學習,GESL428,0,不分班,"服務學習：城市道路標線底圖繪製
SERVICE LEARNING: BASE MAP DRAFTING FOR URBAN ROAD MARKINGS",1,期,True,40,0,0,40,夏晧清,"四3,4(西SW 1007)","['', '', '', '34', '', '', '']",《服務學習類》,[],False
https://selcrs.nsysu.edu.tw/menu5/showoutline.asp?SYEAR=115&SEM=1&CrsDat=GESL429&Crsname=服務學習：獼猴共存術-人與動物間的共存課,,,False,服務學習,GESL429,0,不分班,"服務學習：獼猴共存術-人與動物間的共存課
SERVICE LEARNING:  MACAQUE COEXISTENCE TECHNIQUES - COEXISTENCE BETWEEN HUMANS AND ANIMALS",1,期,True,40,0,0,40,待聘,"三3,4(西SW 1007)","['', '', '34', '', '', '', '']",《服務學習類》,[],False
https://selcrs.nsysu.edu.tw/menu5/showoutline.asp?SYEAR=115&SEM=1&CrsDat=CL103&Crsname=國學導讀（一）,,,False,中文系,CL103,1,不分班,"國學導讀（一）
INTRODUCTION TO CHINESE CLASSICAL STUDIES(I)",2,期,True,50,0,0,50,黃羽璿,"三3,4(文LA 4005)","['', '', '34', '', '', '', '']",《講授類》,[],False
https://selcrs.nsysu.edu.tw/menu5/showoutline.asp?SYEAR=115&SEM=1&CrsDat=CL105&Crsname=文學概論（一）,,,False,中文系,CL105,1,不分班,"文學概論（一）
INTRODUCTION TO LITERATURE(I)",2,期,True,50,0,0,50,莫加南,"四3,4(文LA 4005)","['', '', '', '34', '', '', '']",《講授類》,[],False
https://selcrs.nsysu.edu.tw/menu5/showoutline.asp?SYEAR=115&SEM=1&CrsDat=CL121&Crsname=現代詩選與寫作（一）,,,False,中文系,CL121,1,不分班,"現代詩選與寫作（一）
MODERN POETRY:READINGS AND COMPOSITION (I)",3,期,False,50,0,0,50,涂書瑋,"五5,6,7(文LA 4001)","['', '', '', '', '567', '', '']",《講授類》,[],False
https://selcrs.nsysu.edu.tw/menu5/showoutline.asp?SYEAR=115&SEM=1&CrsDat=CL150&Crsname=古典小說選（一）,,,False,中文系,CL150,4,不分班,"古典小說選（一）
CLASSICAL NOVELS（I）",3,期,False,35,0,0,35,羅景文,"二2,3,4(文LA 4004)","['', '234', '', '', '', '', '']",《講授類》,[],False
https://selcrs.nsysu.edu.tw/menu5/showoutline.asp?SYEAR=115&SEM=1&CrsDat=CL166&Crsname=現代中國文學與社會,,,False,中文系,CL166,2,不分班,"現代中國文學與社會
LITERATURE AND SOCIETY IN MODERN CHINA",3,期,False,50,0,0,50,莫加南,"四8,6,7(文LA 4002)","['', '', '', '678', '', '', '']",《講授類》,[],False
https://selcrs.nsysu.edu.tw/menu5/showoutline.asp?SYEAR=115&SEM=1&CrsDat=CL183&Crsname=晚清到當代華文科幻小說,,,False,中文系,CL183,3,不分班,"晚清到當代華文科幻小說
CHINESE SCIENCE FICTION FROM LATE QING DYNASTY TO CONTEMPORARY",3,期,False,50,0,0,50,何重誼,"三2,3,4(文LA 4003)","['', '', '234', '', '', '', '']",《講授類》,[],False
https://selcrs.nsysu.edu.tw/menu5/showoutline.asp?SYEAR=115&SEM=1&CrsDat=CL187&Crsname=中國園林文學,,,False,中文系,CL187,1,不分班,"中國園林文學
CHINESE GARDEN LITERATURE",3,期,False,47,0,0,47,林孜曄,"四5,6,7(文LA 4001)","['', '', '', '567', '', '', '']",《講授類》,[],False
https://selcrs.nsysu.edu.tw/menu5/showoutline.asp?SYEAR=115&SEM=1&CrsDat=CL192&Crsname=華文文學與性別文化（一）,,,False,中文系,CL192,3,不分班,"華文文學與性別文化（一）
CHINESE LITERATURE AND GENDER CULTURES (I)",3,期,False,40,0,0,40,黃資婷,"五2,3,4(文LA 4002)","['', '', '', '', '234', '', '']",《講授類》,[],False
https://selcrs.nsysu.edu.tw/menu5/showoutline.asp?SYEAR=115&SEM=1&CrsDat=CL201&Crsname=中國文學史（一）,,,False,中文系,CL201,2,不分班,"中國文學史（一）
HISTORY OF CHINESE LITERATURE(I)",3,期,True,50,0,0,50,羅景文,"四2,3,4(文LA 4002)","['', '', '', '234', '', '', '']",《講授類》,[],False
https://selcrs.nsysu.edu.tw/menu5/showoutline.asp?SYEAR=115&SEM=1&CrsDat=CL205&Crsname=詩選及習作（一）,,,True,中文系,CL205,2,不分班,"詩選及習作（一）
READING IN CHINESE CLASSICAL POETRY SHIH(I)",3,期,True,30,0,0,30,陳秋宏,"三5,6,7(文LA 4002)","['', '', '567', '', '', '', '']",《講授類》,[],False
https://selcrs.nsysu.edu.tw/menu5/showoutline.asp?SYEAR=115&SEM=1&CrsDat=CL205A&Crsname=詩選及習作（一）,,,True,中文系,CL205A,2,不分班,"詩選及習作（一）
READING IN CHINESE CLASSICAL POETRY SHIH(I)",3,期,True,30,0,0,30,林孜曄,"三5,6,7(文LA 4003)","['', '', '567', '', '', '', '']",《講授類》,[],False
https://selcrs.nsysu.edu.tw/menu5/showoutline.asp?SYEAR=115&SEM=1&CrsDat=CL207&Crsname=歷代文選及習作（一）,,,True,中文系,CL207,2,不分班,"歷代文選及習作（一）
READING IN CHINESE CLASSICAL PROSE(I)",3,期,True,30,0,0,30,鍾志偉,"一5,6,7(文LA 4002)","['567', '', '', '', '', '', '']",《講授類》,[],False
https://selcrs.nsysu.edu.tw/menu5/showoutline.asp?SYEAR=115&SEM=1&CrsDat=CL207A&Crsname=歷代文選及習作（一）,,,True,中文系,CL207A,2,不分班,"歷代文選及習作（一）
READING IN CHINESE CLASSICAL PROSE(I)",3,期,True,30,0,0,30,吳孟謙,"三2,3,4(文LA 4002)","['', '', '234', '', '', '', '']",《講授類》,[],False
https://selcrs.nsysu.edu.tw/menu5/showoutline.asp?SYEAR=115&SEM=1&CrsDat=CL248&Crsname=論語,,,False,中文系,CL248,1,不分班,"論語
THE ANALECTS",3,期,False,35,0,0,35,吳孟謙,"二2,3,4(文LA 4001)","['', '234', '', '', '', '', '']",《講授類》,[],False
https://selcrs.nsysu.edu.tw/menu5/showoutline.asp?SYEAR=115&SEM=1&CrsDat=CL265&Crsname=神話學導論（一）,,,False,中文系,CL265,2,不分班,"神話學導論（一）
INTRODUCTION TO MYTHOLOGY(Ⅰ)",3,期,False,30,0,0,30,謝薇娜,"一2,3,4(文LA 4002)","['234', '', '', '', '', '', '']",《講授類》,[],False
https://selcrs.nsysu.edu.tw/menu5/showoutline.asp?SYEAR=115&SEM=1&CrsDat=CL267&Crsname=史記（一）,,,False,中文系,CL267,1,不分班,"史記（一）
SHIH CHI(I)",3,期,False,50,0,0,50,黃羽璿,"二8,6,7(文LA 4001)","['', '678', '', '', '', '', '']",《講授類》,[],False
https://selcrs.nsysu.edu.tw/menu5/showoutline.asp?SYEAR=115&SEM=1&CrsDat=CL303&Crsname=中國思想史（一）,,,False,中文系,CL303,3,不分班,"中國思想史（一）
HISTORY OF CHINESE THOUGHTS(I)",3,期,True,50,0,0,50,紀志昌,"一5,6,7(文LA 5004)","['567', '', '', '', '', '', '']",《講授類》,[],False
https://selcrs.nsysu.edu.tw/menu5/showoutline.asp?SYEAR=115&SEM=1&CrsDat=CL307&Crsname=詞曲選及習作（一）,,,False,中文系,CL307,3,不分班,"詞曲選及習作（一）
READING IN TZ'U & CH'U POETRY(WITH EXERCISE)(I)",3,期,True,50,0,0,50,黃郁晴,"四5,6,7(文LA 4003)","['', '', '', '567', '', '', '']",《講授類》,[],False
https://selcrs.nsysu.edu.tw/menu5/showoutline.asp?SYEAR=115&SEM=1&CrsDat=CL327&Crsname=古文字學,,,False,中文系,CL327,3,不分班,"古文字學
ARCHAIC PHILOLOGY",3,期,False,50,0,0,50,歐瑞安,"一2,3,4(文LA 4004)","['234', '', '', '', '', '', '']",《講授類》,[],False
https://selcrs.nsysu.edu.tw/menu5/showoutline.asp?SYEAR=115&SEM=1&CrsDat=CL332&Crsname=近世出土文獻,,,False,中文系,CL332,4,不分班,"近世出土文獻
THE STUDY OF UNEARTHED DOCUMENTS IN THE PRESENT ERA",3,期,False,50,0,0,50,歐瑞安,"三2,3,4(文LA 4001)","['', '', '234', '', '', '', '']",《講授類》,[],False
https://selcrs.nsysu.edu.tw/menu5/showoutline.asp?SYEAR=115&SEM=1&CrsDat=CL342&Crsname=聲韻學,,,False,中文系,CL342,3,不分班,"聲韻學
CHINESE PHONOLOGY",3,期,True,50,0,0,50,杜佳倫,"一2,3,4(文LA 4003)","['234', '', '', '', '', '', '']",《講授類》,[],False
https://selcrs.nsysu.edu.tw/menu5/showoutline.asp?SYEAR=115&SEM=1&CrsDat=CL430&Crsname=性別文化民俗誌,,,False,中文系,CL430,2,不分班,"性別文化民俗誌
CHRONICLES OF FEMININE CULTURE",3,期,False,25,0,0,25,楊濟襄,"一5,6,7(文LA 4003)","['567', '', '', '', '', '', '']",《講授類》,[],False
https://selcrs.nsysu.edu.tw/menu5/showoutline.asp?SYEAR=115&SEM=1&CrsDat=CL433&Crsname=臺灣古典文學概論,,,False,中文系,CL433,2,不分班,"臺灣古典文學概論
INTRODUCTION TO TAIWANESE CLASSICAL LITERATURE",3,期,False,30,0,0,30,鍾志偉,"二5,6,7(文LA 4002)","['', '567', '', '', '', '', '']",《講授類》,[],False
https://selcrs.nsysu.edu.tw/menu5/showoutline.asp?SYEAR=115&SEM=1&CrsDat=CL439&Crsname=訓詁學,,,False,中文系,CL439,4,不分班,"訓詁學
EXEGETICS",2,期,True,50,0,0,50,歐瑞安,"四2,3(文LA 4004)","['', '', '', '23', '', '', '']",《講授類》,[],False
https://selcrs.nsysu.edu.tw/menu5/showoutline.asp?SYEAR=115&SEM=1&CrsDat=CL454&Crsname=青聽文學,,,False,中文系,CL454,1,不分班,"青聽文學
YOUTHFUL LITERARY ENGAGEMENT: FROM TEXT TO WORLD",3,期,True,50,0,0,50,"涂書瑋,黃資婷","四8,6,7(文LA 0001)","['', '', '', '678', '', '', '']",《講授類》,[],False
https://selcrs.nsysu.edu.tw/menu5/showoutline.asp?SYEAR=115&SEM=1&CrsDat=CL461&Crsname=主題策展規畫與實踐（二）,,,False,中文系,CL461,4,不分班,"主題策展規畫與實踐（二）
CURATING THEMATIC EXHIBITIONS DESIGN AND PRACTICE (II)",3,期,False,50,0,0,50,"杜佳倫,鍾志偉,黃資婷","三2,3,4(文LA 4012)","['', '', '234', '', '', '', '']",《展演》,[],False
https://selcrs.nsysu.edu.tw/menu5/showoutline.asp?SYEAR=115&SEM=1&CrsDat=DFLL105&Crsname=英語口語訓練一（一）：主題對話,,,True,外文系,DFLL105,1,不分班,"英語口語訓練一（一）：主題對話
ENGLISH ORAL TRAINING I (I): THEMATIC CONVERSATION",2,期,True,16,0,0,16,楊郁芬,"一5,6,7(文LA 3003)","['567', '', '', '', '', '', '']","《講授類》
限本系學生修習，大一新生統一配課。",[],True
https://selcrs.nsysu.edu.tw/menu5/showoutline.asp?SYEAR=115&SEM=1&CrsDat=DFLL105A&Crsname=英語口語訓練一（一）：主題對話,,,True,外文系,DFLL105A,1,不分班,"英語口語訓練一（一）：主題對話
ENGLISH ORAL TRAINING I (I): THEMATIC CONVERSATION",2,期,False,16,0,0,16,賴怡芃,"一5,6,7(文LA 3002)","['567', '', '', '', '', '', '']","《講授類》
限本系學生修習，大一新生統一配課。",[],True
https://selcrs.nsysu.edu.tw/menu5/showoutline.asp?SYEAR=115&SEM=1&CrsDat=DFLL105B&Crsname=英語口語訓練一（一）：主題對話,,,True,外文系,DFLL105B,1,不分班,"英語口語訓練一（一）：主題對話
ENGLISH ORAL TRAINING I (I): THEMATIC CONVERSATION",2,期,False,50,0,0,50,林毓凱,"一5,6,7(文LA 3001)","['567', '', '', '', '', '', '']","《講授類》
限本系學生修習，大一新生統一配課。",[],True
https://selcrs.nsysu.edu.tw/menu5/showoutline.asp?SYEAR=115&SEM=1&CrsDat=DFLL107&Crsname=英文寫作一（一）,,,True,外文系,DFLL107,1,不分班,"英文寫作一（一）
ENGLISH WRITING I(I)",2,期,True,16,0,0,16,羅佳雯,"三2,3,4(文LA 3004)","['', '', '234', '', '', '', '']","《講授類》
限本系學生修習，大一新生統一配課。",[],True
https://selcrs.nsysu.edu.tw/menu5/showoutline.asp?SYEAR=115&SEM=1&CrsDat=DFLL107A&Crsname=英文寫作一（一）,,,True,外文系,DFLL107A,1,不分班,"英文寫作一（一）
ENGLISH WRITING I(I)",2,期,False,16,0,0,16,楊郁芬,"三2,3,4(文LA 3002)","['', '', '234', '', '', '', '']","《講授類》
限本系學生修習，大一新生統一配課。",[],True
https://selcrs.nsysu.edu.tw/menu5/showoutline.asp?SYEAR=115&SEM=1&CrsDat=DFLL107B&Crsname=英文寫作一（一）,,,True,外文系,DFLL107B,1,不分班,"英文寫作一（一）
ENGLISH WRITING I(I)",2,期,False,16,0,0,16,黃舒屏,"三2,3,5(文LA 3003)","['', '', '235', '', '', '', '']","《講授類》
限本系學生修習，大一新生統一配課。",[],False
https://selcrs.nsysu.edu.tw/menu5/showoutline.asp?SYEAR=115&SEM=1&CrsDat=DFLL109&Crsname=文學作品導讀,,,False,外文系,DFLL109,1,不分班,"文學作品導讀
GUIDED READING OF LITERARY WORKS",3,期,True,50,0,0,50,盧莉茹,"四2,3,4(文LA 2003)","['', '', '', '234', '', '', '']",《講授類》,[],True
https://selcrs.nsysu.edu.tw/menu5/showoutline.asp?SYEAR=115&SEM=1&CrsDat=DFLL115&Crsname=英語聽力,,,False,外文系,DFLL115,1,不分班,"英語聽力
ENGLISH LISTENING",3,期,False,50,0,0,50,洪敏秀,"五2,3,4(文LA 3004)","['', '', '', '', '234', '', '']",《講授類》,[],True
https://selcrs.nsysu.edu.tw/menu5/showoutline.asp?SYEAR=115&SEM=1&CrsDat=DFLL205&Crsname=英語口語訓練二（一）,,,True,外文系,DFLL205,2,不分班,"英語口語訓練二（一）
ENGLISH ORAL TRAINING II(I)",2,期,True,16,0,0,16,李佳容,"一5,6,7(文LA 3013)","['567', '', '', '', '', '', '']","《講授類》
限本系修畢「英語口語訓練一(一)、一(二)」學生修習",[],True
https://selcrs.nsysu.edu.tw/menu5/showoutline.asp?SYEAR=115&SEM=1&CrsDat=DFLL205A&Crsname=英語口語訓練二（一）,異動,更換教室7/2,True,外文系,DFLL205A,2,不分班,"英語口語訓練二（一）
ENGLISH ORAL TRAINING II(I)",2,期,False,16,0,0,16,沈尚玉,"一5,6,7(文LA 3012)","['567', '', '', '', '', '', '']","《講授類》
限本系修畢「英語口語訓練一(一)、一(二)」學生修習",[],True
https://selcrs.nsysu.edu.tw/menu5/showoutline.asp?SYEAR=115&SEM=1&CrsDat=DFLL205B&Crsname=英語口語訓練二（一）,,,True,外文系,DFLL205B,2,不分班,"英語口語訓練二（一）
ENGLISH ORAL TRAINING II(I)",2,期,False,16,0,0,16,盧家達,"一5,6,7(文LA 3015)","['567', '', '', '', '', '', '']","《講授類》
限本系修畢「英語口語訓練一(一)、一(二)」學生修習",[],True
https://selcrs.nsysu.edu.tw/menu5/showoutline.asp?SYEAR=115&SEM=1&CrsDat=DFLL207&Crsname=英文寫作二（一）,,,True,外文系,DFLL207,2,不分班,"英文寫作二（一）
ENGLISH WRITING II(I)",2,期,True,16,0,0,16,盧莉茹,"三2,3,4(文LA 2003)","['', '', '234', '', '', '', '']","《講授類》
限本系修畢「英文寫作一(一)、一(二)」學生修習",[],True
https://selcrs.nsysu.edu.tw/menu5/showoutline.asp?SYEAR=115&SEM=1&CrsDat=DFLL207A&Crsname=英文寫作二（一）,,,True,外文系,DFLL207A,2,不分班,"英文寫作二（一）
ENGLISH WRITING II(I)",2,期,False,16,0,0,16,李祁芳,"三2,3,4(文LA 3013)","['', '', '234', '', '', '', '']","《講授類》
限本系修畢「英文寫作一(一)、一(二)」學生修習",[],True
https://selcrs.nsysu.edu.tw/menu5/showoutline.asp?SYEAR=115&SEM=1&CrsDat=DFLL207B&Crsname=英文寫作二（一）,,,True,外文系,DFLL207B,2,不分班,"英文寫作二（一）
ENGLISH WRITING II(I)",2,期,False,16,0,0,16,施智閔,"三2,3,4(文LA 3012)","['', '', '234', '', '', '', '']","《講授類》
限本系修畢「英文寫作一(一)、一(二)」學生修習",[],True
https://selcrs.nsysu.edu.tw/menu5/showoutline.asp?SYEAR=115&SEM=1&CrsDat=DFLL220&Crsname=英語語言學概論（一）,,,False,外文系,DFLL220,1,不分班,"英語語言學概論（一）
INTRODUCTION TO ENGLISH LINGUISTICS（I）",3,期,True,50,0,0,50,歐淑珍,"一2,3,4(文LA 3004)","['234', '', '', '', '', '', '']",《講授類》,[],True
https://selcrs.nsysu.edu.tw/menu5/showoutline.asp?SYEAR=115&SEM=1&CrsDat=DFLL220A&Crsname=英語語言學概論（一）,,,False,外文系,DFLL220A,2,不分班,"英語語言學概論（一）
INTRODUCTION TO ENGLISH LINGUISTICS（I）",3,期,True,50,0,0,50,黃舒屏,"一2,3,4(文LA 3002)","['234', '', '', '', '', '', '']",《講授類》,[],True
https://selcrs.nsysu.edu.tw/menu5/showoutline.asp?SYEAR=115&SEM=1&CrsDat=DFLL222&Crsname=歐洲文學：1350-1800,,,True,外文系,DFLL222,2,不分班,"歐洲文學：1350-1800
EUROPEAN LITERATURE:1350-1800",3,期,True,50,0,0,50,沈尚玉,"五2,3,4(文LA 3003)","['', '', '', '', '234', '', '']",《講授類》,[],True
https://selcrs.nsysu.edu.tw/menu5/showoutline.asp?SYEAR=115&SEM=1&CrsDat=DFLL224&Crsname=英國文學：1660以前,,,True,外文系,DFLL224,2,不分班,"英國文學：1660以前
ENGLISH LITERATURE : BEFORE 1660",3,期,True,50,0,0,50,李祁芳,"二5,6,7(文LA 3002)","['', '567', '', '', '', '', '']",《講授類》,[],True
https://selcrs.nsysu.edu.tw/menu5/showoutline.asp?SYEAR=115&SEM=1&CrsDat=DFLL226&Crsname=英美戲劇（一）,,,False,外文系,DFLL226,2,不分班,"英美戲劇（一）
ENGLISH AND AMERICAN DRAMA(I)",3,期,False,50,0,0,50,溫惠珍,"四2,3,4(文LA 3012)","['', '', '', '234', '', '', '']",《講授類》,[],True
https://selcrs.nsysu.edu.tw/menu5/showoutline.asp?SYEAR=115&SEM=1&CrsDat=DFLL232&Crsname=日文（一）,,,True,外文系,DFLL232,2,不分班,"日文（一）
JAPANESE(1)",3,期,True,20,0,0,20,森國松江,"三5,6,7(文LA 3013)","['', '', '567', '', '', '', '']","《講授類》
初級日文。外文系學生優先選修。本課程限修，於加退選第2階段開放選修。",[],False
https://selcrs.nsysu.edu.tw/menu5/showoutline.asp?SYEAR=115&SEM=1&CrsDat=DFLL232A&Crsname=日文（一）,,,True,外文系,DFLL232A,2,不分班,"日文（一）
JAPANESE(1)",3,期,False,20,0,0,20,森國松江,"三2,3,4(文LA 2001)","['', '', '234', '', '', '', '']","《講授類》
初級日文。非外文系同學優先選修",[],False
https://selcrs.nsysu.edu.tw/menu5/showoutline.asp?SYEAR=115&SEM=1&CrsDat=DFLL234&Crsname=西班牙文（一）,,,True,外文系,DFLL234,2,不分班,"西班牙文（一）
SPANISH(I)",3,期,True,20,0,0,20,李優俐,"三5,6,7(文LA 3014)","['', '', '567', '', '', '', '']","《講授類》
基礎西班牙文。外文系學生優先選修。本課程限修，於加退選第2階段開放選修。",[],False
https://selcrs.nsysu.edu.tw/menu5/showoutline.asp?SYEAR=115&SEM=1&CrsDat=DFLL234A&Crsname=西班牙文（一）,,,True,外文系,DFLL234A,2,不分班,"西班牙文（一）
SPANISH(I)",3,期,False,20,0,0,20,李優俐,"三2,3,4(文LA 1002)","['', '', '234', '', '', '', '']","《講授類》
基礎西班牙文。非外文系同學優先選修",[],False
https://selcrs.nsysu.edu.tw/menu5/showoutline.asp?SYEAR=115&SEM=1&CrsDat=DFLL236&Crsname=法文（一）,,,True,外文系,DFLL236,2,不分班,"法文（一）
FRENCH(I)",3,期,True,20,0,0,20,白士禮,"二2,3,4(文LA 3004)","['', '234', '', '', '', '', '']","《講授類》
基礎法文。外文系學生優先選修。本課程限修，於加退選第2階段開放選修。",[],True
https://selcrs.nsysu.edu.tw/menu5/showoutline.asp?SYEAR=115&SEM=1&CrsDat=DFLL236A&Crsname=法文（一）,,,True,外文系,DFLL236A,2,不分班,"法文（一）
FRENCH(I)",3,期,False,20,0,0,20,王柔惠,"四2,3,4(文LA 3001)","['', '', '', '234', '', '', '']","《講授類》
基礎法文。 非外文系同學優先選修",[],False
https://selcrs.nsysu.edu.tw/menu5/showoutline.asp?SYEAR=115&SEM=1&CrsDat=DFLL238&Crsname=德文（一）,,,True,外文系,DFLL238,2,不分班,"德文（一）
GERMAN(I)",3,期,True,20,0,0,20,盧家達,"三5,6,7(文LA 3004)","['', '', '567', '', '', '', '']","《講授類》
初級德文。外文系學生優先選修。本課程限修，於加退選第2階段開放選修。",[],True
https://selcrs.nsysu.edu.tw/menu5/showoutline.asp?SYEAR=115&SEM=1&CrsDat=DFLL238A&Crsname=德文（一）,,,True,外文系,DFLL238A,2,不分班,"德文（一）
GERMAN(I)",3,期,False,20,0,0,20,陳麗雅,"三2,3,4(文LA 1001)","['', '', '234', '', '', '', '']","《講授類》
初級德文。非外文系同學優先選修",[],False
https://selcrs.nsysu.edu.tw/menu5/showoutline.asp?SYEAR=115&SEM=1&CrsDat=DFLL303&Crsname=進階英文寫作,,,True,外文系,DFLL303,3,不分班,"進階英文寫作
ADVANCED ENGLISH WRITING",2,期,True,16,0,0,16,白士禮,"三2,3,4(文LA 3014)","['', '', '234', '', '', '', '']","《講授類》
限本系修畢「英文寫作一(一)、一(二)」、「英文寫作二(一)、二(二)」學生修習",[],True
https://selcrs.nsysu.edu.tw/menu5/showoutline.asp?SYEAR=115&SEM=1&CrsDat=DFLL303A&Crsname=進階英文寫作,,,True,外文系,DFLL303A,3,不分班,"進階英文寫作
ADVANCED ENGLISH WRITING",2,期,False,16,0,0,16,賴怡芃,"三2,3,4(文LA 3015)","['', '', '234', '', '', '', '']","《講授類》
限本系修畢「英文寫作一(一)、一(二)」、「英文寫作二(一)、二(二)」學生修習",[],False
https://selcrs.nsysu.edu.tw/menu5/showoutline.asp?SYEAR=115&SEM=1&CrsDat=DFLL303B&Crsname=進階英文寫作,,,True,外文系,DFLL303B,3,不分班,"進階英文寫作
ADVANCED ENGLISH WRITING",2,期,False,16,0,0,16,洪敏秀,"三2,3,4(文LA 3016)","['', '', '234', '', '', '', '']","《講授類》
限本系修畢「英文寫作一(一)、一(二)」、「英文寫作二(一)、二(二)」學生修習",[],True
https://selcrs.nsysu.edu.tw/menu5/showoutline.asp?SYEAR=115&SEM=1&CrsDat=DFLL320&Crsname=英國文學：1800-1900,,,True,外文系,DFLL320,3,不分班,"英國文學：1800-1900
ENGLISH LITERATURE : 1800-1900",3,期,True,50,0,0,50,李佳容,"四2,3,4(文LA 3003)","['', '', '', '234', '', '', '']",《講授類》,[],True
https://selcrs.nsysu.edu.tw/menu5/showoutline.asp?SYEAR=115&SEM=1&CrsDat=DFLL322&Crsname=英美詩歌（一）,,,False,外文系,DFLL322,3,不分班,"英美詩歌（一）
ENGLISH AND AMERICAN POETRY(I)",3,期,False,50,0,0,50,范澤凱,"二2,3,4(文LA 3001)","['', '234', '', '', '', '', '']",《講授類》,[],True
https://selcrs.nsysu.edu.tw/menu5/showoutline.asp?SYEAR=115&SEM=1&CrsDat=DFLL330&Crsname=英文中譯（一）,,,False,外文系,DFLL330,3,不分班,"英文中譯（一）
TRANSLATING ENGLISH TEXTS INTO CHINESE (I)",3,期,False,50,0,0,50,林毓凱,"四5,6,7(文LA 3003)","['', '', '', '567', '', '', '']",《講授類》,[],True
https://selcrs.nsysu.edu.tw/menu5/showoutline.asp?SYEAR=115&SEM=1&CrsDat=DFLL338&Crsname=語言評量概論,,,False,外文系,DFLL338,3,不分班,"語言評量概論
INTRODUCTION TO LANGUAGE ASSESSMENT",3,期,False,50,0,0,50,施智閔,"三5,6,7(海ME 3006)","['', '', '567', '', '', '', '']",《講授類》,[],True
https://selcrs.nsysu.edu.tw/menu5/showoutline.asp?SYEAR=115&SEM=1&CrsDat=DFLL341&Crsname=日文（三）,,,False,外文系,DFLL341,3,不分班,"日文（三）
JAPANESE(III)",3,期,False,20,0,0,20,森國松江,"一5,6,7(文LA 3017)","['567', '', '', '', '', '', '']","《講授類》
中級日文",[],False
https://selcrs.nsysu.edu.tw/menu5/showoutline.asp?SYEAR=115&SEM=1&CrsDat=DFLL343&Crsname=西班牙文（三）,,,False,外文系,DFLL343,3,不分班,"西班牙文（三）
SPANISH(III)",3,期,False,20,0,0,20,李優俐,"二5,6,7(文LA 3016)","['', '567', '', '', '', '', '']","《講授類》
中級西班牙文",[],False
https://selcrs.nsysu.edu.tw/menu5/showoutline.asp?SYEAR=115&SEM=1&CrsDat=DFLL345&Crsname=法文（三）,,,False,外文系,DFLL345,3,不分班,"法文（三）
FRENCH(III)",3,期,False,20,0,0,20,王柔惠,"一5,6,7(文LA 3016)","['567', '', '', '', '', '', '']","《講授類》
中級法文",[],False
https://selcrs.nsysu.edu.tw/menu5/showoutline.asp?SYEAR=115&SEM=1&CrsDat=DFLL347&Crsname=德文（三）,,,False,外文系,DFLL347,3,不分班,"德文（三）
GERMAN(III)",3,期,False,20,0,0,20,陳麗雅,"二2,3,4(文LA 3015)","['', '234', '', '', '', '', '']","《講授類》
中級德文",[],False
https://selcrs.nsysu.edu.tw/menu5/showoutline.asp?SYEAR=115&SEM=1&CrsDat=DFLL420&Crsname=美國文學：1865以前,,,True,外文系,DFLL420,4,不分班,"美國文學：1865以前
AMERICAN LITERATURE : BEFORE 1865",3,期,True,50,0,0,50,盧莉茹,"二2,3,4(文LA 2003)","['', '234', '', '', '', '', '']",《講授類》,[],True
https://selcrs.nsysu.edu.tw/menu5/showoutline.asp?SYEAR=115&SEM=1&CrsDat=DFLL422&Crsname=英美小說（一）,,,False,外文系,DFLL422,4,不分班,"英美小說（一）
ENGLISH AND AMERICAN FICTION(I)",3,期,False,50,0,0,50,黃心雅,"三5,6,7(文LA 3003)","['', '', '567', '', '', '', '']",《講授類》,[],True
https://selcrs.nsysu.edu.tw/menu5/showoutline.asp?SYEAR=115&SEM=1&CrsDat=DFLL428&Crsname=世界文學英文短篇小說,,,False,外文系,DFLL428,4,不分班,"世界文學英文短篇小說
THE ENGLISH SHORT STORY IN WORLD LITERATURE",3,期,False,50,0,0,50,洪敏秀,"二5,6,7(文LA 3003)","['', '567', '', '', '', '', '']",《講授類》,[],True
https://selcrs.nsysu.edu.tw/menu5/showoutline.asp?SYEAR=115&SEM=1&CrsDat=DFLL430&Crsname=莎士比亞戲劇選讀,,,False,外文系,DFLL430,4,不分班,"莎士比亞戲劇選讀
READINGS IN SHAKESPEAREAN DRAMA",3,期,False,50,0,0,50,李祁芳,"一5,6,7(文LA 3004)","['567', '', '', '', '', '', '']",《講授類》,[],True
https://selcrs.nsysu.edu.tw/menu5/showoutline.asp?SYEAR=115&SEM=1&CrsDat=DFLL438&Crsname=精神分析批評,,,False,外文系,DFLL438,4,不分班,"精神分析批評
PSYCHOANALYTIC CRITICISM",3,期,False,50,0,0,50,陳福仁,"四2,3,4(文LA 3002)","['', '', '', '234', '', '', '']",《研討類》,[],True
https://selcrs.nsysu.edu.tw/menu5/showoutline.asp?SYEAR=115&SEM=1&CrsDat=DFLL449&Crsname=心理語言學概論,,,False,外文系,DFLL449,4,不分班,"心理語言學概論
INTRODUCTION TO PSYCHOLINGUISTICS",3,期,False,50,0,0,50,羅佳雯,"四5,6,7(文LA 3002)","['', '', '', '567', '', '', '']",《講授類》,[],True
https://selcrs.nsysu.edu.tw/menu5/showoutline.asp?SYEAR=115&SEM=1&CrsDat=DFLL481&Crsname=語料庫語言學概論,,,False,外文系,DFLL481,4,不分班,"語料庫語言學概論
INTRODUCTION TO CORPUS LINGUISTICS",3,期,False,50,0,0,50,黃舒屏,"二5,6,7(文LA 3004)","['', '567', '', '', '', '', '']",《講授類》,[],True
https://selcrs.nsysu.edu.tw/menu5/showoutline.asp?SYEAR=115&SEM=1&CrsDat=DFLL482&Crsname=實用日文,,,False,外文系,DFLL482,4,不分班,"實用日文
PRACTICAL JAPANESE",3,期,False,20,0,0,20,森國松江,"一2,3,4(文LA 3016)","['234', '', '', '', '', '', '']","《講授類》
進階日文課程，適合具一定程度同學修課",[],False
https://selcrs.nsysu.edu.tw/menu5/showoutline.asp?SYEAR=115&SEM=1&CrsDat=DFLL484&Crsname=實用西班牙文,,,False,外文系,DFLL484,4,不分班,"實用西班牙文
PRACTICAL SPANISH",3,期,False,20,0,0,20,李優俐,"一2,3,4(文LA 3015)","['234', '', '', '', '', '', '']","《講授類》
進階西班牙文課程，適合具一定程度同學修課",[],False
https://selcrs.nsysu.edu.tw/menu5/showoutline.asp?SYEAR=115&SEM=1&CrsDat=DFLL486&Crsname=實用法文,,,False,外文系,DFLL486,4,不分班,"實用法文
PRACTICAL FRENCH",3,期,False,20,0,0,20,王柔惠,"四5,6,7(文LA 3013)","['', '', '', '567', '', '', '']","《講授類》
進階法文課程，適合具一定程度同學修課",[],False
https://selcrs.nsysu.edu.tw/menu5/showoutline.asp?SYEAR=115&SEM=1&CrsDat=DFLL488&Crsname=實用德文,,,False,外文系,DFLL488,4,不分班,"實用德文
PRACTICAL GERMAN",3,期,False,20,0,0,20,陳麗雅,"二5,6,7(文LA 3014)","['', '567', '', '', '', '', '']","《講授類》
進階德文課程，適合具一定程度同學修課",[],False
https://selcrs.nsysu.edu.tw/menu5/showoutline.asp?SYEAR=115&SEM=1&CrsDat=MUSI101&Crsname=合奏,,,True,音樂系,MUSI101,1,不分班,"合奏
ENSEMBLE",2,期,True,50,0,0,50,楊智欽,"三6,7(文FA 4031) 五5,6(文FA 4031)","['', '', '67', '', '56', '', '']","《音樂類》
開放20個名額予跨院修課，學生選課於第一週參加樂團甄試，通過後始得修課，外系學生借用琴房練習，依規定繳交費用。",[],False
https://selcrs.nsysu.edu.tw/menu5/showoutline.asp?SYEAR=115&SEM=1&CrsDat=MUSI102&Crsname=合唱,,,True,音樂系,MUSI102,1,不分班,"合唱
CHORUS",2,期,True,50,0,0,50,張成璞,"三6,7(文FA 4028) 四8,9(文FA 4028)","['', '', '67', '89', '', '', '']","《音樂類》
開放20個名額予跨院修課，選課學生須於第一週參加視譜及歌唱測驗，通過後始得修課，外系學生借用琴房練習須依規定繳交費用",[],False
https://selcrs.nsysu.edu.tw/menu5/showoutline.asp?SYEAR=115&SEM=1&CrsDat=MUSI104&Crsname=音樂基礎訓練（一）,異動,更換教師6/25,True,音樂系,MUSI104,1,不分班,"音樂基礎訓練（一）
MUSICIAN SHIP (Ⅰ)",1,期,True,50,0,0,50,黃子珊,一3(文FA 4034),"['3', '', '', '', '', '', '']","《講授類》
限音樂系學生修課",[],False
https://selcrs.nsysu.edu.tw/menu5/showoutline.asp?SYEAR=115&SEM=1&CrsDat=MUSI113&Crsname=調性音樂理論與分析（一）,,,False,音樂系,MUSI113,1,不分班,"調性音樂理論與分析（一）
THEORY AND ANALYSIS IN TONAL MUSIC (I)",2,期,True,50,0,0,50,李思嫺,"三3,4(文FA 4034)","['', '', '34', '', '', '', '']",《講授類》,[],False
https://selcrs.nsysu.edu.tw/menu5/showoutline.asp?SYEAR=115&SEM=1&CrsDat=MUSI117&Crsname=主修（鋼琴）,,,True,音樂系,MUSI117,1,不分班,"主修（鋼琴）
MAJOR (PIANO)",2,期,True,50,0,0,50,"吳亞欣,唐佳迎,林雅叙,楊妮蓉,陳宜蓁,顏竹君,黃楚涵,黃瓊儀","六1,2()","['', '', '', '', '', '12', '']","《音樂類》
限音樂系學生修課",[],False
https://selcrs.nsysu.edu.tw/menu5/showoutline.asp?SYEAR=115&SEM=1&CrsDat=MUSI125&Crsname=主修（小提琴）,,,True,音樂系,MUSI125,1,不分班,"主修（小提琴）
MAJOR (VIOLIN)",2,期,True,50,0,0,50,"林子平,熊書宜,葉翹任,陳鈺雯","六1,2()","['', '', '', '', '', '12', '']","《音樂類》
限音樂系學生修課",[],False
https://selcrs.nsysu.edu.tw/menu5/showoutline.asp?SYEAR=115&SEM=1&CrsDat=MUSI126&Crsname=主修（中提琴）,,,True,音樂系,MUSI126,1,不分班,"主修（中提琴）
MAJOR (VIOLA)",2,期,True,50,0,0,50,"富澤直子,莊孟勳","六1,2()","['', '', '', '', '', '12', '']","《音樂類》
限音樂系學生修課",[],False
https://selcrs.nsysu.edu.tw/menu5/showoutline.asp?SYEAR=115&SEM=1&CrsDat=MUSI127&Crsname=主修（大提琴）,,,True,音樂系,MUSI127,1,不分班,"主修（大提琴）
MAJOR (VIOLONCELLO)",2,期,True,50,0,0,50,"曾加宜,謝孟軒","六1,2()","['', '', '', '', '', '12', '']","《音樂類》
限音樂系學生修課",[],False
https://selcrs.nsysu.edu.tw/menu5/showoutline.asp?SYEAR=115&SEM=1&CrsDat=MUSI128&Crsname=主修（低音提琴）,,,True,音樂系,MUSI128,1,不分班,"主修（低音提琴）
MAJOR (DOUBLE BASS)",2,期,True,50,0,0,50,阮晉志,"六1,2()","['', '', '', '', '', '12', '']","《音樂類》
限音樂系學生修課",[],False
https://selcrs.nsysu.edu.tw/menu5/showoutline.asp?SYEAR=115&SEM=1&CrsDat=MUSI138&Crsname=主修（聲樂）,,,True,音樂系,MUSI138,1,不分班,"主修（聲樂）
MAJOR (VOICE)",2,期,True,50,0,0,50,"林健吉,馮悅情,黃子珊","六1,2()","['', '', '', '', '', '12', '']","《音樂類》
限音樂系學生修課",[],False
https://selcrs.nsysu.edu.tw/menu5/showoutline.asp?SYEAR=115&SEM=1&CrsDat=MUSI146&Crsname=主修（雙簧管）,,,True,音樂系,MUSI146,1,不分班,"主修（雙簧管）
MAJOR (OBOE)",2,期,False,50,0,0,50,張瑞芝,"六1,2()","['', '', '', '', '', '12', '']","《音樂類》
限音樂系學生修課",[],False
https://selcrs.nsysu.edu.tw/menu5/showoutline.asp?SYEAR=115&SEM=1&CrsDat=MUSI147&Crsname=主修（豎笛）,,,True,音樂系,MUSI147,1,不分班,"主修（豎笛）
MAJOR CLARINET",2,期,False,50,0,0,50,"楊蕙祺,陳怡君","六1,2()","['', '', '', '', '', '12', '']","《音樂類》
限音樂系學生修課",[],False
https://selcrs.nsysu.edu.tw/menu5/showoutline.asp?SYEAR=115&SEM=1&CrsDat=MUSI148&Crsname=主修（長笛）,,,True,音樂系,MUSI148,1,不分班,"主修（長笛）
MAJOR (FLUTE)",2,期,False,50,0,0,50,"呂承祐,林鴻君,馬曉珮","六1,2()","['', '', '', '', '', '12', '']","《音樂類》
限音樂系學生修課",[],False
https://selcrs.nsysu.edu.tw/menu5/showoutline.asp?SYEAR=115&SEM=1&CrsDat=MUSI149&Crsname=主修（法國號）,,,True,音樂系,MUSI149,1,不分班,"主修（法國號）
MAJOR (FRENCH HORN)",2,期,False,50,0,0,50,陳冠豪,"六1,2()","['', '', '', '', '', '12', '']","《音樂類》
限音樂系學生修課",[],False
https://selcrs.nsysu.edu.tw/menu5/showoutline.asp?SYEAR=115&SEM=1&CrsDat=MUSI150&Crsname=主修（小號）,,,True,音樂系,MUSI150,1,不分班,"主修（小號）
MAJOR (TRUMPET)",2,期,False,50,0,0,50,劉郁君,"六1,2()","['', '', '', '', '', '12', '']","《音樂類》
限音樂系學生修課",[],False
https://selcrs.nsysu.edu.tw/menu5/showoutline.asp?SYEAR=115&SEM=1&CrsDat=MUSI152&Crsname=主修（長號）,,,True,音樂系,MUSI152,1,不分班,"主修（長號）
MAJOR(TROMBONE)",2,期,False,50,0,0,50,鄭詔駿,"六1,2()","['', '', '', '', '', '12', '']","《音樂類》
限音樂系學生修課",[],False
https://selcrs.nsysu.edu.tw/menu5/showoutline.asp?SYEAR=115&SEM=1&CrsDat=MUSI155&Crsname=主修（低音號）,,,True,音樂系,MUSI155,1,不分班,"主修（低音號）
MAJOR(TUBA)",2,期,False,50,0,0,50,湯志偉,"六1,2()","['', '', '', '', '', '12', '']","《音樂類》
限音樂系學生修課",[],False
https://selcrs.nsysu.edu.tw/menu5/showoutline.asp?SYEAR=115&SEM=1&CrsDat=MUSI156&Crsname=主修（薩克斯管）,,,True,音樂系,MUSI156,1,不分班,"主修（薩克斯管）
MAJOR (SAXOPHONE)",2,期,False,50,0,0,50,陳品樺,"六1,2()","['', '', '', '', '', '12', '']","《音樂類》
限音樂系學生修課",[],False
https://selcrs.nsysu.edu.tw/menu5/showoutline.asp?SYEAR=115&SEM=1&CrsDat=MUSI157&Crsname=主修 (上低音號),,,True,音樂系,MUSI157,1,不分班,"主修 (上低音號)
MAJOR (EUPHONIUM)",2,期,False,50,0,0,50,黃詩堯,"六1,2()","['', '', '', '', '', '12', '']","《音樂類》
限音樂系學生修課",[],False
https://selcrs.nsysu.edu.tw/menu5/showoutline.asp?SYEAR=115&SEM=1&CrsDat=MUSI160&Crsname=主修（打擊樂）,,,True,音樂系,MUSI160,1,不分班,"主修（打擊樂）
MAJOR (PERCUSSIONS)",2,期,False,50,0,0,50,"鄭雅心,陸淯姿","六1,2()","['', '', '', '', '', '12', '']","《音樂類》
限音樂系學生修課",[],False
https://selcrs.nsysu.edu.tw/menu5/showoutline.asp?SYEAR=115&SEM=1&CrsDat=MUSI168&Crsname=主修（創作與應用）,,,True,音樂系,MUSI168,1,不分班,"主修（創作與應用）
MUSIC COMPOSITION AND PRODUCTION",3,期,True,50,0,0,50,"劉聖賢,陳以軒","一8,9,7(文FA 6011)","['789', '', '', '', '', '', '']","《音樂類》
限音樂系創作與應用組學生修課",[],False
https://selcrs.nsysu.edu.tw/menu5/showoutline.asp?SYEAR=115&SEM=1&CrsDat=MUSI168A&Crsname=主修（創作與應用）,,,True,音樂系,MUSI168A,2,不分班,"主修（創作與應用）
MUSIC COMPOSITION AND PRODUCTION",3,期,True,50,0,0,50,"李思嫺,江俊典","一B,5,6(文FA 6011)","['B56', '', '', '', '', '', '']","《音樂類》
限音樂系創作與應用組學生修課",[],False
https://selcrs.nsysu.edu.tw/menu5/showoutline.asp?SYEAR=115&SEM=1&CrsDat=MUSI205&Crsname=樂器學,,,False,音樂系,MUSI205,2,不分班,"樂器學
INSTRUMENTATION",2,期,False,50,0,0,50,陳以軒,"二3,4(文FA 4030)","['', '34', '', '', '', '', '']","《講授類》
限音樂系學生修課",[],False
https://selcrs.nsysu.edu.tw/menu5/showoutline.asp?SYEAR=115&SEM=1&CrsDat=MUSI208&Crsname=即興音樂,,,False,音樂系,MUSI208,2,不分班,"即興音樂
MUSIC IMPROVISATION",2,期,False,50,0,0,50,黃盟傑,"二8,7(文FA 6011)","['', '78', '', '', '', '', '']","《講授類》
限音樂系學生修課",[],False
https://selcrs.nsysu.edu.tw/menu5/showoutline.asp?SYEAR=115&SEM=1&CrsDat=MUSI210&Crsname=音樂基礎訓練（三）,異動,更換教師及時間6/25,True,音樂系,MUSI210,2,不分班,"音樂基礎訓練（三）
MUSICIANSHIP (Ⅲ)",1,期,True,50,0,0,50,黃子珊,一4(文FA 4034),"['4', '', '', '', '', '', '']","《講授類》
限音樂系學生修課，且須修畢音樂基礎訓練(一)及音樂基礎訓練(二)課程，始得修課",[],False
https://selcrs.nsysu.edu.tw/menu5/showoutline.asp?SYEAR=115&SEM=1&CrsDat=MUSI218&Crsname=西洋音樂史（一）,,,False,音樂系,MUSI218,2,不分班,"西洋音樂史（一）
HISTORY OF WESTERN MUSIC I",2,期,True,50,0,0,50,郭瓊嬌,"五3,4(文FA 7003)","['', '', '', '', '34', '', '']",《講授類》,[],False
https://selcrs.nsysu.edu.tw/menu5/showoutline.asp?SYEAR=115&SEM=1&CrsDat=MUSI231&Crsname=伴奏法（二）,,,False,音樂系,MUSI231,2,不分班,"伴奏法（二）
ACCOMPANIMENT (II)",2,期,False,50,0,0,50,唐佳迎,"三3,4(文FA 5008)","['', '', '34', '', '', '', '']","《講授類》
限音樂系學生修課",[],False
https://selcrs.nsysu.edu.tw/menu5/showoutline.asp?SYEAR=115&SEM=1&CrsDat=MUSI232&Crsname=調性音樂理論與分析（三）,,,False,音樂系,MUSI232,2,不分班,"調性音樂理論與分析（三）
THEORY AND ANALYSIS IN TONAL MUSIC (III)",2,期,True,50,0,0,50,陳以軒,"二5,6(文FA 7003)","['', '56', '', '', '', '', '']",《講授類》,[],True
https://selcrs.nsysu.edu.tw/menu5/showoutline.asp?SYEAR=115&SEM=1&CrsDat=MUSI314&Crsname=音樂治療,,,False,音樂系,MUSI314,3,不分班,"音樂治療
INTRODUCTION  TO  MUSIC THERAPY",2,期,False,50,0,0,50,鄭夙雯,"三3,4(文FA 7003)","['', '', '34', '', '', '', '']","《講授類》
限音樂系學生修課，限修人數中開放15個名額予跨院選修",[],False
https://selcrs.nsysu.edu.tw/menu5/showoutline.asp?SYEAR=115&SEM=1&CrsDat=MUSI328&Crsname=西洋音樂史（三）,,,False,音樂系,MUSI328,3,不分班,"西洋音樂史（三）
HISTORY OF WESTERN MUSIC III",3,期,True,50,0,0,50,郭瓊嬌,"四5,6,7(文FA 7003)","['', '', '', '567', '', '', '']",《講授類》,[],False
https://selcrs.nsysu.edu.tw/menu5/showoutline.asp?SYEAR=115&SEM=1&CrsDat=MUSI361&Crsname=木管樂器維修理論與實務,,,False,音樂系,MUSI361,2,不分班,"木管樂器維修理論與實務
WOODWIND INSTRUMENT REPAIR THEORY AND PRACTICE",2,期,False,50,0,0,50,林鴻君,"二8,7(文FA 4034)","['', '78', '', '', '', '', '']",《講授類》,[],False
https://selcrs.nsysu.edu.tw/menu5/showoutline.asp?SYEAR=115&SEM=1&CrsDat=MUSI367&Crsname=弦樂演奏技巧與詮釋,,,False,音樂系,MUSI367,2,不分班,"弦樂演奏技巧與詮釋
STRING TECHNIQUE AND INTERPRETATION",2,期,False,50,0,0,50,陳鈺雯,"一5,6(文FA 4030)","['56', '', '', '', '', '', '']","《講授類》
限音樂系學生修課",[],False
https://selcrs.nsysu.edu.tw/menu5/showoutline.asp?SYEAR=115&SEM=1&CrsDat=MUSI372&Crsname=主修（作曲）,,,True,音樂系,MUSI372,3,不分班,"主修（作曲）
MAJOR (THEORY & COMPOSITION)",2,期,True,5,0,0,5,"李思嫺,陳以軒","六1,2()","['', '', '', '', '', '12', '']","《音樂類》
限音樂系學生修課",[],False
https://selcrs.nsysu.edu.tw/menu5/showoutline.asp?SYEAR=115&SEM=1&CrsDat=MUSI374&Crsname=主修（製作）,,,True,音樂系,MUSI374,3,不分班,"主修（製作）
MAJOR(PRODUCTION)",2,期,True,50,0,0,50,"劉聖賢,李思嫺,江俊典,陳以軒,黃盟傑","六1,2()","['', '', '', '', '', '12', '']","《音樂類》
限音樂系學生修課",[],False
https://selcrs.nsysu.edu.tw/menu5/showoutline.asp?SYEAR=115&SEM=1&CrsDat=MUSI383&Crsname=跨領域音樂設計與實作（一）,,,False,音樂系,MUSI383,3,不分班,"跨領域音樂設計與實作（一）
MUSIC DESIGN FOR MULTI-MEDIA（I）",2,期,False,50,0,0,50,陳以軒,"四3,4(文FA 7003)","['', '', '', '34', '', '', '']",《講授類》,[],False
https://selcrs.nsysu.edu.tw/menu5/showoutline.asp?SYEAR=115&SEM=1&CrsDat=MUSI410&Crsname=畢業製作,,,True,音樂系,MUSI410,4,不分班,"畢業製作
GRADUATION RECITAL",0,期,True,50,0,0,50,林雅叙,六B(),"['', '', '', '', '', 'B', '']","《講授類》
限音樂系學生修課",[],False
https://selcrs.nsysu.edu.tw/menu5/showoutline.asp?SYEAR=115&SEM=1&CrsDat=MUSI433&Crsname=歌劇曲目,新增,6/25,False,音樂系,MUSI433,2,不分班,"歌劇曲目
OPERA REPERTOIRE",2,期,False,50,0,0,50,黃子珊,"四6,7(文FA 5009)","['', '', '', '67', '', '', '']",《講授類》,[],False
https://selcrs.nsysu.edu.tw/menu5/showoutline.asp?SYEAR=115&SEM=1&CrsDat=MUSI440&Crsname=管樂重奏（三）,,,False,音樂系,MUSI440,4,不分班,"管樂重奏（三）
WIND CHAMBER ENSEMBLE(Ⅲ)",1,期,False,50,0,0,50,張瑞芝,"四3,4(文FA 4031)","['', '', '', '34', '', '', '']",《音樂類》,[],False
https://selcrs.nsysu.edu.tw/menu5/showoutline.asp?SYEAR=115&SEM=1&CrsDat=MUSI458&Crsname=樂曲分析,異動,更換時間及教室7/2,False,音樂系,MUSI458,4,不分班,"樂曲分析
MUSICAL ANALYSIS",2,期,False,50,0,0,50,李思嫺,"五3,4(文FA 4030)","['', '', '', '', '34', '', '']",《講授類》,[],False
https://selcrs.nsysu.edu.tw/menu5/showoutline.asp?SYEAR=115&SEM=1&CrsDat=MUSI471&Crsname=表達性藝術治療個案討論,,,False,音樂系,MUSI471,3,不分班,"表達性藝術治療個案討論
EXPRESSIVE ARTS THERAPY CASE STUDY",3,期,False,50,0,0,50,顏竹君,"五2,3,4(文FA 6011)","['', '', '', '', '234', '', '']","《講授類》
限修人數中開放15個名額予跨院選修",[],False
https://selcrs.nsysu.edu.tw/menu5/showoutline.asp?SYEAR=115&SEM=1&CrsDat=TA101&Crsname=排演基礎（一）,,,False,劇藝系,TA101,1,不分班,"排演基礎（一）
INTRODUCTION TO THEATRE PRODUCTION(I)",3,期,True,50,0,0,50,"李怡賡,楊士平,黃資絜","三2,3,4(文FA 1014,2019,3012)","['', '', '234', '', '', '', '']",《展演》,[],False
https://selcrs.nsysu.edu.tw/menu5/showoutline.asp?SYEAR=115&SEM=1&CrsDat=TA103&Crsname=基礎表演（一）,,,True,劇藝系,TA103,1,不分班,"基礎表演（一）
BASIC ACTING(I)",3,期,True,25,0,0,25,杜思慧,"二5,6,7(文FA 2017)","['', '567', '', '', '', '', '']","《展演》
限本系單號學生",[],False
https://selcrs.nsysu.edu.tw/menu5/showoutline.asp?SYEAR=115&SEM=1&CrsDat=TA103A&Crsname=基礎表演（一）,,,True,劇藝系,TA103A,1,不分班,"基礎表演（一）
BASIC ACTING(I)",3,期,False,25,0,0,25,楊士平,"二5,6,7(文FA 2019)","['', '567', '', '', '', '', '']","《展演》
限本系雙號學生",[],False
https://selcrs.nsysu.edu.tw/menu5/showoutline.asp?SYEAR=115&SEM=1&CrsDat=TA104&Crsname=劇場設計導論,,,True,劇藝系,TA104,1,不分班,"劇場設計導論
INTRODUCTION TO THEATRE DESIGN",2,期,True,25,0,0,25,李怡賡,"二8,9(文FA 1014,3012)","['', '89', '', '', '', '', '']","《展演》
限本系單號學生",[],False
https://selcrs.nsysu.edu.tw/menu5/showoutline.asp?SYEAR=115&SEM=1&CrsDat=TA104A&Crsname=劇場設計導論,,,True,劇藝系,TA104A,1,不分班,"劇場設計導論
INTRODUCTION TO THEATRE DESIGN",2,期,False,25,0,0,25,曾景濱,"二8,9(文FA 1014, 3012)","['', '89', '', '', '', '', '']","《展演》
限本系雙號學生",[],False
https://selcrs.nsysu.edu.tw/menu5/showoutline.asp?SYEAR=115&SEM=1&CrsDat=TA106&Crsname=中國戲劇史（一）,,,False,劇藝系,TA106,2,不分班,"中國戲劇史（一）
HISTORY OF CHINESE DRAMA AND THEAER (I)",2,期,True,50,0,0,50,康尹貞,"三3,4(文FA 3009)","['', '', '34', '', '', '', '']",《講授類》,[],False
https://selcrs.nsysu.edu.tw/menu5/showoutline.asp?SYEAR=115&SEM=1&CrsDat=TA108&Crsname=劇本導讀,,,False,劇藝系,TA108,1,不分班,"劇本導讀
PLAY READING AND ANALYSIS",2,期,True,50,0,0,50,康尹貞,"四6,7(文FA 3009)","['', '', '', '67', '', '', '']",《講授類》,[],False
https://selcrs.nsysu.edu.tw/menu5/showoutline.asp?SYEAR=115&SEM=1&CrsDat=TA151&Crsname=肢體開發（一）,異動,確認教師7/3,False,劇藝系,TA151,1,不分班,"肢體開發（一）
PHYSICAL DEVELOPMENT（I）",2,期,False,30,0,0,30,楊馨媛,"五3,4(文FA 2017)","['', '', '', '', '34', '', '']",《展演》,[],False
https://selcrs.nsysu.edu.tw/menu5/showoutline.asp?SYEAR=115&SEM=1&CrsDat=TA154A&Crsname=排演（一）,,,False,劇藝系,TA154A,2,不分班,"排演（一）
REHEARSAL（I）",3,期,False,50,0,0,50,"何怡璉,康尹貞,李怡賡","四8,9,C(文FA 2016, 2019, 3012)","['', '', '', '89C', '', '', '']","《展演》
限畢製劇組助理",[],False
https://selcrs.nsysu.edu.tw/menu5/showoutline.asp?SYEAR=115&SEM=1&CrsDat=TA171A&Crsname=視覺藝術（一）：素描,,,False,劇藝系,TA171A,1,不分班,"視覺藝術（一）：素描
VISUAL ARTS(I)：DRAWING",2,期,False,30,0,0,30,王以亮,"一5,6(文FA 3009)","['56', '', '', '', '', '', '']","《展演》
本系學生優先",[],False
https://selcrs.nsysu.edu.tw/menu5/showoutline.asp?SYEAR=115&SEM=1&CrsDat=TA191A&Crsname=藝術概論,,,False,劇藝系,TA191A,1,不分班,"藝術概論
INTRODUCTION TO THE ARTS",2,期,False,50,0,0,50,王以亮,"一3,4(文FA 3009)","['34', '', '', '', '', '', '']",《講授類》,[],False
https://selcrs.nsysu.edu.tw/menu5/showoutline.asp?SYEAR=115&SEM=1&CrsDat=TA204&Crsname=導演概論,,,False,劇藝系,TA204,2,不分班,"導演概論
INTRODUCTION TO THE HISTORY AND THEORY OF DIRECTING",2,期,True,50,0,0,50,楊士平,"四3,4(文FA 3007)","['', '', '', '34', '', '', '']",《講授類》,[],False
https://selcrs.nsysu.edu.tw/menu5/showoutline.asp?SYEAR=115&SEM=1&CrsDat=TA209&Crsname=西洋戲劇史（一）,,,False,劇藝系,TA209,1,不分班,"西洋戲劇史（一）
HISTORY OF WESTERN DRAMA(I)",2,期,True,50,0,0,50,許仁豪,"四3,4(文FA 3012)","['', '', '', '34', '', '', '']",《講授類》,[],False
https://selcrs.nsysu.edu.tw/menu5/showoutline.asp?SYEAR=115&SEM=1&CrsDat=TA232A&Crsname=藝術行銷概論,,,False,劇藝系,TA232A,2,不分班,"藝術行銷概論
INTRODUCTION TO ARTS MARKETING",2,期,False,50,0,0,50,張正霖,"二3,4(文FA 3009)","['', '34', '', '', '', '', '']",《講授類》,[],False
https://selcrs.nsysu.edu.tw/menu5/showoutline.asp?SYEAR=115&SEM=1&CrsDat=TA235&Crsname=當代戲曲,,,False,劇藝系,TA235,3,不分班,"當代戲曲
CONTEMPORARY CHINESE OPERA",2,期,False,50,0,0,50,康尹貞,"二8,9(文FA 3012)","['', '89', '', '', '', '', '']",《講授類》,[],False
https://selcrs.nsysu.edu.tw/menu5/showoutline.asp?SYEAR=115&SEM=1&CrsDat=TA236A&Crsname=現當代東亞戲劇與劇場,,,False,劇藝系,TA236A,2,不分班,"現當代東亞戲劇與劇場
MODERN AND CONTEMPORARY EAST ASIAN DRAMA AND THEATRE",2,期,False,50,0,0,50,黃資絜,"三6,7(文FA 3009)","['', '', '67', '', '', '', '']",《講授類》,[],False
https://selcrs.nsysu.edu.tw/menu5/showoutline.asp?SYEAR=115&SEM=1&CrsDat=TA251A&Crsname=傳統戲曲表演身段（一）,,,False,劇藝系,TA251A,1,不分班,"傳統戲曲表演身段（一）
PERFORMANCE TECHNIQUES OF CHINESE TRADITIONAL THEATRE",2,期,False,30,0,0,30,王海玲,"四8,9(文FA 2017)","['', '', '', '89', '', '', '']",《展演》,[],False
https://selcrs.nsysu.edu.tw/menu5/showoutline.asp?SYEAR=115&SEM=1&CrsDat=TA254A&Crsname=進階表演（一）,,,False,劇藝系,TA254A,2,不分班,"進階表演（一）
ADVANCED ACTING(I)",3,期,False,20,0,0,20,何怡璉,"四5,6,7(文FA 2017)","['', '', '', '567', '', '', '']","《展演》
限修畢基礎表演(二)",[],False
https://selcrs.nsysu.edu.tw/menu5/showoutline.asp?SYEAR=115&SEM=1&CrsDat=TA256A&Crsname=聲音訓練,,,False,劇藝系,TA256A,2,不分班,"聲音訓練
VOCAL TRAINING",2,期,False,50,0,0,50,林宜誠,"一3,4(文FA 2017)","['34', '', '', '', '', '', '']","《展演》
限修畢基礎發聲",[],False
https://selcrs.nsysu.edu.tw/menu5/showoutline.asp?SYEAR=115&SEM=1&CrsDat=TA264&Crsname=影視表演,異動,確認教師7/3,False,劇藝系,TA264,4,不分班,"影視表演
ACTING FOR FILM AND TELEVISION",2,期,False,50,0,0,50,楊馨媛,"五5,6(文FA 2017)","['', '', '', '', '56', '', '']","《展演》
限修畢進階表演(二)",[],False
https://selcrs.nsysu.edu.tw/menu5/showoutline.asp?SYEAR=115&SEM=1&CrsDat=TA266&Crsname=排演（九）,,,False,劇藝系,TA266,2,不分班,"排演（九）
REHEARSAL(Ⅸ)",3,期,False,50,0,0,50,林宜誠,"一8,9,C(文FA 3012, 2016, 2019)","['89C', '', '', '', '', '', '']","《展演》
限本系年度製作劇組、表導演與行政部門同學選修",[],False
https://selcrs.nsysu.edu.tw/menu5/showoutline.asp?SYEAR=115&SEM=1&CrsDat=TA274A&Crsname=人物服裝畫,,,False,劇藝系,TA274A,2,不分班,"人物服裝畫
COSTUME ILLUSTRATION FOR PERFORMANCE",2,期,False,50,0,0,50,吳怡瑱,"二3,4(文FA 2016)","['', '34', '', '', '', '', '']",《展演》,[],False
https://selcrs.nsysu.edu.tw/menu5/showoutline.asp?SYEAR=115&SEM=1&CrsDat=TA275A&Crsname=燈光設計（一）,,,False,劇藝系,TA275A,2,不分班,"燈光設計（一）
LIGHTING DESIGN (I)",2,期,False,20,0,0,20,蔡詔羽,"一3,4(文FA 1014, 2019)","['34', '', '', '', '', '', '']","《講授類》
限本系",[],False
https://selcrs.nsysu.edu.tw/menu5/showoutline.asp?SYEAR=115&SEM=1&CrsDat=TA276A&Crsname=舞臺設計（一）,,,False,劇藝系,TA276A,2,不分班,"舞臺設計（一）
STAGE DESIGN (Ｉ)",3,期,False,50,0,0,50,曾景濱,"三5,6,7(文FA 1014)","['', '', '567', '', '', '', '']","《展演》
限修畢基礎設計",[],False
https://selcrs.nsysu.edu.tw/menu5/showoutline.asp?SYEAR=115&SEM=1&CrsDat=TA284A&Crsname=燈光技術,,,False,劇藝系,TA284A,2,不分班,"燈光技術
LIGHTING TECHNOLOGY",2,期,False,20,0,0,20,蔡詔羽,"二8,9(文FA 1014, 2019)","['', '89', '', '', '', '', '']","《展演》
限修畢劇場技術基礎",[],False
https://selcrs.nsysu.edu.tw/menu5/showoutline.asp?SYEAR=115&SEM=1&CrsDat=TA302&Crsname=劇本創作（一）,,,False,劇藝系,TA302,3,不分班,"劇本創作（一）
PLAYWRITING(I)",3,期,True,50,0,0,50,黃資絜,"四2,3,4(文FA 3009)","['', '', '', '234', '', '', '']",《講授類》,[],False
https://selcrs.nsysu.edu.tw/menu5/showoutline.asp?SYEAR=115&SEM=1&CrsDat=TA303&Crsname=西方名劇選讀,,,False,劇藝系,TA303,2,不分班,"西方名劇選讀
SELECTED READINGS OF WESTERN PLAYS",3,期,True,50,0,0,50,黃資絜,"二5,6,7(文FA 3012)","['', '567', '', '', '', '', '']",《講授類》,[],False
https://selcrs.nsysu.edu.tw/menu5/showoutline.asp?SYEAR=115&SEM=1&CrsDat=TA338&Crsname=現當代華語文戲劇選讀,,,False,劇藝系,TA338,3,不分班,"現當代華語文戲劇選讀
INTRODUCTION TO MODERN AND CONTEMPORARY SINO-PHONE PERFORMANCES",2,期,False,50,0,0,50,許仁豪,"五3,4(文FA 3012)","['', '', '', '', '34', '', '']",《講授類》,[],False
https://selcrs.nsysu.edu.tw/menu5/showoutline.asp?SYEAR=115&SEM=1&CrsDat=TA351&Crsname=導演（二）,,,False,劇藝系,TA351,3,不分班,"導演（二）
DIRECTING(II)",3,期,False,50,0,0,50,楊士平,"三5,6,7(文FA 2019)","['', '', '567', '', '', '', '']","《展演》
限修畢導演(一)",[],False
https://selcrs.nsysu.edu.tw/menu5/showoutline.asp?SYEAR=115&SEM=1&CrsDat=TA358&Crsname=音樂劇演唱技巧,,,False,劇藝系,TA358,3,不分班,"音樂劇演唱技巧
SINGING IN MUSICAL THEATRE",2,期,False,50,0,0,50,林宜誠,"二3,4(文FA 2017)","['', '34', '', '', '', '', '']",《展演》,[],False
https://selcrs.nsysu.edu.tw/menu5/showoutline.asp?SYEAR=115&SEM=1&CrsDat=TA359&Crsname=進階表演（三）,,,False,劇藝系,TA359,3,不分班,"進階表演（三）
ADVANCED ACTING（III）",3,期,False,50,0,0,50,杜思慧,"一5,6,7(文FA 2017)","['567', '', '', '', '', '', '']","《展演》
限修畢進階表演(二)",[],False
https://selcrs.nsysu.edu.tw/menu5/showoutline.asp?SYEAR=115&SEM=1&CrsDat=TA371&Crsname=舞臺設計（三）,,,False,劇藝系,TA371,3,不分班,"舞臺設計（三）
STAGE DESIGN (III)",3,期,False,50,0,0,50,吳怡瑱,"二5,6,7(文FA 1014)","['', '567', '', '', '', '', '']","《展演》
限修畢舞臺設計(二)",[],False
https://selcrs.nsysu.edu.tw/menu5/showoutline.asp?SYEAR=115&SEM=1&CrsDat=TA372&Crsname=劇場設計數位整合繪圖,,,False,劇藝系,TA372,3,不分班,"劇場設計數位整合繪圖
DIGITAL INTEGRATED DRAFTING FOR THEATRE DESIGN",3,期,False,50,0,0,50,蔡詔羽,,"['12345678', '12345678', '1234B567', '12345678', '12345678', '2345678', '']","《講授類》
限修畢舞臺設計二。配合人文科技週展覽實作。",[],False
https://selcrs.nsysu.edu.tw/menu5/showoutline.asp?SYEAR=115&SEM=1&CrsDat=TA373&Crsname=服裝造型與構成（一）,,,False,劇藝系,TA373,2,不分班,"服裝造型與構成（一）
CLOTHES PATTERN DESIGN AND PRACTICE(I)",3,期,False,20,0,0,20,劉美蓮,"一5,6,7(文FA 2016)","['567', '', '', '', '', '', '']",《講授類》,[],False
https://selcrs.nsysu.edu.tw/menu5/showoutline.asp?SYEAR=115&SEM=1&CrsDat=TA395&Crsname=世界建構、遊戲與沉浸式表演,,,False,劇藝系,TA395,4,不分班,"世界建構、遊戲與沉浸式表演
WORLDBUILDING, GAMES AND IMMERSIVE PERFORMANCE",3,期,False,50,0,0,50,約書亞沙發兒,"四5,6,7(文FA 2019)","['', '', '', '567', '', '', '']",《展演》,[],True
https://selcrs.nsysu.edu.tw/menu5/showoutline.asp?SYEAR=115&SEM=1&CrsDat=TA403&Crsname=畢業製作（一）,,,False,劇藝系,TA403,4,不分班,"畢業製作（一）
GRADUATION PRODUCTION (Ⅰ)",3,期,True,50,0,0,50,"何怡璉,康尹貞,李怡賡","四8,9,C(文FA 3012, 2019, 2016)","['', '', '', '89C', '', '', '']","《展演》
應符合本系畢業製作施行細則",[],False
https://selcrs.nsysu.edu.tw/menu5/showoutline.asp?SYEAR=115&SEM=1&CrsDat=TA473&Crsname=舞臺技術,,,False,劇藝系,TA473,4,不分班,"舞臺技術
THEATER TECHNOLOGY",2,期,False,50,0,0,50,李怡賡,"四6,7(文FA 1014, 1012)","['', '', '', '67', '', '', '']","《講授類》
限修畢排演基礎(一)",[],False
https://selcrs.nsysu.edu.tw/menu5/showoutline.asp?SYEAR=115&SEM=1&CrsDat=TA474&Crsname=燈光設計專題研討,,,False,劇藝系,TA474,4,不分班,"燈光設計專題研討
SEMINAR IN LIGHTING DESIGN",3,期,False,50,0,0,50,蔡詔羽,"二2,3,4(文FA 1014)","['', '234', '', '', '', '', '']","《研討類》
限修畢燈光設計(一)",[],False
https://selcrs.nsysu.edu.tw/menu5/showoutline.asp?SYEAR=115&SEM=1&CrsDat=TA494&Crsname=戲劇治療與PBT設計,,,False,劇藝系,TA494,4,不分班,"戲劇治療與PBT設計
DRAMA THERAPY AND PBT DESIGN",3,期,False,50,0,0,50,梁翠梅,,"['12345678', '12345678', '1234567', '12345678', '12345678', '12345678', '']","《講授類》
暑假密集授課8/14-8/21",[],False
https://selcrs.nsysu.edu.tw/menu5/showoutline.asp?SYEAR=115&SEM=1&CrsDat=LIBA119&Crsname=臺灣閩南語文的音字書寫與閱讀,,,False,文學院,LIBA119,0,不分班,"臺灣閩南語文的音字書寫與閱讀
WRITING AND READING OF TAIWANESE SOUTHERN MIN",3,期,False,30,0,0,30,杜佳倫,"二2,3,4(文LA 1001)","['', '234', '', '', '', '', '']",《講授類》,[],False
https://selcrs.nsysu.edu.tw/menu5/showoutline.asp?SYEAR=115&SEM=1&CrsDat=LIBA122&Crsname=跨文化人文思潮與美學導論,,,False,文學院,LIBA122,0,不分班,"跨文化人文思潮與美學導論
INTRODUCTION TO CROSS-CULTURAL STUDIES AND AESTHETICS",3,期,False,20,0,0,20,何重誼,"四2,3,4(文LA 1001)","['', '', '', '234', '', '', '']",《講授類》,[],False
https://selcrs.nsysu.edu.tw/menu5/showoutline.asp?SYEAR=115&SEM=1&CrsDat=LIBA137&Crsname=電影創作與程式邏輯思維,,,False,文學院,LIBA137,0,不分班,"電影創作與程式邏輯思維
FILM CREATION AND PROGRAM LOGIC THINKING",3,期,False,50,0,0,50,陳俊宏,"三5,6,7(文LA 1012)","['', '', '567', '', '', '', '']",《講授類》,[],False
https://selcrs.nsysu.edu.tw/menu5/showoutline.asp?SYEAR=115&SEM=1&CrsDat=LIBA143&Crsname=基礎程式設計應用,,,False,文學院,LIBA143,0,不分班,"基礎程式設計應用
APPLICATION OF BASIC PROGRAMMING",3,期,False,30,0,0,30,溫嘉榮,"三2,3,4(圖IL PC03)","['', '', '234', '', '', '', '']",《講授類》,[],False
https://selcrs.nsysu.edu.tw/menu5/showoutline.asp?SYEAR=115&SEM=1&CrsDat=LIBA252&Crsname=西洋哲學史,,,False,文學院,LIBA252,0,不分班,"西洋哲學史
HISTORY OF WESTERN PHILOSOPHY",3,期,False,30,0,0,30,待聘,"三5,6,7(文LA 1004)","['', '', '567', '', '', '', '']",《講授類》,[],False
https://selcrs.nsysu.edu.tw/menu5/showoutline.asp?SYEAR=115&SEM=1&CrsDat=BIOS101&Crsname=普通化學,,,False,生科系,BIOS101,1,不分班,"普通化學
GENERAL CHEMISTRY",3,期,True,50,0,0,50,蔡明利,"三5,6,7(海MA 3020)","['', '', '567', '', '', '', '']",《講授類》,[],False
https://selcrs.nsysu.edu.tw/menu5/showoutline.asp?SYEAR=115&SEM=1&CrsDat=BIOS101A&Crsname=普通化學,,,False,生科系,BIOS101A,1,全英班,"普通化學
GENERAL CHEMISTRY",3,期,True,50,0,0,50,梁子輝,"五5,6,7(海MB 2015)","['', '', '', '', '567', '', '']",《講授類》,[],True
https://selcrs.nsysu.edu.tw/menu5/showoutline.asp?SYEAR=115&SEM=1&CrsDat=BIOS102&Crsname=普通化學實驗,,,False,生科系,BIOS102,1,不分班,"普通化學實驗
GENERAL CHEMISTRY LABORATORY",1,期,True,50,0,0,50,蔡明利,"一2,3,4(理SC 4019)(實驗)","['234', '', '', '', '', '', '']",《實驗類》,[],False
https://selcrs.nsysu.edu.tw/menu5/showoutline.asp?SYEAR=115&SEM=1&CrsDat=BIOS105&Crsname=微積分,,,False,生科系,BIOS105,1,不分班,"微積分
CALCULUS",3,期,True,50,0,0,50,莊秉樺,"五2,3,4(海MA 3020)","['', '', '', '', '234', '', '']","《講授類》
限生科系",[],False
https://selcrs.nsysu.edu.tw/menu5/showoutline.asp?SYEAR=115&SEM=1&CrsDat=BIOS105A&Crsname=微積分,,,False,生科系,BIOS105A,1,全英班,"微積分
CALCULUS",3,期,True,50,0,0,50,待聘,"五2,3,4(理SC 2001)","['', '', '', '', '234', '', '']","《講授類》
限生科系",[],True
https://selcrs.nsysu.edu.tw/menu5/showoutline.asp?SYEAR=115&SEM=1&CrsDat=BIOS110&Crsname=普通生物學（一）,,,False,生科系,BIOS110,1,不分班,"普通生物學（一）
GENERAL BIOLOGY (I)",4,期,True,50,0,0,50,"張楊家豪,顏聖紘","四C,D,E,F(理SC 3005)","['', '', '', 'CDEF', '', '', '']",《講授類》,[],False
https://selcrs.nsysu.edu.tw/menu5/showoutline.asp?SYEAR=115&SEM=1&CrsDat=BIOS110A&Crsname=普通生物學（一）,,,False,生科系,BIOS110A,1,全英班,"普通生物學（一）
GENERAL BIOLOGY (I)",4,期,True,50,0,0,50,"邊安台,顏聖紘","四4() 四1,2,3(理SC 3005)","['', '', '', '1234', '', '', '']",《講授類》,[],True
https://selcrs.nsysu.edu.tw/menu5/showoutline.asp?SYEAR=115&SEM=1&CrsDat=BIOS111&Crsname=普通生物學實驗（一）,,,False,生科系,BIOS111,1,不分班,"普通生物學實驗（一）
GENERAL BIOLOGY LABORATORY(I)",1,期,True,30,0,0,30,顏聖紘,"三2,3,4(理SC 3010)(實驗)","['', '', '234', '', '', '', '']","《實驗類》
限本系、雙主修、輔系學生選修及本系一年級(一般組)選修。",[],False
https://selcrs.nsysu.edu.tw/menu5/showoutline.asp?SYEAR=115&SEM=1&CrsDat=BIOS111A&Crsname=普通生物學實驗（一）,,,False,生科系,BIOS111A,1,全英班,"普通生物學實驗（一）
GENERAL BIOLOGY LABORATORY(I)",1,期,True,30,0,0,30,顏聖紘,"四5,6,7(理SC 3010)(實驗)","['', '', '', '567', '', '', '']","《實驗類》
限本系、雙主修、輔系學生選修及本系一年級(英語組)選修。",[],False
https://selcrs.nsysu.edu.tw/menu5/showoutline.asp?SYEAR=115&SEM=1&CrsDat=BIOS197&Crsname=食品科學概論,,,False,生科系,BIOS197,3,不分班,"食品科學概論
INTRODUCTION TO FOOD SCIENCE",2,期,False,50,0,0,50,吳長益,"五5,6(理SC 2001)","['', '', '', '', '56', '', '']",《講授類》,[],False
https://selcrs.nsysu.edu.tw/menu5/showoutline.asp?SYEAR=115&SEM=1&CrsDat=BIOS202&Crsname=有機化學（二）,,,False,生科系,BIOS202,2,不分班,"有機化學（二）
ORGANIC CHEMISTRY(II)",2,期,True,50,0,0,50,王志偉,"四3,4(理SC 0014)","['', '', '', '34', '', '', '']",《講授類》,[],False
https://selcrs.nsysu.edu.tw/menu5/showoutline.asp?SYEAR=115&SEM=1&CrsDat=BIOS202A&Crsname=有機化學（二）,,,False,生科系,BIOS202A,2,全英班,"有機化學（二）
ORGANIC CHEMISTRY(II)",2,期,True,50,0,0,50,張均然,"一6,7(海MB 2015)","['67', '', '', '', '', '', '']",《講授類》,[],True
https://selcrs.nsysu.edu.tw/menu5/showoutline.asp?SYEAR=115&SEM=1&CrsDat=BIOS203&Crsname=有機化學實驗（二）,,,False,生科系,BIOS203,2,不分班,"有機化學實驗（二）
ORGANIC CHEMISTRY LABORATORY(II)",1,期,True,50,0,0,50,張均然,"五5,6,7(理SC 4020)(實驗)","['', '', '', '', '567', '', '']",《實驗類》,[],False
https://selcrs.nsysu.edu.tw/menu5/showoutline.asp?SYEAR=115&SEM=1&CrsDat=BIOS210&Crsname=生物化學（一）,,,False,生科系,BIOS210,2,不分班,"生物化學（一）
BIOCHEMISTRY (I)",3,期,True,70,0,0,70,陳俊霖,"二2,3,4(理SC 2001)","['', '234', '', '', '', '', '']",《講授類》,[],False
https://selcrs.nsysu.edu.tw/menu5/showoutline.asp?SYEAR=115&SEM=1&CrsDat=BIOS210A&Crsname=生物化學（一）,,,False,生科系,BIOS210A,2,全英班,"生物化學（一）
BIOCHEMISTRY (I)",3,期,True,50,0,0,50,謝文發,"四2,3,4(理SC 2001)","['', '', '', '234', '', '', '']",《講授類》,[],True
https://selcrs.nsysu.edu.tw/menu5/showoutline.asp?SYEAR=115&SEM=1&CrsDat=BIOS211&Crsname=生物統計學,,,False,生科系,BIOS211,2,不分班,"生物統計學
BIOSTATISTICS",3,期,True,50,0,0,50,黃淑萍,"五2,3,3(理SC 3005)","['', '', '', '', '233', '', '']","《講授類》
限生科系",[],False
https://selcrs.nsysu.edu.tw/menu5/showoutline.asp?SYEAR=115&SEM=1&CrsDat=BIOS211A&Crsname=生物統計學,,,False,生科系,BIOS211A,2,全英班,"生物統計學
BIOSTATISTICS",3,期,True,50,0,0,50,夏燦風,"五2,3,4(理BI 2002)","['', '', '', '', '234', '', '']",《講授類》,[],True
https://selcrs.nsysu.edu.tw/menu5/showoutline.asp?SYEAR=115&SEM=1&CrsDat=BIOS220&Crsname=基礎解剖學（一）,,,False,生科系,BIOS220,2,不分班,"基礎解剖學（一）
BASIC ANATOMY(I)",3,期,False,50,0,0,50,汪海晏,"二5,6,7(理SC 2001)","['', '567', '', '', '', '', '']",《講授類》,[],False
https://selcrs.nsysu.edu.tw/menu5/showoutline.asp?SYEAR=115&SEM=1&CrsDat=BIOS223&Crsname=植物解剖學,,,False,生科系,BIOS223,2,不分班,"植物解剖學
PLANT ANATOMY",3,期,False,50,0,0,50,高資棟,"三5,6,7(理SC 3005)","['', '', '567', '', '', '', '']",《講授類》,[],True
https://selcrs.nsysu.edu.tw/menu5/showoutline.asp?SYEAR=115&SEM=1&CrsDat=BIOS230&Crsname=微生物學,,,False,生科系,BIOS230,2,不分班,"微生物學
MICROBIOLOGY",3,期,False,50,0,0,50,李哲欣,"三2,3,4(理SC 3005)","['', '', '234', '', '', '', '']",《講授類》,[],False
https://selcrs.nsysu.edu.tw/menu5/showoutline.asp?SYEAR=115&SEM=1&CrsDat=BIOS261&Crsname=水生植物學,,,False,生科系,BIOS261,2,不分班,"水生植物學
THE BIOLOGY OF AQUATIC VASCULAR PLANTS",3,期,False,50,0,0,50,劉世慧,"三2,3,4(理SC 2001)","['', '', '234', '', '', '', '']",《講授類》,[],True
https://selcrs.nsysu.edu.tw/menu5/showoutline.asp?SYEAR=115&SEM=1&CrsDat=BIOS311&Crsname=分子生物學,,,False,生科系,BIOS311,3,不分班,"分子生物學
MOLECULAR BIOLOGY",3,期,True,50,0,0,50,"傅瀚儀,黃明德","二2,3,4(理SC 3005)","['', '234', '', '', '', '', '']",《講授類》,[],False
https://selcrs.nsysu.edu.tw/menu5/showoutline.asp?SYEAR=115&SEM=1&CrsDat=BIOS311A&Crsname=分子生物學,,,False,生科系,BIOS311A,3,全英班,"分子生物學
MOLECULAR BIOLOGY",3,期,True,50,0,0,50,"李豪嶧,賴至人,陳俊朝","二2,3,4(理BI 2002)","['', '234', '', '', '', '', '']",《講授類》,[],True
https://selcrs.nsysu.edu.tw/menu5/showoutline.asp?SYEAR=115&SEM=1&CrsDat=BIOS312&Crsname=植物生理學,異動,取消合授教師6/29,False,生科系,BIOS312,3,不分班,"植物生理學
PLANT PHYSIOLOGY",3,期,True,50,0,0,50,謝文發,"一2,3,4(理SC 2001)","['234', '', '', '', '', '', '']",《講授類》,[],False
https://selcrs.nsysu.edu.tw/menu5/showoutline.asp?SYEAR=115&SEM=1&CrsDat=BIOS312A&Crsname=植物生理學,異動,取消合授教師6/29,False,生科系,BIOS312A,3,全英班,"植物生理學
PLANT PHYSIOLOGY",3,期,True,50,0,0,50,謝文發,"一5,6,7(理SC 2001)","['567', '', '', '', '', '', '']",《講授類》,[],True
https://selcrs.nsysu.edu.tw/menu5/showoutline.asp?SYEAR=115&SEM=1&CrsDat=BIOS338&Crsname=動物生理學實驗,,,False,生科系,BIOS338,4,不分班,"動物生理學實驗
ANIMAL PHYSIOLOGY LABORATORY",1,期,False,10,0,0,10,李昆澤,,"['234567', '234567', '234567', '234567', '234567', '', '']","《實驗類》
暑假集中授課",[],False
https://selcrs.nsysu.edu.tw/menu5/showoutline.asp?SYEAR=115&SEM=1&CrsDat=BIOS340&Crsname=植物細胞工程,,,False,生科系,BIOS340,3,不分班,"植物細胞工程
PLANT CELL ENGINEERING",3,期,False,50,0,0,50,"傅瀚儀,黃明德","五2,3,4(理BI 3001)","['', '', '', '', '234', '', '']",《講授類》,[],False
https://selcrs.nsysu.edu.tw/menu5/showoutline.asp?SYEAR=115&SEM=1&CrsDat=BIOS361&Crsname=植物分類學,,,False,生科系,BIOS361,2,不分班,"植物分類學
PLANT TAXONOMY",3,期,False,50,0,0,50,劉世慧,"一2,3,4(理SC 0014)","['234', '', '', '', '', '', '']",《講授類》,[],False
https://selcrs.nsysu.edu.tw/menu5/showoutline.asp?SYEAR=115&SEM=1&CrsDat=BIOS373&Crsname=節肢動物多樣性,,,False,生科系,BIOS373,3,不分班,"節肢動物多樣性
ARTHROPOD DIVERSITY",3,期,False,50,0,0,50,費卡契,"四2,3,4(理SC 3008)","['', '', '', '234', '', '', '']",《講授類》,[],True
https://selcrs.nsysu.edu.tw/menu5/showoutline.asp?SYEAR=115&SEM=1&CrsDat=BIOS396&Crsname=生物科學專題（一）,,,False,生科系,BIOS396,3,不分班,"生物科學專題（一）
INDEPENDENT STUDIES IN BIOLOGICAL SCIENCES (I)",3,期,False,50,0,0,50,"李昆澤,汪海晏,高資棟",三A() 四A() 五A(),"['', '', 'A', 'A', 'A', '', '']",《獨立研究》,[],False
https://selcrs.nsysu.edu.tw/menu5/showoutline.asp?SYEAR=115&SEM=1&CrsDat=BIOS410&Crsname=書報討論（一）,,,False,生科系,BIOS410,4,不分班,"書報討論（一）
SEMINAR(I)",1,期,True,50,0,0,50,張楊家豪,"四B,5(SC 2001)","['', '', '', 'B5', '', '', '']","《演講/參訪》
限本系大四生修習",[],False
https://selcrs.nsysu.edu.tw/menu5/showoutline.asp?SYEAR=115&SEM=1&CrsDat=BIOS410A&Crsname=書報討論（一）,,,False,生科系,BIOS410A,4,全英班,"書報討論（一）
SEMINAR(I)",1,期,True,50,0,0,50,江友中,"四B,5(理SC 3005)","['', '', '', 'B5', '', '', '']","《演講/參訪》
限本系大四生修習",[],True
https://selcrs.nsysu.edu.tw/menu5/showoutline.asp?SYEAR=115&SEM=1&CrsDat=BIOS434&Crsname=生物資訊學概論,,,False,生科系,BIOS434,4,不分班,"生物資訊學概論
INTRODUCTION TO BIOINFORMATICS",3,期,False,50,0,0,50,黃明德,"三5,6,7(圖IL PC01)","['', '', '567', '', '', '', '']",《講授類》,[],False
https://selcrs.nsysu.edu.tw/menu5/showoutline.asp?SYEAR=115&SEM=1&CrsDat=BIOS444&Crsname=植物光生物學,,,False,生科系,BIOS444,4,不分班,"植物光生物學
PLANT PHOTOBIOLOGY",3,期,False,50,0,0,50,傅瀚儀,"三2,3,4(理SC 0014)","['', '', '234', '', '', '', '']",《講授類》,[],False
https://selcrs.nsysu.edu.tw/menu5/showoutline.asp?SYEAR=115&SEM=1&CrsDat=BIOS463&Crsname=植物地理學,,,False,生科系,BIOS463,4,不分班,"植物地理學
PHYTOGEOGRAPHY",2,期,False,50,0,0,50,邊安台,"一5,6(理SC 0014)","['56', '', '', '', '', '', '']",《講授類》,[],True
https://selcrs.nsysu.edu.tw/menu5/showoutline.asp?SYEAR=115&SEM=1&CrsDat=BIOS464&Crsname=演化生物學,,,False,生科系,BIOS464,3,不分班,"演化生物學
EVOLUTIONARY BIOLOGY",3,期,True,50,0,0,50,江友中,"二C,D,E(理SC 3005)","['', 'CDE', '', '', '', '', '']",《講授類》,[],False
https://selcrs.nsysu.edu.tw/menu5/showoutline.asp?SYEAR=115&SEM=1&CrsDat=BIOS464A&Crsname=演化生物學,,,False,生科系,BIOS464A,3,全英班,"演化生物學
EVOLUTIONARY BIOLOGY",3,期,True,50,0,0,50,費卡契,"三2,3,4(理BI 3001)","['', '', '234', '', '', '', '']",《講授類》,[],True
https://selcrs.nsysu.edu.tw/menu5/showoutline.asp?SYEAR=115&SEM=1&CrsDat=BIOS465&Crsname=動植物交互作用生態學,,,False,生科系,BIOS465,4,不分班,"動植物交互作用生態學
ECOLOGY OF PLANT-ANIMAL INTERACTIONS",3,期,False,50,0,0,50,邊安台,"二5,6,7(理BI 3001)","['', '567', '', '', '', '', '']",《講授類》,[],True
https://selcrs.nsysu.edu.tw/menu5/showoutline.asp?SYEAR=115&SEM=1&CrsDat=BIOS468&Crsname=舌尖上的演化史,,,False,生科系,BIOS468,4,不分班,"舌尖上的演化史
FOOD EVOLUTION",2,期,False,50,0,0,50,劉世慧,"二3,4(理BI 3001)","['', '34', '', '', '', '', '']",《講授類》,[],False
https://selcrs.nsysu.edu.tw/menu5/showoutline.asp?SYEAR=115&SEM=1&CrsDat=BIOS495&Crsname=生物科學學士論文專題（一）,,,False,生科系,BIOS495,4,不分班,"生物科學學士論文專題（一）
INDEPENDENT STUDIES IN BACHELOR'S THESIS OF BIOLOGICAL SCIENCES (I)",3,期,False,50,0,0,50,"謝文發,顏聖紘,黃明德",三A() 四A() 五A(),"['', '', 'A', 'A', 'A', '', '']","《獨立研究》
限修過生物科學專題（一）（二）同學選修",[],False
https://selcrs.nsysu.edu.tw/menu5/showoutline.asp?SYEAR=115&SEM=1&CrsDat=CHEM101&Crsname=普通化學,,,False,化學系,CHEM101,1,不分班,"普通化學
GENERAL CHEMISTRY",4,期,True,50,0,0,50,"廖軒宏,張元賓,張柏齡,陳軍互","四3,4(理SC 3001) 五3,4(理SC 3001)","['', '', '', '34', '34', '', '']",《講授類》,[],False
https://selcrs.nsysu.edu.tw/menu5/showoutline.asp?SYEAR=115&SEM=1&CrsDat=CHEM101A&Crsname=普通化學,,,False,化學系,CHEM101A,1,全英班,"普通化學
GENERAL CHEMISTRY",4,期,True,50,0,0,50,王琢堅,"四3,4(理SC 0008) 五3,4(理SC 0008)","['', '', '', '34', '34', '', '']",《講授類》,[],True
https://selcrs.nsysu.edu.tw/menu5/showoutline.asp?SYEAR=115&SEM=1&CrsDat=CHEM103&Crsname=化學實驗（一）,,,False,化學系,CHEM103,1,不分班,"化學實驗（一）
CHEMISTRY LABORATORY(I)",2,期,True,24,0,0,24,梁子輝,"一5(理SC 4019) 一6,7(理SC 4019)(實驗)","['567', '', '', '', '', '', '']",《實驗類》,[],False
https://selcrs.nsysu.edu.tw/menu5/showoutline.asp?SYEAR=115&SEM=1&CrsDat=CHEM103A&Crsname=化學實驗（一）,,,False,化學系,CHEM103A,1,全英班,"化學實驗（一）
CHEMISTRY LABORATORY(I)",2,期,True,24,0,0,24,王琢堅,"三5(理SC 4019) 三6,7(理SC 4019)(實驗)","['', '', '567', '', '', '', '']",《實驗類》,[],True
https://selcrs.nsysu.edu.tw/menu5/showoutline.asp?SYEAR=115&SEM=1&CrsDat=CHEM105&Crsname=微積分（一）,,,False,化學系,CHEM105,1,不分班,"微積分（一）
CALCULUS(I)",3,期,True,50,0,0,50,張福春,"一2,3,4(理SC 1005)","['234', '', '', '', '', '', '']","《講授類》
限化學系同學選修。與光電系及材光系併班",[],False
https://selcrs.nsysu.edu.tw/menu5/showoutline.asp?SYEAR=115&SEM=1&CrsDat=CHEM105A&Crsname=微積分（一）,,,False,化學系,CHEM105A,1,全英班,"微積分（一）
CALCULUS(I)",3,期,True,50,0,0,50,翁鵬絜,"一2,3,4(工EC 1001)","['234', '', '', '', '', '', '']","《講授類》
限化學系同學選修。與光電系及材光系併班",[],True
https://selcrs.nsysu.edu.tw/menu5/showoutline.asp?SYEAR=115&SEM=1&CrsDat=CHEM115&Crsname=學術英語: 化學實驗寫作與表達,,,False,化學系,CHEM115,1,不分班,"學術英語: 化學實驗寫作與表達
ACADEMIC WRITING FOR EXPERIMENTAL REPORTS IN CHEMISTRY",3,期,False,50,0,0,50,陳瑞華,"五5,6,7(海ME 3004)","['', '', '', '', '567', '', '']",《講授類》,[],True
https://selcrs.nsysu.edu.tw/menu5/showoutline.asp?SYEAR=115&SEM=1&CrsDat=CHEM207&Crsname=化學數學,,,False,化學系,CHEM207,2,不分班,"化學數學
MATHEMATICS FOR CHEMISTS",3,期,False,50,0,0,50,丁尚武,"五5,6,7(理SC 3001)","['', '', '', '', '567', '', '']","《講授類》
化學系主題課程。2-4年級皆可選修。",[],False
https://selcrs.nsysu.edu.tw/menu5/showoutline.asp?SYEAR=115&SEM=1&CrsDat=CHEM209&Crsname=生物化學（一）,,,False,化學系,CHEM209,4,不分班,"生物化學（一）
BIOCHEMISTRY(I)",3,期,False,50,0,0,50,范秀芳,"二8,6,7(理SC 3001)","['', '678', '', '', '', '', '']","《講授類》
化學系主題課程。2-4年級皆可選修。",[],False
https://selcrs.nsysu.edu.tw/menu5/showoutline.asp?SYEAR=115&SEM=1&CrsDat=CHEM212&Crsname=化學實驗（三）,,,True,化學系,CHEM212,2,不分班,"化學實驗（三）
CHEMISTRY LABORATORY(III)",2,期,True,50,0,0,50,"廖軒宏,曾韋龍","三2(理SC 4032) 三3,4(理SC 4032)(實驗)","['', '', '234', '', '', '', '']","《實驗類》
限學號雙號選",[],False
https://selcrs.nsysu.edu.tw/menu5/showoutline.asp?SYEAR=115&SEM=1&CrsDat=CHEM212A&Crsname=化學實驗（三）,,,True,化學系,CHEM212A,2,全英班,"化學實驗（三）
CHEMISTRY LABORATORY(III)",2,期,True,50,0,0,50,"克里斯那,林渝亞","一6(理SC 4020) 一8,7(理SC 4020)(實驗)","['678', '', '', '', '', '', '']","《實驗類》
限學號單號選",[],True
https://selcrs.nsysu.edu.tw/menu5/showoutline.asp?SYEAR=115&SEM=1&CrsDat=CHEM212B&Crsname=化學實驗（三）,,,True,化學系,CHEM212B,2,不分班,"化學實驗（三）
CHEMISTRY LABORATORY(III)",2,期,True,50,0,0,50,"廖軒宏,曾韋龍","三2(理SC 4020) 三3,4(理SC 4020)(實驗)","['', '', '234', '', '', '', '']","《實驗類》
限學號單號選",[],False
https://selcrs.nsysu.edu.tw/menu5/showoutline.asp?SYEAR=115&SEM=1&CrsDat=CHEM212C&Crsname=化學實驗（三）,,,True,化學系,CHEM212C,2,全英班,"化學實驗（三）
CHEMISTRY LABORATORY(III)",2,期,True,50,0,0,50,"克里斯那,林渝亞","一6(理SC 4032) 一8,7(理SC 4032)(實驗)","['678', '', '', '', '', '', '']","《實驗類》
限學號雙號選",[],True
https://selcrs.nsysu.edu.tw/menu5/showoutline.asp?SYEAR=115&SEM=1&CrsDat=CHEM214&Crsname=分析化學（二）,,,False,化學系,CHEM214,2,不分班,"分析化學（二）
ANALYTICAL CHEMISTRY(II)",3,期,True,50,0,0,50,曾韋龍,"二6,7(理SC 0008) 四7(理SC 0008)","['', '67', '', '7', '', '', '']",《講授類》,[],False
https://selcrs.nsysu.edu.tw/menu5/showoutline.asp?SYEAR=115&SEM=1&CrsDat=CHEM214A&Crsname=分析化學（二）,,,False,化學系,CHEM214A,2,全英班,"分析化學（二）
ANALYTICAL CHEMISTRY(II)",3,期,True,50,0,0,50,克里斯那,"一5(理CH 4002) 四2,3(理CH 4002)","['5', '', '', '23', '', '', '']",《講授類》,[],True
https://selcrs.nsysu.edu.tw/menu5/showoutline.asp?SYEAR=115&SEM=1&CrsDat=CHEM215&Crsname=有機化學（二）,,,False,化學系,CHEM215,2,不分班,"有機化學（二）
ORGANIC CHEMISTRY (II)",3,期,True,60,0,0,60,李志聰,"二3,4(理SC 0008) 四6(理SC 0008)","['', '34', '', '6', '', '', '']",《講授類》,[],False
https://selcrs.nsysu.edu.tw/menu5/showoutline.asp?SYEAR=115&SEM=1&CrsDat=CHEM215A&Crsname=有機化學（二）,,,False,化學系,CHEM215A,2,全英班,"有機化學（二）
ORGANIC CHEMISTRY (II)",3,期,True,60,0,0,60,林渝亞,"四4(理CH 4002) 五3,4(理CH 4002)","['', '', '', '4', '34', '', '']",《講授類》,[],True
https://selcrs.nsysu.edu.tw/menu5/showoutline.asp?SYEAR=115&SEM=1&CrsDat=CHEM302&Crsname=無機化學（二）,,,False,化學系,CHEM302,3,不分班,"無機化學（二）
INORGANIC CHEMISTRY(II)",3,期,True,60,0,0,60,邱政超,"一4(理SC 3001) 三3,4(理SC 3001)","['4', '', '34', '', '', '', '']",《講授類》,[],False
https://selcrs.nsysu.edu.tw/menu5/showoutline.asp?SYEAR=115&SEM=1&CrsDat=CHEM302A&Crsname=無機化學（二）,,,False,化學系,CHEM302A,3,全英班,"無機化學（二）
INORGANIC CHEMISTRY(II)",3,期,True,60,0,0,60,陳軍互,"一2,3(理SC 0008) 三2(理SC 0008)","['23', '', '2', '', '', '', '']",《講授類》,[],True
https://selcrs.nsysu.edu.tw/menu5/showoutline.asp?SYEAR=115&SEM=1&CrsDat=CHEM311&Crsname=物理化學（二）,,,False,化學系,CHEM311,3,不分班,"物理化學（二）
PHYSICAL CHEMISTRY (II)",3,期,True,50,0,0,50,范秀芳,"一2,3(理SC 3001) 三2(理SC 3001)","['23', '', '2', '', '', '', '']",《講授類》,[],False
https://selcrs.nsysu.edu.tw/menu5/showoutline.asp?SYEAR=115&SEM=1&CrsDat=CHEM311A&Crsname=物理化學（二）,,,False,化學系,CHEM311A,3,全英班,"物理化學（二）
PHYSICAL CHEMISTRY (II)",3,期,True,50,0,0,50,張元賓,"一4(理SC 0008) 三3,4(理SC 0008)","['4', '', '34', '', '', '', '']",《講授類》,[],True
https://selcrs.nsysu.edu.tw/menu5/showoutline.asp?SYEAR=115&SEM=1&CrsDat=CHEM317&Crsname=專題研究（一）,,,False,化學系,CHEM317,3,不分班,"專題研究（一）
INDEPENDENT STUDIES(I)",3,期,False,50,0,0,50,邱政超,三B() 四1() 五1(),"['', '', 'B', '1', '1', '', '']","《獨立研究》
化學系主題課程。2-4年級皆可選修。",[],False
https://selcrs.nsysu.edu.tw/menu5/showoutline.asp?SYEAR=115&SEM=1&CrsDat=CHEM319&Crsname=化學實驗（五）,,,True,化學系,CHEM319,3,不分班,"化學實驗（五）
CHEMISTRY LABORATORY(V)",2,期,True,50,0,0,50,"張元賓,蔡明利",四5(理SC 4020) 四7(理SC 3004)(實驗) 四6(理SC 4032)(實驗),"['', '', '', '567', '', '', '']","《實驗類》
限學號單號選",[],False
https://selcrs.nsysu.edu.tw/menu5/showoutline.asp?SYEAR=115&SEM=1&CrsDat=CHEM319A&Crsname=化學實驗（五）,,,True,化學系,CHEM319A,3,全英班,"化學實驗（五）
CHEMISTRY LABORATORY(V)",2,期,True,50,0,0,50,"楊崇鑫,蔡明利",二5(理SC 4020) 二7(理SC 3004)(實驗) 二6(理SC 4032)(實驗),"['', '567', '', '', '', '', '']","《實驗類》
限學號單號選",[],True
https://selcrs.nsysu.edu.tw/menu5/showoutline.asp?SYEAR=115&SEM=1&CrsDat=CHEM319B&Crsname=化學實驗（五）,,,True,化學系,CHEM319B,3,不分班,"化學實驗（五）
CHEMISTRY LABORATORY(V)",2,期,True,50,0,0,50,"張元賓,蔡明利","四5(理SC 4031) 四6,7(理SC 4031)(實驗)","['', '', '', '567', '', '', '']","《實驗類》
限學號雙號選",[],False
https://selcrs.nsysu.edu.tw/menu5/showoutline.asp?SYEAR=115&SEM=1&CrsDat=CHEM319C&Crsname=化學實驗（五）,,,True,化學系,CHEM319C,3,全英班,"化學實驗（五）
CHEMISTRY LABORATORY(V)",2,期,True,50,0,0,50,"楊崇鑫,蔡明利","二5(理SC 4031) 二6,7(理SC 4031)(實驗)","['', '567', '', '', '', '', '']","《實驗類》
限學號雙號選",[],True
https://selcrs.nsysu.edu.tw/menu5/showoutline.asp?SYEAR=115&SEM=1&CrsDat=CHEM403&Crsname=專題研究（三）,,,False,化學系,CHEM403,4,不分班,"專題研究（三）
INDEPENDENT STUDIES(III)",3,期,False,50,0,0,50,謝淑貞,二B() 四B() 五1(),"['', 'B', '', 'B', '1', '', '']","《獨立研究》
化學系主題課程。2-4年級皆可選修。",[],False
https://selcrs.nsysu.edu.tw/menu5/showoutline.asp?SYEAR=115&SEM=1&CrsDat=CHEM405&Crsname=有機光譜概論,,,False,化學系,CHEM405,4,不分班,"有機光譜概論
INTRODUCTION TO ORGANIC SPECTROSCOPY",3,期,False,50,0,0,50,廖志中,"五2,3,4(理SC 0009)","['', '', '', '', '234', '', '']","《講授類》
化學系主題課程。2-4年級皆可選修。研究生修此課號無法取得學分。",[],False
https://selcrs.nsysu.edu.tw/menu5/showoutline.asp?SYEAR=115&SEM=1&CrsDat=CHEM431&Crsname=生醫技術導論,,,False,化學系,CHEM431,3,不分班,"生醫技術導論
INTRODUCTION TO BIOMEDICAL TECHNIQUES",3,期,False,50,0,0,50,張柏齡,"一8,6,7(理SC 0008)","['678', '', '', '', '', '', '']","《講授類》
化學系主題課程。2-4年級皆可選修。",[],False
https://selcrs.nsysu.edu.tw/menu5/showoutline.asp?SYEAR=115&SEM=1&CrsDat=CHEM442&Crsname=AI產業與生成式AI的應用,,,False,化學系,CHEM442,4,不分班,"AI產業與生成式AI的應用
APPLICATIONS OF AI INDUSTRY AND GENERATIVE AI",3,期,False,140,0,0,140,"謝建台,謝淑貞","四8,6,7(理SC 1005)","['', '', '', '678', '', '', '']","《講授類》
研究生修此課號無法取得學分",[],False
https://selcrs.nsysu.edu.tw/menu5/showoutline.asp?SYEAR=115&SEM=1&CrsDat=CHEM443&Crsname=半導體的化學、物理與材料,,,False,化學系,CHEM443,4,不分班,"半導體的化學、物理與材料
CHEMISTRY, PHYSICS, AND MATERIALS OF SEMICONDUCTORS",3,期,False,140,0,0,140,"李志聰,謝建台","五5,6,7(理SC 1005)","['', '', '', '', '567', '', '']","《講授類》
研究生修此課號無法取得學分。",[],False
https://selcrs.nsysu.edu.tw/menu5/showoutline.asp?SYEAR=115&SEM=1&CrsDat=CHEM444&Crsname=跨國新興化學特論,,,False,化學系,CHEM444,3,不分班,"跨國新興化學特論
SPECIAL TOPICS IN EMERGING CHEMISTRY WITH INTERNATIONAL PERSPECTIVES",3,期,False,15,0,0,15,陳軍互,一1() 二1() 三1(),"['1', '1', '1', '', '', '', '']","《講授類》
限化學系同學選修。英語能力需達TOEIC750或同等能力才能選課",[],True
https://selcrs.nsysu.edu.tw/menu5/showoutline.asp?SYEAR=115&SEM=1&CrsDat=PHYS101&Crsname=基礎物理實作（一）,,,False,物理系,PHYS101,1,全英班,"基礎物理實作（一）
EXPERIMENTAL APPROACHES IN PHYSICS (I)",3,期,True,50,0,0,50,洪昇廷,"一8,6,7(理SC 0017)","['678', '', '', '', '', '', '']",《講授類》,[],True
https://selcrs.nsysu.edu.tw/menu5/showoutline.asp?SYEAR=115&SEM=1&CrsDat=PHYS103&Crsname=程式與物理數據分析,,,False,物理系,PHYS103,1,全英班,"程式與物理數據分析
ESSENTIAL CODING AND DATA ANALYSIS ON PHYSICS",3,期,True,50,0,0,50,"莊豐權,黃志權","一2,3,4(理PH 1009)","['234', '', '', '', '', '', '']","《講授類》
此為全英組必修課程，提供一般組學生做為選修課程",[],True
https://selcrs.nsysu.edu.tw/menu5/showoutline.asp?SYEAR=115&SEM=1&CrsDat=PHYS111&Crsname=微積分（一）,,,False,物理系,PHYS111,1,不分班,"微積分（一）
CALCULUS(I)",3,期,True,50,0,0,50,陳美如,"四2,3,4(工EC 1009)","['', '', '', '234', '', '', '']","《講授類》
與電機系併班上課",[],False
https://selcrs.nsysu.edu.tw/menu5/showoutline.asp?SYEAR=115&SEM=1&CrsDat=PHYS111A&Crsname=微積分（一）,,,False,物理系,PHYS111A,1,全英班,"微積分（一）
CALCULUS(I)",3,期,True,50,0,0,50,陳美如,"五2,3,4(工EC 2011)","['', '', '', '', '234', '', '']","《講授類》
與電機系英文組併班上課",[],True
https://selcrs.nsysu.edu.tw/menu5/showoutline.asp?SYEAR=115&SEM=1&CrsDat=PHYS113&Crsname=普通化學（一）,,,False,物理系,PHYS113,1,不分班,"普通化學（一）
GENERAL CHEMISTRY(I)",3,期,True,50,0,0,50,王家蓁,"五2,3,4(工EC 3006)","['', '', '', '', '234', '', '']","《講授類》
與材光系併班上課",[],False
https://selcrs.nsysu.edu.tw/menu5/showoutline.asp?SYEAR=115&SEM=1&CrsDat=PHYS113A&Crsname=普通化學（一）,,,False,物理系,PHYS113A,1,全英班,"普通化學（一）
GENERAL CHEMISTRY(I)",3,期,True,50,0,0,50,克里斯那,"五5,6,7(理SC 0009)","['', '', '', '', '567', '', '']","《講授類》
與材光系英文組併班上課",[],True
https://selcrs.nsysu.edu.tw/menu5/showoutline.asp?SYEAR=115&SEM=1&CrsDat=PHYS115&Crsname=普通化學實驗（一）,,,False,物理系,PHYS115,1,不分班,"普通化學實驗（一）
GENERAL CHEMISTRY LABORATORY(I)",1,期,True,26,0,0,26,張元賓,"五5,6,7(理SC 4019)(實驗)","['', '', '', '', '567', '', '']","《實驗類》
與材光系併班上課",[],False
https://selcrs.nsysu.edu.tw/menu5/showoutline.asp?SYEAR=115&SEM=1&CrsDat=PHYS115A&Crsname=普通化學實驗（一）,,,False,物理系,PHYS115A,1,全英班,"普通化學實驗（一）
GENERAL CHEMISTRY LABORATORY(I)",1,期,True,26,0,0,26,楊崇鑫,"四5,6,7(理SC 4019)(實驗)","['', '', '', '567', '', '', '']","《實驗類》
與材光系英文組併班上課",[],True
https://selcrs.nsysu.edu.tw/menu5/showoutline.asp?SYEAR=115&SEM=1&CrsDat=PHYS117&Crsname=普通物理學演習（一）,,,False,物理系,PHYS117,1,不分班,"普通物理學演習（一）
GENERAL PHYSICS RECITATION (I)",1,期,False,50,0,0,50,陳易馨,三6(理SC 0009),"['', '', '6', '', '', '', '']","《講授類》
本課程與普通物理學(一)一起規劃課程, 需與普通物理學(一)一起修習",[],False
https://selcrs.nsysu.edu.tw/menu5/showoutline.asp?SYEAR=115&SEM=1&CrsDat=PHYS121&Crsname=物理演示,,,False,物理系,PHYS121,1,不分班,"物理演示
DEMONSTRATION OF PHYSICS",2,期,False,50,0,0,50,"吳紘丞,嚴祖強","二C,D(理SC 2006)","['', 'CD', '', '', '', '', '']",《講授類》,[],False
https://selcrs.nsysu.edu.tw/menu5/showoutline.asp?SYEAR=115&SEM=1&CrsDat=PHYS201&Crsname=應用數學（一）,,,False,物理系,PHYS201,2,不分班,"應用數學（一）
APPLIED MATHEMATICS (I)",3,期,True,80,0,0,80,黃信銘,"三6(理PH 1008) 四3,4(理PH 1008)","['', '', '6', '34', '', '', '']","《講授類》
此為一般組必修課程，提供全英組學生做為選修課程",[],False
https://selcrs.nsysu.edu.tw/menu5/showoutline.asp?SYEAR=115&SEM=1&CrsDat=PHYS203&Crsname=力學（一）,,,False,物理系,PHYS203,2,不分班,"力學（一）
MACHANICS(I)",3,期,True,50,0,0,50,呂浩宇,"一2,3,4(理PH 1008)","['234', '', '', '', '', '', '']","《講授類》
此為一般組必修課程，提供全英組學生做為選修課程",[],False
https://selcrs.nsysu.edu.tw/menu5/showoutline.asp?SYEAR=115&SEM=1&CrsDat=PHYS207&Crsname=實驗物理學（一）,,,False,物理系,PHYS207,2,不分班,"實驗物理學（一）
EXPERIMENTAL PHYSICS(I)",3,期,True,30,0,0,30,盧怡穎,"二8,6,7(理SC 2011)","['', '678', '', '', '', '', '']",《講授類》,[],False
https://selcrs.nsysu.edu.tw/menu5/showoutline.asp?SYEAR=115&SEM=1&CrsDat=PHYS216&Crsname=電磁學,,,False,物理系,PHYS216,2,不分班,"電磁學
ELECTROMAGNETISM",3,期,True,50,0,0,50,陳宗緯,"一6,7(理PH 1008) 三3(理PH 1008)","['67', '', '3', '', '', '', '']","《講授類》
本課程與電磁學演習一起規劃課程, 需與電磁學演習一起修習。此為一般組必修課程，提供全英組學生做為選修課程。",[],False
https://selcrs.nsysu.edu.tw/menu5/showoutline.asp?SYEAR=115&SEM=1&CrsDat=PHYS217&Crsname=電磁學演習,,,False,物理系,PHYS217,2,不分班,"電磁學演習
ELECTROMAGNETISM RECITATION",1,期,False,50,0,0,50,陳宗緯,三4(理PH 1008),"['', '', '4', '', '', '', '']","《講授類》
本課程與電磁學一起規劃課程, 需與電磁學一起修習。此為一般組必修課程，提供全英組學生做為選修課程。",[],False
https://selcrs.nsysu.edu.tw/menu5/showoutline.asp?SYEAR=115&SEM=1&CrsDat=PHYS219&Crsname=基礎量子物理（一）,,,False,物理系,PHYS219,2,全英班,"基礎量子物理（一）
INTRODUCTION TO QUANTUM PHYSICS (I)",3,期,True,50,0,0,50,郭建成,"一7(理PH 1009) 三2,3(理PH 1009)","['7', '', '23', '', '', '', '']","《講授類》
此為全英組必修課程，提供一般組學生做為選修課程",[],True
https://selcrs.nsysu.edu.tw/menu5/showoutline.asp?SYEAR=115&SEM=1&CrsDat=PHYS221&Crsname=物理數學與數值方法（一）,,,False,物理系,PHYS221,2,全英班,"物理數學與數值方法（一）
MATHEMATICS AND CODING ON PHYSICS (I)",3,期,True,50,0,0,50,朱家誼,"一5,6(理PH 1009) 三4(理PH 1009)","['56', '', '4', '', '', '', '']","《講授類》
此為全英組必修課程，提供一般組學生做為選修課程",[],True
https://selcrs.nsysu.edu.tw/menu5/showoutline.asp?SYEAR=115&SEM=1&CrsDat=PHYS223&Crsname=進階物理實作（一）,,,False,物理系,PHYS223,2,全英班,"進階物理實作（一）
PHYSICS IMPLEMENTATION (I)",3,期,True,50,0,0,50,盧怡穎,"五8,6,7(理SC 2011)","['', '', '', '', '678', '', '']",《講授類》,[],True
https://selcrs.nsysu.edu.tw/menu5/showoutline.asp?SYEAR=115&SEM=1&CrsDat=PHYS303&Crsname=量子物理（一）,,,False,物理系,PHYS303,3,不分班,"量子物理（一）
QUANTUM PHYSICS (I)",3,期,True,70,0,0,70,朱家誼,"三7(理PH 1009) 五3,4(理PH 1009)","['', '', '7', '', '34', '', '']","《講授類》
此為一般組必修課程，提供全英組學生做為選修課程",[],False
https://selcrs.nsysu.edu.tw/menu5/showoutline.asp?SYEAR=115&SEM=1&CrsDat=PHYS309&Crsname=應用數學（三）,,,False,物理系,PHYS309,3,不分班,"應用數學（三）
APPLIED MATHEMATICS (III)",3,期,False,50,0,0,50,待聘,"二7(理PH 5009) 四2,3(理PH 5009)","['', '7', '', '23', '', '', '']",《講授類》,[],True
https://selcrs.nsysu.edu.tw/menu5/showoutline.asp?SYEAR=115&SEM=1&CrsDat=PHYS313&Crsname=物理研究專題（一）,,,True,物理系,PHYS313,3,全英班,"物理研究專題（一）
INDEPENDENT STUDIES IN PHYSICS (I)",3,期,True,50,0,0,50,陳易馨,"二A,1,B(理PH 6010)","['', 'A1B', '', '', '', '', '']","《獨立研究》
研究主題：量子光學，請事先與老師洽談。",[],True
https://selcrs.nsysu.edu.tw/menu5/showoutline.asp?SYEAR=115&SEM=1&CrsDat=PHYS313A&Crsname=物理研究專題（一）,,,True,物理系,PHYS313A,3,全英班,"物理研究專題（一）
INDEPENDENT STUDIES IN PHYSICS (I)",3,期,False,50,0,0,50,黃信銘,"三A,1,B(理PH 6001)","['', '', 'A1B', '', '', '', '']","《獨立研究》
研究主題：拓樸物理的對稱研究，請事先與老師洽談。",[],True
https://selcrs.nsysu.edu.tw/menu5/showoutline.asp?SYEAR=115&SEM=1&CrsDat=PHYS313B&Crsname=物理研究專題（一）,,,True,物理系,PHYS313B,3,全英班,"物理研究專題（一）
INDEPENDENT STUDIES IN PHYSICS (I)",3,期,False,50,0,0,50,周雄,"三D,E,F(理PH 7008)","['', '', 'DEF', '', '', '', '']","《獨立研究》
研究主題：生物感測器平台之研究、三態超導之研究，請事先與老師洽談。",[],True
https://selcrs.nsysu.edu.tw/menu5/showoutline.asp?SYEAR=115&SEM=1&CrsDat=PHYS313C&Crsname=物理研究專題（一）,,,True,物理系,PHYS313C,3,全英班,"物理研究專題（一）
INDEPENDENT STUDIES IN PHYSICS (I)",3,期,False,50,0,0,50,邱奎霖,"五A,1,B(理PH 3007)","['', '', '', '', 'A1B', '', '']","《獨立研究》
研究主題：量子計算，請事先與老師洽談。",[],True
https://selcrs.nsysu.edu.tw/menu5/showoutline.asp?SYEAR=115&SEM=1&CrsDat=PHYS313D&Crsname=物理研究專題（一）,,,True,物理系,PHYS313D,3,全英班,"物理研究專題（一）
INDEPENDENT STUDIES IN PHYSICS (I)",3,期,False,50,0,0,50,狄米契,"三A,1,B(理PH 6005)","['', '', 'A1B', '', '', '', '']","《獨立研究》
研究主題：Machine learning applications in physics，請事先與老師洽談。",[],True
https://selcrs.nsysu.edu.tw/menu5/showoutline.asp?SYEAR=115&SEM=1&CrsDat=PHYS313E&Crsname=物理研究專題（一）,,,True,物理系,PHYS313E,3,全英班,"物理研究專題（一）
INDEPENDENT STUDIES IN PHYSICS (I)",3,期,False,50,0,0,50,洪昇廷,"五A,1,B(理PH 6008)","['', '', '', '', 'A1B', '', '']","《獨立研究》
研究主題：微流體生醫影像平台，請事先與老師洽談。",[],True
https://selcrs.nsysu.edu.tw/menu5/showoutline.asp?SYEAR=115&SEM=1&CrsDat=PHYS313F&Crsname=物理研究專題（一）,,,True,物理系,PHYS313F,3,全英班,"物理研究專題（一）
INDEPENDENT STUDIES IN PHYSICS (I)",3,期,False,50,0,0,50,郭政育,"四A,1,B(理PH 5005)","['', '', '', 'A1B', '', '', '']","《獨立研究》
研究主題：邁射星系與黑洞質量測量研究，請事先與老師洽談。",[],True
https://selcrs.nsysu.edu.tw/menu5/showoutline.asp?SYEAR=115&SEM=1&CrsDat=PHYS313G&Crsname=物理研究專題（一）,,,True,物理系,PHYS313G,3,全英班,"物理研究專題（一）
INDEPENDENT STUDIES IN PHYSICS (I)",3,期,False,50,0,0,50,朱家誼,"一A,1,B(理PH 5006)","['A1B', '', '', '', '', '', '']","《獨立研究》
研究主題：幾何與量子物理(Geometry and quantum physics)，請事先與老師洽談。",[],True
https://selcrs.nsysu.edu.tw/menu5/showoutline.asp?SYEAR=115&SEM=1&CrsDat=PHYS313H&Crsname=物理研究專題（一）,,,True,物理系,PHYS313H,3,全英班,"物理研究專題（一）
INDEPENDENT STUDIES IN PHYSICS (I)",3,期,False,50,0,0,50,盧怡穎,"三A,1,B(理PH 6009)","['', '', 'A1B', '', '', '', '']","《獨立研究》
研究主題：二維材料在感應器上的應用，請事先與老師洽談。",[],True
https://selcrs.nsysu.edu.tw/menu5/showoutline.asp?SYEAR=115&SEM=1&CrsDat=PHYS313I&Crsname=物理研究專題（一）,,,True,物理系,PHYS313I,3,全英班,"物理研究專題（一）
INDEPENDENT STUDIES IN PHYSICS (I)",3,期,False,50,0,0,50,莊豐權,"一A,1,B(理PH 4007)","['A1B', '', '', '', '', '', '']","《獨立研究》
研究主題：利用第一原理研究新穎二維材料，請事先與老師洽談。",[],True
https://selcrs.nsysu.edu.tw/menu5/showoutline.asp?SYEAR=115&SEM=1&CrsDat=PHYS313J&Crsname=物理研究專題（一）,,,True,物理系,PHYS313J,3,全英班,"物理研究專題（一）
INDEPENDENT STUDIES IN PHYSICS (I)",3,期,False,50,0,0,50,史丹哲夫,"二A,1,B(理PH 3008)","['', 'A1B', '', '', '', '', '']","《獨立研究》
研究主題：Time-domain terahertz spectroscopy and single-pixel cameras，請事先與老師洽談。",[],True
https://selcrs.nsysu.edu.tw/menu5/showoutline.asp?SYEAR=115&SEM=1&CrsDat=PHYS313K&Crsname=物理研究專題（一）,,,True,物理系,PHYS313K,3,全英班,"物理研究專題（一）
INDEPENDENT STUDIES IN PHYSICS (I)",3,期,False,50,0,0,50,吳紘丞,"一A,1,B(理PH 3006)","['A1B', '', '', '', '', '', '']","《獨立研究》
研究主題：量子磁性材料合成及物理特性研究，請事先與老師洽談。",[],True
https://selcrs.nsysu.edu.tw/menu5/showoutline.asp?SYEAR=115&SEM=1&CrsDat=PHYS313L&Crsname=物理研究專題（一）,,,True,物理系,PHYS313L,3,全英班,"物理研究專題（一）
INDEPENDENT STUDIES IN PHYSICS (I)",3,期,False,50,0,0,50,郭建成,"二A,1,B(理PH 2009)","['', 'A1B', '', '', '', '', '']","《獨立研究》
研究主題：二維新穎材料的原子影像，請事先與老師洽談。",[],True
https://selcrs.nsysu.edu.tw/menu5/showoutline.asp?SYEAR=115&SEM=1&CrsDat=PHYS313M&Crsname=物理研究專題（一）,,,True,物理系,PHYS313M,3,全英班,"物理研究專題（一）
INDEPENDENT STUDIES IN PHYSICS (I)",3,期,False,50,0,0,50,岩本祥,"三A,1,B(理SC 2006-1)","['', '', 'A1B', '', '', '', '']","《獨立研究》
研究主題：Particle physics phenomenology 粒子物理現象學，請事先與老師洽談。",[],True
https://selcrs.nsysu.edu.tw/menu5/showoutline.asp?SYEAR=115&SEM=1&CrsDat=PHYS313N&Crsname=物理研究專題（一）,,,True,物理系,PHYS313N,3,全英班,"物理研究專題（一）
INDEPENDENT STUDIES IN PHYSICS (I)",3,期,False,50,0,0,50,范越芳,"三A,1,B(理PH 7011)","['', '', 'A1B', '', '', '', '']","《獨立研究》
研究主題：Materials Physics & Electronic Surfaces，請事先與老師洽談。",[],True
https://selcrs.nsysu.edu.tw/menu5/showoutline.asp?SYEAR=115&SEM=1&CrsDat=PHYS313O&Crsname=物理研究專題（一）,,,True,物理系,PHYS313O,3,全英班,"物理研究專題（一）
INDEPENDENT STUDIES IN PHYSICS (I)",3,期,False,50,0,0,50,呂浩宇,"四A,1,B(理SC 2006-3)","['', '', '', 'A1B', '', '', '']","《獨立研究》
研究主題：電波干涉天文原理與實務應用，請事先與老師洽談。",[],True
https://selcrs.nsysu.edu.tw/menu5/showoutline.asp?SYEAR=115&SEM=1&CrsDat=PHYS313P&Crsname=物理研究專題（一）,,,False,物理系,PHYS313P,3,不分班,"物理研究專題（一）
INDEPENDENT STUDIES IN PHYSICS (I)",3,期,False,50,0,0,50,林德鴻,"二A,1,B(理PH 7001)","['', 'A1B', '', '', '', '', '']","《獨立研究》
研究主題：隱形斗篷簡介(Introduction to Invisibility Cloak)，請事先與老師洽談。",[],False
https://selcrs.nsysu.edu.tw/menu5/showoutline.asp?SYEAR=115&SEM=1&CrsDat=PHYS313Q&Crsname=物理研究專題（一）,,,False,物理系,PHYS313Q,3,不分班,"物理研究專題（一）
INDEPENDENT STUDIES IN PHYSICS (I)",3,期,False,50,0,0,50,陳宗緯,"一A,1,B(理PH 7006)","['A1B', '', '', '', '', '', '']","《獨立研究》
研究主題：相對論與自旋動力學，請事先與老師洽談。",[],False
https://selcrs.nsysu.edu.tw/menu5/showoutline.asp?SYEAR=115&SEM=1&CrsDat=PHYS315&Crsname=科技專題演講（二）,,,False,物理系,PHYS315,3,不分班,"科技專題演講（二）
COLLOQUIUM ON SCIENCE AND TECHNOLOGY (II)",1,期,False,50,0,0,50,朱家誼,四5(理PH 2006),"['', '', '', '5', '', '', '']",《研討類》,[],False
https://selcrs.nsysu.edu.tw/menu5/showoutline.asp?SYEAR=115&SEM=1&CrsDat=PHYS334&Crsname=量子科技導論,,,False,物理系,PHYS334,3,全英班,"量子科技導論
INTRODUCTION TO QUANTUM TECHNOLOGY",3,期,True,50,0,0,50,邱奎霖,"一2,3,4(理SC 2006)","['234', '', '', '', '', '', '']","《講授類》
此為全英組必修課程，提供一般組學生做為選修課程",[],True
https://selcrs.nsysu.edu.tw/menu5/showoutline.asp?SYEAR=115&SEM=1&CrsDat=PHYS418&Crsname=論文專題（一）,,,True,物理系,PHYS418,4,全英班,"論文專題（一）
INDEPENDENT STUDIES IN SPECIAL TOPICS (I)",3,期,True,50,0,0,50,陳易馨,"三A,1,B(理PH 6010)","['', '', 'A1B', '', '', '', '']","《獨立研究》
需先修習物理研究專題(二)，學生需於學期末提出論文計畫書",[],True
https://selcrs.nsysu.edu.tw/menu5/showoutline.asp?SYEAR=115&SEM=1&CrsDat=PHYS418A&Crsname=論文專題（一）,,,True,物理系,PHYS418A,4,全英班,"論文專題（一）
INDEPENDENT STUDIES IN SPECIAL TOPICS (I)",3,期,False,50,0,0,50,周雄,"五C,D,E(理PH 7008)","['', '', '', '', 'CDE', '', '']","《獨立研究》
需先修習物理研究專題(二)，學生需於學期末提出論文計畫書",[],True
https://selcrs.nsysu.edu.tw/menu5/showoutline.asp?SYEAR=115&SEM=1&CrsDat=PHYS418B&Crsname=論文專題（一）,,,True,物理系,PHYS418B,4,全英班,"論文專題（一）
INDEPENDENT STUDIES IN SPECIAL TOPICS (I)",3,期,False,50,0,0,50,邱奎霖,"一A,1,B(理PH 3007)","['A1B', '', '', '', '', '', '']","《獨立研究》
需先修習物理研究專題(二)，學生需於學期末提出論文計畫書",[],True
https://selcrs.nsysu.edu.tw/menu5/showoutline.asp?SYEAR=115&SEM=1&CrsDat=PHYS418C&Crsname=論文專題（一）,,,True,物理系,PHYS418C,4,全英班,"論文專題（一）
INDEPENDENT STUDIES IN SPECIAL TOPICS (I)",3,期,False,50,0,0,50,狄米契,"五A,1,B(理PH 6005)","['', '', '', '', 'A1B', '', '']","《獨立研究》
需先修習物理研究專題(二)，學生需於學期末提出論文計畫書",[],True
https://selcrs.nsysu.edu.tw/menu5/showoutline.asp?SYEAR=115&SEM=1&CrsDat=PHYS418D&Crsname=論文專題（一）,,,True,物理系,PHYS418D,4,全英班,"論文專題（一）
INDEPENDENT STUDIES IN SPECIAL TOPICS (I)",3,期,False,50,0,0,50,洪昇廷,"三A,1,B(理PH 6008)","['', '', 'A1B', '', '', '', '']","《獨立研究》
需先修習物理研究專題(二)，學生需於學期末提出論文計畫書",[],True
https://selcrs.nsysu.edu.tw/menu5/showoutline.asp?SYEAR=115&SEM=1&CrsDat=PHYS418E&Crsname=論文專題（一）,,,True,物理系,PHYS418E,4,全英班,"論文專題（一）
INDEPENDENT STUDIES IN SPECIAL TOPICS (I)",3,期,False,50,0,0,50,郭政育,"三A,1,B(理PH 5005)","['', '', 'A1B', '', '', '', '']","《獨立研究》
需先修習物理研究專題(二)，學生需於學期末提出論文計畫書",[],True
https://selcrs.nsysu.edu.tw/menu5/showoutline.asp?SYEAR=115&SEM=1&CrsDat=PHYS418F&Crsname=論文專題（一）,,,True,物理系,PHYS418F,4,全英班,"論文專題（一）
INDEPENDENT STUDIES IN SPECIAL TOPICS (I)",3,期,False,50,0,0,50,朱家誼,"三A,1,B(理PH 5006)","['', '', 'A1B', '', '', '', '']","《獨立研究》
需先修習物理研究專題(二)，學生需於學期末提出論文計畫書",[],True
https://selcrs.nsysu.edu.tw/menu5/showoutline.asp?SYEAR=115&SEM=1&CrsDat=PHYS418G&Crsname=論文專題（一）,,,True,物理系,PHYS418G,4,全英班,"論文專題（一）
INDEPENDENT STUDIES IN SPECIAL TOPICS (I)",3,期,False,50,0,0,50,盧怡穎,"二A,1,B(理PH 6009)","['', 'A1B', '', '', '', '', '']","《獨立研究》
需先修習物理研究專題(二)，學生需於學期末提出論文計畫書",[],True
https://selcrs.nsysu.edu.tw/menu5/showoutline.asp?SYEAR=115&SEM=1&CrsDat=PHYS418H&Crsname=論文專題（一）,,,True,物理系,PHYS418H,4,全英班,"論文專題（一）
INDEPENDENT STUDIES IN SPECIAL TOPICS (I)",3,期,False,50,0,0,50,史丹哲夫,"三A,1,B(理PH 3008)","['', '', 'A1B', '', '', '', '']","《獨立研究》
需先修習物理研究專題(二)，學生需於學期末提出論文計畫書",[],True
https://selcrs.nsysu.edu.tw/menu5/showoutline.asp?SYEAR=115&SEM=1&CrsDat=PHYS418I&Crsname=論文專題（一）,,,True,物理系,PHYS418I,4,全英班,"論文專題（一）
INDEPENDENT STUDIES IN SPECIAL TOPICS (I)",3,期,False,50,0,0,50,吳紘丞,"三A,1,B(理PH 3006)","['', '', 'A1B', '', '', '', '']","《獨立研究》
需先修習物理研究專題(二)，學生需於學期末提出論文計畫書",[],True
https://selcrs.nsysu.edu.tw/menu5/showoutline.asp?SYEAR=115&SEM=1&CrsDat=PHYS418J&Crsname=論文專題（一）,,,True,物理系,PHYS418J,4,全英班,"論文專題（一）
INDEPENDENT STUDIES IN SPECIAL TOPICS (I)",3,期,False,50,0,0,50,郭建成,"四A,1,B(理PH 2009)","['', '', '', 'A1B', '', '', '']","《獨立研究》
需先修習物理研究專題(二)，學生需於學期末提出論文計畫書",[],True
https://selcrs.nsysu.edu.tw/menu5/showoutline.asp?SYEAR=115&SEM=1&CrsDat=PHYS418K&Crsname=論文專題（一）,,,True,物理系,PHYS418K,4,全英班,"論文專題（一）
INDEPENDENT STUDIES IN SPECIAL TOPICS (I)",3,期,False,50,0,0,50,岩本祥,"五A,1,B(理SC 2006-1)","['', '', '', '', 'A1B', '', '']","《獨立研究》
需先修習物理研究專題(二)，學生需於學期末提出論文計畫書",[],True
https://selcrs.nsysu.edu.tw/menu5/showoutline.asp?SYEAR=115&SEM=1&CrsDat=PHYS418L&Crsname=論文專題（一）,,,True,物理系,PHYS418L,4,全英班,"論文專題（一）
INDEPENDENT STUDIES IN SPECIAL TOPICS (I)",3,期,False,50,0,0,50,呂浩宇,"一A,1,B(理SC 2006-3)","['A1B', '', '', '', '', '', '']","《獨立研究》
需先修習物理研究專題(二)，學生需於學期末提出論文計畫書",[],True
https://selcrs.nsysu.edu.tw/menu5/showoutline.asp?SYEAR=115&SEM=1&CrsDat=PHYS418M&Crsname=論文專題（一）,,,True,物理系,PHYS418M,4,全英班,"論文專題（一）
INDEPENDENT STUDIES IN SPECIAL TOPICS (I)",3,期,False,50,0,0,50,林德鴻,"四A,1,B(理PH 7001)","['', '', '', 'A1B', '', '', '']","《獨立研究》
需先修習物理研究專題(二)，學生需於學期末提出論文計畫書",[],True
https://selcrs.nsysu.edu.tw/menu5/showoutline.asp?SYEAR=115&SEM=1&CrsDat=MATH101&Crsname=微積分（一）,,,False,應數系,MATH101,1,不分班,"微積分（一）
CALCULUS (I)",4,期,True,50,0,0,50,施嘉翰,"一3,4(理SC 1003) 三3,4(理SC 1003)","['34', '', '34', '', '', '', '']",《講授類》,[],False
https://selcrs.nsysu.edu.tw/menu5/showoutline.asp?SYEAR=115&SEM=1&CrsDat=MATH101A&Crsname=微積分（一）,,,False,應數系,MATH101A,1,全英班,"微積分（一）
CALCULUS (I)",4,期,True,50,0,0,50,陳志漢,"一3,4(理SC 0012) 三3,4(理SC 0012)","['34', '', '34', '', '', '', '']",《講授類》,[],True
https://selcrs.nsysu.edu.tw/menu5/showoutline.asp?SYEAR=115&SEM=1&CrsDat=MATH103&Crsname=線性代數（一）,,,False,應數系,MATH103,1,不分班,"線性代數（一）
LINEAR ALGEBRA(I)",3,期,True,50,0,0,50,待聘,"四3,4(理SC 0012) 五5(理SC 0012)","['', '', '', '34', '5', '', '']",《講授類》,[],False
https://selcrs.nsysu.edu.tw/menu5/showoutline.asp?SYEAR=115&SEM=1&CrsDat=MATH103A&Crsname=線性代數（一）,,,False,應數系,MATH103A,1,全英班,"線性代數（一）
LINEAR ALGEBRA(I)",3,期,True,50,0,0,50,王以晟,"五3,4,B(理SC 1003)","['', '', '', '', '34B', '', '']",《講授類》,[],True
https://selcrs.nsysu.edu.tw/menu5/showoutline.asp?SYEAR=115&SEM=1&CrsDat=MATH105&Crsname=計算機概論,,,False,應數系,MATH105,1,不分班,"計算機概論
INTRODUCTION TO COMPUTER SCIENCE",3,期,False,50,0,0,50,李宗錂,"一8,6,7(理SC 2004)","['678', '', '', '', '', '', '']","《講授類》
限本系、輔系、雙主修本系學生選修。",[],False
https://selcrs.nsysu.edu.tw/menu5/showoutline.asp?SYEAR=115&SEM=1&CrsDat=MATH107&Crsname=數學導論（一）,,,False,應數系,MATH107,1,不分班,"數學導論（一）
INTRODUCTION TO MATHEMATICS (I)",3,期,False,50,0,0,50,陳志偉,"一2(理SC 0012) 五6,7(理SC 0012)","['2', '', '', '', '67', '', '']",《講授類》,[],True
https://selcrs.nsysu.edu.tw/menu5/showoutline.asp?SYEAR=115&SEM=1&CrsDat=MATH201&Crsname=高等微積分（一）,,,False,應數系,MATH201,2,不分班,"高等微積分（一）
ADVANCED CALCULUS (I)",4,期,True,50,0,0,50,陳志偉,"一5,6(理SC 4011) 二3,4(理SC 4011)","['56', '34', '', '', '', '', '']","《講授類》
選修過微積分(一)(二)者才可選修。",[],False
https://selcrs.nsysu.edu.tw/menu5/showoutline.asp?SYEAR=115&SEM=1&CrsDat=MATH201A&Crsname=高等微積分（一）,,,False,應數系,MATH201A,2,全英班,"高等微積分（一）
ADVANCED CALCULUS (I)",4,期,True,50,0,0,50,許柏翰,"二3,4(理SC 0012) 三3,4(理SC 4009-1)","['', '34', '34', '', '', '', '']","《講授類》
選修過微積分(一)(二)者才可選修。",[],True
https://selcrs.nsysu.edu.tw/menu5/showoutline.asp?SYEAR=115&SEM=1&CrsDat=MATH203&Crsname=離散數學（一）,,,False,應數系,MATH203,2,不分班,"離散數學（一）
DISCRETE MATHEMATICS (I)",3,期,True,50,0,0,50,余冠儒,"三5,6(理SC 0012) 五4(理SC 0012)","['', '', '56', '', '4', '', '']",《講授類》,[],False
https://selcrs.nsysu.edu.tw/menu5/showoutline.asp?SYEAR=115&SEM=1&CrsDat=MATH203A&Crsname=離散數學（一）,,,False,應數系,MATH203A,2,全英班,"離散數學（一）
DISCRETE MATHEMATICS (I)",3,期,True,50,0,0,50,余冠儒,"三7(理SC 0012) 五2,3(理SC 0012)","['', '', '7', '', '23', '', '']",《講授類》,[],True
https://selcrs.nsysu.edu.tw/menu5/showoutline.asp?SYEAR=115&SEM=1&CrsDat=MATH205&Crsname=機率論（一）,,,False,應數系,MATH205,2,不分班,"機率論（一）
PROBABILITY THEORY (I)",3,期,True,50,0,0,50,張中,"四2,3,4(理SC 1003)","['', '', '', '234', '', '', '']",《講授類》,[],False
https://selcrs.nsysu.edu.tw/menu5/showoutline.asp?SYEAR=115&SEM=1&CrsDat=MATH205A&Crsname=機率論（一）,,,False,應數系,MATH205A,2,全英班,"機率論（一）
PROBABILITY THEORY (I)",3,期,True,50,0,0,50,林建同,"四2,3,4(理SC 4011)","['', '', '', '234', '', '', '']",《講授類》,[],True
https://selcrs.nsysu.edu.tw/menu5/showoutline.asp?SYEAR=115&SEM=1&CrsDat=MATH208&Crsname=資料結構,,,False,應數系,MATH208,2,不分班,"資料結構
DATA STRUCTURES",3,期,False,50,0,0,50,鍾思齊,"一2,3,4(理SC 2004)","['234', '', '', '', '', '', '']",《講授類》,[],False
https://selcrs.nsysu.edu.tw/menu5/showoutline.asp?SYEAR=115&SEM=1&CrsDat=MATH301&Crsname=數值分析（一）,,,False,應數系,MATH301,3,不分班,"數值分析（一）
NUMERICAL ANALYSIS (I)",3,期,False,50,0,0,50,呂宗澤,"二5(理SC 0012) 四3,4(理SC 2004)","['', '5', '', '34', '', '', '']",《講授類》,[],False
https://selcrs.nsysu.edu.tw/menu5/showoutline.asp?SYEAR=115&SEM=1&CrsDat=MATH302&Crsname=複變函數論（一）,,,False,應數系,MATH302,3,不分班,"複變函數論（一）
COMPLEX ANALYSIS (I)",3,期,False,50,0,0,50,許柏翰,"五5,6,7(理SC 4009-1)","['', '', '', '', '567', '', '']","《講授類》
與碩士班併班上課。",[],True
https://selcrs.nsysu.edu.tw/menu5/showoutline.asp?SYEAR=115&SEM=1&CrsDat=MATH303&Crsname=代數學（一）,,,False,應數系,MATH303,3,不分班,"代數學（一）
ALGEBRA (I)",3,期,False,50,0,0,50,王以晟,"一3,4,B(理SC 4009-1)","['34B', '', '', '', '', '', '']",《講授類》,[],True
https://selcrs.nsysu.edu.tw/menu5/showoutline.asp?SYEAR=115&SEM=1&CrsDat=MATH306&Crsname=統計學（二）,,,False,應數系,MATH306,3,不分班,"統計學（二）
STATISTICS (II)",3,期,False,50,0,0,50,施嘉翰,"一8,7(理SC 1003) 五2(理SC 1003)","['78', '', '', '', '2', '', '']",《講授類》,[],True
https://selcrs.nsysu.edu.tw/menu5/showoutline.asp?SYEAR=115&SEM=1&CrsDat=MATH310&Crsname=高等線性代數（一）,,,False,應數系,MATH310,2,不分班,"高等線性代數（一）
ADVANCED LINEAR ALGEBRA(I)",3,期,False,50,0,0,50,何宗軒,"二5,6,7(理SC 4027)","['', '567', '', '', '', '', '']",《講授類》,[],False
https://selcrs.nsysu.edu.tw/menu5/showoutline.asp?SYEAR=115&SEM=1&CrsDat=MATH315&Crsname=微分方程（二）,,,False,應數系,MATH315,3,不分班,"微分方程（二）
DIFFERENTIAL EQUATIONS (II)",3,期,False,50,0,0,50,陳志漢,"二8,6,7(理SC 0012)","['', '678', '', '', '', '', '']",《講授類》,[],False
https://selcrs.nsysu.edu.tw/menu5/showoutline.asp?SYEAR=115&SEM=1&CrsDat=MATH405&Crsname=統計品管,,,False,應數系,MATH405,4,不分班,"統計品管
STATISTICAL QUALITY CONTROL",3,期,False,50,0,0,50,郭美惠,"三2(理SC 4009-1) 五3,4(理SC 4009-1)","['', '', '2', '', '34', '', '']","《講授類》
與碩士班併班上課。",[],False
https://selcrs.nsysu.edu.tw/menu5/showoutline.asp?SYEAR=115&SEM=1&CrsDat=MATH427&Crsname=精算財務數學（一）,,,False,應數系,MATH427,3,不分班,"精算財務數學（一）
ACTUARIAL FINANCIAL MATHEMATICS (I)",3,期,False,50,0,0,50,李欣倫,"二2,3,4(理SC 4027)","['', '234', '', '', '', '', '']",《講授類》,[],True
https://selcrs.nsysu.edu.tw/menu5/showoutline.asp?SYEAR=115&SEM=1&CrsDat=MATH438&Crsname=科學計算專題研究,,,False,應數系,MATH438,4,不分班,"科學計算專題研究
INDEPENDENT STUDIES IN SCIENTIFIC COMPUTING",3,期,False,50,0,0,50,呂宗澤,"三5,6,7(理SC 3002-7)","['', '', '567', '', '', '', '']",《研討類》,[],False
https://selcrs.nsysu.edu.tw/menu5/showoutline.asp?SYEAR=115&SEM=1&CrsDat=MATH445&Crsname=分析代數專題研究（二）,,,False,應數系,MATH445,4,不分班,"分析代數專題研究（二）
INDEPENDENT STUDIES IN ANALYSIS AND ALGEBRA (II)",3,期,False,50,0,0,50,翁鵬絜,"五5,6,7(理SC 4011-2)","['', '', '', '', '567', '', '']",《講授類》,[],False
https://selcrs.nsysu.edu.tw/menu5/showoutline.asp?SYEAR=115&SEM=1&CrsDat=MATH452&Crsname=迴歸分析,,,False,應數系,MATH452,4,不分班,"迴歸分析
REGRESSION ANALYSIS",3,期,False,50,0,0,50,張中,"一8,6,7(理SC 4009-1)","['678', '', '', '', '', '', '']","《講授類》
與碩士班併班上課。",[],False
https://selcrs.nsysu.edu.tw/menu5/showoutline.asp?SYEAR=115&SEM=1&CrsDat=MATH454&Crsname=統計推論,,,False,應數系,MATH454,4,不分班,"統計推論
STATISTICAL INFERENCE",3,期,False,50,0,0,50,林建同,"二2,3,4(理SC 4009-1)","['', '234', '', '', '', '', '']","《講授類》
與碩士班併班上課。",[],False
https://selcrs.nsysu.edu.tw/menu5/showoutline.asp?SYEAR=115&SEM=1&CrsDat=MATH458&Crsname=Python與機器學習（一）,,,False,應數系,MATH458,4,不分班,"Python與機器學習（一）
MACHINE LEARNING WITH PYTHON (I)",3,期,False,50,0,0,50,張福春,"二5,6,7(理SC 4009-1)","['', '567', '', '', '', '', '']","《講授類》
與碩士班併班上課。",[],False
https://selcrs.nsysu.edu.tw/menu5/showoutline.asp?SYEAR=115&SEM=1&CrsDat=MATH461&Crsname=精算方法與模型,,,False,應數系,MATH461,4,不分班,"精算方法與模型
ACTUARIAL METHODS AND MODELS",3,期,False,50,0,0,50,李欣倫,"一2,3,4(理SC 4011)","['234', '', '', '', '', '', '']","《講授類》
與碩士班併班上課。",[],True
https://selcrs.nsysu.edu.tw/menu5/showoutline.asp?SYEAR=115&SEM=1&CrsDat=MATH481&Crsname=組合學,,,False,應數系,MATH481,4,不分班,"組合學
COMBINATORICS",3,期,False,50,0,0,50,王彩蓮,"一8,6,7(理SC 4013)","['678', '', '', '', '', '', '']","《講授類》
與碩士班併班上課。",[],False
https://selcrs.nsysu.edu.tw/menu5/showoutline.asp?SYEAR=115&SEM=1&CrsDat=EE1003&Crsname=微積分（一）,,,False,電機系,EE1003,1,甲班,"微積分（一）
CALCULUS(I)",3,期,True,50,0,0,50,陳美如,"四2,3,4(工EC 1009)","['', '', '', '234', '', '', '']","《講授類》
與物理系併班上課;本課程英語專班無法抵免",[],False
https://selcrs.nsysu.edu.tw/menu5/showoutline.asp?SYEAR=115&SEM=1&CrsDat=EE1003A&Crsname=微積分（一）,,,False,電機系,EE1003A,1,乙班,"微積分（一）
CALCULUS(I)",3,期,True,50,0,0,50,陳美如,"四2,3,4(工EC 1009)","['', '', '', '234', '', '', '']","《講授類》
與物理系併班上課;本課程英語專班無法抵免",[],False
https://selcrs.nsysu.edu.tw/menu5/showoutline.asp?SYEAR=115&SEM=1&CrsDat=EE1003B&Crsname=微積分（一）,,,False,電機系,EE1003B,1,全英班,"微積分（一）
CALCULUS(I)",3,期,True,70,0,0,70,陳美如,"五2,3,4(工EC 2011)","['', '', '', '', '234', '', '']","《講授類》
與物理系英文組併班上課",[],True
https://selcrs.nsysu.edu.tw/menu5/showoutline.asp?SYEAR=115&SEM=1&CrsDat=EE1300&Crsname=計算機概論,,,False,電機系,EE1300,1,甲班,"計算機概論
INTRODUCTION TO COMPUTERS",3,期,True,70,0,0,70,陳伯煒,"五5,6,7(工EC 1001)","['', '', '', '', '567', '', '']","《講授類》
甲乙班併班上課;本課程英語專班無法抵免",[],False
https://selcrs.nsysu.edu.tw/menu5/showoutline.asp?SYEAR=115&SEM=1&CrsDat=EE1300A&Crsname=計算機概論,,,False,電機系,EE1300A,1,乙班,"計算機概論
INTRODUCTION TO COMPUTERS",3,期,True,70,0,0,70,陳伯煒,"五5,6,7(工EC 1001)","['', '', '', '', '567', '', '']","《講授類》
甲乙班併班上課;本課程英語專班無法抵免",[],False
https://selcrs.nsysu.edu.tw/menu5/showoutline.asp?SYEAR=115&SEM=1&CrsDat=EE1300B&Crsname=計算機概論,,,False,電機系,EE1300B,1,全英班,"計算機概論
INTRODUCTION TO COMPUTERS",3,期,True,70,0,0,70,翁愷貽,"三2,3,4(工EC 2002)","['', '', '234', '', '', '', '']",《講授類》,[],True
https://selcrs.nsysu.edu.tw/menu5/showoutline.asp?SYEAR=115&SEM=1&CrsDat=EE1301&Crsname=計算機程式,,,False,電機系,EE1301,1,甲班,"計算機程式
COMPUTER PROGRAMMING",3,期,True,70,0,0,70,魏家博,"三2,3,4(工EC 2011)","['', '', '234', '', '', '', '']","《講授類》
甲乙班併班上課;本課程英語專班無法抵免",[],False
https://selcrs.nsysu.edu.tw/menu5/showoutline.asp?SYEAR=115&SEM=1&CrsDat=EE1301A&Crsname=計算機程式,,,False,電機系,EE1301A,1,乙班,"計算機程式
COMPUTER PROGRAMMING",3,期,True,70,0,0,70,魏家博,"三2,3,4(工EC 2011)","['', '', '234', '', '', '', '']","《講授類》
甲乙班併班上課;本課程英語專班無法抵免",[],False
https://selcrs.nsysu.edu.tw/menu5/showoutline.asp?SYEAR=115&SEM=1&CrsDat=EE1301B&Crsname=計算機程式,,,False,電機系,EE1301B,1,全英班,"計算機程式
COMPUTER PROGRAMMING",3,期,True,70,0,0,70,魏家博,"四2,3,4(工EC 3014)","['', '', '', '234', '', '', '']",《講授類》,[],True
https://selcrs.nsysu.edu.tw/menu5/showoutline.asp?SYEAR=115&SEM=1&CrsDat=EE1700&Crsname=數位系統設計,,,False,電機系,EE1700,1,甲班,"數位系統設計
DESIGN OF DIGITAL SYSTEMS",3,期,True,70,0,0,70,李宗哲,"四5,6,7(工EC 1009)","['', '', '', '567', '', '', '']","《講授類》
甲乙班併班上課;本課程英語專班無法抵免",[],False
https://selcrs.nsysu.edu.tw/menu5/showoutline.asp?SYEAR=115&SEM=1&CrsDat=EE1700A&Crsname=數位系統設計,,,False,電機系,EE1700A,1,乙班,"數位系統設計
DESIGN OF DIGITAL SYSTEMS",3,期,True,70,0,0,70,李宗哲,"四5,6,7(工EC 1009)","['', '', '', '567', '', '', '']","《講授類》
甲乙班併班上課;本課程英語專班無法抵免",[],False
https://selcrs.nsysu.edu.tw/menu5/showoutline.asp?SYEAR=115&SEM=1&CrsDat=EE1700B&Crsname=數位系統設計,,,False,電機系,EE1700B,1,全英班,"數位系統設計
DESIGN OF DIGITAL SYSTEMS",3,期,True,70,0,0,70,王朝欽,"一2,3,4(工EC 3009)","['234', '', '', '', '', '', '']",《講授類》,[],True
https://selcrs.nsysu.edu.tw/menu5/showoutline.asp?SYEAR=115&SEM=1&CrsDat=EE2006&Crsname=電工實驗（一）,,,False,電機系,EE2006,2,甲班,"電工實驗（一）
ELECTRICAL ENGINEERING LAB.(I)",1,期,True,50,0,0,50,"莊豐任,謝耀慶","三2,3,4(工EC 6023)(實驗)","['', '', '234', '', '', '', '']","《實驗類》
甲乙英文班併班上課",[],True
https://selcrs.nsysu.edu.tw/menu5/showoutline.asp?SYEAR=115&SEM=1&CrsDat=EE2006A&Crsname=電工實驗（一）,,,False,電機系,EE2006A,2,乙班,"電工實驗（一）
ELECTRICAL ENGINEERING LAB.(I)",1,期,True,50,0,0,50,"莊豐任,謝耀慶","三2,3,4(工EC 6023)(實驗)","['', '', '234', '', '', '', '']","《實驗類》
甲乙英文班併班上課",[],True
https://selcrs.nsysu.edu.tw/menu5/showoutline.asp?SYEAR=115&SEM=1&CrsDat=EE2006B&Crsname=電工實驗（一）,,,False,電機系,EE2006B,2,全英班,"電工實驗（一）
ELECTRICAL ENGINEERING LAB.(I)",1,期,True,58,0,0,58,"莊豐任,謝耀慶","三2,3,4(工EC 6018)(實驗)","['', '', '234', '', '', '', '']","《實驗類》
甲乙英文班併班上課",[],True
https://selcrs.nsysu.edu.tw/menu5/showoutline.asp?SYEAR=115&SEM=1&CrsDat=EE2100&Crsname=電子學（一）,,,False,電機系,EE2100,2,甲班,"電子學（一）
ELECTRONICS (I)",3,期,True,70,0,0,70,馬誠佑,"二2,3,4(工EC 6019)","['', '234', '', '', '', '', '']","《講授類》
甲乙班併班上課;本課程英語專班無法抵免",[],False
https://selcrs.nsysu.edu.tw/menu5/showoutline.asp?SYEAR=115&SEM=1&CrsDat=EE2100A&Crsname=電子學（一）,,,False,電機系,EE2100A,2,乙班,"電子學（一）
ELECTRONICS (I)",3,期,True,70,0,0,70,馬誠佑,"二2,3,4(工EC 6019)","['', '234', '', '', '', '', '']","《講授類》
甲乙班併班上課;本課程英語專班無法抵免",[],False
https://selcrs.nsysu.edu.tw/menu5/showoutline.asp?SYEAR=115&SEM=1&CrsDat=EE2100B&Crsname=電子學（一）,,,False,電機系,EE2100B,2,全英班,"電子學（一）
ELECTRONICS (I)",3,期,True,75,0,0,75,陳昶孝,"五2,3,4(工EC 6019)","['', '', '', '', '234', '', '']",《講授類》,[],True
https://selcrs.nsysu.edu.tw/menu5/showoutline.asp?SYEAR=115&SEM=1&CrsDat=EE2204&Crsname=矩陣理論及應用,,,False,電機系,EE2204,2,不分班,"矩陣理論及應用
MATRIX THEORY AND APPLICATIONS",3,期,False,50,0,0,50,高崇堯,"一5,6,7(工EC 2007)","['567', '', '', '', '', '', '']",《講授類》,[],False
https://selcrs.nsysu.edu.tw/menu5/showoutline.asp?SYEAR=115&SEM=1&CrsDat=EE2305&Crsname=資料結構,,,False,電機系,EE2305,2,不分班,"資料結構
DATA STRUCTURES",3,期,False,50,0,0,50,周孜燦,"三5,6,7(工EC 3013)","['', '', '567', '', '', '', '']",《講授類》,[],False
https://selcrs.nsysu.edu.tw/menu5/showoutline.asp?SYEAR=115&SEM=1&CrsDat=EE2401&Crsname=電路學（二）,,,False,電機系,EE2401,2,甲班,"電路學（二）
CIRCUIT THEORY (II)",3,期,True,70,0,0,70,李宗璘,"一2,3,4(工EC 1009)","['234', '', '', '', '', '', '']","《講授類》
甲乙班併班上課;本課程英語專班無法抵免",[],False
https://selcrs.nsysu.edu.tw/menu5/showoutline.asp?SYEAR=115&SEM=1&CrsDat=EE2401A&Crsname=電路學（二）,,,False,電機系,EE2401A,2,乙班,"電路學（二）
CIRCUIT THEORY (II)",3,期,True,70,0,0,70,李宗璘,"一2,3,4(工EC 1009)","['234', '', '', '', '', '', '']","《講授類》
甲乙班併班上課;本課程英語專班無法抵免",[],False
https://selcrs.nsysu.edu.tw/menu5/showoutline.asp?SYEAR=115&SEM=1&CrsDat=EE2401B&Crsname=電路學（二）,,,False,電機系,EE2401B,2,全英班,"電路學（二）
CIRCUIT THEORY (II)",3,期,True,70,0,0,70,余祥華,"四2,3,4(工EC 3013)","['', '', '', '234', '', '', '']",《講授類》,[],True
https://selcrs.nsysu.edu.tw/menu5/showoutline.asp?SYEAR=115&SEM=1&CrsDat=EE2403&Crsname=電力電子學,,,False,電機系,EE2403,3,不分班,"電力電子學
POWER ELECTRONICS",3,期,False,50,0,0,50,哈菲茲,"三2,3,4(工EC 3014)","['', '', '234', '', '', '', '']",《講授類》,[],True
https://selcrs.nsysu.edu.tw/menu5/showoutline.asp?SYEAR=115&SEM=1&CrsDat=EE2500&Crsname=電磁學（一）,,,False,電機系,EE2500,2,甲班,"電磁學（一）
ELECTROMAGNETIC THEORY (I)",3,期,True,70,0,0,70,李杰穎,"二5,6,7(工EC 1009)","['', '567', '', '', '', '', '']","《講授類》
甲乙班併班上課;本課程英語專班無法抵免",[],False
https://selcrs.nsysu.edu.tw/menu5/showoutline.asp?SYEAR=115&SEM=1&CrsDat=EE2500A&Crsname=電磁學（一）,,,False,電機系,EE2500A,2,乙班,"電磁學（一）
ELECTROMAGNETIC THEORY (I)",3,期,True,70,0,0,70,李杰穎,"二5,6,7(工EC 1009)","['', '567', '', '', '', '', '']","《講授類》
甲乙班併班上課;本課程英語專班無法抵免",[],False
https://selcrs.nsysu.edu.tw/menu5/showoutline.asp?SYEAR=115&SEM=1&CrsDat=EE2500B&Crsname=電磁學（一）,,,False,電機系,EE2500B,2,全英班,"電磁學（一）
ELECTROMAGNETIC THEORY (I)",3,期,True,80,0,0,80,沈昭元,"二2,3,4(工EC 3013)","['', '234', '', '', '', '', '']",《講授類》,[],True
https://selcrs.nsysu.edu.tw/menu5/showoutline.asp?SYEAR=115&SEM=1&CrsDat=EE2600&Crsname=訊號與系統,,,False,電機系,EE2600,2,甲班,"訊號與系統
SIGNALS AND SYSTEMS",3,期,True,70,0,0,70,曾凡碩,"四5,6,7(工EC 2002)","['', '', '', '567', '', '', '']","《講授類》
甲乙班併班上課;本課程英語專班無法抵免",[],False
https://selcrs.nsysu.edu.tw/menu5/showoutline.asp?SYEAR=115&SEM=1&CrsDat=EE2600A&Crsname=訊號與系統,,,False,電機系,EE2600A,2,乙班,"訊號與系統
SIGNALS AND SYSTEMS",3,期,True,70,0,0,70,曾凡碩,"四5,6,7(工EC 2002)","['', '', '', '567', '', '', '']","《講授類》
甲乙班併班上課;本課程英語專班無法抵免",[],False
https://selcrs.nsysu.edu.tw/menu5/showoutline.asp?SYEAR=115&SEM=1&CrsDat=EE2600B&Crsname=訊號與系統,,,False,電機系,EE2600B,2,全英班,"訊號與系統
SIGNALS AND SYSTEMS",3,期,True,70,0,0,70,曾乙立,"二5,6,7(工EC 3013)","['', '567', '', '', '', '', '']",《講授類》,[],True
https://selcrs.nsysu.edu.tw/menu5/showoutline.asp?SYEAR=115&SEM=1&CrsDat=EE2701&Crsname=硬體描述語言,,,False,電機系,EE2701,2,不分班,"硬體描述語言
HARDWARE DESCRIPTION LANGUAGES",3,期,False,50,0,0,50,待聘,"四2,3,4(工EC 6018)","['', '', '', '234', '', '', '']",《講授類》,[],False
https://selcrs.nsysu.edu.tw/menu5/showoutline.asp?SYEAR=115&SEM=1&CrsDat=EE3008&Crsname=電工實驗（三）,,,False,電機系,EE3008,3,甲班,"電工實驗（三）
ELECTRICAL ENGINEERING LAB. (III)",1,期,True,50,0,0,50,"待聘,陳有德","三5,6,7(工EC 6018)(實驗)","['', '', '567', '', '', '', '']","《實驗類》
本課程英語專班無法抵免",[],False
https://selcrs.nsysu.edu.tw/menu5/showoutline.asp?SYEAR=115&SEM=1&CrsDat=EE3008A&Crsname=電工實驗（三）,,,False,電機系,EE3008A,3,乙班,"電工實驗（三）
ELECTRICAL ENGINEERING LAB. (III)",1,期,True,50,0,0,50,"待聘,陳有德","三5,6,7(工EC 6023)(實驗)","['', '', '567', '', '', '', '']","《實驗類》
本課程英語專班無法抵免",[],False
https://selcrs.nsysu.edu.tw/menu5/showoutline.asp?SYEAR=115&SEM=1&CrsDat=EE3008B&Crsname=電工實驗（三）,,,False,電機系,EE3008B,3,全英班,"電工實驗（三）
ELECTRICAL ENGINEERING LAB. (III)",1,期,True,56,0,0,56,"待聘,陳有德","四5,6,7(工EC 6018)(實驗)","['', '', '', '567', '', '', '']",《實驗類》,[],True
https://selcrs.nsysu.edu.tw/menu5/showoutline.asp?SYEAR=115&SEM=1&CrsDat=EE3102&Crsname=電子學（三）,,,False,電機系,EE3102,3,不分班,"電子學（三）
ELECTRONICS (III)",3,期,False,50,0,0,50,陳有德,"三2,3,4(工EC 2010)","['', '', '234', '', '', '', '']",《講授類》,[],False
https://selcrs.nsysu.edu.tw/menu5/showoutline.asp?SYEAR=115&SEM=1&CrsDat=EE3106&Crsname=半導體元件（一）,,,False,電機系,EE3106,3,不分班,"半導體元件（一）
SEMICONDUCTOR DEVICES (I)",3,期,False,80,0,0,80,莊豐任,"四2,3,4(工EC 6019)","['', '', '', '234', '', '', '']",《講授類》,[],False
https://selcrs.nsysu.edu.tw/menu5/showoutline.asp?SYEAR=115&SEM=1&CrsDat=EE3113&Crsname=化合物半導體概論,,,False,電機系,EE3113,3,不分班,"化合物半導體概論
INTRODUCTION TO COMPOUND SEMICONDUCTORS",3,期,False,50,0,0,50,待聘,"三2,3,4(工EC 3010)","['', '', '234', '', '', '', '']",《講授類》,[],False
https://selcrs.nsysu.edu.tw/menu5/showoutline.asp?SYEAR=115&SEM=1&CrsDat=EE3114&Crsname=電子材料工程,,,False,電機系,EE3114,3,不分班,"電子材料工程
ELECTRONIC MATERIALS AND ENGINEERING",3,期,False,50,0,0,50,劉漢胤,"二5,6,7(工EC 3014)","['', '567', '', '', '', '', '']",《講授類》,[],False
https://selcrs.nsysu.edu.tw/menu5/showoutline.asp?SYEAR=115&SEM=1&CrsDat=EE3202&Crsname=控制系統,,,False,電機系,EE3202,3,甲班,"控制系統
CONTROL SYSTEMS",3,期,True,75,0,0,75,陳建璋,"一2,3,4(工EC 3012)","['234', '', '', '', '', '', '']","《講授類》
本課程英語專班無法抵免",[],False
https://selcrs.nsysu.edu.tw/menu5/showoutline.asp?SYEAR=115&SEM=1&CrsDat=EE3202A&Crsname=控制系統,,,False,電機系,EE3202A,3,乙班,"控制系統
CONTROL SYSTEMS",3,期,True,75,0,0,75,陳建璋,"一8,6,7(工EC 3012)","['678', '', '', '', '', '', '']","《講授類》
本課程英語專班無法抵免",[],False
https://selcrs.nsysu.edu.tw/menu5/showoutline.asp?SYEAR=115&SEM=1&CrsDat=EE3202B&Crsname=控制系統,,,False,電機系,EE3202B,3,全英班,"控制系統
CONTROL SYSTEMS",3,期,True,75,0,0,75,康斯証,"五5,6,7(工EC 3014)","['', '', '', '', '567', '', '']",《講授類》,[],True
https://selcrs.nsysu.edu.tw/menu5/showoutline.asp?SYEAR=115&SEM=1&CrsDat=EE3317&Crsname=無人載具概論,,,False,電機系,EE3317,3,不分班,"無人載具概論
INTRODUCTION OF UNMANNED VEHICLES",3,期,False,100,0,0,100,"李宗璘,翁愷貽,謝耀慶,鄧人豪","五5,6,7(工EC 6019)","['', '', '', '', '567', '', '']",《講授類》,[],False
https://selcrs.nsysu.edu.tw/menu5/showoutline.asp?SYEAR=115&SEM=1&CrsDat=EE3320&Crsname=實用程式設計及其應用,,,False,電機系,EE3320,4,不分班,"實用程式設計及其應用
PRACTICAL PROGRAMMING AND APPLICATIONS",1,期,False,50,0,0,50,"周孜燦,翁愷貽,陳伯煒","五2,3,4(工EC 6010-2)(實驗)","['', '', '', '', '234', '', '']",《實驗類》,[],False
https://selcrs.nsysu.edu.tw/menu5/showoutline.asp?SYEAR=115&SEM=1&CrsDat=EE3404&Crsname=電力系統（一）,,,False,電機系,EE3404,3,不分班,"電力系統（一）
POWER SYSTEMS(I)",3,期,False,50,0,0,50,盧展南,"四5,6,7(工EC 3009)","['', '', '', '567', '', '', '']",《講授類》,[],False
https://selcrs.nsysu.edu.tw/menu5/showoutline.asp?SYEAR=115&SEM=1&CrsDat=EE3404A&Crsname=電力系統（一）,,,False,電機系,EE3404A,3,不分班,"電力系統（一）
POWER SYSTEMS(I)",3,期,False,50,0,0,50,艾慕明,"一2,3,4(工EC 2007)","['234', '', '', '', '', '', '']",《講授類》,[],True
https://selcrs.nsysu.edu.tw/menu5/showoutline.asp?SYEAR=115&SEM=1&CrsDat=EE3408&Crsname=電機動態與控制,,,False,電機系,EE3408,3,不分班,"電機動態與控制
DYNAMIC ANALYSES AND CONTROLS OF ELECTRIC MACHINERY",3,期,False,50,0,0,50,林省揚,"一8,6,7(工EC 7040)","['678', '', '', '', '', '', '']",《講授類》,[],True
https://selcrs.nsysu.edu.tw/menu5/showoutline.asp?SYEAR=115&SEM=1&CrsDat=EE3502&Crsname=微波工程,,,False,電機系,EE3502,3,不分班,"微波工程
MICROWAVE ENGINEERING",3,期,False,50,0,0,50,待聘,"四2,3,4(工EC 3009)","['', '', '', '234', '', '', '']",《講授類》,[],False
https://selcrs.nsysu.edu.tw/menu5/showoutline.asp?SYEAR=115&SEM=1&CrsDat=EE3513&Crsname=無線功率傳輸系統,,,False,電機系,EE3513,4,不分班,"無線功率傳輸系統
WIRELESS POWER TRANSFER SYSTEM",3,期,False,50,0,0,50,孔明隆,"五2,3,4(工EC 2007)","['', '', '', '', '234', '', '']",《講授類》,[],False
https://selcrs.nsysu.edu.tw/menu5/showoutline.asp?SYEAR=115&SEM=1&CrsDat=EE3602&Crsname=通訊系統,,,False,電機系,EE3602,3,甲班,"通訊系統
COMMUNICATION SYSTEMS",3,期,True,70,0,0,70,王藏億,"五2,3,4(工EC 2002)","['', '', '', '', '234', '', '']","《講授類》
甲乙班併班上課;本課程英語專班無法抵免",[],False
https://selcrs.nsysu.edu.tw/menu5/showoutline.asp?SYEAR=115&SEM=1&CrsDat=EE3602A&Crsname=通訊系統,,,False,電機系,EE3602A,3,乙班,"通訊系統
COMMUNICATION SYSTEMS",3,期,True,70,0,0,70,王藏億,"五2,3,4(工EC 2002)","['', '', '', '', '234', '', '']","《講授類》
甲乙班併班上課;本課程英語專班無法抵免",[],False
https://selcrs.nsysu.edu.tw/menu5/showoutline.asp?SYEAR=115&SEM=1&CrsDat=EE3602B&Crsname=通訊系統,,,False,電機系,EE3602B,3,全英班,"通訊系統
COMMUNICATION SYSTEMS",3,期,True,70,0,0,70,吳孝純,"三5,6,7(工EC 3014)","['', '', '567', '', '', '', '']",《講授類》,[],True
https://selcrs.nsysu.edu.tw/menu5/showoutline.asp?SYEAR=115&SEM=1&CrsDat=EE3705&Crsname=實用數位系統設計,,,False,電機系,EE3705,4,不分班,"實用數位系統設計
PRACTICAL DIGITAL SYSTEMS DESIGN",3,期,False,50,0,0,50,謝東佑,"五5,6,7(工EC 2010)","['', '', '', '', '567', '', '']",《講授類》,[],True
https://selcrs.nsysu.edu.tw/menu5/showoutline.asp?SYEAR=115&SEM=1&CrsDat=EE3901&Crsname=數值運算實務,,,False,電機系,EE3901,3,不分班,"數值運算實務
PRACTICE OF NUMERICAL COMPUTING",3,期,False,50,0,0,50,吳珮歆,"三2,3,4(工EC 6016)","['', '', '234', '', '', '', '']",《講授類》,[],False
https://selcrs.nsysu.edu.tw/menu5/showoutline.asp?SYEAR=115&SEM=1&CrsDat=EE4108&Crsname=微電子技術,,,False,電機系,EE4108,4,不分班,"微電子技術
MICROELECTRONIC TECHNOLOGY",3,期,False,50,0,0,50,待聘,"一8,6,7(工EC 3009)","['678', '', '', '', '', '', '']",《講授類》,[],True
https://selcrs.nsysu.edu.tw/menu5/showoutline.asp?SYEAR=115&SEM=1&CrsDat=EE4318&Crsname=資訊安全概論,,,False,電機系,EE4318,4,不分班,"資訊安全概論
INTRODUCTION TO INFORMATION SECURITY",3,期,False,50,0,0,50,葉小小,"四2,3,4(工EC 3012)","['', '', '', '234', '', '', '']",《講授類》,[],True
https://selcrs.nsysu.edu.tw/menu5/showoutline.asp?SYEAR=115&SEM=1&CrsDat=EE4516&Crsname=進階天線設計實驗,,,False,電機系,EE4516,4,不分班,"進階天線設計實驗
ADVANCED ANTENNA DESIGNS LABORATORY",1,期,False,50,0,0,50,沈昭元,"二8,9,7(工EC 6023)(實驗)","['', '789', '', '', '', '', '']",《實驗類》,[],True
https://selcrs.nsysu.edu.tw/menu5/showoutline.asp?SYEAR=115&SEM=1&CrsDat=EE4612&Crsname=數位訊號處理導論,,,False,電機系,EE4612,4,不分班,"數位訊號處理導論
INTRODUCTION TO DIGITAL SIGNAL PROCESSING",3,期,False,50,0,0,50,陳有德,"一2,3,4(工EC 3010)","['234', '', '', '', '', '', '']",《講授類》,[],False
https://selcrs.nsysu.edu.tw/menu5/showoutline.asp?SYEAR=115&SEM=1&CrsDat=EE4616&Crsname=機率模式與應用,,,False,電機系,EE4616,4,不分班,"機率模式與應用
PROBABILITY MODELS AND APPLICATIONS",3,期,False,50,0,0,50,陳有德,"四2,3,4(工EC 3010)","['', '', '', '234', '', '', '']",《講授類》,[],False
https://selcrs.nsysu.edu.tw/menu5/showoutline.asp?SYEAR=115&SEM=1&CrsDat=EE4616A&Crsname=機率模式與應用,,,False,電機系,EE4616A,3,不分班,"機率模式與應用
PROBABILITY MODELS AND APPLICATIONS",3,期,False,50,0,0,50,梁家昌,"二8,6,7(工EC 3010)","['', '678', '', '', '', '', '']",《講授類》,[],True
https://selcrs.nsysu.edu.tw/menu5/showoutline.asp?SYEAR=115&SEM=1&CrsDat=EE4706&Crsname=生醫工程導論,,,False,電機系,EE4706,3,不分班,"生醫工程導論
INTRODUCTION TO BIOMEDICAL ENGINEERING",3,期,False,50,0,0,50,莊子肇,"四5,6,7(工EC 2007)","['', '', '', '567', '', '', '']",《講授類》,[],False
https://selcrs.nsysu.edu.tw/menu5/showoutline.asp?SYEAR=115&SEM=1&CrsDat=EE4808&Crsname=電機工程進階實作專案,,,False,電機系,EE4808,4,不分班,"電機工程進階實作專案
ADVANCED ELECTRICAL ENGINEERING PROJECT",3,期,False,50,0,0,50,曾乙立,一A(工EC 6013) 二A(工EC 6013)(實驗) 三A(工EC 6013)(實驗) 四A(工EC 6013)(實驗) 五A(工EC 6013)(實驗),"['A', 'A', 'A', 'A', 'A', '', '']",《實驗類》,[],True
https://selcrs.nsysu.edu.tw/menu5/showoutline.asp?SYEAR=115&SEM=1&CrsDat=MEME101&Crsname=微積分（一）,,,False,機電系,MEME101,1,甲班,"微積分（一）
CALCULUS(I)",3,期,True,60,0,0,60,翁鵬絜,"五2,3,4(工EC 1009)","['', '', '', '', '234', '', '']","《講授類》
一甲、一乙併班上課",[],False
https://selcrs.nsysu.edu.tw/menu5/showoutline.asp?SYEAR=115&SEM=1&CrsDat=MEME101A&Crsname=微積分（一）,,,False,機電系,MEME101A,1,乙班,"微積分（一）
CALCULUS(I)",3,期,True,60,0,0,60,翁鵬絜,"五2,3,4(工EC 1009)","['', '', '', '', '234', '', '']","《講授類》
一甲、一乙併班上課",[],False
https://selcrs.nsysu.edu.tw/menu5/showoutline.asp?SYEAR=115&SEM=1&CrsDat=MEME101B&Crsname=微積分（一）,,,False,機電系,MEME101B,1,全英班,"微積分（一）
CALCULUS(I)",3,期,True,60,0,0,60,待聘,"五2,3,4(理SC 1005)","['', '', '', '', '234', '', '']","《講授類》
與海工系併班授課",[],True
https://selcrs.nsysu.edu.tw/menu5/showoutline.asp?SYEAR=115&SEM=1&CrsDat=MEME102&Crsname=圖學,,,False,機電系,MEME102,1,甲班,"圖學
GRAPHICS",2,期,True,50,0,0,50,曾偉智,"一5,6(工EN 4055-2)","['56', '', '', '', '', '', '']",《講授類》,[],False
https://selcrs.nsysu.edu.tw/menu5/showoutline.asp?SYEAR=115&SEM=1&CrsDat=MEME102A&Crsname=圖學,,,False,機電系,MEME102A,1,乙班,"圖學
GRAPHICS",2,期,True,50,0,0,50,曾偉智,"一8,7(工EN 4055-2)","['78', '', '', '', '', '', '']",《講授類》,[],False
https://selcrs.nsysu.edu.tw/menu5/showoutline.asp?SYEAR=115&SEM=1&CrsDat=MEME102B&Crsname=圖學,,,False,機電系,MEME102B,1,全英班,"圖學
GRAPHICS",2,期,True,50,0,0,50,曾偉智,"四8,9(工EN 4055-2)","['', '', '', '89', '', '', '']",《講授類》,[],True
https://selcrs.nsysu.edu.tw/menu5/showoutline.asp?SYEAR=115&SEM=1&CrsDat=MEME103&Crsname=工程電腦程式,,,False,機電系,MEME103,1,甲班,"工程電腦程式
ENGINEERING COMPUTER PROGRAMMING",3,期,True,50,0,0,50,朱訓鵬,"四2,3,4(工EN 4055-2)","['', '', '', '234', '', '', '']","《講授類》
與跨院選修併班上課",[],False
https://selcrs.nsysu.edu.tw/menu5/showoutline.asp?SYEAR=115&SEM=1&CrsDat=MEME103A&Crsname=工程電腦程式,,,False,機電系,MEME103A,1,乙班,"工程電腦程式
ENGINEERING COMPUTER PROGRAMMING",3,期,True,50,0,0,50,朱訓鵬,"一2,3,4(工EN 4055-2)","['234', '', '', '', '', '', '']","《講授類》
與跨院選修併班上課",[],False
https://selcrs.nsysu.edu.tw/menu5/showoutline.asp?SYEAR=115&SEM=1&CrsDat=MEME103B&Crsname=工程電腦程式,,,False,機電系,MEME103B,1,全英班,"工程電腦程式
ENGINEERING COMPUTER PROGRAMMING",3,期,True,50,0,0,50,劉耿豪,"四5,6,7(工EN 4055-2)","['', '', '', '567', '', '', '']",《講授類》,[],True
https://selcrs.nsysu.edu.tw/menu5/showoutline.asp?SYEAR=115&SEM=1&CrsDat=MEME105&Crsname=應用力學（一）,,,False,機電系,MEME105,1,甲班,"應用力學（一）
APPLIED MECHANICS (I)",3,期,True,50,0,0,50,吳美玲,"四5,6,7(工EN 4055-1)","['', '', '', '567', '', '', '']","《講授類》
一甲、一乙併班上課",[],False
https://selcrs.nsysu.edu.tw/menu5/showoutline.asp?SYEAR=115&SEM=1&CrsDat=MEME105A&Crsname=應用力學（一）,,,False,機電系,MEME105A,1,乙班,"應用力學（一）
APPLIED MECHANICS (I)",3,期,True,50,0,0,50,吳美玲,"四5,6,7(工EN 4055-1)","['', '', '', '567', '', '', '']","《講授類》
一甲、一乙併班上課",[],False
https://selcrs.nsysu.edu.tw/menu5/showoutline.asp?SYEAR=115&SEM=1&CrsDat=MEME105B&Crsname=應用力學（一）,,,False,機電系,MEME105B,1,全英班,"應用力學（一）
APPLIED MECHANICS (I)",3,期,True,50,0,0,50,盧威廷,"三5,6,7(工EN 3021)","['', '', '567', '', '', '', '']",《講授類》,[],True
https://selcrs.nsysu.edu.tw/menu5/showoutline.asp?SYEAR=115&SEM=1&CrsDat=MEME111&Crsname=Python程式語言,,,False,機電系,MEME111,1,不分班,"Python程式語言
PYTHON PROGRAMMING LANGUAGE",3,期,False,50,0,0,50,楊政融,"五2,3,4(工EN 4055-2)","['', '', '', '', '234', '', '']",《講授類》,[],True
https://selcrs.nsysu.edu.tw/menu5/showoutline.asp?SYEAR=115&SEM=1&CrsDat=MEME201&Crsname=工程數學（一）,,,False,機電系,MEME201,2,甲班,"工程數學（一）
ENGINEERING MATHEMATICS(I)",3,期,True,50,0,0,50,劉耿豪,"三5,6,7(工EN 4055-1)","['', '', '567', '', '', '', '']","《講授類》
二甲、二乙併班上課",[],False
https://selcrs.nsysu.edu.tw/menu5/showoutline.asp?SYEAR=115&SEM=1&CrsDat=MEME201A&Crsname=工程數學（一）,,,False,機電系,MEME201A,2,乙班,"工程數學（一）
ENGINEERING MATHEMATICS(I)",3,期,True,50,0,0,50,劉耿豪,"三5,6,7(工EN 4055-1)","['', '', '567', '', '', '', '']","《講授類》
二甲、二乙併班上課",[],False
https://selcrs.nsysu.edu.tw/menu5/showoutline.asp?SYEAR=115&SEM=1&CrsDat=MEME201B&Crsname=工程數學（一）,,,False,機電系,MEME201B,2,全英班,"工程數學（一）
ENGINEERING MATHEMATICS(I)",3,期,True,50,0,0,50,汪正祺,"二2,3,4(工EC 2006)","['', '234', '', '', '', '', '']",《講授類》,[],True
https://selcrs.nsysu.edu.tw/menu5/showoutline.asp?SYEAR=115&SEM=1&CrsDat=MEME203&Crsname=熱力學,,,False,機電系,MEME203,2,甲班,"熱力學
THERMODYNAMICS",3,期,True,75,0,0,75,郭振坤,"一5,6,7(工EN 4055-1)","['567', '', '', '', '', '', '']","《講授類》
二甲、二乙併班",[],False
https://selcrs.nsysu.edu.tw/menu5/showoutline.asp?SYEAR=115&SEM=1&CrsDat=MEME203A&Crsname=熱力學,,,False,機電系,MEME203A,2,乙班,"熱力學
THERMODYNAMICS",3,期,True,75,0,0,75,郭振坤,"一5,6,7(工EN 4055-1)","['567', '', '', '', '', '', '']","《講授類》
二甲、二乙併班上課",[],False
https://selcrs.nsysu.edu.tw/menu5/showoutline.asp?SYEAR=115&SEM=1&CrsDat=MEME203B&Crsname=熱力學,,,False,機電系,MEME203B,2,全英班,"熱力學
THERMODYNAMICS",3,期,True,50,0,0,50,待聘,"一5,6,7(工EC 2003)","['567', '', '', '', '', '', '']",《講授類》,[],True
https://selcrs.nsysu.edu.tw/menu5/showoutline.asp?SYEAR=115&SEM=1&CrsDat=MEME204&Crsname=電路學,,,False,機電系,MEME204,2,甲班,"電路學
ELECTRIC CIRCUIT THEORY",3,期,True,50,0,0,50,許煜亮,"二2,3,4(工EN 4055-1)","['', '234', '', '', '', '', '']","《講授類》
二甲、二乙併班",[],False
https://selcrs.nsysu.edu.tw/menu5/showoutline.asp?SYEAR=115&SEM=1&CrsDat=MEME204A&Crsname=電路學,,,False,機電系,MEME204A,2,乙班,"電路學
ELECTRIC CIRCUIT THEORY",3,期,True,50,0,0,50,許煜亮,"二2,3,4(工EN 4055-1)","['', '234', '', '', '', '', '']","《講授類》
二甲、二乙併班上課",[],False
https://selcrs.nsysu.edu.tw/menu5/showoutline.asp?SYEAR=115&SEM=1&CrsDat=MEME204B&Crsname=電路學,,,False,機電系,MEME204B,2,全英班,"電路學
ELECTRIC CIRCUIT THEORY",3,期,True,50,0,0,50,程啓正,"三2,3,4(工EC 2006)","['', '', '234', '', '', '', '']",《講授類》,[],True
https://selcrs.nsysu.edu.tw/menu5/showoutline.asp?SYEAR=115&SEM=1&CrsDat=MEME205&Crsname=精密機械製造,,,False,機電系,MEME205,2,甲班,"精密機械製造
PRECISION MANUFACTURING PROCESS",3,期,True,50,0,0,50,楊政融,"一2,3,4(工EN 4055-1)","['234', '', '', '', '', '', '']","《講授類》
二甲、二乙併班",[],False
https://selcrs.nsysu.edu.tw/menu5/showoutline.asp?SYEAR=115&SEM=1&CrsDat=MEME205A&Crsname=精密機械製造,,,False,機電系,MEME205A,2,乙班,"精密機械製造
PRECISION MANUFACTURING PROCESS",3,期,True,50,0,0,50,楊政融,"一2,3,4(工EN 4055-1)","['234', '', '', '', '', '', '']","《講授類》
二甲、二乙併班上課",[],False
https://selcrs.nsysu.edu.tw/menu5/showoutline.asp?SYEAR=115&SEM=1&CrsDat=MEME205B&Crsname=精密機械製造,,,False,機電系,MEME205B,2,全英班,"精密機械製造
PRECISION MANUFACTURING PROCESS",3,期,True,50,0,0,50,李伯軒,"四5,6,7(工EN 3021)","['', '', '', '567', '', '', '']",《講授類》,[],True
https://selcrs.nsysu.edu.tw/menu5/showoutline.asp?SYEAR=115&SEM=1&CrsDat=MEME207&Crsname=材料力學,,,False,機電系,MEME207,2,甲班,"材料力學
MECHANICS OF MATERIALS",3,期,True,50,0,0,50,待聘,"四4(工EC 2003) 五3,4(工EC 2003)","['', '', '', '4', '34', '', '']",《講授類》,[],False
https://selcrs.nsysu.edu.tw/menu5/showoutline.asp?SYEAR=115&SEM=1&CrsDat=MEME207A&Crsname=材料力學,,,False,機電系,MEME207A,2,乙班,"材料力學
MECHANICS OF MATERIALS",3,期,True,50,0,0,50,待聘,"三2,3,4(工EC 2003)","['', '', '234', '', '', '', '']",《講授類》,[],False
https://selcrs.nsysu.edu.tw/menu5/showoutline.asp?SYEAR=115&SEM=1&CrsDat=MEME207B&Crsname=材料力學,,,False,機電系,MEME207B,2,全英班,"材料力學
MECHANICS OF MATERIALS",3,期,True,50,0,0,50,待聘,"二5,6,7(工EC 2003)","['', '567', '', '', '', '', '']",《講授類》,[],True
https://selcrs.nsysu.edu.tw/menu5/showoutline.asp?SYEAR=115&SEM=1&CrsDat=MEME301&Crsname=機械設計原理（一）,,,False,機電系,MEME301,3,甲班,"機械設計原理（一）
PRINCIPLES OF MACHINE DESIGN(I)",3,期,True,50,0,0,50,蔡尚南,"一8,6,7(工EC 3003)","['678', '', '', '', '', '', '']",《講授類》,[],False
https://selcrs.nsysu.edu.tw/menu5/showoutline.asp?SYEAR=115&SEM=1&CrsDat=MEME301A&Crsname=機械設計原理（一）,,,False,機電系,MEME301A,3,乙班,"機械設計原理（一）
PRINCIPLES OF MACHINE DESIGN(I)",3,期,True,50,0,0,50,郭清德,"一5,6,7(工EC 3002)","['567', '', '', '', '', '', '']",《講授類》,[],False
https://selcrs.nsysu.edu.tw/menu5/showoutline.asp?SYEAR=115&SEM=1&CrsDat=MEME301B&Crsname=機械設計原理（一）,,,False,機電系,MEME301B,3,全英班,"機械設計原理（一）
PRINCIPLES OF MACHINE DESIGN(I)",3,期,True,50,0,0,50,胡龍豪,"三5,6,7(工EC 3003)","['', '', '567', '', '', '', '']",《講授類》,[],True
https://selcrs.nsysu.edu.tw/menu5/showoutline.asp?SYEAR=115&SEM=1&CrsDat=MEME303&Crsname=自動控制,,,False,機電系,MEME303,3,甲班,"自動控制
AUTOMATIC CONTROL",3,期,True,50,0,0,50,待聘,"五2,3,4(工EN 4055-1)","['', '', '', '', '234', '', '']","《講授類》
三甲、三乙併班上課",[],False
https://selcrs.nsysu.edu.tw/menu5/showoutline.asp?SYEAR=115&SEM=1&CrsDat=MEME303A&Crsname=自動控制,,,False,機電系,MEME303A,3,乙班,"自動控制
AUTOMATIC CONTROL",3,期,True,50,0,0,50,待聘,"五2,3,4(工EN 4055-1)","['', '', '', '', '234', '', '']","《講授類》
三甲、三乙併班上課",[],False
https://selcrs.nsysu.edu.tw/menu5/showoutline.asp?SYEAR=115&SEM=1&CrsDat=MEME303B&Crsname=自動控制,,,False,機電系,MEME303B,3,全英班,"自動控制
AUTOMATIC CONTROL",3,期,True,75,0,0,75,嚴成文,"三2,3,4(工EC 3001)","['', '', '234', '', '', '', '']",《講授類》,[],True
https://selcrs.nsysu.edu.tw/menu5/showoutline.asp?SYEAR=115&SEM=1&CrsDat=MEME304&Crsname=電子電路實驗,,,False,機電系,MEME304,3,甲班,"電子電路實驗
ELECTRONICS LABORATORY",1,期,True,75,0,0,75,許煜亮,"一2,3,4(工EC 3003)(實驗)","['234', '', '', '', '', '', '']","《實驗類》
實驗室在工EV 2008",[],False
https://selcrs.nsysu.edu.tw/menu5/showoutline.asp?SYEAR=115&SEM=1&CrsDat=MEME304A&Crsname=電子電路實驗,,,False,機電系,MEME304A,3,乙班,"電子電路實驗
ELECTRONICS LABORATORY",1,期,True,75,0,0,75,許煜亮,"二5,6,7(工EC 3003)(實驗)","['', '567', '', '', '', '', '']","《實驗類》
三乙、三英併班上課，實驗室在工EV 2008",[],False
https://selcrs.nsysu.edu.tw/menu5/showoutline.asp?SYEAR=115&SEM=1&CrsDat=MEME304B&Crsname=電子電路實驗,,,False,機電系,MEME304B,3,全英班,"電子電路實驗
ELECTRONICS LABORATORY",1,期,True,75,0,0,75,許煜亮,"二5,6,7(工EC 3003)(實驗)","['', '567', '', '', '', '', '']","《實驗類》
三乙、三英併班上課，實驗室在工EV 2008",[],True
https://selcrs.nsysu.edu.tw/menu5/showoutline.asp?SYEAR=115&SEM=1&CrsDat=MEME305&Crsname=機械製造實驗,,,False,機電系,MEME305,3,甲班,"機械製造實驗
MECHANICAL MANUFACTURE LABORATORY",1,期,True,60,0,0,60,李伯軒,"二5,6,7(工EC 3002)(實驗)","['', '567', '', '', '', '', '']","《實驗類》
實驗室在工EC1030",[],False
https://selcrs.nsysu.edu.tw/menu5/showoutline.asp?SYEAR=115&SEM=1&CrsDat=MEME305A&Crsname=機械製造實驗,,,False,機電系,MEME305A,3,乙班,"機械製造實驗
MECHANICAL MANUFACTURE LABORATORY",1,期,True,60,0,0,60,李伯軒,"三5,6,7(工EC 3002)(實驗)","['', '', '567', '', '', '', '']","《實驗類》
實驗室在工EC1030",[],False
https://selcrs.nsysu.edu.tw/menu5/showoutline.asp?SYEAR=115&SEM=1&CrsDat=MEME305B&Crsname=機械製造實驗,,,False,機電系,MEME305B,3,全英班,"機械製造實驗
MECHANICAL MANUFACTURE LABORATORY",1,期,True,60,0,0,60,李伯軒,"二2,3,4(工EC 3002)(實驗)","['', '234', '', '', '', '', '']","《實驗類》
實驗室在工EC1030",[],True
https://selcrs.nsysu.edu.tw/menu5/showoutline.asp?SYEAR=115&SEM=1&CrsDat=MEME307&Crsname=熱傳學,,,False,機電系,MEME307,3,甲班,"熱傳學
HEAT TRANSFER",3,期,True,70,0,0,70,許聖彥,"四2,3,4(工EN 4055-1)","['', '', '', '234', '', '', '']","《講授類》
三甲、三乙班併班上課",[],False
https://selcrs.nsysu.edu.tw/menu5/showoutline.asp?SYEAR=115&SEM=1&CrsDat=MEME307A&Crsname=熱傳學,,,False,機電系,MEME307A,3,乙班,"熱傳學
HEAT TRANSFER",3,期,True,70,0,0,70,許聖彥,"四2,3,4(工EN 4055-1)","['', '', '', '234', '', '', '']","《講授類》
三甲、三乙班併班上課",[],False
https://selcrs.nsysu.edu.tw/menu5/showoutline.asp?SYEAR=115&SEM=1&CrsDat=MEME307B&Crsname=熱傳學,異動,調整名額7/8,False,機電系,MEME307B,3,全英班,"熱傳學
HEAT TRANSFER",3,期,True,60,0,0,60,鄭威利,"四2,3,4(工EC 3003)","['', '', '', '234', '', '', '']","《講授類》
限全英班學生加選",[],True
https://selcrs.nsysu.edu.tw/menu5/showoutline.asp?SYEAR=115&SEM=1&CrsDat=MEME310&Crsname=機電實作專題研討（一）,,,False,機電系,MEME310,3,不分班,"機電實作專題研討（一）
SPECIAL TOPICS IN MECHANICAL AND ELECTRO-MECHANICAL ENGINEERING (I)",3,期,False,120,0,0,120,待聘,"四A(工EN 4055-1) 五A,1(工EN 4055-1)","['', '', '', 'A', 'A1', '', '']",《研討類》,[],False
https://selcrs.nsysu.edu.tw/menu5/showoutline.asp?SYEAR=115&SEM=1&CrsDat=MEME315&Crsname=機電實作專題研討（二）,,,False,機電系,MEME315,4,不分班,"機電實作專題研討（二）
SPECIAL TOPICS IN MECHANICAL AND ELECTRO-MECHANICAL ENGINEERING (II)",3,期,False,120,0,0,120,待聘,"三A,1(工EN 4055-1) 四1(工EN 4055-1)","['', '', 'A1', '1', '', '', '']",《研討類》,[],False
https://selcrs.nsysu.edu.tw/menu5/showoutline.asp?SYEAR=115&SEM=1&CrsDat=MEME322&Crsname=自動化機構,,,False,機電系,MEME322,4,不分班,"自動化機構
MECHANISMS FOR AUTOMATION",3,期,False,50,0,0,50,汪正祺,"四2,3,4(工EN 3021)","['', '', '', '234', '', '', '']",《講授類》,[],False
https://selcrs.nsysu.edu.tw/menu5/showoutline.asp?SYEAR=115&SEM=1&CrsDat=MEME326&Crsname=中等流體力學,,,False,機電系,MEME326,3,不分班,"中等流體力學
INTERMEDIATE FLUID MECHANICS",3,期,False,50,0,0,50,梁俊德,"二5,6,7(工EC 3006)","['', '567', '', '', '', '', '']",《講授類》,[],False
https://selcrs.nsysu.edu.tw/menu5/showoutline.asp?SYEAR=115&SEM=1&CrsDat=MEME327&Crsname=機電整合,,,False,機電系,MEME327,3,不分班,"機電整合
INTRODUCTION TO MECHATRONICS",3,期,False,50,0,0,50,待聘,"五8,6,7(工EN 4055-2)","['', '', '', '', '678', '', '']",《講授類》,[],True
https://selcrs.nsysu.edu.tw/menu5/showoutline.asp?SYEAR=115&SEM=1&CrsDat=MEME336&Crsname=由創新申請專利,,,False,機電系,MEME336,2,不分班,"由創新申請專利
PATENT APPLICATION VIA INNOVATIONS",3,期,False,50,0,0,50,何應勤,"二8,9(工EN 3021) 四8(工EN 3021)","['', '89', '', '8', '', '', '']",《講授類》,[],True
https://selcrs.nsysu.edu.tw/menu5/showoutline.asp?SYEAR=115&SEM=1&CrsDat=MEME437&Crsname=真空技術與應用,,,False,機電系,MEME437,4,不分班,"真空技術與應用
VACUUM TECHNOLOGY AND APPLICATIONS",3,期,False,50,0,0,50,林哲信,"五2,3,4(工EN 3021)","['', '', '', '', '234', '', '']",《講授類》,[],False
https://selcrs.nsysu.edu.tw/menu5/showoutline.asp?SYEAR=115&SEM=1&CrsDat=CSE104&Crsname=微積分,,,False,資工系,CSE104,1,不分班,"微積分
CALCULUS",3,期,True,60,0,0,60,程正傑,"三5,6,7(工EC 9032)","['', '', '567', '', '', '', '']","《講授類》
限本系學生修習",[],True
https://selcrs.nsysu.edu.tw/menu5/showoutline.asp?SYEAR=115&SEM=1&CrsDat=CSE110&Crsname=離散數學,,,False,資工系,CSE110,1,不分班,"離散數學
DISCRETE MATHEMATICS",3,期,True,60,0,0,60,徐瑞壕,"五2,3,4(工EC 9032)","['', '', '', '', '234', '', '']",《講授類》,[],False
https://selcrs.nsysu.edu.tw/menu5/showoutline.asp?SYEAR=115&SEM=1&CrsDat=CSE123&Crsname=Ｃ程式設計,,,False,資工系,CSE123,1,不分班,"Ｃ程式設計
C PROGRAMMING",3,期,True,60,0,0,60,柯正雯,"四2,3,4(工EC 5012)","['', '', '', '234', '', '', '']","《講授類》
限本系學生修習",[],False
https://selcrs.nsysu.edu.tw/menu5/showoutline.asp?SYEAR=115&SEM=1&CrsDat=CSE124&Crsname=Ｃ程式設計實驗,,,False,資工系,CSE124,1,不分班,"Ｃ程式設計實驗
C PROGRAMMING LABORATORY",1,期,True,60,0,0,60,柯正雯,"四5,6,7(工EC 5008)(實驗)","['', '', '', '567', '', '', '']","《實驗類》
限本系學生修習",[],False
https://selcrs.nsysu.edu.tw/menu5/showoutline.asp?SYEAR=115&SEM=1&CrsDat=CSE201&Crsname=AI輔助程式設計,,,False,資工系,CSE201,2,不分班,"AI輔助程式設計
PROGRAMMING WITH AI-ASSISTANCE TOOLS",3,期,False,50,0,0,50,希家史提夫,"五8,6,7(工EC 5008)","['', '', '', '', '678', '', '']",《講授類》,[],True
https://selcrs.nsysu.edu.tw/menu5/showoutline.asp?SYEAR=115&SEM=1&CrsDat=CSE210&Crsname=線性代數,,,False,資工系,CSE210,2,不分班,"線性代數
LINEAR ALGEBRA",3,期,True,60,0,0,60,柯拉飛,"三5,6,7(工EC 1009)","['', '', '567', '', '', '', '']",《講授類》,[],True
https://selcrs.nsysu.edu.tw/menu5/showoutline.asp?SYEAR=115&SEM=1&CrsDat=CSE220&Crsname=數位系統,,,False,資工系,CSE220,2,不分班,"數位系統
DIGITAL SYSTEM",3,期,True,60,0,0,60,鄺獻榮,"二2,3,4(工EC 1006)","['', '234', '', '', '', '', '']",《講授類》,[],False
https://selcrs.nsysu.edu.tw/menu5/showoutline.asp?SYEAR=115&SEM=1&CrsDat=CSE221&Crsname=數位系統實驗,,,False,資工系,CSE221,2,不分班,"數位系統實驗
DIGITAL SYSTEM LABORATORY",1,期,True,60,0,0,60,鄺獻榮,"一2,3,4(工EC 5008)(實驗)","['234', '', '', '', '', '', '']","《實驗類》
限本系學生修習",[],False
https://selcrs.nsysu.edu.tw/menu5/showoutline.asp?SYEAR=115&SEM=1&CrsDat=CSE270&Crsname=作業系統,,,False,資工系,CSE270,3,不分班,"作業系統
OPERATING SYSTEMS",3,期,True,60,0,0,60,林俊宏,"二2,3,4(工EC 1005)","['', '234', '', '', '', '', '']",《講授類》,[],False
https://selcrs.nsysu.edu.tw/menu5/showoutline.asp?SYEAR=115&SEM=1&CrsDat=CSE301&Crsname=資訊工程論壇,,,False,資工系,CSE301,3,不分班,"資訊工程論壇
COMPUTER SCIENCE AND ENGINEERING FORUM",1,期,True,60,0,0,60,陳嘉平,一5(工EC 5012),"['5', '', '', '', '', '', '']","《演講/參訪》
限本系大三學生修習",[],False
https://selcrs.nsysu.edu.tw/menu5/showoutline.asp?SYEAR=115&SEM=1&CrsDat=CSE310&Crsname=組合語言與微處理機,,,False,資工系,CSE310,3,不分班,"組合語言與微處理機
ASSEMBLY LANGUAGE AND MICROCOMPUTER",3,期,True,60,0,0,60,張雲南,"四8,6,7(工EC 5012)","['', '', '', '678', '', '', '']",《講授類》,[],False
https://selcrs.nsysu.edu.tw/menu5/showoutline.asp?SYEAR=115&SEM=1&CrsDat=CSE312&Crsname=組合語言與微處理機實驗,,,False,資工系,CSE312,3,不分班,"組合語言與微處理機實驗
ASSEMBLY LANGUAGE AND MICROCOMPUTER LABORATORY",1,期,True,60,0,0,60,張雲南,"五2,3,4(工EC 5008)(實驗)","['', '', '', '', '234', '', '']","《實驗類》
限本系學生修習",[],False
https://selcrs.nsysu.edu.tw/menu5/showoutline.asp?SYEAR=115&SEM=1&CrsDat=CSE315&Crsname=演算法,,,False,資工系,CSE315,3,不分班,"演算法
ALGORITHMS",3,期,True,60,0,0,60,蔡崇煒,"四2,3,4(工EC 9032)","['', '', '', '234', '', '', '']",《講授類》,[],True
https://selcrs.nsysu.edu.tw/menu5/showoutline.asp?SYEAR=115&SEM=1&CrsDat=CSE325&Crsname=基礎訊號處理,,,False,資工系,CSE325,2,不分班,"基礎訊號處理
FUNDAMENTAL SIGNAL PROCESSING",3,期,False,50,0,0,50,郭可驥,"二5,6,7(工EC 1006)","['', '567', '', '', '', '', '']",《講授類》,[],False
https://selcrs.nsysu.edu.tw/menu5/showoutline.asp?SYEAR=115&SEM=1&CrsDat=CSE326&Crsname=人工智慧導論,,,False,資工系,CSE326,2,不分班,"人工智慧導論
INTRODUCTION TO ARTIFICIAL INTELLIGENCE",3,期,False,50,0,0,50,蔡崇煒,"二8,6,7(工EC 5012)","['', '678', '', '', '', '', '']",《講授類》,[],False
https://selcrs.nsysu.edu.tw/menu5/showoutline.asp?SYEAR=115&SEM=1&CrsDat=CSE327&Crsname=電腦視覺,,,False,資工系,CSE327,3,不分班,"電腦視覺
COMPUTER VISION",3,期,False,50,0,0,50,楊惠芳,"三5,6,7(工EC 1005)","['', '', '567', '', '', '', '']",《講授類》,[],False
https://selcrs.nsysu.edu.tw/menu5/showoutline.asp?SYEAR=115&SEM=1&CrsDat=CSE383&Crsname=三維模型設計及三維列印導論,,,False,資工系,CSE383,4,不分班,"三維模型設計及三維列印導論
INTRODUCTION TO 3D MODELING AND 3D PRINTING",3,期,False,15,0,0,15,程正傑,"二8,6,7(工EC 5008)","['', '678', '', '', '', '', '']",《講授類》,[],True
https://selcrs.nsysu.edu.tw/menu5/showoutline.asp?SYEAR=115&SEM=1&CrsDat=CSE391&Crsname=物件導向程式設計,,,False,資工系,CSE391,2,不分班,"物件導向程式設計
OBJECT-ORIENTED PROGRAMMING",3,期,True,60,0,0,60,克拉迪,"二8,6,7(工EC 9032)","['', '678', '', '', '', '', '']",《講授類》,[],True
https://selcrs.nsysu.edu.tw/menu5/showoutline.asp?SYEAR=115&SEM=1&CrsDat=CSE406&Crsname=專題製作實驗（二）,,,False,資工系,CSE406,4,不分班,"專題製作實驗（二）
SPECIAL TOPICS LABORATORY (II)",1,期,True,60,0,0,60,楊惠芳,"五8,9,7(工EC 1005)(實驗)","['', '', '', '', '789', '', '']","《實驗類》
限本系大四學生修習",[],False
https://selcrs.nsysu.edu.tw/menu5/showoutline.asp?SYEAR=115&SEM=1&CrsDat=CSE425&Crsname=硬體描述語言,,,False,資工系,CSE425,4,不分班,"硬體描述語言
HARDWARE DESCRIPTION LANGUAGES",3,期,False,50,0,0,50,待聘,"二5,6,7(工EC 1005)","['', '567', '', '', '', '', '']",《講授類》,[],True
https://selcrs.nsysu.edu.tw/menu5/showoutline.asp?SYEAR=115&SEM=1&CrsDat=CSE430&Crsname=網際網路資料庫,,,False,資工系,CSE430,4,不分班,"網際網路資料庫
INTERNET DATABASES",3,期,False,50,0,0,50,張玉盈,"四8,6,7(工EC 1005)","['', '', '', '678', '', '', '']",《講授類》,[],False
https://selcrs.nsysu.edu.tw/menu5/showoutline.asp?SYEAR=115&SEM=1&CrsDat=EO1003&Crsname=微積分（一）,,,False,光電系,EO1003,1,不分班,"微積分（一）
CALCULUS (I)",3,期,True,50,0,0,50,張福春,"一2,3,4(理SC 1005)","['234', '', '', '', '', '', '']","《講授類》
限光電系同學選修。與化學系及材光系併班",[],False
https://selcrs.nsysu.edu.tw/menu5/showoutline.asp?SYEAR=115&SEM=1&CrsDat=EO1003A&Crsname=微積分（一）,,,False,光電系,EO1003A,1,全英班,"微積分（一）
CALCULUS (I)",3,期,True,50,0,0,50,翁鵬絜,"一2,3,4(工EC 1001)","['234', '', '', '', '', '', '']","《講授類》
限光電系同學選修。與化學系及材光系併班。",[],True
https://selcrs.nsysu.edu.tw/menu5/showoutline.asp?SYEAR=115&SEM=1&CrsDat=EO1004&Crsname=計算機程式,,,False,光電系,EO1004,1,不分班,"計算機程式
COMPUTER PROGRAMMING",3,期,True,50,0,0,50,林元堯,"四2,3,4(圖IL PC01)","['', '', '', '234', '', '', '']",《講授類》,[],True
https://selcrs.nsysu.edu.tw/menu5/showoutline.asp?SYEAR=115&SEM=1&CrsDat=EO1004A&Crsname=計算機程式,,,False,光電系,EO1004A,1,全英班,"計算機程式
COMPUTER PROGRAMMING",3,期,True,50,0,0,50,林元堯,"四2,3,4(圖IL PC01)","['', '', '', '234', '', '', '']",《講授類》,[],True
https://selcrs.nsysu.edu.tw/menu5/showoutline.asp?SYEAR=115&SEM=1&CrsDat=EO1011&Crsname=光電科技前沿,,,False,光電系,EO1011,1,不分班,"光電科技前沿
FRONTIER OPTOELECTRONIC TECHNOLOGY",2,期,False,50,0,0,50,洪勇智,"四6,7(工EC 2006)","['', '', '', '67', '', '', '']",《講授類》,[],False
https://selcrs.nsysu.edu.tw/menu5/showoutline.asp?SYEAR=115&SEM=1&CrsDat=EO1043&Crsname=光纖通信導論,,,False,光電系,EO1043,3,不分班,"光纖通信導論
INTRODUCTION TO FIBER-OPTIC COMMUNICATIONS",3,期,False,50,0,0,50,魏嘉建,"四2,3,4(工EC 4038)","['', '', '', '234', '', '', '']",《講授類》,[],False
https://selcrs.nsysu.edu.tw/menu5/showoutline.asp?SYEAR=115&SEM=1&CrsDat=EO1050&Crsname=顯示器導論,,,False,光電系,EO1050,4,不分班,"顯示器導論
INTRODUCTION TO FLAT PANEL DISPLAYS",3,期,False,50,0,0,50,林宗賢,"四2,3,4(國IR 3002)","['', '', '', '234', '', '', '']",《講授類》,[],False
https://selcrs.nsysu.edu.tw/menu5/showoutline.asp?SYEAR=115&SEM=1&CrsDat=EO1052&Crsname=雷射導論,新增,6/29,False,光電系,EO1052,4,不分班,"雷射導論
INTRODUCTION TO LASER",3,期,False,50,0,0,50,洪裕涵,"二8,6,7(國IR 3002)","['', '678', '', '', '', '', '']",《講授類》,[],True
https://selcrs.nsysu.edu.tw/menu5/showoutline.asp?SYEAR=115&SEM=1&CrsDat=EO1053&Crsname=半導體物理,,,False,光電系,EO1053,4,不分班,"半導體物理
SEMICONDUCTOR PHYSICS",3,期,False,50,0,0,50,李炫錫,"一2,3,4(工EC 2006)","['234', '', '', '', '', '', '']",《講授類》,[],True
https://selcrs.nsysu.edu.tw/menu5/showoutline.asp?SYEAR=115&SEM=1&CrsDat=EO2011&Crsname=電子學（一）,,,False,光電系,EO2011,2,不分班,"電子學（一）
ELECTRONICS (I)",3,期,True,50,0,0,50,王俊達,"三2,3,4(國IR 3002)","['', '', '234', '', '', '', '']",《講授類》,[],True
https://selcrs.nsysu.edu.tw/menu5/showoutline.asp?SYEAR=115&SEM=1&CrsDat=EO2011A&Crsname=電子學（一）,,,False,光電系,EO2011A,2,全英班,"電子學（一）
ELECTRONICS (I)",3,期,True,50,0,0,50,王俊達,"三2,3,4(國IR 3002)","['', '', '234', '', '', '', '']",《講授類》,[],True
https://selcrs.nsysu.edu.tw/menu5/showoutline.asp?SYEAR=115&SEM=1&CrsDat=EO2012&Crsname=電子學實驗（一）,,,False,光電系,EO2012,2,不分班,"電子學實驗（一）
ELECTRONICS LABORATORY (I)",1,期,True,50,0,0,50,王俊達,"五2,3,4(工EC 6023)(實驗)","['', '', '', '', '234', '', '']",《實驗類》,[],True
https://selcrs.nsysu.edu.tw/menu5/showoutline.asp?SYEAR=115&SEM=1&CrsDat=EO2012A&Crsname=電子學實驗（一）,,,False,光電系,EO2012A,2,全英班,"電子學實驗（一）
ELECTRONICS LABORATORY (I)",1,期,True,50,0,0,50,王俊達,"五2,3,4(工EC 6023)(實驗)","['', '', '', '', '234', '', '']",《實驗類》,[],True
https://selcrs.nsysu.edu.tw/menu5/showoutline.asp?SYEAR=115&SEM=1&CrsDat=EO2013&Crsname=工程數學（二）,,,False,光電系,EO2013,2,不分班,"工程數學（二）
ENGINEERING MATHEMATICS (II)",3,期,True,50,0,0,50,林煒淳,"一2,3,4(工EC 4012)","['234', '', '', '', '', '', '']",《講授類》,[],True
https://selcrs.nsysu.edu.tw/menu5/showoutline.asp?SYEAR=115&SEM=1&CrsDat=EO2013A&Crsname=工程數學（二）,,,False,光電系,EO2013A,2,全英班,"工程數學（二）
ENGINEERING MATHEMATICS (II)",3,期,True,50,0,0,50,林煒淳,"一2,3,4(工EC 4012)","['234', '', '', '', '', '', '']",《講授類》,[],True
https://selcrs.nsysu.edu.tw/menu5/showoutline.asp?SYEAR=115&SEM=1&CrsDat=EO2014&Crsname=電磁學（一）,,,False,光電系,EO2014,2,不分班,"電磁學（一）
ELECTROMAGNETICS (I)",3,期,True,50,0,0,50,洪勇智,"四2,3,4(工EC 4012)","['', '', '', '234', '', '', '']",《講授類》,[],False
https://selcrs.nsysu.edu.tw/menu5/showoutline.asp?SYEAR=115&SEM=1&CrsDat=EO2014A&Crsname=電磁學（一）,,,False,光電系,EO2014A,2,全英班,"電磁學（一）
ELECTROMAGNETICS (I)",3,期,True,50,0,0,50,王耀霆,"二5,6,7(國IR 3003)","['', '567', '', '', '', '', '']",《講授類》,[],True
https://selcrs.nsysu.edu.tw/menu5/showoutline.asp?SYEAR=115&SEM=1&CrsDat=EO2015&Crsname=幾何光學,,,False,光電系,EO2015,2,不分班,"幾何光學
GEOMETRICAL OPTICS",3,期,True,50,0,0,50,吳昇展,"二2,3,4(工EC 4012)","['', '234', '', '', '', '', '']",《講授類》,[],True
https://selcrs.nsysu.edu.tw/menu5/showoutline.asp?SYEAR=115&SEM=1&CrsDat=EO2015A&Crsname=幾何光學,,,False,光電系,EO2015A,2,全英班,"幾何光學
GEOMETRICAL OPTICS",3,期,True,50,0,0,50,吳昇展,"二2,3,4(工EC 4012)","['', '234', '', '', '', '', '']",《講授類》,[],True
https://selcrs.nsysu.edu.tw/menu5/showoutline.asp?SYEAR=115&SEM=1&CrsDat=EO2022&Crsname=物理光學實驗,,,False,光電系,EO2022,3,不分班,"物理光學實驗
PHYSICAL OPTICS LABORATORY",1,期,True,50,0,0,50,李晁逵,"三5,6,7(工EC 4008)(實驗)","['', '', '567', '', '', '', '']",《實驗類》,[],True
https://selcrs.nsysu.edu.tw/menu5/showoutline.asp?SYEAR=115&SEM=1&CrsDat=EO2022A&Crsname=物理光學實驗,,,False,光電系,EO2022A,3,全英班,"物理光學實驗
PHYSICAL OPTICS LABORATORY",1,期,True,50,0,0,50,李晁逵,"三5,6,7(工EC 4008)(實驗)","['', '', '567', '', '', '', '']",《實驗類》,[],True
https://selcrs.nsysu.edu.tw/menu5/showoutline.asp?SYEAR=115&SEM=1&CrsDat=EO2029&Crsname=光電科技與工程倫理,,,False,光電系,EO2029,2,不分班,"光電科技與工程倫理
PHOTONIC TECHNOLOGY AND ENGINEERING ETHICS",1,期,True,50,0,0,50,王耀霆,一5(工EC 4012),"['5', '', '', '', '', '', '']",《講授類》,[],True
https://selcrs.nsysu.edu.tw/menu5/showoutline.asp?SYEAR=115&SEM=1&CrsDat=EO2029A&Crsname=光電科技與工程倫理,,,False,光電系,EO2029A,2,全英班,"光電科技與工程倫理
PHOTONIC TECHNOLOGY AND ENGINEERING ETHICS",1,期,True,50,0,0,50,王耀霆,一5(工EC 4012),"['5', '', '', '', '', '', '']",《講授類》,[],True
https://selcrs.nsysu.edu.tw/menu5/showoutline.asp?SYEAR=115&SEM=1&CrsDat=EO3023&Crsname=近代物理,,,False,光電系,EO3023,3,不分班,"近代物理
MODERN PHYSICS",3,期,True,50,0,0,50,洪玉珠,"四5,6,7(工EC 4012)","['', '', '', '567', '', '', '']",《講授類》,[],True
https://selcrs.nsysu.edu.tw/menu5/showoutline.asp?SYEAR=115&SEM=1&CrsDat=EO3023A&Crsname=近代物理,,,False,光電系,EO3023A,3,全英班,"近代物理
MODERN PHYSICS",3,期,True,50,0,0,50,洪玉珠,"四5,6,7(工EC 4012)","['', '', '', '567', '', '', '']",《講授類》,[],True
https://selcrs.nsysu.edu.tw/menu5/showoutline.asp?SYEAR=115&SEM=1&CrsDat=EO3025&Crsname=光子學,,,False,光電系,EO3025,3,不分班,"光子學
PHOTONICS",3,期,True,50,0,0,50,邱逸仁,"二5,6,7(工EC 4012)","['', '567', '', '', '', '', '']",《講授類》,[],True
https://selcrs.nsysu.edu.tw/menu5/showoutline.asp?SYEAR=115&SEM=1&CrsDat=EO3025A&Crsname=光子學,,,False,光電系,EO3025A,3,全英班,"光子學
PHOTONICS",3,期,True,50,0,0,50,邱逸仁,"二5,6,7(工EC 4012)","['', '567', '', '', '', '', '']",《講授類》,[],True
https://selcrs.nsysu.edu.tw/menu5/showoutline.asp?SYEAR=115&SEM=1&CrsDat=EO3027&Crsname=光電工程專題（一）,,,False,光電系,EO3027,3,不分班,"光電工程專題（一）
INDEPENDENT STUDIES IN PHOTONICS(I)",1,期,True,50,0,0,50,黃文堯,五1(工EC 4012),"['', '', '', '', '1', '', '']",《獨立研究》,[],True
https://selcrs.nsysu.edu.tw/menu5/showoutline.asp?SYEAR=115&SEM=1&CrsDat=EO3027A&Crsname=光電工程專題（一）,,,False,光電系,EO3027A,3,全英班,"光電工程專題（一）
INDEPENDENT STUDIES IN PHOTONICS(I)",1,期,True,50,0,0,50,黃文堯,五1(工EC 4012),"['', '', '', '', '1', '', '']",《獨立研究》,[],True
https://selcrs.nsysu.edu.tw/menu5/showoutline.asp?SYEAR=115&SEM=1&CrsDat=EO3033&Crsname=應用化學,,,False,光電系,EO3033,3,不分班,"應用化學
APPLIED CHEMISTRY",3,期,False,50,0,0,50,張美濙,"五2,3,4(國IR 3003)","['', '', '', '', '234', '', '']",《講授類》,[],False
https://selcrs.nsysu.edu.tw/menu5/showoutline.asp?SYEAR=115&SEM=1&CrsDat=EO4003&Crsname=色彩學導論,,,False,光電系,EO4003,4,不分班,"色彩學導論
INTRODUCTION TO COLOR SCIENCE",1,期,False,50,0,0,50,于欽平,一5(國IR 3002),"['5', '', '', '', '', '', '']",《講授類》,[],False
https://selcrs.nsysu.edu.tw/menu5/showoutline.asp?SYEAR=115&SEM=1&CrsDat=EO4004&Crsname=光電數值模擬,,,False,光電系,EO4004,4,不分班,"光電數值模擬
NUMERICAL SIMULATION IN PHOTONICS",3,期,False,50,0,0,50,林元堯,"二2,3,4(圖IL PC01)","['', '234', '', '', '', '', '']",《講授類》,[],False
https://selcrs.nsysu.edu.tw/menu5/showoutline.asp?SYEAR=115&SEM=1&CrsDat=EO4008&Crsname=傅氏光學,,,False,光電系,EO4008,3,不分班,"傅氏光學
FOURIER OPTICS",3,期,False,50,0,0,50,王耀霆,"二8(國IR 3001) 四8,9(國IR 3001)","['', '8', '', '89', '', '', '']",《講授類》,[],False
https://selcrs.nsysu.edu.tw/menu5/showoutline.asp?SYEAR=115&SEM=1&CrsDat=MOES101&Crsname=普通化學（一）,,,False,材光系,MOES101,1,不分班,"普通化學（一）
GENERAL CHEMISTRY(I)",3,期,True,50,0,0,50,王家蓁,"五2,3,4(工EC 3006)","['', '', '', '', '234', '', '']","《講授類》
與物理系併班",[],False
https://selcrs.nsysu.edu.tw/menu5/showoutline.asp?SYEAR=115&SEM=1&CrsDat=MOES101A&Crsname=普通化學（一）,,,False,材光系,MOES101A,1,全英班,"普通化學（一）
GENERAL CHEMISTRY(I)",3,期,True,50,0,0,50,克里斯那,"五5,6,7(理SC 0009)","['', '', '', '', '567', '', '']","《講授類》
與物理系英文班併班上課。",[],True
https://selcrs.nsysu.edu.tw/menu5/showoutline.asp?SYEAR=115&SEM=1&CrsDat=MOES102&Crsname=微積分（一）,,,False,材光系,MOES102,1,不分班,"微積分（一）
CALCULUS(I)",3,期,True,50,0,0,50,張福春,"一2,3,4(理SC 1005)","['234', '', '', '', '', '', '']","《講授類》
限材光系同學選修。與光電系、化學系併班上課。",[],False
https://selcrs.nsysu.edu.tw/menu5/showoutline.asp?SYEAR=115&SEM=1&CrsDat=MOES102A&Crsname=微積分（一）,,,False,材光系,MOES102A,1,全英班,"微積分（一）
CALCULUS(I)",3,期,True,50,0,0,50,翁鵬絜,"一2,3,4(工EC 1001)","['234', '', '', '', '', '', '']","《講授類》
限材光系同學選修。與光電系、化學系英文班併班上課。",[],True
https://selcrs.nsysu.edu.tw/menu5/showoutline.asp?SYEAR=115&SEM=1&CrsDat=MOES103&Crsname=普通化學實驗（一）,,,False,材光系,MOES103,1,不分班,"普通化學實驗（一）
GENERAL CHEMISTRY LABORATORY(I)",1,期,True,30,0,0,30,張元賓,"五5,6,7(理SC 4019)(實驗)","['', '', '', '', '567', '', '']","《實驗類》
與物理系併班",[],False
https://selcrs.nsysu.edu.tw/menu5/showoutline.asp?SYEAR=115&SEM=1&CrsDat=MOES103A&Crsname=普通化學實驗（一）,,,False,材光系,MOES103A,1,全英班,"普通化學實驗（一）
GENERAL CHEMISTRY LABORATORY(I)",1,期,True,30,0,0,30,楊崇鑫,"四5,6,7(理SC 4019)(實驗)","['', '', '', '567', '', '', '']","《實驗類》
與物理全英組系併班",[],True
https://selcrs.nsysu.edu.tw/menu5/showoutline.asp?SYEAR=115&SEM=1&CrsDat=MOES107&Crsname=材料科學導論,,,False,材光系,MOES107,1,不分班,"材料科學導論
INTRODUCTION TO MATERIALS SCIENCE",3,期,True,60,0,0,60,郭哲男,"三5,6,7(工MS 4019)","['', '', '567', '', '', '', '']",《講授類》,[],False
https://selcrs.nsysu.edu.tw/menu5/showoutline.asp?SYEAR=115&SEM=1&CrsDat=MOES107A&Crsname=材料科學導論,,,False,材光系,MOES107A,1,全英班,"材料科學導論
INTRODUCTION TO MATERIALS SCIENCE",3,期,True,60,0,0,60,邱政維,"四2,3,4(工MS 4023)","['', '', '', '234', '', '', '']",《講授類》,[],True
https://selcrs.nsysu.edu.tw/menu5/showoutline.asp?SYEAR=115&SEM=1&CrsDat=MOES201&Crsname=工程數學（一）,,,False,材光系,MOES201,2,不分班,"工程數學（一）
ENGINEERING MATHEMATICS(I)",3,期,True,60,0,0,60,葉昀昇,"三5,6,7(工MS 4022)","['', '', '567', '', '', '', '']",《講授類》,[],False
https://selcrs.nsysu.edu.tw/menu5/showoutline.asp?SYEAR=115&SEM=1&CrsDat=MOES201A&Crsname=工程數學（一）,,,False,材光系,MOES201A,2,全英班,"工程數學（一）
ENGINEERING MATHEMATICS(I)",3,期,True,60,0,0,60,楊易軒,"五2,3,4(醫IL 3013)","['', '', '', '', '234', '', '']","《講授類》
與生醫科技系全英語學士班併班",[],True
https://selcrs.nsysu.edu.tw/menu5/showoutline.asp?SYEAR=115&SEM=1&CrsDat=MOES202&Crsname=電磁學（一）,,,False,材光系,MOES202,2,不分班,"電磁學（一）
ELECTROMAGNETISM (I)",3,期,True,70,0,0,70,李明賢,"二2,3,4(工EC 1001)","['', '234', '', '', '', '', '']",《講授類》,[],False
https://selcrs.nsysu.edu.tw/menu5/showoutline.asp?SYEAR=115&SEM=1&CrsDat=MOES202A&Crsname=電磁學（一）,,,False,材光系,MOES202A,2,全英班,"電磁學（一）
ELECTROMAGNETISM (I)",3,期,True,60,0,0,60,林仕鑫,"二2,3,4(工MS 4022)","['', '234', '', '', '', '', '']",《講授類》,[],True
https://selcrs.nsysu.edu.tw/menu5/showoutline.asp?SYEAR=115&SEM=1&CrsDat=MOES204&Crsname=晶體結構與缺陷,,,False,材光系,MOES204,2,不分班,"晶體結構與缺陷
CRYSTAL STRUCTURES AND DEFECTS",2,期,True,60,0,0,60,李廣輝,"五6,7(工MS 4022)","['', '', '', '', '67', '', '']",《講授類》,[],False
https://selcrs.nsysu.edu.tw/menu5/showoutline.asp?SYEAR=115&SEM=1&CrsDat=MOES204A&Crsname=晶體結構與缺陷,,,False,材光系,MOES204A,2,全英班,"晶體結構與缺陷
CRYSTAL STRUCTURES AND DEFECTS",2,期,True,60,0,0,60,李伯軒,"三3,4(工MS 4023)","['', '', '34', '', '', '', '']",《講授類》,[],True
https://selcrs.nsysu.edu.tw/menu5/showoutline.asp?SYEAR=115&SEM=1&CrsDat=MOES215&Crsname=光學（二）,,,False,材光系,MOES215,3,不分班,"光學（二）
OPTICS (II)",3,期,False,50,0,0,50,徐瑞鴻,"二2,3,4(工MS 4023)","['', '234', '', '', '', '', '']",《講授類》,[],False
https://selcrs.nsysu.edu.tw/menu5/showoutline.asp?SYEAR=115&SEM=1&CrsDat=MOES216&Crsname=物理化學,,,False,材光系,MOES216,2,不分班,"物理化學
PHYSICAL CHEMISTRY",3,期,False,60,0,0,60,王志逢,"四2,3,4(工EN 0032)","['', '', '', '234', '', '', '']",《講授類》,[],False
https://selcrs.nsysu.edu.tw/menu5/showoutline.asp?SYEAR=115&SEM=1&CrsDat=MOES232&Crsname=有機化學（一）,,,False,材光系,MOES232,2,不分班,"有機化學（一）
ORGANIC CHEMISTRY (I)",3,期,False,60,0,0,60,葉昀昇,"一5,6,7(工MS 4022)","['567', '', '', '', '', '', '']",《講授類》,[],True
https://selcrs.nsysu.edu.tw/menu5/showoutline.asp?SYEAR=115&SEM=1&CrsDat=MOES301&Crsname=電子學（一）,,,False,材光系,MOES301,3,不分班,"電子學（一）
ELECTRONICS(I)",3,期,False,60,0,0,60,蔡宗鳴,"四3,4(工MS 4019) 五4(工MS 4019)","['', '', '', '34', '4', '', '']",《講授類》,[],False
https://selcrs.nsysu.edu.tw/menu5/showoutline.asp?SYEAR=115&SEM=1&CrsDat=MOES303&Crsname=材料與光電實驗（一）,,,True,材光系,MOES303,3,不分班,"材料與光電實驗（一）
EXPERIMENTS ON MATERIAL CHARACTERIZATION AND OPTOELECTRONICS（Ⅰ）",2,期,True,30,0,0,30,"蔡宗鳴,蔣酉旺,蘇威宏,郭哲男","四8,5,6,7(工MS 4025)(實驗)","['', '', '', '5678', '', '', '']","《實驗類》
限學號 B133100001~ B133100030 、B132045015、B135045004、B135045016、B135045027、B136060037、B136060041 學生選課",[],False
https://selcrs.nsysu.edu.tw/menu5/showoutline.asp?SYEAR=115&SEM=1&CrsDat=MOES303A&Crsname=材料與光電實驗（一）,,,True,材光系,MOES303A,3,全英班,"材料與光電實驗（一）
EXPERIMENTS ON MATERIAL CHARACTERIZATION AND OPTOELECTRONICS（Ⅰ）",2,期,True,30,0,0,30,"葉昀昇,蔡宗鳴,蘇威宏,邱政維","五8,5,6,7(工MS 4025)(實驗)","['', '', '', '', '5678', '', '']","《實驗類》
限學號 B133105001~ B133105014、B133105016~ B133105018、B133105020~ B133105023、B133105025、B135045033學生選課",[],True
https://selcrs.nsysu.edu.tw/menu5/showoutline.asp?SYEAR=115&SEM=1&CrsDat=MOES312&Crsname=相變化,,,False,材光系,MOES312,3,不分班,"相變化
PHASE TRANSFORMATION",3,期,False,50,0,0,50,張六文,"三3,4(工MS 2004) 五4(工MS 4025)","['', '', '34', '', '4', '', '']",《講授類》,[],False
https://selcrs.nsysu.edu.tw/menu5/showoutline.asp?SYEAR=115&SEM=1&CrsDat=MOES313&Crsname=高分子材料導論,,,False,材光系,MOES313,3,不分班,"高分子材料導論
INTRODUCTION TO POLYMER MATERIAL",3,期,True,50,0,0,50,曼哈迪,"二5(工MS 4019) 三3,4(工MS 4019)","['', '5', '34', '', '', '', '']",《講授類》,[],True
https://selcrs.nsysu.edu.tw/menu5/showoutline.asp?SYEAR=115&SEM=1&CrsDat=MOES313A&Crsname=高分子材料導論,,,False,材光系,MOES313A,3,全英班,"高分子材料導論
INTRODUCTION TO POLYMER MATERIAL",3,期,True,50,0,0,50,曼哈迪,"二5(工MS 4019) 三3,4(工MS 4019)","['', '5', '34', '', '', '', '']",《講授類》,[],True
https://selcrs.nsysu.edu.tw/menu5/showoutline.asp?SYEAR=115&SEM=1&CrsDat=MOES314&Crsname=材料物理性質,,,False,材光系,MOES314,3,不分班,"材料物理性質
PHYSICAL PROPERTIES OF MATERIALS",3,期,False,50,0,0,50,張尹,"二2,3,4(工MS 4025)","['', '234', '', '', '', '', '']",《講授類》,[],False
https://selcrs.nsysu.edu.tw/menu5/showoutline.asp?SYEAR=115&SEM=1&CrsDat=MOES315&Crsname=固態物理,,,False,材光系,MOES315,3,不分班,"固態物理
SOLID STATE PHYSICS",3,期,True,50,0,0,50,李廣輝,"四2(工MS 4019) 五2,3(工MS 4019)","['', '', '', '2', '23', '', '']",《講授類》,[],True
https://selcrs.nsysu.edu.tw/menu5/showoutline.asp?SYEAR=115&SEM=1&CrsDat=MOES315A&Crsname=固態物理,,,False,材光系,MOES315A,3,全英班,"固態物理
SOLID STATE PHYSICS",3,期,True,50,0,0,50,李廣輝,"四2(工MS 4019) 五2,3(工MS 4019)","['', '', '', '2', '23', '', '']",《講授類》,[],True
https://selcrs.nsysu.edu.tw/menu5/showoutline.asp?SYEAR=115&SEM=1&CrsDat=MOES316&Crsname=光電工程（二）,,,False,材光系,MOES316,4,不分班,"光電工程（二）
OPTOELECTRONIC ENGINEERING(II)",3,期,False,50,0,0,50,蘇威宏,"一5(工MS 4025) 二6,7(工MS 4025)","['5', '67', '', '', '', '', '']",《講授類》,[],False
https://selcrs.nsysu.edu.tw/menu5/showoutline.asp?SYEAR=115&SEM=1&CrsDat=MOES332&Crsname=材料與光電專題研究（一）,,,False,材光系,MOES332,3,不分班,"材料與光電專題研究（一）
RESEARCH PROJECT MATERIALS AND OPTOELECTRONIC(I)",1,期,False,50,0,0,50,陳致光,一A() 二A() 三A(),"['A', 'A', 'A', '', '', '', '']","《獨立研究》
學生應先找到指導專題研究的教授後再行選課。",[],True
https://selcrs.nsysu.edu.tw/menu5/showoutline.asp?SYEAR=115&SEM=1&CrsDat=MOES430&Crsname=奈米材料之特性與應用,,,False,材光系,MOES430,3,不分班,"奈米材料之特性與應用
CHARACTERISTICS OF NANOMATERIALS AND THEIR APPLICATIONS",3,期,False,60,0,0,60,王映樵,"一2,3,4(工MS 4022)","['234', '', '', '', '', '', '']",《講授類》,[],False
https://selcrs.nsysu.edu.tw/menu5/showoutline.asp?SYEAR=115&SEM=1&CrsDat=MOES432&Crsname=材料顯微分析技術,,,False,材光系,MOES432,4,不分班,"材料顯微分析技術
MICROANALYSIS TECHNIQUES OF MATERIAL CHARACTERIZATION",3,期,False,50,0,0,50,"張六文,李廣輝,王致傑,蔣酉旺,邱政維,郭哲男,郭紹偉","一2,3,4(工MS 4023)","['234', '', '', '', '', '', '']","《講授類》
此門課程為下學期(115-2)「材料顯微分析實驗」之先修科目",[],False
https://selcrs.nsysu.edu.tw/menu5/showoutline.asp?SYEAR=115&SEM=1&CrsDat=MOES435&Crsname=材料與光電專題研究（三）,,,False,材光系,MOES435,3,不分班,"材料與光電專題研究（三）
RESEARCH PROJECT MATERIALS AND OPTOELECTRONIC(III)",1,期,False,50,0,0,50,陳致光,一A() 二A() 三A(),"['A', 'A', 'A', '', '', '', '']","《獨立研究》
學生應先找到指導專題研究的教授後再行選課。",[],True
https://selcrs.nsysu.edu.tw/menu5/showoutline.asp?SYEAR=115&SEM=1&CrsDat=MOES438&Crsname=材料的光電特性,,,False,材光系,MOES438,4,不分班,"材料的光電特性
ELECTRICAL AND OPTICAL PROPERTIES OF MATERIALS",3,期,False,50,0,0,50,李明賢,"五2,3,4(工MS 2004)","['', '', '', '', '234', '', '']",《講授類》,[],False
https://selcrs.nsysu.edu.tw/menu5/showoutline.asp?SYEAR=115&SEM=1&CrsDat=MOES445&Crsname=能源材料概論,,,False,材光系,MOES445,3,不分班,"能源材料概論
INTRODUCTION TO ENERGY MATERIALS",3,期,False,50,0,0,50,王致傑,"二2,3,4(工MS 2004)","['', '234', '', '', '', '', '']",《講授類》,[],False
https://selcrs.nsysu.edu.tw/menu5/showoutline.asp?SYEAR=115&SEM=1&CrsDat=MOES446&Crsname=半導體物理與材料,,,False,材光系,MOES446,4,不分班,"半導體物理與材料
SEMICONDUCTOR PHYSICS AND MATERIALS",3,期,False,60,0,0,60,徐瑞鴻,"四2,3,4(工 MS 2004)","['', '', '', '234', '', '', '']",《講授類》,[],False
https://selcrs.nsysu.edu.tw/menu5/showoutline.asp?SYEAR=115&SEM=1&CrsDat=MOES447&Crsname=材料製程與設計,,,False,材光系,MOES447,3,不分班,"材料製程與設計
MATERIALS PROCESSING AND DESIGN",3,期,False,60,0,0,60,郭哲男,"二8,6,7(工MS 4022)","['', '678', '', '', '', '', '']",《講授類》,[],False
https://selcrs.nsysu.edu.tw/menu5/showoutline.asp?SYEAR=115&SEM=1&CrsDat=MOES453&Crsname=科學模擬計算導論,,,False,材光系,MOES453,3,不分班,"科學模擬計算導論
INTRODUCTION TO SCIENTIFIC COMPUTING WITH PYTHON",3,期,True,70,0,0,70,呂德,"一5,6,7(工EC 1011)","['567', '', '', '', '', '', '']",《講授類》,[],True
https://selcrs.nsysu.edu.tw/menu5/showoutline.asp?SYEAR=115&SEM=1&CrsDat=MOES453A&Crsname=科學模擬計算導論,,,False,材光系,MOES453A,3,全英班,"科學模擬計算導論
INTRODUCTION TO SCIENTIFIC COMPUTING WITH PYTHON",3,期,True,70,0,0,70,呂德,"一5,6,7(工EC 1011)","['567', '', '', '', '', '', '']",《講授類》,[],True
https://selcrs.nsysu.edu.tw/menu5/showoutline.asp?SYEAR=115&SEM=1&CrsDat=CSE1001&Crsname=離散數學,,,False,資工全英班,CSE1001,1,全英班,"離散數學
DISCRETE MATHEMATICS",3,期,True,50,0,0,50,希家史提夫,"五2,3,4(工EC 5012)","['', '', '', '', '234', '', '']",《講授類》,[],True
https://selcrs.nsysu.edu.tw/menu5/showoutline.asp?SYEAR=115&SEM=1&CrsDat=CSE1002&Crsname=微積分,,,False,資工全英班,CSE1002,1,全英班,"微積分
CALCULUS",3,期,True,50,0,0,50,程正傑,"三5,6,7(工EC 9032)","['', '', '567', '', '', '', '']","《講授類》
限本系學生修習",[],True
https://selcrs.nsysu.edu.tw/menu5/showoutline.asp?SYEAR=115&SEM=1&CrsDat=CSE1006&Crsname=Ｃ程式設計,,,False,資工全英班,CSE1006,1,全英班,"Ｃ程式設計
C PROGRAMMING",3,期,True,50,0,0,50,柯正雯,"一5,6,7(工EC 9031)","['567', '', '', '', '', '', '']","《講授類》
限本系學生修習",[],True
https://selcrs.nsysu.edu.tw/menu5/showoutline.asp?SYEAR=115&SEM=1&CrsDat=CSE2001&Crsname=線性代數,,,False,資工全英班,CSE2001,2,全英班,"線性代數
LINEAR ALGEBRA",3,期,True,50,0,0,50,柯拉飛,"三5,6,7(工EC 1009)","['', '', '567', '', '', '', '']",《講授類》,[],True
https://selcrs.nsysu.edu.tw/menu5/showoutline.asp?SYEAR=115&SEM=1&CrsDat=CSE2003&Crsname=數位系統,,,False,資工全英班,CSE2003,2,全英班,"數位系統
DIGITAL SYSTEM",3,期,True,50,0,0,50,吳建澄,"一8,6,7(工EC 1006)","['678', '', '', '', '', '', '']",《講授類》,[],True
https://selcrs.nsysu.edu.tw/menu5/showoutline.asp?SYEAR=115&SEM=1&CrsDat=CSE2005&Crsname=作業系統,,,False,資工全英班,CSE2005,3,全英班,"作業系統
OPERATING SYSTEMS",3,期,True,50,0,0,50,王友群,"三5,6,7(工EC 5012)","['', '', '567', '', '', '', '']",《講授類》,[],True
https://selcrs.nsysu.edu.tw/menu5/showoutline.asp?SYEAR=115&SEM=1&CrsDat=CSE3001&Crsname=演算法,,,False,資工全英班,CSE3001,3,全英班,"演算法
ALGORITHMS",3,期,True,50,0,0,50,蔡崇煒,"四2,3,4(工EC 9032)","['', '', '', '234', '', '', '']",《講授類》,[],True
https://selcrs.nsysu.edu.tw/menu5/showoutline.asp?SYEAR=115&SEM=1&CrsDat=CSE3002&Crsname=物件導向程式設計,,,False,資工全英班,CSE3002,2,全英班,"物件導向程式設計
OBJECT-ORIENTED PROGRAMMING",3,期,True,50,0,0,50,克拉迪,"二8,6,7(工EC 9032)","['', '678', '', '', '', '', '']",《講授類》,[],True
https://selcrs.nsysu.edu.tw/menu5/showoutline.asp?SYEAR=115&SEM=1&CrsDat=CSE3003&Crsname=組合語言與微處理機,,,False,資工全英班,CSE3003,3,全英班,"組合語言與微處理機
ASSEMBLY LANGUAGE AND MICROCOMPUTER",3,期,True,50,0,0,50,張雲南,"一2,3,4(工EC 5012)","['234', '', '', '', '', '', '']",《講授類》,[],True
https://selcrs.nsysu.edu.tw/menu5/showoutline.asp?SYEAR=115&SEM=1&CrsDat=CSE4001&Crsname=專題製作實驗（二）,,,False,資工全英班,CSE4001,4,全英班,"專題製作實驗（二）
SPECIAL TOPICS LABORATORY (II)",1,期,True,50,0,0,50,克拉迪,"五8,9,7(工EC 1006)(實驗)","['', '', '', '', '789', '', '']","《實驗類》
限本系大四學生修習",[],True
https://selcrs.nsysu.edu.tw/menu5/showoutline.asp?SYEAR=115&SEM=1&CrsDat=BM101&Crsname=會計學（一）,,,False,企管系,BM101,1,甲班,"會計學（一）
ACCOUNTING(I)",3,期,True,50,0,0,50,王萬成,"四5,6,7(管CM 2037)","['', '', '', '567', '', '', '']","《講授類》
限企管系(含雙主修、輔系)",[],False
https://selcrs.nsysu.edu.tw/menu5/showoutline.asp?SYEAR=115&SEM=1&CrsDat=BM101A&Crsname=會計學（一）,,,False,企管系,BM101A,1,乙班,"會計學（一）
ACCOUNTING(I)",3,期,True,50,0,0,50,陳妮雲,"四2,3,4(管CM 3015)","['', '', '', '234', '', '', '']","《講授類》
限企管系(含雙主修、輔系)",[],False
https://selcrs.nsysu.edu.tw/menu5/showoutline.asp?SYEAR=115&SEM=1&CrsDat=BM103&Crsname=會計學實習（一）,,,False,企管系,BM103,1,甲班,"會計學實習（一）
ACCOUNTING PRACTICE(I)",1,期,False,50,0,0,50,王萬成,"四8,9(管CM 2037)(實驗)","['', '', '', '89', '', '', '']","《實習類》
限企管系(含雙主修、輔系)",[],False
https://selcrs.nsysu.edu.tw/menu5/showoutline.asp?SYEAR=115&SEM=1&CrsDat=BM103A&Crsname=會計學實習（一）,,,False,企管系,BM103A,1,乙班,"會計學實習（一）
ACCOUNTING PRACTICE(I)",1,期,False,50,0,0,50,陳妮雲,"四8,9(管CM 3017)(實驗)","['', '', '', '89', '', '', '']","《實習類》
限企管系(含雙主修、輔系)",[],False
https://selcrs.nsysu.edu.tw/menu5/showoutline.asp?SYEAR=115&SEM=1&CrsDat=BM105&Crsname=經濟學（一）,,,False,企管系,BM105,1,甲班,"經濟學（一）
ECONOMICS(I)",3,期,True,50,0,0,50,林晉禾,"三5,6,7(管CM 0052)","['', '', '567', '', '', '', '']","《講授類》
限企管系(含雙主修、輔系)；併班上課；",[],False
https://selcrs.nsysu.edu.tw/menu5/showoutline.asp?SYEAR=115&SEM=1&CrsDat=BM105A&Crsname=經濟學（一）,,,False,企管系,BM105A,1,乙班,"經濟學（一）
ECONOMICS(I)",3,期,True,50,0,0,50,林晉禾,"三5,6,7(管CM 0052)","['', '', '567', '', '', '', '']","《講授類》
限企管系(含雙主修、輔系)；併班上課",[],False
https://selcrs.nsysu.edu.tw/menu5/showoutline.asp?SYEAR=115&SEM=1&CrsDat=BM107&Crsname=經濟學實習（一）,,,False,企管系,BM107,1,不分班,"經濟學實習（一）
ECONOMICS PRACTICE(I)",1,期,False,50,0,0,50,林晉禾,"一B,5(管CM 2037)(實驗)","['B5', '', '', '', '', '', '']","《實習類》
限企管系(含雙主修、輔系)",[],False
https://selcrs.nsysu.edu.tw/menu5/showoutline.asp?SYEAR=115&SEM=1&CrsDat=BM109&Crsname=企業概論,,,False,企管系,BM109,1,不分班,"企業概論
INTRODUCTION TO BUSINESS",3,期,False,50,0,0,50,蔡宗霖,"二5,6,7(管CM 4112)","['', '567', '', '', '', '', '']",《講授類》,[],False
https://selcrs.nsysu.edu.tw/menu5/showoutline.asp?SYEAR=115&SEM=1&CrsDat=BM115&Crsname=微積分,,,False,企管系,BM115,1,甲班,"微積分
CALCULUS",3,期,True,50,0,0,50,卓建宏,"三2,3,4(管CM 1037)","['', '', '234', '', '', '', '']","《講授類》
限企管系(含雙主修、輔系)；併班上課",[],False
https://selcrs.nsysu.edu.tw/menu5/showoutline.asp?SYEAR=115&SEM=1&CrsDat=BM115A&Crsname=微積分,,,False,企管系,BM115A,1,乙班,"微積分
CALCULUS",3,期,True,50,0,0,50,卓建宏,"三2,3,4(管CM 1037)","['', '', '234', '', '', '', '']","《講授類》
限企管系(含雙主修、輔系)；併班上課",[],False
https://selcrs.nsysu.edu.tw/menu5/showoutline.asp?SYEAR=115&SEM=1&CrsDat=BM201&Crsname=統計學（一）,,,False,企管系,BM201,2,甲班,"統計學（一）
STATISTICS(I)",3,期,True,50,0,0,50,林晉禾,"三2,3,4(管CM 0052)","['', '', '234', '', '', '', '']","《講授類》
限企管系(含雙主修、輔系)；併班上課",[],True
https://selcrs.nsysu.edu.tw/menu5/showoutline.asp?SYEAR=115&SEM=1&CrsDat=BM201A&Crsname=統計學（一）,,,False,企管系,BM201A,2,乙班,"統計學（一）
STATISTICS(I)",3,期,True,50,0,0,50,林晉禾,"三2,3,4(管CM 0052)","['', '', '234', '', '', '', '']","《講授類》
限企管系(含雙主修、輔系)；併班上課",[],True
https://selcrs.nsysu.edu.tw/menu5/showoutline.asp?SYEAR=115&SEM=1&CrsDat=BM203&Crsname=行銷管理,,,False,企管系,BM203,2,甲班,"行銷管理
MARKETING MANAGEMENT",3,期,True,55,0,0,55,黃明新,"三5,6,7(管CM 1037)","['', '', '567', '', '', '', '']","《講授類》
限企管系(含雙主修、輔系)；併班上課",[],False
https://selcrs.nsysu.edu.tw/menu5/showoutline.asp?SYEAR=115&SEM=1&CrsDat=BM203A&Crsname=行銷管理,,,False,企管系,BM203A,2,乙班,"行銷管理
MARKETING MANAGEMENT",3,期,True,55,0,0,55,黃明新,"三5,6,7(管CM 1037)","['', '', '567', '', '', '', '']","《講授類》
限企管系(含雙主修、輔系)；併班上課",[],False
https://selcrs.nsysu.edu.tw/menu5/showoutline.asp?SYEAR=115&SEM=1&CrsDat=BM204&Crsname=組織行為,,,False,企管系,BM204,2,甲班,"組織行為
ORGANIZATIONAL BEHAVIOR",3,期,True,60,0,0,60,施欣宜,"二2,3,4(管CM 2037)","['', '234', '', '', '', '', '']","《講授類》
限企管系(含雙主修、輔系)",[],False
https://selcrs.nsysu.edu.tw/menu5/showoutline.asp?SYEAR=115&SEM=1&CrsDat=BM204A&Crsname=組織行為,,,False,企管系,BM204A,2,乙班,"組織行為
ORGANIZATIONAL BEHAVIOR",3,期,True,60,0,0,60,施欣宜,"二5,6,7(管CM 2037)","['', '567', '', '', '', '', '']","《講授類》
限企管系(含雙主修、輔系)",[],False
https://selcrs.nsysu.edu.tw/menu5/showoutline.asp?SYEAR=115&SEM=1&CrsDat=BM217&Crsname=統計學實習（一）,,,False,企管系,BM217,2,不分班,"統計學實習（一）
EXERCISE FOR STATISTICS(I)",1,期,False,50,0,0,50,林晉禾,"一3,4(管CM 4112)(實驗)","['34', '', '', '', '', '', '']","《實習類》
限企管系(含雙主修、輔系)；併班上課",[],False
https://selcrs.nsysu.edu.tw/menu5/showoutline.asp?SYEAR=115&SEM=1&CrsDat=BM302&Crsname=管理會計,,,False,企管系,BM302,3,甲班,"管理會計
MANAGERIAL ACCOUNTING",3,期,True,100,0,0,100,陳妮雲,"二2,3,4(管CM 1037)","['', '234', '', '', '', '', '']","《講授類》
限企管系(含雙主修、輔系)",[],False
https://selcrs.nsysu.edu.tw/menu5/showoutline.asp?SYEAR=115&SEM=1&CrsDat=BM302A&Crsname=管理會計,,,False,企管系,BM302A,3,乙班,"管理會計
MANAGERIAL ACCOUNTING",3,期,True,100,0,0,100,陳妮雲,"三2,3,4(管CM 3019)","['', '', '234', '', '', '', '']","《講授類》
限企管系(含雙主修、輔系)",[],False
https://selcrs.nsysu.edu.tw/menu5/showoutline.asp?SYEAR=115&SEM=1&CrsDat=BM303&Crsname=管理資訊系統,,,False,企管系,BM303,3,甲班,"管理資訊系統
MANAGEMENT INFORMATION SYSTEM",3,期,True,55,0,0,55,黃鋒樟,"二5,6,7(管CM 1037)","['', '567', '', '', '', '', '']","《講授類》
限企管系(含雙主修、輔系)；併班上課",[],False
https://selcrs.nsysu.edu.tw/menu5/showoutline.asp?SYEAR=115&SEM=1&CrsDat=BM303A&Crsname=管理資訊系統,,,False,企管系,BM303A,3,乙班,"管理資訊系統
MANAGEMENT INFORMATION SYSTEM",3,期,True,55,0,0,55,黃鋒樟,"二5,6,7(管CM 1037)","['', '567', '', '', '', '', '']","《講授類》
限企管系(含雙主修、輔系)；併班上課",[],False
https://selcrs.nsysu.edu.tw/menu5/showoutline.asp?SYEAR=115&SEM=1&CrsDat=BM315&Crsname=成本會計學,,,False,企管系,BM315,3,不分班,"成本會計學
COST ACCOUNTING",3,期,False,50,0,0,50,王萬成,"四2,3,4(管CM 3035)","['', '', '', '234', '', '', '']",《講授類》,[],False
https://selcrs.nsysu.edu.tw/menu5/showoutline.asp?SYEAR=115&SEM=1&CrsDat=BM316&Crsname=行銷研究,,,False,企管系,BM316,3,不分班,"行銷研究
MARKETING RESEARCH",3,期,False,50,0,0,50,林政佑,"五8,6,7(管CM 3022)","['', '', '', '', '678', '', '']",《講授類》,[],True
https://selcrs.nsysu.edu.tw/menu5/showoutline.asp?SYEAR=115&SEM=1&CrsDat=BM341&Crsname=整合行銷溝通,,,False,企管系,BM341,3,不分班,"整合行銷溝通
INTEGRATED MARKETING COMMUNICATION",3,期,False,50,0,0,50,張純端,"四2,3,4(管CM 2037)","['', '', '', '234', '', '', '']",《講授類》,[],True
https://selcrs.nsysu.edu.tw/menu5/showoutline.asp?SYEAR=115&SEM=1&CrsDat=BM345&Crsname=商用英文（一）,,,False,企管系,BM345,3,不分班,"商用英文（一）
ENGLISH FOR BUSINESS (I)",3,期,False,50,0,0,50,陳信智,"五2,3,4(管CM 3019)","['', '', '', '', '234', '', '']",《講授類》,[],False
https://selcrs.nsysu.edu.tw/menu5/showoutline.asp?SYEAR=115&SEM=1&CrsDat=BM346&Crsname=中級會計學（一）,,,False,企管系,BM346,3,不分班,"中級會計學（一）
INTERMEDIATE ACCOUNTING(I)",3,期,False,50,0,0,50,王萬成,"三5,6,7(管CM 2025)","['', '', '567', '', '', '', '']",《講授類》,[],False
https://selcrs.nsysu.edu.tw/menu5/showoutline.asp?SYEAR=115&SEM=1&CrsDat=BM369&Crsname=新時代的科技法律陷阱,,,False,企管系,BM369,3,不分班,"新時代的科技法律陷阱
TECHNOLOGY LAW AND ITS TRAPS IN THE MODERN SOCIETY",3,期,False,50,0,0,50,盧憶,"四5,6,7(管CM 1037)","['', '', '', '567', '', '', '']",《講授類》,[],False
https://selcrs.nsysu.edu.tw/menu5/showoutline.asp?SYEAR=115&SEM=1&CrsDat=BM412&Crsname=勞工法與勞工問題,,,False,企管系,BM412,4,乙班,"勞工法與勞工問題
LABOR LAW AND LABOR ISSUES",3,期,False,50,0,0,50,待聘,"五8,6,7(管CM 2037)","['', '', '', '', '678', '', '']",《講授類》,[],False
https://selcrs.nsysu.edu.tw/menu5/showoutline.asp?SYEAR=115&SEM=1&CrsDat=BM413&Crsname=策略管理,,,False,企管系,BM413,4,甲班,"策略管理
STRATEGIC MANAGEMENT",3,期,True,50,0,0,50,林豪傑,"一5,6,7(管CM 4112)","['567', '', '', '', '', '', '']","《講授類》
限企管系(含雙主修、輔系)",[],False
https://selcrs.nsysu.edu.tw/menu5/showoutline.asp?SYEAR=115&SEM=1&CrsDat=BM413A&Crsname=策略管理,,,False,企管系,BM413A,4,乙班,"策略管理
STRATEGIC MANAGEMENT",3,期,True,50,0,0,50,蔡宗霖,"一5,6,7(管CM 1037)","['567', '', '', '', '', '', '']","《講授類》
限企管系(含雙主修、輔系)",[],False
https://selcrs.nsysu.edu.tw/menu5/showoutline.asp?SYEAR=115&SEM=1&CrsDat=BM416&Crsname=審計學,,,False,企管系,BM416,4,不分班,"審計學
AUDITINGS",3,期,False,50,0,0,50,羅勝議,"一2,3,4(管CM 3017)","['234', '', '', '', '', '', '']",《講授類》,[],False
https://selcrs.nsysu.edu.tw/menu5/showoutline.asp?SYEAR=115&SEM=1&CrsDat=BM418&Crsname=稅務會計,,,False,企管系,BM418,3,不分班,"稅務會計
TAX ACCOUNTING",3,期,False,50,0,0,50,陳昭誠,"二C,D,E(管CM 3019)","['', 'CDE', '', '', '', '', '']",《講授類》,[],False
https://selcrs.nsysu.edu.tw/menu5/showoutline.asp?SYEAR=115&SEM=1&CrsDat=MIS101&Crsname=計算機概論,,,False,資管系,MIS101,1,不分班,"計算機概論
BASIC COMPUTER CONCEPTS",3,期,True,50,0,0,50,羅珮綺,"三5,6,7(管CM 4069)","['', '', '567', '', '', '', '']","《講授類》
限資管系一年級修習且需搭配實習一同修習",[],True
https://selcrs.nsysu.edu.tw/menu5/showoutline.asp?SYEAR=115&SEM=1&CrsDat=MIS103&Crsname=微積分,,,False,資管系,MIS103,1,不分班,"微積分
CALCULUS",3,期,True,50,0,0,50,莊秉樺,"三2,3,4(管CM 3019)","['', '', '234', '', '', '', '']",《講授類》,[],False
https://selcrs.nsysu.edu.tw/menu5/showoutline.asp?SYEAR=115&SEM=1&CrsDat=MIS104&Crsname=會計學（一）,,,False,資管系,MIS104,1,不分班,"會計學（一）
ACCOUNTING(I)",3,期,True,50,0,0,50,蕭哲芬,"一5,6,7(管CM 4069)","['567', '', '', '', '', '', '']","《講授類》
限資管系一年級修習且需搭配實習一同修習",[],False
https://selcrs.nsysu.edu.tw/menu5/showoutline.asp?SYEAR=115&SEM=1&CrsDat=MIS108&Crsname=資訊經濟學,,,False,資管系,MIS108,1,不分班,"資訊經濟學
THE ECONOMICS OF IT AND E-COMMERCE",3,期,True,50,0,0,50,楊宗文,"四C,D,E(管CM 4069)","['', '', '', 'CDE', '', '', '']",《講授類》,[],False
https://selcrs.nsysu.edu.tw/menu5/showoutline.asp?SYEAR=115&SEM=1&CrsDat=MIS131&Crsname=計算機概論實習,,,False,資管系,MIS131,1,不分班,"計算機概論實習
INTRODUCTION TO COMPUTER SCIENCE PRACTICE",1,期,False,50,0,0,50,羅珮綺,"一3,4(管CM 3051)(實驗)","['34', '', '', '', '', '', '']","《實習類》
限資管系一年級修習且需搭配正課一同修習",[],False
https://selcrs.nsysu.edu.tw/menu5/showoutline.asp?SYEAR=115&SEM=1&CrsDat=MIS133&Crsname=會計學實習（一）,,,False,資管系,MIS133,1,不分班,"會計學實習（一）
ACCOUNTING PRACTICE (I)",1,期,False,50,0,0,50,蕭哲芬,"一8,9(管CM 4069)(實驗)","['89', '', '', '', '', '', '']","《實習類》
限資管系一年級修習且需搭配正課一同修習",[],False
https://selcrs.nsysu.edu.tw/menu5/showoutline.asp?SYEAR=115&SEM=1&CrsDat=MIS201&Crsname=統計學（一）,,,False,資管系,MIS201,2,不分班,"統計學（一）
STATISTICS(I)",3,期,True,50,0,0,50,張德民,"一5,6,7(管CM 3051)","['567', '', '', '', '', '', '']",《講授類》,[],False
https://selcrs.nsysu.edu.tw/menu5/showoutline.asp?SYEAR=115&SEM=1&CrsDat=MIS301&Crsname=系統分析與設計,,,False,資管系,MIS301,3,不分班,"系統分析與設計
SYSTEMS ANALYSIS AND DESIGN",3,期,True,50,0,0,50,吳仁和,"五8,6,7(管CM 4069)","['', '', '', '', '678', '', '']",《講授類》,[],False
https://selcrs.nsysu.edu.tw/menu5/showoutline.asp?SYEAR=115&SEM=1&CrsDat=MIS302&Crsname=作業系統,,,False,資管系,MIS302,3,不分班,"作業系統
OPERATING SYSTEMS",3,期,False,50,0,0,50,陳嘉玫,"六2,3,4(管CM 4078)","['', '', '', '', '', '234', '']",《講授類》,[],False
https://selcrs.nsysu.edu.tw/menu5/showoutline.asp?SYEAR=115&SEM=1&CrsDat=MIS303&Crsname=企業資料通訊,,,False,資管系,MIS303,3,不分班,"企業資料通訊
BUSINESS DATA COMMUNICATION",3,期,True,50,0,0,50,林耕霈,"一2,3,4(管CM 4069)","['234', '', '', '', '', '', '']",《講授類》,[],False
https://selcrs.nsysu.edu.tw/menu5/showoutline.asp?SYEAR=115&SEM=1&CrsDat=MIS304&Crsname=管理資訊系統,,,False,資管系,MIS304,2,不分班,"管理資訊系統
MANAGEMENT INFORMATION SYSTEMS",3,期,True,50,0,0,50,李怡珍,"四2,3,4(管CM 4069)","['', '', '', '234', '', '', '']",《講授類》,[],True
https://selcrs.nsysu.edu.tw/menu5/showoutline.asp?SYEAR=115&SEM=1&CrsDat=MIS312&Crsname=行銷管理,,,True,資管系,MIS312,3,不分班,"行銷管理
MARKETING MANAGEMENT",3,期,True,50,0,0,50,李家瑩,"二5,6,7(管CM 4069)","['', '567', '', '', '', '', '']",《講授類》,[],False
https://selcrs.nsysu.edu.tw/menu5/showoutline.asp?SYEAR=115&SEM=1&CrsDat=MIS331&Crsname=ＷＥＢ程式設計,,,False,資管系,MIS331,2,不分班,"ＷＥＢ程式設計
WEB PROGRAMMING",3,期,True,50,0,0,50,韓毅,"五5,6,7(管CM 3051)","['', '', '', '', '567', '', '']","《講授類》
限資管系",[],True
https://selcrs.nsysu.edu.tw/menu5/showoutline.asp?SYEAR=115&SEM=1&CrsDat=MIS401&Crsname=資訊管理個案研討,,,False,資管系,MIS401,4,不分班,"資訊管理個案研討
CASE STUDIES IN INFORMATION MANAGEMENT",3,期,True,50,0,0,50,李怡珍,"三5,6,7(管CM 3019)","['', '', '567', '', '', '', '']",《講授類》,[],False
https://selcrs.nsysu.edu.tw/menu5/showoutline.asp?SYEAR=115&SEM=1&CrsDat=MIS413&Crsname=巨量資料分析導論,,,False,資管系,MIS413,3,不分班,"巨量資料分析導論
INTRODUCTION TO BIG DATA ANALYTICS",3,期,True,50,0,0,50,康藝晃,"三5,6,7(管CM 3051)","['', '', '567', '', '', '', '']",《講授類》,[],False
https://selcrs.nsysu.edu.tw/menu5/showoutline.asp?SYEAR=115&SEM=1&CrsDat=MIS421&Crsname=管理資訊系統專案（二）,,,True,資管系,MIS421,4,不分班,"管理資訊系統專案（二）
MANAGEMENT INFORMATION SYSTEMS PROJECT II",3,期,True,50,0,0,50,李怡珍,一A() 二A() 三A(),"['A', 'A', 'A', '', '', '', '']","《講授類》
限資管系四年級",[],True
https://selcrs.nsysu.edu.tw/menu5/showoutline.asp?SYEAR=115&SEM=1&CrsDat=MIS422&Crsname=多媒體系統專案（二）,,,True,資管系,MIS422,4,不分班,"多媒體系統專案（二）
MULTI-MEDIA SYSTEM PROJECT(II)",3,期,True,50,0,0,50,韓毅,一A() 二A() 三A(),"['A', 'A', 'A', '', '', '', '']","《講授類》
限資管系四年級",[],True
https://selcrs.nsysu.edu.tw/menu5/showoutline.asp?SYEAR=115&SEM=1&CrsDat=MIS423&Crsname=資料庫系統專案（二）,,,True,資管系,MIS423,4,不分班,"資料庫系統專案（二）
DATABASE SYSTEMS PROJECT (II)",3,期,True,50,0,0,50,羅珮綺,一A() 二A() 三A(),"['A', 'A', 'A', '', '', '', '']","《講授類》
限資管系四年級",[],True
https://selcrs.nsysu.edu.tw/menu5/showoutline.asp?SYEAR=115&SEM=1&CrsDat=MIS424&Crsname=企業流程專案（二）,,,True,資管系,MIS424,4,不分班,"企業流程專案（二）
BUSINESS PROCESS PROJECT II",3,期,True,50,0,0,50,康藝晃,一A() 二A() 三A(),"['A', 'A', 'A', '', '', '', '']","《講授類》
限資管系四年級",[],True
https://selcrs.nsysu.edu.tw/menu5/showoutline.asp?SYEAR=115&SEM=1&CrsDat=MIS425&Crsname=電子商務專案（二）,,,True,資管系,MIS425,4,不分班,"電子商務專案（二）
ELECTRONIC COMMERCE PROJECT (II)",3,期,True,50,0,0,50,邱兆民,一A() 二A() 三A(),"['A', 'A', 'A', '', '', '', '']","《講授類》
限資管系四年級",[],True
https://selcrs.nsysu.edu.tw/menu5/showoutline.asp?SYEAR=115&SEM=1&CrsDat=MIS427&Crsname=智慧型系統專案（二）,,,True,資管系,MIS427,4,不分班,"智慧型系統專案（二）
INTELLGENT SYSTEM PROJECT(II)",3,期,True,50,0,0,50,林耕霈,一A() 二A() 三A(),"['A', 'A', 'A', '', '', '', '']","《講授類》
限資管系四年級",[],True
https://selcrs.nsysu.edu.tw/menu5/showoutline.asp?SYEAR=115&SEM=1&CrsDat=MIS428&Crsname=產銷資訊系統專案（二）,,,True,資管系,MIS428,4,不分班,"產銷資訊系統專案（二）
PRODUCTION-MARKETING INFORMATION SYSTEMS PROJECT (II)",3,期,True,50,0,0,50,劉賓陽,一A() 二A() 三A(),"['A', 'A', 'A', '', '', '', '']","《講授類》
限資管系四年級",[],True
https://selcrs.nsysu.edu.tw/menu5/showoutline.asp?SYEAR=115&SEM=1&CrsDat=MIS429&Crsname=決策支援系統專案（二）,,,True,資管系,MIS429,4,不分班,"決策支援系統專案（二）
DECISION SUPPORT SYSTEMS PROJECT (II)",3,期,True,50,0,0,50,李捷,一A() 二A() 三A(),"['A', 'A', 'A', '', '', '', '']","《講授類》
限資管系四年級",[],True
https://selcrs.nsysu.edu.tw/menu5/showoutline.asp?SYEAR=115&SEM=1&CrsDat=FM101&Crsname=初級會計學（一）,,,False,財管系,FM101,1,不分班,"初級會計學（一）
ACCOUNTING(I)",3,期,True,65,0,0,65,吳藺芝,"一2,3,4(管CM 1037)","['234', '', '', '', '', '', '']","《講授類》
限財管系(含輔系、雙主修)",[],True
https://selcrs.nsysu.edu.tw/menu5/showoutline.asp?SYEAR=115&SEM=1&CrsDat=FM103&Crsname=經濟學（一）,,,False,財管系,FM103,1,不分班,"經濟學（一）
ECONOMICS(I)",3,期,True,60,0,0,60,翁培師,"一5,6,7(管CM 3017)","['567', '', '', '', '', '', '']","《講授類》
限財管系(含輔系、雙主修)",[],True
https://selcrs.nsysu.edu.tw/menu5/showoutline.asp?SYEAR=115&SEM=1&CrsDat=FM104&Crsname=微積分（一）,,,False,財管系,FM104,1,不分班,"微積分（一）
CALCULUS(I)",3,期,True,65,0,0,65,卓建宏,"四2,3,4(管CM 1037)","['', '', '', '234', '', '', '']","《講授類》
限財管系(含輔系、雙主修)",[],False
https://selcrs.nsysu.edu.tw/menu5/showoutline.asp?SYEAR=115&SEM=1&CrsDat=FM105&Crsname=企業概論,,,False,財管系,FM105,1,不分班,"企業概論
INTRODUCTION TO BUSINESS",3,期,False,50,0,0,50,張世賢,"三2,3,4(管CM 1032)","['', '', '234', '', '', '', '']",《講授類》,[],False
https://selcrs.nsysu.edu.tw/menu5/showoutline.asp?SYEAR=115&SEM=1&CrsDat=FM201&Crsname=統計學（一）,,,False,財管系,FM201,2,不分班,"統計學（一）
STATISTICS(I)",3,期,True,60,0,0,60,唐俊華,"三5,6,7(管CM 2037)","['', '', '567', '', '', '', '']","《講授類》
限財管系(含雙主修、輔系)",[],False
https://selcrs.nsysu.edu.tw/menu5/showoutline.asp?SYEAR=115&SEM=1&CrsDat=FM202&Crsname=財務管理（一）,,,False,財管系,FM202,2,不分班,"財務管理（一）
FINANCIAL MANAGEMENT (I)",3,期,True,65,0,0,65,蔡佳芬,"二2,3,4(管CM 3015)","['', '234', '', '', '', '', '']","《講授類》
限財管系(含輔系、雙主修)",[],False
https://selcrs.nsysu.edu.tw/menu5/showoutline.asp?SYEAR=115&SEM=1&CrsDat=FM203&Crsname=中級會計學（一）,,,False,財管系,FM203,2,不分班,"中級會計學（一）
INTERMEDIATE ACCOUNTING(I)",3,期,True,65,0,0,65,陳俐聿,"一2,3,4(管CM 2037)","['234', '', '', '', '', '', '']","《講授類》
限財管系(含雙主修、輔系)",[],True
https://selcrs.nsysu.edu.tw/menu5/showoutline.asp?SYEAR=115&SEM=1&CrsDat=FM213&Crsname=倫理與法律,,,False,財管系,FM213,2,不分班,"倫理與法律
ETHICS AND LAW",3,期,False,50,0,0,50,周宜鋒,"四5,6,7(管CM 1025)","['', '', '', '567', '', '', '']",《講授類》,[],False
https://selcrs.nsysu.edu.tw/menu5/showoutline.asp?SYEAR=115&SEM=1&CrsDat=FM302&Crsname=金融市場,,,False,財管系,FM302,3,不分班,"金融市場
FINANCIAL MARKETS",3,期,True,60,0,0,60,廖源星,"一8,6,7(管CM 3015)","['678', '', '', '', '', '', '']","《講授類》
限財管系(含雙主修、輔系)",[],True
https://selcrs.nsysu.edu.tw/menu5/showoutline.asp?SYEAR=115&SEM=1&CrsDat=FM303&Crsname=投資學,,,False,財管系,FM303,3,不分班,"投資學
INVESTMENT",3,期,True,65,0,0,65,王昭文,"三5,6,7(管CM 4112)","['', '', '567', '', '', '', '']","《講授類》
限財管系(含雙主修、輔系)",[],False
https://selcrs.nsysu.edu.tw/menu5/showoutline.asp?SYEAR=115&SEM=1&CrsDat=FM309&Crsname=國際財務管理,,,False,財管系,FM309,3,不分班,"國際財務管理
MULTINATIONAL FINANCIAL MANAGEMENT",3,期,True,65,0,0,65,劉名育,"二8,6,7(管CM 3015)","['', '678', '', '', '', '', '']","《講授類》
限財管系(含雙主修、輔系)",[],False
https://selcrs.nsysu.edu.tw/menu5/showoutline.asp?SYEAR=115&SEM=1&CrsDat=FM323&Crsname=財務風險管理,,,False,財管系,FM323,3,不分班,"財務風險管理
FINANCIAL RISK MANAGEMENT",3,期,False,60,0,0,60,蔡秉真,"五2,3,4(管CM 4112)","['', '', '', '', '234', '', '']",《講授類》,[],False
https://selcrs.nsysu.edu.tw/menu5/showoutline.asp?SYEAR=115&SEM=1&CrsDat=FM401&Crsname=財務管理個案研究,,,False,財管系,FM401,4,不分班,"財務管理個案研究
CASE STUDIES IN FINANCE",3,期,True,65,0,0,65,王昭文,"四2,3,4(管CM 4112)","['', '', '', '234', '', '', '']","《講授類》
限財管系(含雙主修、輔系)",[],False
https://selcrs.nsysu.edu.tw/menu5/showoutline.asp?SYEAR=115&SEM=1&CrsDat=FM402&Crsname=高等統計學,,,False,財管系,FM402,4,不分班,"高等統計學
ADVANCED STATISTICS",3,期,False,60,0,0,60,唐俊華,"一8,6,7(管CM 2025)","['678', '', '', '', '', '', '']","《講授類》
限財管系(含雙主修、輔系)",[],False
https://selcrs.nsysu.edu.tw/menu5/showoutline.asp?SYEAR=115&SEM=1&CrsDat=FM403&Crsname=中級財務管理,,,False,財管系,FM403,4,不分班,"中級財務管理
INTERMEDIATE FINANCIAL MANAGEMENT",3,期,False,50,0,0,50,蕭珮婕,"五5,6,7(管CM 2015)","['', '', '', '', '567', '', '']","《講授類》
限修畢財管系財務管理(一)及財務管理(二)",[],True
https://selcrs.nsysu.edu.tw/menu5/showoutline.asp?SYEAR=115&SEM=1&CrsDat=FM422&Crsname=高等會計學,,,False,財管系,FM422,4,不分班,"高等會計學
ADVANCE ACCOUNTING",3,期,False,50,0,0,50,林玉華,"五2,3,4(管CM 2015)","['', '', '', '', '234', '', '']",《講授類》,[],False
https://selcrs.nsysu.edu.tw/menu5/showoutline.asp?SYEAR=115&SEM=1&CrsDat=CM407&Crsname=管理學概論,,,False,管理學院,CM407,0,不分班,"管理學概論
INTRODUCTION TO MANAGEMENT",1,期,False,25,0,0,25,王致遠,三B(網路大學),"['', '', 'B', '', '', '', '']","《講授類》
限管院大學部學生與電機系大學部學生選修/網大進行之非同步線上課程",[],False
https://selcrs.nsysu.edu.tw/menu5/showoutline.asp?SYEAR=115&SEM=1&CrsDat=CM409&Crsname=經濟學概論,,,False,管理學院,CM409,0,不分班,"經濟學概論
INTRODUCTION TO ECONOMICS",1,期,False,20,0,0,20,佘健源,四B(網路大學),"['', '', '', 'B', '', '', '']","《講授類》
限管院大學部學生與電機系大學部學生選修/網大進行之非同步線上課程",[],False
https://selcrs.nsysu.edu.tw/menu5/showoutline.asp?SYEAR=115&SEM=1&CrsDat=CM411&Crsname=倫理與社會責任的理論與實務,,,False,管理學院,CM411,0,不分班,"倫理與社會責任的理論與實務
THEORY AND PRACTICE OF ETHICS AND SOCIAL",1,期,False,200,0,0,200,"王致遠,謝慧賢,鄭安授,陳世哲",四A(網路大學),"['', '', '', 'A', '', '', '']","《講授類》
『本課程之限修，於加退選2階段開放選修』。限管理學院大學部學生修習(含雙主修、輔系)。 CM411與CM412為同系列課程，學生只能夠就此課程當中選擇一門課進行修習，已經修習過上述任何一個課程者均不得選課。 網大進行之非同步線上課程。",[],False
https://selcrs.nsysu.edu.tw/menu5/showoutline.asp?SYEAR=115&SEM=1&CrsDat=CM412&Crsname=國際商管倫理觀的理論與實務,,,False,管理學院,CM412,0,不分班,"國際商管倫理觀的理論與實務
THE THEORY AND PRACTICE OF ETHICS IN INTERNATIONAL BUSINESS MANAGEMENT",1,期,False,60,0,0,60,"王致遠,王豫萱,鄭安授",三A(網路大學),"['', '', 'A', '', '', '', '']","《講授類》
『本課程之限修，於加退選2階段開放選修』。限管理學院大學部學生修習(含雙主修、輔系)。 CM411與CM412為同系列課程，學生只能夠就此課程當中選擇一門課進行修習，已經修習過上述任何一個課程者均不得選課。 網大進行之非同步線上課程。",[],True
https://selcrs.nsysu.edu.tw/menu5/showoutline.asp?SYEAR=115&SEM=1&CrsDat=IBBA101&Crsname=微積分,,,False,國際學士學程,IBBA101,1,全英班,"微積分
CALCULUS",3,期,True,50,0,0,50,黃杰森,"三3(理SC 4011) 五3,4(理SC 4011)","['', '', '3', '', '34', '', '']","《講授類》
限IBBA(含雙主修、輔系)學生修習，欲加選學生請於加退選2階段辦理選課。",[],True
https://selcrs.nsysu.edu.tw/menu5/showoutline.asp?SYEAR=115&SEM=1&CrsDat=IBBA102&Crsname=經濟學（一）,,,False,國際學士學程,IBBA102,1,全英班,"經濟學（一）
ECONOMICS(I)",3,期,True,50,0,0,50,安大衛,"三5,6,7(管CM 4036)","['', '', '567', '', '', '', '']","《講授類》
限IBBA(含雙主修、輔系)學生修習，欲加選學生請於加退選2階段辦理選課。",[],True
https://selcrs.nsysu.edu.tw/menu5/showoutline.asp?SYEAR=115&SEM=1&CrsDat=IBBA103&Crsname=會計學（一）,,,False,國際學士學程,IBBA103,1,全英班,"會計學（一）
ACCOUNTING (I)",3,期,True,50,0,0,50,馬威爾,"二5,6,7(管CM 4036)","['', '567', '', '', '', '', '']","《講授類》
限IBBA(含雙主修、輔系)學生修習，欲加選學生請於加退選2階段辦理選課。",[],True
https://selcrs.nsysu.edu.tw/menu5/showoutline.asp?SYEAR=115&SEM=1&CrsDat=IBBA104&Crsname=國際企業概論,,,False,國際學士學程,IBBA104,1,全英班,"國際企業概論
INTRODUCTION TO INTERNATIONAL BUSINESS",3,期,True,50,0,0,50,待聘,"一8,6,7(管CM 4036)","['678', '', '', '', '', '', '']","《講授類》
限IBBA(含雙主修、輔系)學生修習，欲加選學生請於加退選2階段辦理選課。",[],True
https://selcrs.nsysu.edu.tw/menu5/showoutline.asp?SYEAR=115&SEM=1&CrsDat=IBBA152&Crsname=跨文化管理,,,False,國際學士學程,IBBA152,1,全英班,"跨文化管理
CROSS CULTURAL MANAGEMENT",3,期,False,50,0,0,50,林帆,"三2,3,4(管CM 3015)","['', '', '234', '', '', '', '']",《講授類》,[],True
https://selcrs.nsysu.edu.tw/menu5/showoutline.asp?SYEAR=115&SEM=1&CrsDat=IBBA153&Crsname=國際企業永續發展,,,False,國際學士學程,IBBA153,1,全英班,"國際企業永續發展
SUSTAINABILITY OF GLOBAL ENTERPRISE",3,期,False,50,0,0,50,雷英瑞,"四8,6,7(管CM 3015)","['', '', '', '678', '', '', '']",《講授類》,[],True
https://selcrs.nsysu.edu.tw/menu5/showoutline.asp?SYEAR=115&SEM=1&CrsDat=IBBA155&Crsname=跨國企業法律風險評估,,,False,國際學士學程,IBBA155,1,全英班,"跨國企業法律風險評估
LEGAL RISK MANAGEMENT FOR MULTINATIONAL ENTERPRISES",3,期,False,50,0,0,50,盧憶,"四2,3,4(管CM 1023)","['', '', '', '234', '', '', '']","《講授類》
限IBBA(含雙主修、輔系)學生修習，欲加選學生請於加退選2階段辦理選課。",[],True
https://selcrs.nsysu.edu.tw/menu5/showoutline.asp?SYEAR=115&SEM=1&CrsDat=IBBA201&Crsname=統計學,,,False,國際學士學程,IBBA201,2,全英班,"統計學
STATISTICS",3,期,True,50,0,0,50,劉易,"四2,3,4(管CM 4036)","['', '', '', '234', '', '', '']","《講授類》
限IBBA(含雙主修、輔系)學生修習，欲加選學生請於加退選2階段辦理選課。",[],True
https://selcrs.nsysu.edu.tw/menu5/showoutline.asp?SYEAR=115&SEM=1&CrsDat=IBBA202&Crsname=跨文化溝通,,,False,國際學士學程,IBBA202,2,全英班,"跨文化溝通
INTERCULTURAL COMMUNICATION",3,期,True,50,0,0,50,雷英瑞,"五5,6,7(管CM 4036)","['', '', '', '', '567', '', '']","《講授類》
限IBBA(含雙主修、輔系)學生修習，欲加選學生請於加退選2階段辦理選課。",[],True
https://selcrs.nsysu.edu.tw/menu5/showoutline.asp?SYEAR=115&SEM=1&CrsDat=IBBA206&Crsname=行銷管理,,,True,國際學士學程,IBBA206,2,全英班,"行銷管理
MARKETING MANAGEMENT",3,期,True,50,0,0,50,陳文鑫,"四8,6,7(管CM 4078)","['', '', '', '678', '', '', '']",《講授類》,[],True
https://selcrs.nsysu.edu.tw/menu5/showoutline.asp?SYEAR=115&SEM=1&CrsDat=IBBA210&Crsname=商用英語簡報與寫作,,,False,國際學士學程,IBBA210,2,全英班,"商用英語簡報與寫作
BUSINESS WRITING AND PRESENTING IN ENGLISH",3,期,True,50,0,0,50,馬威爾,"二2,3,4(管CM 4036)","['', '234', '', '', '', '', '']","《講授類》
限IBBA(含雙主修、輔系)學生修習，欲加選學生請於加退選2階段辦理選課。",[],True
https://selcrs.nsysu.edu.tw/menu5/showoutline.asp?SYEAR=115&SEM=1&CrsDat=IBBA355&Crsname=國際經濟學,,,False,國際學士學程,IBBA355,3,全英班,"國際經濟學
INTERNATIONAL ECONOMICS",3,期,False,50,0,0,50,安大衛,"二5,6,7(管CM 3017)","['', '567', '', '', '', '', '']",《講授類》,[],True
https://selcrs.nsysu.edu.tw/menu5/showoutline.asp?SYEAR=115&SEM=1&CrsDat=MBR103&Crsname=普通生物學（一）,,,False,海資系,MBR103,1,全英班,"普通生物學（一）
GENERAL BIOLOGY(I)",3,期,True,50,0,0,50,"廖睿妘,水晶,王亮鈞","一2,3,4(海MB 2020)","['234', '', '', '', '', '', '']",《講授類》,[],True
https://selcrs.nsysu.edu.tw/menu5/showoutline.asp?SYEAR=115&SEM=1&CrsDat=MBR105&Crsname=普通生物學實驗（一）,,,False,海資系,MBR105,1,全英班,"普通生物學實驗（一）
GENERAL BIOLOGY LABORATORY(I)",1,期,True,50,0,0,50,張鈞涵,"四5,6,7(海MB 2003)(實驗)","['', '', '', '567', '', '', '']",《實驗類》,[],True
https://selcrs.nsysu.edu.tw/menu5/showoutline.asp?SYEAR=115&SEM=1&CrsDat=MBR109&Crsname=普通化學,,,False,海資系,MBR109,1,全英班,"普通化學
GENERAL CHEMISTRY",3,期,True,50,0,0,50,梁子輝,"五5,6,7(海MB 2015)","['', '', '', '', '567', '', '']",《講授類》,[],True
https://selcrs.nsysu.edu.tw/menu5/showoutline.asp?SYEAR=115&SEM=1&CrsDat=MBR111&Crsname=普通化學實驗,,,False,海資系,MBR111,1,全英班,"普通化學實驗
GENERAL CHEMISTRY LABORATORY",1,期,True,50,0,0,50,王琢堅,"三2,3,4(理SC 4019)(實驗)","['', '', '234', '', '', '', '']",《實驗類》,[],True
https://selcrs.nsysu.edu.tw/menu5/showoutline.asp?SYEAR=115&SEM=1&CrsDat=MBR202&Crsname=有機化學（二）,,,False,海資系,MBR202,2,全英班,"有機化學（二）
ORGANIC CHEMISTRY(II)",2,期,True,50,0,0,50,張均然,"一6,7(海MB 2015)","['67', '', '', '', '', '', '']",《講授類》,[],True
https://selcrs.nsysu.edu.tw/menu5/showoutline.asp?SYEAR=115&SEM=1&CrsDat=MBR204&Crsname=有機化學實驗（二）,,,False,海資系,MBR204,2,全英班,"有機化學實驗（二）
ORGANIC CHEMISTRY LABORATORY(II)",1,期,True,50,0,0,50,張均然,"四2,3,4(理SC 4020)(實驗)","['', '', '', '234', '', '', '']",《實驗類》,[],True
https://selcrs.nsysu.edu.tw/menu5/showoutline.asp?SYEAR=115&SEM=1&CrsDat=MBR210&Crsname=微生物學,,,False,海資系,MBR210,2,全英班,"微生物學
MICROBIOLOGY",3,期,False,50,0,0,50,"李景欽,王亮鈞","五2,3,4(海MB 2015)","['', '', '', '', '234', '', '']",《講授類》,[],False
https://selcrs.nsysu.edu.tw/menu5/showoutline.asp?SYEAR=115&SEM=1&CrsDat=MBR211&Crsname=微生物學實驗,,,False,海資系,MBR211,2,全英班,"微生物學實驗
MICROBIOLOGY LABORATORY",1,期,False,50,0,0,50,邱素芬,"五5,6(海MB 2004)(實驗)","['', '', '', '', '56', '', '']",《實驗類》,[],False
https://selcrs.nsysu.edu.tw/menu5/showoutline.asp?SYEAR=115&SEM=1&CrsDat=MBR216&Crsname=浮游生物學,,,False,海資系,MBR216,2,全英班,"浮游生物學
PLANKTOLOGY",3,期,False,50,0,0,50,張桂祥,"一2,3,4(海MB 2015)","['234', '', '', '', '', '', '']",《講授類》,[],True
https://selcrs.nsysu.edu.tw/menu5/showoutline.asp?SYEAR=115&SEM=1&CrsDat=MBR218&Crsname=魚類學,,,False,海資系,MBR218,2,全英班,"魚類學
ICHTHYOLOGY",2,期,False,50,0,0,50,林秀瑾,"二3,4(海MB 2015)","['', '34', '', '', '', '', '']",《講授類》,[],False
https://selcrs.nsysu.edu.tw/menu5/showoutline.asp?SYEAR=115&SEM=1&CrsDat=MBR219&Crsname=魚類學實驗,,,False,海資系,MBR219,2,全英班,"魚類學實驗
ICHTHYOLOGY LABORATORY",1,期,False,50,0,0,50,林秀瑾,三6(海MB 2003) 三7(海MB 2003)(實驗),"['', '', '67', '', '', '', '']",《實驗類》,[],False
https://selcrs.nsysu.edu.tw/menu5/showoutline.asp?SYEAR=115&SEM=1&CrsDat=MBR223&Crsname=地質學,,,False,海資系,MBR223,2,全英班,"地質學
GEOLOGY",2,期,False,50,0,0,50,蕭炎宏,"三6,7(海MB 2009)","['', '', '67', '', '', '', '']",《講授類》,[],False
https://selcrs.nsysu.edu.tw/menu5/showoutline.asp?SYEAR=115&SEM=1&CrsDat=MBR227&Crsname=海洋生物多樣性導論,,,False,海資系,MBR227,2,全英班,"海洋生物多樣性導論
INTRODUCTION TO MARINE BIODIVERSITY",2,期,True,50,0,0,50,"劉商隱,水晶","二6,7(海MB 2015)","['', '67', '', '', '', '', '']",《講授類》,[],True
https://selcrs.nsysu.edu.tw/menu5/showoutline.asp?SYEAR=115&SEM=1&CrsDat=MBR238&Crsname=海洋生物活性成分於疾病模式應用,,,False,海資系,MBR238,4,全英班,"海洋生物活性成分於疾病模式應用
APPLICATION OF MARINE BIOACTIVE COMPOUNDS IN DISEASE MODELS",2,期,False,50,0,0,50,張鈞涵,"二3,4(海MB 1009)","['', '34', '', '', '', '', '']",《講授類》,[],False
https://selcrs.nsysu.edu.tw/menu5/showoutline.asp?SYEAR=115&SEM=1&CrsDat=MBR306&Crsname=生物化學（一）,,,False,海資系,MBR306,2,全英班,"生物化學（一）
BIOCHEMISTRY(I)",3,期,True,50,0,0,50,"廖志中,廖睿妘,李益銘","三2,3,4(海MB 2020)","['', '', '234', '', '', '', '']","《講授類》
限大二以上學生修課",[],True
https://selcrs.nsysu.edu.tw/menu5/showoutline.asp?SYEAR=115&SEM=1&CrsDat=MBR308&Crsname=生物化學實驗,,,False,海資系,MBR308,3,全英班,"生物化學實驗
BIOCHEMISTRY LABORATORY",1,期,False,50,0,0,50,"張鈞涵,李益銘","三6,7(海MB 2012)(實驗)","['', '', '67', '', '', '', '']",《實驗類》,[],False
https://selcrs.nsysu.edu.tw/menu5/showoutline.asp?SYEAR=115&SEM=1&CrsDat=MBR310&Crsname=海上實習,,,False,海資系,MBR310,3,全英班,"海上實習
OCEANOGRAPHY CRUISE PRACTICE",1,期,True,50,0,0,50,劉商隱,"五5,6(海MB 1009)(實驗)","['', '', '', '', '56', '', '']","《實習類》
限本系大三以上學生修課，修課學生須先取得海科院舉辦之水域活動安全與自救訓練講習證明，始能參與水域活動(含實習航次)",[],True
https://selcrs.nsysu.edu.tw/menu5/showoutline.asp?SYEAR=115&SEM=1&CrsDat=MBR313&Crsname=生物統計學及實習(一),,,False,海資系,MBR313,3,全英班,"生物統計學及實習(一)
BIOSTATISTICS AND PRACTICE (I)",3,期,True,50,0,0,50,張楊家豪,"二5,6,7(海MB 2020)","['', '567', '', '', '', '', '']",《講授類》,[],True
https://selcrs.nsysu.edu.tw/menu5/showoutline.asp?SYEAR=115&SEM=1&CrsDat=MBR315&Crsname=生態學,,,False,海資系,MBR315,4,全英班,"生態學
ECOLOGY",2,期,False,50,0,0,50,水晶,"三6,7(海MB 2015)","['', '', '67', '', '', '', '']",《講授類》,[],True
https://selcrs.nsysu.edu.tw/menu5/showoutline.asp?SYEAR=115&SEM=1&CrsDat=MBR326&Crsname=天然物生物活性研究方法,,,False,海資系,MBR326,4,全英班,"天然物生物活性研究方法
RESEARCH METHODS FOR BIOLOGICAL ACTIVITY OF NATURE COMPOUNDS",2,期,False,50,0,0,50,"温志宏,陳武福","五6,7(海MB 1005)","['', '', '', '', '67', '', '']",《講授類》,[],False
https://selcrs.nsysu.edu.tw/menu5/showoutline.asp?SYEAR=115&SEM=1&CrsDat=MBR342&Crsname=藻類學,,,False,海資系,MBR342,3,全英班,"藻類學
PHYCOLOGY",3,期,False,50,0,0,50,李澤民,"四2,3,4(海MB 2015)","['', '', '', '234', '', '', '']",《講授類》,[],False
https://selcrs.nsysu.edu.tw/menu5/showoutline.asp?SYEAR=115&SEM=1&CrsDat=MBR345&Crsname=環境化學,,,False,海資系,MBR345,4,全英班,"環境化學
ENVIRONMENTAL CHEMISTRY",2,期,False,50,0,0,50,王維賢,"三3,4(海MB 2009)","['', '', '34', '', '', '', '']",《講授類》,[],False
https://selcrs.nsysu.edu.tw/menu5/showoutline.asp?SYEAR=115&SEM=1&CrsDat=MBR351&Crsname=蛋白質化學,,,False,海資系,MBR351,3,全英班,"蛋白質化學
PROTEIN CHEMISTRY",3,期,False,50,0,0,50,李益銘,"四5,6,7(海MB 2016)","['', '', '', '567', '', '', '']",《講授類》,[],False
https://selcrs.nsysu.edu.tw/menu5/showoutline.asp?SYEAR=115&SEM=1&CrsDat=MBR357&Crsname=生物資訊學,,,False,海資系,MBR357,3,全英班,"生物資訊學
BIOINFORMATICS",3,期,False,50,0,0,50,王敬湧,"二2,3,4(海MB 2020)","['', '234', '', '', '', '', '']",《講授類》,[],True
https://selcrs.nsysu.edu.tw/menu5/showoutline.asp?SYEAR=115&SEM=1&CrsDat=MBR360&Crsname=專題研究（一）,,,False,海資系,MBR360,3,全英班,"專題研究（一）
INDEPENDENT STUDIES IN MARINE RESOURCES（I）",1,期,False,50,0,0,50,"劉商隱,廖志中,廖睿妘,張桂祥,張鈞涵,李景欽,李澤民,李益銘,林梅芳,林秀瑾,水晶,王亮鈞,翁靖如,鄭源斌",一A(),"['A', '', '', '', '', '', '']","《獨立研究》
修課規定已公告於本系網頁(課程資訊>大學部>【課程公告】115-1大三「專題研究（一）］修課說明)，未依規定者不得修課。",[],False
https://selcrs.nsysu.edu.tw/menu5/showoutline.asp?SYEAR=115&SEM=1&CrsDat=MBR401&Crsname=海洋資源專題研討（一）,,,False,海資系,MBR401,4,全英班,"海洋資源專題研討（一）
SEMINAR IN MARINE RESOURCES(I)",2,期,True,50,0,0,50,"張桂祥,王亮鈞","四6,7(海MB 2015)","['', '', '', '67', '', '', '']","《研討類》
限大四以上學生修課",[],True
https://selcrs.nsysu.edu.tw/menu5/showoutline.asp?SYEAR=115&SEM=1&CrsDat=MBR410&Crsname=淺海養殖,,,False,海資系,MBR410,4,全英班,"淺海養殖
MARICULTURE",3,期,False,50,0,0,50,"呂明毅,張桂祥,彭紹宏,方力行,李宗賢,郭富雯,韓僑權","一8,6,7(海MB 1009)","['678', '', '', '', '', '', '']",《講授類》,[],False
https://selcrs.nsysu.edu.tw/menu5/showoutline.asp?SYEAR=115&SEM=1&CrsDat=MBR413&Crsname=海洋法,,,False,海資系,MBR413,3,全英班,"海洋法
LAW OF THE SEA",3,期,False,50,0,0,50,高世明,"一5,6,7(海MB 2009)","['567', '', '', '', '', '', '']",《講授類》,[],False
https://selcrs.nsysu.edu.tw/menu5/showoutline.asp?SYEAR=115&SEM=1&CrsDat=MBR424&Crsname=生物技術,,,False,海資系,MBR424,3,全英班,"生物技術
BIOTECHNOLOGY",3,期,False,50,0,0,50,張鈞涵,"三2,3,4(海MB 2015)","['', '', '234', '', '', '', '']",《講授類》,[],False
https://selcrs.nsysu.edu.tw/menu5/showoutline.asp?SYEAR=115&SEM=1&CrsDat=MBR433&Crsname=畢業專題,,,False,海資系,MBR433,4,全英班,"畢業專題
GRADUATION PROJECT",2,期,True,50,0,0,50,"劉商隱,廖志中,廖睿妘,張桂祥,張鈞涵,李景欽,李澤民,李益銘,林梅芳,林秀瑾,水晶,王亮鈞,翁靖如,鄭源斌","五A,1()","['', '', '', '', 'A1', '', '']","《獨立研究》
需先修畢本系「專題研究（一）」或「專題研究（二）」，修課規定已公告於本系網頁(課程資訊>大學部>【課程公告】115-1大四「畢業專題」修課說明)，未依規定者不得修課。",[],True
https://selcrs.nsysu.edu.tw/menu5/showoutline.asp?SYEAR=115&SEM=1&CrsDat=MBR434&Crsname=海洋多醣的結構與活性,,,False,海資系,MBR434,4,全英班,"海洋多醣的結構與活性
STRUCTURE AND BIO-ACTIVITY OF MARINE POLYSACCHARIDE",3,期,False,50,0,0,50,李益銘,"二5,6,7(海MB 2016)","['', '567', '', '', '', '', '']",《講授類》,[],False
https://selcrs.nsysu.edu.tw/menu5/showoutline.asp?SYEAR=115&SEM=1&CrsDat=MBR438&Crsname=生藥學（二）,,,False,海資系,MBR438,3,全英班,"生藥學（二）
PHARMACOGNOSY(II)",3,期,False,50,0,0,50,廖志中,"一2,3,4(海MB 1009)","['234', '', '', '', '', '', '']",《講授類》,[],False
https://selcrs.nsysu.edu.tw/menu5/showoutline.asp?SYEAR=115&SEM=1&CrsDat=MBR440&Crsname=生態學實驗,,,False,海資系,MBR440,4,全英班,"生態學實驗
ECOLOGY LABORATORY",1,期,False,50,0,0,50,水晶,"四3,4(海MB 2003)(實驗)","['', '', '', '34', '', '', '']",《實驗類》,[],True
https://selcrs.nsysu.edu.tw/menu5/showoutline.asp?SYEAR=115&SEM=1&CrsDat=MBR441&Crsname=海洋資源導論（一）,,,False,海資系,MBR441,1,全英班,"海洋資源導論（一）
INTRODUCTION TO MARINE RESOURCES (I)",2,期,True,50,0,0,50,"廖睿妘,李景欽,李澤民,林秀瑾,水晶,王亮鈞,鄭源斌","五3,4(海MB 2020)","['', '', '', '', '34', '', '']",《講授類》,[],True
https://selcrs.nsysu.edu.tw/menu5/showoutline.asp?SYEAR=115&SEM=1&CrsDat=MAEV101&Crsname=微積分（一）,,,False,海工系,MAEV101,1,全英班,"微積分（一）
CALCULUS(I)",3,期,True,50,0,0,50,待聘,"五2,3,4(理SC 1005)","['', '', '', '', '234', '', '']",《講授類》,[],True
https://selcrs.nsysu.edu.tw/menu5/showoutline.asp?SYEAR=115&SEM=1&CrsDat=MAEV150&Crsname=基礎環境科學,,,False,海工系,MAEV150,1,全英班,"基礎環境科學
BASIC ENVIRONMENTAL SCIENCE",2,期,True,70,0,0,70,卓宴琳,"四3,4(海ME 3006)","['', '', '', '34', '', '', '']",《講授類》,[],True
https://selcrs.nsysu.edu.tw/menu5/showoutline.asp?SYEAR=115&SEM=1&CrsDat=MAEV201&Crsname=計算機概論,,,False,海工系,MAEV201,1,全英班,"計算機概論
INTRODUCTION TO COMPUTERS:CONCEPT AND LANGUAGE",3,期,True,60,0,0,60,夏沛亞,"三2,3,4(海ME 3004)","['', '', '234', '', '', '', '']",《講授類》,[],True
https://selcrs.nsysu.edu.tw/menu5/showoutline.asp?SYEAR=115&SEM=1&CrsDat=MAEV202&Crsname=計算機概論實習,,,False,海工系,MAEV202,1,全英班,"計算機概論實習
INTRODUCTION TO COMPUTERS : PRACTICE",1,期,True,60,0,0,60,夏沛亞,"三5,6,7(海ME 3004)(實驗)","['', '', '567', '', '', '', '']",《講授類》,[],True
https://selcrs.nsysu.edu.tw/menu5/showoutline.asp?SYEAR=115&SEM=1&CrsDat=MAEV203&Crsname=工程數學（一）,,,False,海工系,MAEV203,2,全英班,"工程數學（一）
ENGINEERING MATHEMATICS(I)",3,期,True,50,0,0,50,曾以帆,"三2,3,4(海ME 2003)","['', '', '234', '', '', '', '']","《講授類》
限微積分（一）及微積分（二）50分(D)（含）以上修習，若未符合上述規定者，請洽授課老師後於異常處理階段加選。",[],True
https://selcrs.nsysu.edu.tw/menu5/showoutline.asp?SYEAR=115&SEM=1&CrsDat=MAEV242&Crsname=工程材料,,,False,海工系,MAEV242,2,全英班,"工程材料
ENGINEERING MATERIAL",2,期,True,60,0,0,60,詹鵬台,"一5,6(海ME 2005)","['56', '', '', '', '', '', '']",《講授類》,[],True
https://selcrs.nsysu.edu.tw/menu5/showoutline.asp?SYEAR=115&SEM=1&CrsDat=MAEV243&Crsname=結構與材料實驗,,,False,海工系,MAEV243,2,全英班,"結構與材料實驗
STRUCTURAL AND MATERIAL LABORATORY",1,期,True,50,0,0,50,詹鵬台,"一8,7(海ME 2005)(實驗)","['78', '', '', '', '', '', '']",《實驗類》,[],True
https://selcrs.nsysu.edu.tw/menu5/showoutline.asp?SYEAR=115&SEM=1&CrsDat=MAEV244&Crsname=材料力學,,,False,海工系,MAEV244,2,全英班,"材料力學
MATERIAL MECHANICS",3,期,True,65,0,0,65,金尚進,"三5,6,7(海ME 2005)","['', '', '567', '', '', '', '']",《講授類》,[],True
https://selcrs.nsysu.edu.tw/menu5/showoutline.asp?SYEAR=115&SEM=1&CrsDat=MAEV250&Crsname=環境微生物學,,,False,海工系,MAEV250,2,全英班,"環境微生物學
ENVIRONMENTAL MICROBIOLOGY",3,期,False,50,0,0,50,卓宴琳,"五2,3,4(海ME 2007)","['', '', '', '', '234', '', '']",《講授類》,[],False
https://selcrs.nsysu.edu.tw/menu5/showoutline.asp?SYEAR=115&SEM=1&CrsDat=MAEV251&Crsname=環境微生物學實驗,,,False,海工系,MAEV251,2,全英班,"環境微生物學實驗
ENVIRONMENTAL MICROBIOLOGY LABORATORY",1,期,False,50,0,0,50,卓宴琳,"五8,6,7(海ME 2007)(實驗)","['', '', '', '', '678', '', '']",《實驗類》,[],False
https://selcrs.nsysu.edu.tw/menu5/showoutline.asp?SYEAR=115&SEM=1&CrsDat=MAEV261&Crsname=測量學,,,False,海工系,MAEV261,2,全英班,"測量學
SURVEYING",3,期,True,50,0,0,50,鍾秉宸,"二2,3,4(海ME 2005)","['', '234', '', '', '', '', '']",《講授類》,[],True
https://selcrs.nsysu.edu.tw/menu5/showoutline.asp?SYEAR=115&SEM=1&CrsDat=MAEV262&Crsname=測量學實習,,,False,海工系,MAEV262,2,全英班,"測量學實習
SURVEYING LABORATORY",1,期,True,50,0,0,50,鍾秉宸,"二5,6,7(海ME 2005)(實驗)","['', '567', '', '', '', '', '']",《實習類》,[],True
https://selcrs.nsysu.edu.tw/menu5/showoutline.asp?SYEAR=115&SEM=1&CrsDat=MAEV322&Crsname=海洋波浪學,,,False,海工系,MAEV322,3,全英班,"海洋波浪學
OCEAN WAVES",3,期,True,70,0,0,70,許弘莒,"一8,6,7(海ME 2003)","['678', '', '', '', '', '', '']",《講授類》,[],True
https://selcrs.nsysu.edu.tw/menu5/showoutline.asp?SYEAR=115&SEM=1&CrsDat=MAEV325&Crsname=渠道水力學,,,False,海工系,MAEV325,4,不分班,"渠道水力學
OPEN CHANNEL HYDRAULICS",3,期,False,50,0,0,50,鍾秉宸,"五5,6,7(海ME 2005)","['', '', '', '', '567', '', '']",《講授類》,[],False
https://selcrs.nsysu.edu.tw/menu5/showoutline.asp?SYEAR=115&SEM=1&CrsDat=MAEV326&Crsname=流體動力學,,,False,海工系,MAEV326,3,全英班,"流體動力學
HYDRODYNAMICS",3,期,False,50,0,0,50,葉博弘,"四5,6,7(海ME 2003)","['', '', '', '567', '', '', '']",《講授類》,[],False
https://selcrs.nsysu.edu.tw/menu5/showoutline.asp?SYEAR=115&SEM=1&CrsDat=MAEV340&Crsname=土壤力學,,,False,海工系,MAEV340,3,全英班,"土壤力學
SOIL MECHANICS",3,期,True,55,0,0,55,林俊宏,"四2,3,4(海ME 2003)","['', '', '', '234', '', '', '']",《講授類》,[],True
https://selcrs.nsysu.edu.tw/menu5/showoutline.asp?SYEAR=115&SEM=1&CrsDat=MAEV341&Crsname=土壤力學實驗,,,False,海工系,MAEV341,3,全英班,"土壤力學實驗
SOIL MECHANICS LABORATORY",1,期,True,50,0,0,50,林俊宏,"三5,6,7(海ME 2003)(實驗)","['', '', '567', '', '', '', '']",《實驗類》,[],True
https://selcrs.nsysu.edu.tw/menu5/showoutline.asp?SYEAR=115&SEM=1&CrsDat=MAEV344&Crsname=中等結構學,,,False,海工系,MAEV344,3,全英班,"中等結構學
INDETERMINATE STRUCTURE THEORY",3,期,False,50,0,0,50,金尚進,"三2,3,4(海ME 2005)","['', '', '234', '', '', '', '']",《講授類》,[],True
https://selcrs.nsysu.edu.tw/menu5/showoutline.asp?SYEAR=115&SEM=1&CrsDat=MAEV407&Crsname=畢業專題,,,False,海工系,MAEV407,4,不分班,"畢業專題
GRADUATION PROJECT",2,期,True,50,0,0,50,指導教授,"六A,1()","['', '', '', '', '', 'A1', '']",《獨立研究》,[],False
https://selcrs.nsysu.edu.tw/menu5/showoutline.asp?SYEAR=115&SEM=1&CrsDat=MAEV410&Crsname=海上實習,,,False,海工系,MAEV410,3,全英班,"海上實習
OCEANOGRAPHIC CRUISE PRACTICE",1,期,True,50,0,0,50,"林俊宏,莊偉良","五5,6(海ME 2003)(實驗)","['', '', '', '', '56', '', '']","《實習類》
修課學生須先取得海科院舉辦之水域活動安全與自救訓練講習證明，始能參與水域活動(含實習航次)",[],True
https://selcrs.nsysu.edu.tw/menu5/showoutline.asp?SYEAR=115&SEM=1&CrsDat=MAEV420&Crsname=水資源工程,,,False,海工系,MAEV420,3,全英班,"水資源工程
WATER RESOURCES ENGINEERING",3,期,False,50,0,0,50,莊偉良,"五2,3,4(海ME 2003)","['', '', '', '', '234', '', '']",《講授類》,[],False
https://selcrs.nsysu.edu.tw/menu5/showoutline.asp?SYEAR=115&SEM=1&CrsDat=MAEV422&Crsname=港灣工程（含設計實例）,,,False,海工系,MAEV422,4,不分班,"港灣工程（含設計實例）
HARBOR ENGINEERING (INCL. DESIGN CASES STUDY)",3,期,False,50,0,0,50,陳吉紀,"二2,3,4(海ME 2007)","['', '234', '', '', '', '', '']",《講授類》,[],False
https://selcrs.nsysu.edu.tw/menu5/showoutline.asp?SYEAR=115&SEM=1&CrsDat=MAEV443&Crsname=船舶及海上結構力學,,,False,海工系,MAEV443,4,不分班,"船舶及海上結構力學
SHIP AND OFFSHORE STRUCTURAL MECHANICS",3,期,False,50,0,0,50,金尚進,"四2,3,4(海ME 2007)","['', '', '', '234', '', '', '']",《講授類》,[],True
https://selcrs.nsysu.edu.tw/menu5/showoutline.asp?SYEAR=115&SEM=1&CrsDat=MAEV453&Crsname=海岸開發及保育工程,,,False,海工系,MAEV453,4,不分班,"海岸開發及保育工程
COASTAL DEVELOPMENT AND RESTORATION ENGINEERING",3,期,False,50,0,0,50,曾以帆,"一8,6,7(海ME 2007)","['678', '', '', '', '', '', '']",《講授類》,[],False
https://selcrs.nsysu.edu.tw/menu5/showoutline.asp?SYEAR=115&SEM=1&CrsDat=MAEV454&Crsname=生態工程與實務,,,False,海工系,MAEV454,4,不分班,"生態工程與實務
ECOLOGICAL ENGINEERING AND PRACTICE",3,期,False,50,0,0,50,林巧雯,"三2,3,4(海ME 2007)","['', '', '234', '', '', '', '']",《講授類》,[],False
https://selcrs.nsysu.edu.tw/menu5/showoutline.asp?SYEAR=115&SEM=1&CrsDat=DO101&Crsname=微積分（一）,,,False,海科系,DO101,1,不分班,"微積分（一）
CALCULUS (I)",3,期,True,50,0,0,50,莊秉樺,"五2,3,4(海MA 3020)","['', '', '', '', '234', '', '']",《講授類》,[],False
https://selcrs.nsysu.edu.tw/menu5/showoutline.asp?SYEAR=115&SEM=1&CrsDat=DO103&Crsname=普通化學,,,False,海科系,DO103,1,不分班,"普通化學
GENERAL CHEMISTRY",3,期,True,50,0,0,50,蔡明利,"三5,6,7(海MA 3020)","['', '', '567', '', '', '', '']",《講授類》,[],False
https://selcrs.nsysu.edu.tw/menu5/showoutline.asp?SYEAR=115&SEM=1&CrsDat=DO121&Crsname=海洋化學實驗（一）,,,False,海科系,DO121,3,不分班,"海洋化學實驗（一）
MARINE CHEMISTRY LABORATORY (I)",1,期,False,50,0,0,50,"施詠嚴,洪慶章","一8,9(海MA 2009)(實驗)","['89', '', '', '', '', '', '']",《實驗類》,[],False
https://selcrs.nsysu.edu.tw/menu5/showoutline.asp?SYEAR=115&SEM=1&CrsDat=DO131&Crsname=海洋地質概論,,,False,海科系,DO131,1,不分班,"海洋地質概論
INTRODUCTION TO MARINE GEOLOGY",2,期,True,40,0,0,40,張瑜峻,"四3,4(海MA 1005)","['', '', '', '34', '', '', '']","《講授類》
適合大一、大二學生跨院選修。",[],False
https://selcrs.nsysu.edu.tw/menu5/showoutline.asp?SYEAR=115&SEM=1&CrsDat=DO201&Crsname=海洋化學概論,,,False,海科系,DO201,2,不分班,"海洋化學概論
INTRODUCTION TO MARINE CHEMISTRY",2,期,True,50,0,0,50,簡國童,"三3,4(海MA 1005)","['', '', '34', '', '', '', '']",《講授類》,[],False
https://selcrs.nsysu.edu.tw/menu5/showoutline.asp?SYEAR=115&SEM=1&CrsDat=DO203&Crsname=海洋生物概論,,,False,海科系,DO203,1,不分班,"海洋生物概論
INTRODUCTION TO MARINE BIOLOGY",2,期,True,50,0,0,50,"王志騰,陳慶能","四6,7(海MA 1005)","['', '', '', '67', '', '', '']",《講授類》,[],False
https://selcrs.nsysu.edu.tw/menu5/showoutline.asp?SYEAR=115&SEM=1&CrsDat=DO203A&Crsname=海洋生物概論,,,False,海科系,DO203A,1,不分班,"海洋生物概論
INTRODUCTION TO MARINE BIOLOGY",2,期,False,30,0,0,30,熊寶兒,"四8,9(海MA 2022)","['', '', '', '89', '', '', '']","《講授類》
適合大一、大二學生跨院選修。",[],True
https://selcrs.nsysu.edu.tw/menu5/showoutline.asp?SYEAR=115&SEM=1&CrsDat=DO206&Crsname=應用統計學（一）,,,False,海科系,DO206,3,不分班,"應用統計學（一）
APPLIED STATISTICS (I)",2,期,False,50,0,0,50,托星豪,"一1,2(海MA 2022)","['12', '', '', '', '', '', '']","《講授類》
1. 選修「應用統計學(一)」課程需同時選修「應用統計學實習(一)」課程。 2. 與DO718併班上課。",[],False
https://selcrs.nsysu.edu.tw/menu5/showoutline.asp?SYEAR=115&SEM=1&CrsDat=DO207&Crsname=應用統計學實習（一）,,,False,海科系,DO207,3,不分班,"應用統計學實習（一）
APPLIED STATISTICS PRACTICE(I)",1,期,False,50,0,0,50,吳淑娟,"一5,6,7(圖IL PC02)(實驗)","['567', '', '', '', '', '', '']","《實習類》
選修「應用統計學實習(一)」課程需同時選修「應用統計學(一)」課程。 2. 與DO719併班上課。",[],False
https://selcrs.nsysu.edu.tw/menu5/showoutline.asp?SYEAR=115&SEM=1&CrsDat=DO210&Crsname=物理海洋概論,,,False,海科系,DO210,2,不分班,"物理海洋概論
INTRODUCTION TO PHYSICAL OCEANOGRAPHY",2,期,True,50,0,0,50,李逸環,"四6,7(海MA 3020)","['', '', '', '67', '', '', '']",《講授類》,[],False
https://selcrs.nsysu.edu.tw/menu5/showoutline.asp?SYEAR=115&SEM=1&CrsDat=DO212&Crsname=普通生物學（二）,,,False,海科系,DO212,2,不分班,"普通生物學（二）
GENERAL BIOLOGY (II)",3,期,False,50,0,0,50,塗子萱,"二8,6,7(海MA 1005)","['', '678', '', '', '', '', '']",《講授類》,[],False
https://selcrs.nsysu.edu.tw/menu5/showoutline.asp?SYEAR=115&SEM=1&CrsDat=DO219&Crsname=基礎生物化學,,,False,海科系,DO219,2,不分班,"基礎生物化學
FUNDAMENTAL BIOCHEMISTRY",3,期,False,50,0,0,50,陳慶能,"五8,6,7(海MA 2022)","['', '', '', '', '678', '', '']",《講授類》,[],False
https://selcrs.nsysu.edu.tw/menu5/showoutline.asp?SYEAR=115&SEM=1&CrsDat=DO225&Crsname=全球環境變遷概論,,,False,海科系,DO225,2,不分班,"全球環境變遷概論
INTRODUCTION TO GLOBAL ENVIRONMENTAL CHANGE",2,期,False,25,0,0,25,"陳鎮東,雷漢杰","四3,4(海MA 3020)","['', '', '', '34', '', '', '']","《講授類》
適合大一、大二學生跨院選修。",[],True
https://selcrs.nsysu.edu.tw/menu5/showoutline.asp?SYEAR=115&SEM=1&CrsDat=DO231&Crsname=海洋微體古生物學,,,False,海科系,DO231,3,不分班,"海洋微體古生物學
MARINE MICROPALEONTOLOGY",2,期,False,50,0,0,50,張詠斌,"二5,6(海MA 2009)","['', '56', '', '', '', '', '']","《講授類》
1.限本系學生選修。 2.選修「海洋微體古生物學」課程需同時選修「海洋微體古生物學實習」課程。 3. 隔年開設課程。",[],False
https://selcrs.nsysu.edu.tw/menu5/showoutline.asp?SYEAR=115&SEM=1&CrsDat=DO232&Crsname=海洋微體古生物學實習,,,False,海科系,DO232,3,不分班,"海洋微體古生物學實習
MARINE MICROPALEONTOLOGY EXERCISE",1,期,False,50,0,0,50,張詠斌,"二8,9,7(海MA 2009)(實驗)","['', '789', '', '', '', '', '']","《實習類》
1.限本系學生選修。 2.選修「海洋微體古生物學實習」課程需同時選修「海洋微體古生物學」課程。 3 .隔年開設課程。",[],False
https://selcrs.nsysu.edu.tw/menu5/showoutline.asp?SYEAR=115&SEM=1&CrsDat=DO252&Crsname=海流資料實作,,,False,海科系,DO252,3,不分班,"海流資料實作
PRACTICE OF OCEAN CURRENT DATA",2,期,False,50,0,0,50,方盈智,"四3,4(海MA 3040)","['', '', '', '34', '', '', '']",《講授類》,[],False
https://selcrs.nsysu.edu.tw/menu5/showoutline.asp?SYEAR=115&SEM=1&CrsDat=DO301&Crsname=科學英文（一）,,,False,海科系,DO301,3,不分班,"科學英文（一）
SCIENTIFIC ENGLISH (I)",2,期,True,50,0,0,50,熊寶兒,"二3,4(海MA 3040)","['', '34', '', '', '', '', '']",《講授類》,[],True
https://selcrs.nsysu.edu.tw/menu5/showoutline.asp?SYEAR=115&SEM=1&CrsDat=DO303&Crsname=海上實習,,,False,海科系,DO303,3,不分班,"海上實習
SHIPBOARD OPERATIONS PRACTICE",1,期,True,50,0,0,50,方盈智,"五5,6(海MA 1005)(實驗)","['', '', '', '', '56', '', '']","《實習類》
1.修課學生須取得海科院舉辦之水域活動安全與自救訓練講習證明，始能參與水域活動(含海上實習航次)。2.限本系學生修習。",[],True
https://selcrs.nsysu.edu.tw/menu5/showoutline.asp?SYEAR=115&SEM=1&CrsDat=DO315&Crsname=海洋生物生理學,,,False,海科系,DO315,4,不分班,"海洋生物生理學
PHYSIOLOGY OF MARINE ORGANISMS",3,期,False,50,0,0,50,王志騰,"三2,3,4(海MA 2022)","['', '', '234', '', '', '', '']","《講授類》
與DO539併班上課。",[],True
https://selcrs.nsysu.edu.tw/menu5/showoutline.asp?SYEAR=115&SEM=1&CrsDat=DO321&Crsname=海洋化學,,,False,海科系,DO321,3,不分班,"海洋化學
MARINE CHEMISTRY",3,期,False,50,0,0,50,黃蔚人,"五2,3,4(海MA 3040)","['', '', '', '', '234', '', '']",《講授類》,[],False
https://selcrs.nsysu.edu.tw/menu5/showoutline.asp?SYEAR=115&SEM=1&CrsDat=DO324&Crsname=海洋觀測與調查,,,False,海科系,DO324,3,不分班,"海洋觀測與調查
OCEAN OBSERVATION AND INVESTIGATION",3,期,False,50,0,0,50,簡國童,"四8,6,7(海MA 2042)","['', '', '', '678', '', '', '']","《講授類》
與DO614併班上課。",[],False
https://selcrs.nsysu.edu.tw/menu5/showoutline.asp?SYEAR=115&SEM=1&CrsDat=DO332&Crsname=地球化學概論,,,False,海科系,DO332,3,不分班,"地球化學概論
INTRODUCTION TO GEOCHEMISTRY",2,期,False,50,0,0,50,林玉詩,"一3,4(海MA 3040)","['34', '', '', '', '', '', '']","《講授類》
與DO726併班上課。",[],False
https://selcrs.nsysu.edu.tw/menu5/showoutline.asp?SYEAR=115&SEM=1&CrsDat=DO341&Crsname=流體力學（一）,,,False,海科系,DO341,3,不分班,"流體力學（一）
FLUID MECHANICS(I)",3,期,False,50,0,0,50,邱永盛,"三5,6,7(海MA 2042)","['', '', '567', '', '', '', '']",《講授類》,[],False
https://selcrs.nsysu.edu.tw/menu5/showoutline.asp?SYEAR=115&SEM=1&CrsDat=DO354&Crsname=機器學習概論及其在海洋科學的應用,,,False,海科系,DO354,3,不分班,"機器學習概論及其在海洋科學的應用
INTRODUCTORY MACHINE LEARNING AND ITS APPLICATION IN MARINE SCIENCES",3,期,False,50,0,0,50,王敬湧,"四2,3,4(海ME 3004)","['', '', '', '234', '', '', '']","《講授類》
與DO720併班上課。",[],True
https://selcrs.nsysu.edu.tw/menu5/showoutline.asp?SYEAR=115&SEM=1&CrsDat=DO404&Crsname=海洋環境影響評估,,,False,海科系,DO404,4,不分班,"海洋環境影響評估
MARINE ENVIRONMENTAL IMPACT ASSESSMENT",3,期,False,50,0,0,50,塗子萱,"四8,6,7(海MB 1009)","['', '', '', '678', '', '', '']","《講授類》
與DO714併班上課。",[],False
https://selcrs.nsysu.edu.tw/menu5/showoutline.asp?SYEAR=115&SEM=1&CrsDat=DO407&Crsname=畢業專題,,,False,海科系,DO407,4,不分班,"畢業專題
GRADUATION PROJECT",2,期,True,50,0,0,50,待聘,"一3,4(海MA 1005)","['34', '', '', '', '', '', '']",《研討類》,[],False
https://selcrs.nsysu.edu.tw/menu5/showoutline.asp?SYEAR=115&SEM=1&CrsDat=DO408&Crsname=海洋GIS資料實作,,,False,海科系,DO408,4,不分班,"海洋GIS資料實作
PRACTICE OF MARINE GIS DATA",2,期,False,50,0,0,50,林玉詩,"一5,6(海MA 3040)","['56', '', '', '', '', '', '']","《講授類》
與DO723併班上課。",[],True
https://selcrs.nsysu.edu.tw/menu5/showoutline.asp?SYEAR=115&SEM=1&CrsDat=DO409&Crsname=科學倫理導論,,,False,海科系,DO409,4,不分班,"科學倫理導論
INTRODUCTION TO SCIENCE ETHICS",2,期,False,25,0,0,25,熊寶兒,"二6,7(海MA 2022)","['', '67', '', '', '', '', '']","《講授類》
與DO724併班上課。",[],True
https://selcrs.nsysu.edu.tw/menu5/showoutline.asp?SYEAR=115&SEM=1&CrsDat=DO416&Crsname=分子細胞生物學,,,False,海科系,DO416,4,不分班,"分子細胞生物學
MOLECULAR CELL BIOLOGY",3,期,False,50,0,0,50,陳慶能,"二2,3,4(海MA 2022)","['', '234', '', '', '', '', '']","《講授類》
與DO545併班上課。",[],False
https://selcrs.nsysu.edu.tw/menu5/showoutline.asp?SYEAR=115&SEM=1&CrsDat=DO417&Crsname=海洋無脊椎動物學（一）,,,False,海科系,DO417,2,不分班,"海洋無脊椎動物學（一）
MARINE INVERTEBRATE ZOOLOGY (I)",2,期,False,30,0,0,30,塗子萱,"五3,4(海MA 1005)","['', '', '', '', '34', '', '']","《講授類》
適合大一、大二學生跨院選修。 ※隔年開設課程。",[],False
https://selcrs.nsysu.edu.tw/menu5/showoutline.asp?SYEAR=115&SEM=1&CrsDat=DO431&Crsname=古氣候學概論,,,False,海科系,DO431,4,不分班,"古氣候學概論
INTRODUCTION TO PALEOCLIMATOLOGY",2,期,False,50,0,0,50,張詠斌,"五3,4(海MA 2009)","['', '', '', '', '34', '', '']","《講授類》
與DO625併班上課。",[],False
https://selcrs.nsysu.edu.tw/menu5/showoutline.asp?SYEAR=115&SEM=1&CrsDat=DO433&Crsname=海洋地質論文研究（一）,,,False,海科系,DO433,4,不分班,"海洋地質論文研究（一）
INDEPENDENT STUDIES IN MARINE GEOLOGY（I）",2,期,False,50,0,0,50,"張詠斌,林玉詩","二A,1()","['', 'A1', '', '', '', '', '']",《獨立研究》,[],False
https://selcrs.nsysu.edu.tw/menu5/showoutline.asp?SYEAR=115&SEM=1&CrsDat=DO437&Crsname=海岸與海洋地質災害,,,False,海科系,DO437,4,不分班,"海岸與海洋地質災害
COASTAL AND MARINE GEOHAZARDS",2,期,False,50,0,0,50,張瑜峻,"三3,4(海MA 2009)","['', '', '34', '', '', '', '']","《講授類》
與DO725併班上課。",[],True
https://selcrs.nsysu.edu.tw/menu5/showoutline.asp?SYEAR=115&SEM=1&CrsDat=DO445&Crsname=中等物理海洋學,,,False,海科系,DO445,3,不分班,"中等物理海洋學
INTERMEDIATE PHYSICAL OCEANOGRAPHY",2,期,False,50,0,0,50,方盈智,"三3,4(海MA 3040)","['', '', '34', '', '', '', '']","《講授類》
1. 需修畢「物理海洋概論」(DO210)與「微積分(一)」(DO101)。　2. 與DO643併班上課。",[],True
https://selcrs.nsysu.edu.tw/menu5/showoutline.asp?SYEAR=115&SEM=1&CrsDat=DO447&Crsname=海洋災害,,,False,海科系,DO447,3,不分班,"海洋災害
OCEAN HAZARDS",2,期,False,50,0,0,50,曾若玄,"五3,4(海MA 2022)","['', '', '', '', '34', '', '']",《講授類》,[],False
https://selcrs.nsysu.edu.tw/menu5/showoutline.asp?SYEAR=115&SEM=1&CrsDat=DO451&Crsname=生物資訊學,,,False,海科系,DO451,4,不分班,"生物資訊學
BIOINFORMATICS",3,期,False,50,0,0,50,王敬湧,"二2,3,4(海MB 2020)","['', '234', '', '', '', '', '']","《講授類》
與DO727併班上課。",[],True
https://selcrs.nsysu.edu.tw/menu5/showoutline.asp?SYEAR=115&SEM=1&CrsDat=MRSC102&Crsname=基礎海洋學,,,False,海科院（學）,MRSC102,0,不分班,"基礎海洋學
FUNDAMENTALS OF OCEANOGRAPHY",3,期,False,10,0,0,10,"林玉詩,林裕䕒,簡國童,陳冠宇","五2,3,4(海MA 3021)","['', '', '', '', '234', '', '']","《講授類》
限海工系及海科系以外學生選修。",[],False
https://selcrs.nsysu.edu.tw/menu5/showoutline.asp?SYEAR=115&SEM=1&CrsDat=MRSC105&Crsname=環境教育,,,False,海科院（學）,MRSC105,0,不分班,"環境教育
ENVIROMENTAL EDUCATION",2,期,False,15,0,0,15,謝百淇,"三6,7(社SS 2005)","['', '', '67', '', '', '', '']",《講授類》,[],False
https://selcrs.nsysu.edu.tw/menu5/showoutline.asp?SYEAR=115&SEM=1&CrsDat=MRSC114&Crsname=海洋基礎科學,,,False,海科院（學）,MRSC114,1,不分班,"海洋基礎科學
BASIC MARINE SCIENCES",2,期,True,150,0,0,150,"林梅芳,陳冠宇,黃蔚人","一6,7(海MA 3021)","['67', '', '', '', '', '', '']","《講授類》
海資系、海工系及海科系大一必修。",[],True
https://selcrs.nsysu.edu.tw/menu5/showoutline.asp?SYEAR=115&SEM=1&CrsDat=MRSC118&Crsname=人因工程,,,False,海科院（學）,MRSC118,0,不分班,"人因工程
HUMAN FACTORS ENGINEERING",3,期,False,10,0,0,10,謝孟璋,"三5,6,7(海MB 1009)","['', '', '567', '', '', '', '']",《講授類》,[],False
https://selcrs.nsysu.edu.tw/menu5/showoutline.asp?SYEAR=115&SEM=1&CrsDat=MRSC120&Crsname=探索海洋國家公園,,,False,海科院（學）,MRSC120,0,不分班,"探索海洋國家公園
EXPLORE MARINE NATIONAL PARKS",2,期,False,40,0,0,40,"塗子萱,張水鍇","五5,6(海MA 3020)","['', '', '', '', '56', '', '']","《講授類》
共同授課業界專家：海洋國家公園管理處吳岱穎執行秘書。",[],False
https://selcrs.nsysu.edu.tw/menu5/showoutline.asp?SYEAR=115&SEM=1&CrsDat=MRSC122&Crsname=海洋永續發展科技概論,,,False,海科院（學）,MRSC122,0,不分班,"海洋永續發展科技概論
INTRODUCTION TO OCEAN SUSTAINABLE DEVELOPMENT TECHNOLOGY",2,期,False,40,0,0,40,"葉博弘,魏瑞昌","四3,4(海MA 2016)","['', '', '', '34', '', '', '']",《講授類》,[],False
https://selcrs.nsysu.edu.tw/menu5/showoutline.asp?SYEAR=115&SEM=1&CrsDat=PE101&Crsname=經濟學原理（一）,,,False,政經系,PE101,1,不分班,"經濟學原理（一）
PRINCIPLES OF ECONOMICS(I)",3,期,True,55,0,0,55,張光亮,"四5,6,7(社SS 3005)","['', '', '', '567', '', '', '']",《講授類》,[],False
https://selcrs.nsysu.edu.tw/menu5/showoutline.asp?SYEAR=115&SEM=1&CrsDat=PE101A&Crsname=經濟學原理（一）,,,False,政經系,PE101A,1,不分班,"經濟學原理（一）
PRINCIPLES OF ECONOMICS(I)",3,期,False,10,0,0,10,吳世傑,"四2,3,4(社SS 1006)","['', '', '', '234', '', '', '']","《講授類》
與跨院併班授課",[],False
https://selcrs.nsysu.edu.tw/menu5/showoutline.asp?SYEAR=115&SEM=1&CrsDat=PE109&Crsname=政治學,,,False,政經系,PE109,1,不分班,"政治學
POLITICS",3,期,True,50,0,0,50,張其祿,"五2,3,4(社SS 3005)","['', '', '', '', '234', '', '']",《講授類》,[],False
https://selcrs.nsysu.edu.tw/menu5/showoutline.asp?SYEAR=115&SEM=1&CrsDat=PE110&Crsname=經濟數學（一）,,,False,政經系,PE110,1,不分班,"經濟數學（一）
MATHEMATICS FOR ECONOMICS (I)",3,期,True,50,0,0,50,王俊傑,"一2,3,4(社SS 3001)","['234', '', '', '', '', '', '']",《講授類》,[],False
https://selcrs.nsysu.edu.tw/menu5/showoutline.asp?SYEAR=115&SEM=1&CrsDat=PE125&Crsname=政府與企業,,,False,政經系,PE125,1,不分班,"政府與企業
GOVERNMENT AND BUSINESS",3,期,False,50,0,0,50,張其祿,"一8,6,7(社SS 1006)","['678', '', '', '', '', '', '']",《講授類》,[],False
https://selcrs.nsysu.edu.tw/menu5/showoutline.asp?SYEAR=115&SEM=1&CrsDat=PE131&Crsname=漁業外交概論,,,False,政經系,PE131,1,不分班,"漁業外交概論
INTRODUCTION TO FISHERIES DIPLOMACY",3,期,False,25,0,0,25,高世明,"五5,6,7(社SS 3005)","['', '', '', '', '567', '', '']","《講授類》
與跨院併班授課",[],False
https://selcrs.nsysu.edu.tw/menu5/showoutline.asp?SYEAR=115&SEM=1&CrsDat=PE132&Crsname=變動時代中的全球化,,,False,政經系,PE132,4,不分班,"變動時代中的全球化
GLOBALIZATION IN A TIME OF TRANSITION",3,期,False,30,0,0,30,辛翠玲,"三2,3,4(社SS 3005)","['', '', '234', '', '', '', '']",《講授類》,[],True
https://selcrs.nsysu.edu.tw/menu5/showoutline.asp?SYEAR=115&SEM=1&CrsDat=PE201&Crsname=個體經濟學（一）,,,False,政經系,PE201,2,不分班,"個體經濟學（一）
MICROECONOMICS(I)",3,期,True,55,0,0,55,李明軒,"二2,3,4(社SS 3001)","['', '234', '', '', '', '', '']",《講授類》,[],True
https://selcrs.nsysu.edu.tw/menu5/showoutline.asp?SYEAR=115&SEM=1&CrsDat=PE204&Crsname=總體經濟學（二）,,,False,政經系,PE204,3,不分班,"總體經濟學（二）
MACROECONOMICS(II)",3,期,True,55,0,0,55,童永年,"三2,3,4(社SS 3001)","['', '', '234', '', '', '', '']",《講授類》,[],False
https://selcrs.nsysu.edu.tw/menu5/showoutline.asp?SYEAR=115&SEM=1&CrsDat=PE206&Crsname=統計學（二）,,,False,政經系,PE206,2,不分班,"統計學（二）
STATISTICS(2)",3,期,True,65,0,0,65,王俊傑,"四2,3,4(社SS 3001)","['', '', '', '234', '', '', '']",《講授類》,[],False
https://selcrs.nsysu.edu.tw/menu5/showoutline.asp?SYEAR=115&SEM=1&CrsDat=PE207&Crsname=比較政府與政治,,,False,政經系,PE207,4,不分班,"比較政府與政治
COMPARATIVE GOVERNMENT AND POLITICS",3,期,False,50,0,0,50,陳若蘭,"二5,6,7(社SS 1006)","['', '567', '', '', '', '', '']",《講授類》,[],False
https://selcrs.nsysu.edu.tw/menu5/showoutline.asp?SYEAR=115&SEM=1&CrsDat=PE302&Crsname=國際政治經濟學,,,False,政經系,PE302,3,不分班,"國際政治經濟學
INTERNATIONAL POLITICAL ECONOMY",3,期,True,55,0,0,55,辛翠玲,"四2,3,4(社SS 3005)","['', '', '', '234', '', '', '']",《講授類》,[],False
https://selcrs.nsysu.edu.tw/menu5/showoutline.asp?SYEAR=115&SEM=1&CrsDat=PE309&Crsname=政治經濟學（二）,,,False,政經系,PE309,2,不分班,"政治經濟學（二）
THE POLICITAL ECONOMY (II)",3,期,True,60,0,0,60,陳若蘭,"四5,6,7(社SS 3001)","['', '', '', '567', '', '', '']",《講授類》,[],False
https://selcrs.nsysu.edu.tw/menu5/showoutline.asp?SYEAR=115&SEM=1&CrsDat=PE321&Crsname=國際貿易原理與政策（一）,,,False,政經系,PE321,3,不分班,"國際貿易原理與政策（一）
INTERNATIONAL TRADE:THEORY AND POLICIES(I)",3,期,False,50,0,0,50,吳世傑,"四8,6,7(社SS 1006)","['', '', '', '678', '', '', '']",《講授類》,[],False
https://selcrs.nsysu.edu.tw/menu5/showoutline.asp?SYEAR=115&SEM=1&CrsDat=PE331&Crsname=產業經濟學,,,False,政經系,PE331,3,不分班,"產業經濟學
INDUSTRIAL ECONOMICS",3,期,False,50,0,0,50,吳世傑,"三2,3,4(社SS 1006)","['', '', '234', '', '', '', '']",《講授類》,[],False
https://selcrs.nsysu.edu.tw/menu5/showoutline.asp?SYEAR=115&SEM=1&CrsDat=PE339&Crsname=財務經濟學應用實務,,,False,政經系,PE339,2,不分班,"財務經濟學應用實務
FINANCIAL ECONOMICS AND ITS APPLICATIONS",3,期,False,50,0,0,50,李秉正,"三5,6,7(社SS 1005)","['', '', '567', '', '', '', '']",《講授類》,[],False
https://selcrs.nsysu.edu.tw/menu5/showoutline.asp?SYEAR=115&SEM=1&CrsDat=PE354&Crsname=資料分析與應用-R語言之應用,,,False,政經系,PE354,3,不分班,"資料分析與應用-R語言之應用
DATA ANALYSIS AND MANIPULATION-R LANGUAGE APPLICATIONS",3,期,False,50,0,0,50,張光亮,"一5,6,7(圖IL PC01)","['567', '', '', '', '', '', '']",《講授類》,[],False
https://selcrs.nsysu.edu.tw/menu5/showoutline.asp?SYEAR=115&SEM=1&CrsDat=PE359&Crsname=銀行與金融科技,,,False,政經系,PE359,3,不分班,"銀行與金融科技
FINTECH AND BANKING SERVICES",3,期,False,30,0,0,30,陳珮芬,"五2,3,4(社SS 1004)","['', '', '', '', '234', '', '']","《講授類》
與亞太所併班授課",[],True
https://selcrs.nsysu.edu.tw/menu5/showoutline.asp?SYEAR=115&SEM=1&CrsDat=PE404&Crsname=政經實作專題（二）,,,False,政經系,PE404,4,不分班,"政經實作專題（二）
INDEPENDENT STUDIES IN POLITICAL ECONOMIC（II）",3,期,True,50,0,0,50,王俊傑,"四A,1,B(社SS 3001)","['', '', '', 'A1B', '', '', '']",《獨立研究》,[],False
https://selcrs.nsysu.edu.tw/menu5/showoutline.asp?SYEAR=115&SEM=1&CrsDat=PE404A&Crsname=政經實作專題（二）,,,False,政經系,PE404A,4,不分班,"政經實作專題（二）
INDEPENDENT STUDIES IN POLITICAL ECONOMIC（II）",3,期,True,50,0,0,50,辛翠玲,"四A,1,B(社SS 3005)","['', '', '', 'A1B', '', '', '']",《獨立研究》,[],False
https://selcrs.nsysu.edu.tw/menu5/showoutline.asp?SYEAR=115&SEM=1&CrsDat=PE404B&Crsname=政經實作專題（二）,,,False,政經系,PE404B,4,不分班,"政經實作專題（二）
INDEPENDENT STUDIES IN POLITICAL ECONOMIC（II）",3,期,True,50,0,0,50,張其祿,"五A,1,B(社SS 3005)","['', '', '', '', 'A1B', '', '']",《獨立研究》,[],False
https://selcrs.nsysu.edu.tw/menu5/showoutline.asp?SYEAR=115&SEM=1&CrsDat=PE404C&Crsname=政經實作專題（二）,,,False,政經系,PE404C,4,不分班,"政經實作專題（二）
INDEPENDENT STUDIES IN POLITICAL ECONOMIC（II）",3,期,True,50,0,0,50,吳世傑,"三A,1,B(社SS 1006)","['', '', 'A1B', '', '', '', '']",《獨立研究》,[],False
https://selcrs.nsysu.edu.tw/menu5/showoutline.asp?SYEAR=115&SEM=1&CrsDat=PE404D&Crsname=政經實作專題（二）,,,False,政經系,PE404D,4,不分班,"政經實作專題（二）
INDEPENDENT STUDIES IN POLITICAL ECONOMIC（II）",3,期,True,50,0,0,50,李予綱,"五A,1,B(社SS 1005)","['', '', '', '', 'A1B', '', '']",《獨立研究》,[],False
https://selcrs.nsysu.edu.tw/menu5/showoutline.asp?SYEAR=115&SEM=1&CrsDat=PE404E&Crsname=政經實作專題（二）,,,False,政經系,PE404E,4,不分班,"政經實作專題（二）
INDEPENDENT STUDIES IN POLITICAL ECONOMIC（II）",3,期,True,50,0,0,50,李明軒,"二A,1,B(社SS 3001)","['', 'A1B', '', '', '', '', '']",《獨立研究》,[],False
https://selcrs.nsysu.edu.tw/menu5/showoutline.asp?SYEAR=115&SEM=1&CrsDat=PE404F&Crsname=政經實作專題（二）,,,False,政經系,PE404F,4,不分班,"政經實作專題（二）
INDEPENDENT STUDIES IN POLITICAL ECONOMIC（II）",3,期,True,50,0,0,50,張光亮,"四A,1,B(社SS 1005)","['', '', '', 'A1B', '', '', '']",《獨立研究》,[],False
https://selcrs.nsysu.edu.tw/menu5/showoutline.asp?SYEAR=115&SEM=1&CrsDat=PE404G&Crsname=政經實作專題（二）,,,False,政經系,PE404G,4,不分班,"政經實作專題（二）
INDEPENDENT STUDIES IN POLITICAL ECONOMIC（II）",3,期,True,50,0,0,50,陳若蘭,"二A,1,B(社SS 1006)","['', 'A1B', '', '', '', '', '']",《獨立研究》,[],False
https://selcrs.nsysu.edu.tw/menu5/showoutline.asp?SYEAR=115&SEM=1&CrsDat=SOC101&Crsname=社會學（一）,,,False,社會系,SOC101,1,不分班,"社會學（一）
SOCIOLOGY",3,期,True,50,0,0,50,李宛儒,"四8,6,7(社SS 4001)","['', '', '', '678', '', '', '']","《講授類》
點選本課請同時點選《社會學實習（一）》",[],False
https://selcrs.nsysu.edu.tw/menu5/showoutline.asp?SYEAR=115&SEM=1&CrsDat=SOC105&Crsname=社會學實習（一）,,,False,社會系,SOC105,1,不分班,"社會學實習（一）
SOCIOLOGY PRACTICE ( I )",1,期,True,50,0,0,50,李宛儒,"三D,E(社SS 1003)(實驗)","['', '', 'DE', '', '', '', '']","《實習類》
本課程限選修本系《社會學（一）》之學生。",[],False
https://selcrs.nsysu.edu.tw/menu5/showoutline.asp?SYEAR=115&SEM=1&CrsDat=SOC130&Crsname=閱讀與寫作,,,False,社會系,SOC130,1,不分班,"閱讀與寫作
READING AND WRITING",3,期,True,50,0,0,50,楊又欣,"一8,6,7(社SS 4004-2)","['678', '', '', '', '', '', '']",《講授類》,[],False
https://selcrs.nsysu.edu.tw/menu5/showoutline.asp?SYEAR=115&SEM=1&CrsDat=SOC201&Crsname=社會統計（一）,,,False,社會系,SOC201,2,不分班,"社會統計（一）
SOCIAL STATISTICS (I)",3,期,True,50,0,0,50,戴昀,"二2,3,4(圖IL PC02)","['', '234', '', '', '', '', '']","《講授類》
點選本課請同時點選《社會統計實習（一）》",[],False
https://selcrs.nsysu.edu.tw/menu5/showoutline.asp?SYEAR=115&SEM=1&CrsDat=SOC202&Crsname=南方社會學,,,False,社會系,SOC202,3,不分班,"南方社會學
SOUTHERN SOCIOLOGY",3,期,True,50,0,0,50,"林傳凱,王梅香","三2,3,4(社SS 4001)","['', '', '234', '', '', '', '']","《講授類》
限修過本系或跨院選修之社會學(一)(二)且及格",[],False
https://selcrs.nsysu.edu.tw/menu5/showoutline.asp?SYEAR=115&SEM=1&CrsDat=SOC205&Crsname=觀光與社會,,,False,社會系,SOC205,2,不分班,"觀光與社會
TOURISM AND SOCIOLOGY",3,期,False,50,0,0,50,楊又欣,"五2,3,4(社SS 4004-2)","['', '', '', '', '234', '', '']",《講授類》,[],True
https://selcrs.nsysu.edu.tw/menu5/showoutline.asp?SYEAR=115&SEM=1&CrsDat=SOC220&Crsname=社會統計實習（一）,,,False,社會系,SOC220,2,不分班,"社會統計實習（一）
SOCIAL STATISTICS PRACTICE ( I )",1,期,True,50,0,0,50,戴昀,"四C,D(圖IL PC02)(實驗)","['', '', '', 'CD', '', '', '']","《實習類》
本課程限選修本系《社會統計（一）》之學生",[],False
https://selcrs.nsysu.edu.tw/menu5/showoutline.asp?SYEAR=115&SEM=1&CrsDat=SOC257&Crsname=全球政治,,,False,社會系,SOC257,2,不分班,"全球政治
GLOBAL POLITICS",3,期,False,20,0,0,20,方志恒,"二8,6,7(社SS 4001)","['', '678', '', '', '', '', '']",《講授類》,[],True
https://selcrs.nsysu.edu.tw/menu5/showoutline.asp?SYEAR=115&SEM=1&CrsDat=SOC258&Crsname=原民的環境、經濟與社會,,,False,社會系,SOC258,2,不分班,"原民的環境、經濟與社會
INDIGENOUS ENVIRONMENT, ECONOMY AND SOCIETY",3,期,False,50,0,0,50,"李育諭,李馨慈",,"['123456789', '123456789', '1234567DE', '123456789', '', '123456789', '123456789']","《講授類》
暑假密集式授課8/8-8/13，限有修課同學選修",[],True
https://selcrs.nsysu.edu.tw/menu5/showoutline.asp?SYEAR=115&SEM=1&CrsDat=SOC263&Crsname=人口變遷與社會變遷,,,False,社會系,SOC263,2,不分班,"人口變遷與社會變遷
POPULATION AND SOCIAL CHANGES",3,期,False,50,0,0,50,楊靜利,"四8,6,7(社SS 4004-2)","['', '', '', '678', '', '', '']",《講授類》,[],False
https://selcrs.nsysu.edu.tw/menu5/showoutline.asp?SYEAR=115&SEM=1&CrsDat=SOC301&Crsname=社會學質性研究方法（一）,,,False,社會系,SOC301,3,不分班,"社會學質性研究方法（一）
QUALITATIVE RESEARCH METHODS IN SOCIOLOGY (I)",3,期,True,50,0,0,50,"王梅香,邱花妹","一2,3,4(社SS 4004-2)","['234', '', '', '', '', '', '']",《講授類》,[],False
https://selcrs.nsysu.edu.tw/menu5/showoutline.asp?SYEAR=115&SEM=1&CrsDat=SOC302&Crsname=社會理論（一）,,,False,社會系,SOC302,2,不分班,"社會理論（一）
SOCIAL THEORIES (I)",3,期,True,50,0,0,50,萬毓澤,"二8,6,7(管CM 3019)","['', '678', '', '', '', '', '']","《講授類》
限修過本系或跨院選修之社會學(一)(二) 且及格",[],False
https://selcrs.nsysu.edu.tw/menu5/showoutline.asp?SYEAR=115&SEM=1&CrsDat=SOC323&Crsname=社會政策,,,False,社會系,SOC323,3,不分班,"社會政策
SOCIAL POLICY",3,期,False,50,0,0,50,楊靜利,"三2,3,4(社SS 4004-2)","['', '', '234', '', '', '', '']",《講授類》,[],False
https://selcrs.nsysu.edu.tw/menu5/showoutline.asp?SYEAR=115&SEM=1&CrsDat=SOC352&Crsname=書寫高雄：地方政治與公共轉譯（一）,,,False,社會系,SOC352,3,不分班,"書寫高雄：地方政治與公共轉譯（一）
CHRONICLING KAOHSIUNG: LOCAL POLITICS AND PUBLIC KNOWLEDGE TRANSLATION (I)",3,期,False,50,0,0,50,"林傳凱,王梅香",,"['', '123456789CD', 'A1234567DEF', '123456789CD', '123456789CD', '123456789C', '']","《講授類》
暑假密集式授課9/1-9/5，限有修課同學選修",[],False
https://selcrs.nsysu.edu.tw/menu5/showoutline.asp?SYEAR=115&SEM=1&CrsDat=SOC353&Crsname=解殖社會與政治理論,,,False,社會系,SOC353,3,不分班,"解殖社會與政治理論
DECOLONIZING SOCIAL AND POLITICAL THEORY",3,期,False,50,0,0,50,萬毓澤,"四2,3,4(社SS 1003)","['', '', '', '234', '', '', '']",《講授類》,[],False
https://selcrs.nsysu.edu.tw/menu5/showoutline.asp?SYEAR=115&SEM=1&CrsDat=SOC354&Crsname=能源、氣候變遷與社會,,,False,社會系,SOC354,3,不分班,"能源、氣候變遷與社會
ENERGY, CLIMATE CHANGE, AND SOCIETY",3,期,False,50,0,0,50,邱花妹,"四8,6,7(社SS 1003)","['', '', '', '678', '', '', '']",《講授類》,[],False
https://selcrs.nsysu.edu.tw/menu5/showoutline.asp?SYEAR=115&SEM=1&CrsDat=CSS101&Crsname=心理學,,,False,社科院,CSS101,0,不分班,"心理學
INTRODUCTION TO PSYCHOLOGY",3,期,False,20,0,0,20,"邱文彬,鄭雯","一5,6,7(社SS 2001)","['567', '', '', '', '', '', '']",《講授類》,[],False
https://selcrs.nsysu.edu.tw/menu5/showoutline.asp?SYEAR=115&SEM=1&CrsDat=CSS106&Crsname=經濟學,,,False,社科院,CSS106,0,不分班,"經濟學
ECONOMICS",3,期,False,20,0,0,20,鄭子長,"五8,6,7(社SS 4001)","['', '', '', '', '678', '', '']",《講授類》,[],False
https://selcrs.nsysu.edu.tw/menu5/showoutline.asp?SYEAR=115&SEM=1&CrsDat=CSS120&Crsname=剖析都市：數據分析方法與應用,,,False,社科院,CSS120,0,不分班,"剖析都市：數據分析方法與應用
THE ANATOMY OF THE CITY: DATA ANALYSIS METHOD AND APPLICATION",3,期,False,20,0,0,20,李予綱,"五2,3,4(社SS 3001)","['', '', '', '', '234', '', '']",《講授類》,[],False
https://selcrs.nsysu.edu.tw/menu5/showoutline.asp?SYEAR=115&SEM=1&CrsDat=CSS128&Crsname=創意手機遊戲程式設計,,,False,社科院,CSS128,0,不分班,"創意手機遊戲程式設計
CREATIVE MOBILE GAME PROGRAMMING",3,期,False,30,0,0,30,李春雄,"四2,3,4(圖IL PC02)","['', '', '', '234', '', '', '']","《講授類》
『本課程之限修，於加退選2階段開放選修』。限非應數、電機、機電、資工、材光、光電、資管、海工系學生修習",[],False
https://selcrs.nsysu.edu.tw/menu5/showoutline.asp?SYEAR=115&SEM=1&CrsDat=CSS134&Crsname=智慧城市與智慧運輸趨勢、發展及課題研析,,,False,社科院,CSS134,0,不分班,"智慧城市與智慧運輸趨勢、發展及課題研析
THE TREND, DEVELOPMENT, AND CHALLENGE OF SMART CITY AND SMART TRANSIT",3,期,False,20,0,0,20,李予綱,"五5,6,7(社SS 3001)","['', '', '', '', '567', '', '']",《演講/參訪》,[],False
https://selcrs.nsysu.edu.tw/menu5/showoutline.asp?SYEAR=115&SEM=1&CrsDat=CSS135&Crsname=國際金融,,,False,社科院,CSS135,0,不分班,"國際金融
INTERNATIONAL FINANCE",3,期,False,20,0,0,20,陳孟瑋,"三2,3,4(管CM 4036)","['', '', '234', '', '', '', '']",《講授類》,[],False
https://selcrs.nsysu.edu.tw/menu5/showoutline.asp?SYEAR=115&SEM=1&CrsDat=CSS140&Crsname=智慧城市數位轉型,,,False,社科院,CSS140,0,不分班,"智慧城市數位轉型
DIGITAL TRANSFORMATION OF SMART CITIES",3,期,False,80,0,0,80,李予綱,"三2,3,4(社SS 1002)","['', '', '234', '', '', '', '']",《講授類》,[],False
https://selcrs.nsysu.edu.tw/menu5/showoutline.asp?SYEAR=115&SEM=1&CrsDat=CSS160&Crsname=性別教育,,,False,社科院,CSS160,0,不分班,"性別教育
GENDER EDUCATION",2,期,False,20,0,0,20,"宋呈澔,林靜慧","三3,4(社SS 2001)","['', '', '34', '', '', '', '']",《講授類》,[],False
https://selcrs.nsysu.edu.tw/menu5/showoutline.asp?SYEAR=115&SEM=1&CrsDat=CSS161&Crsname=賽局導論,,,False,社科院,CSS161,0,不分班,"賽局導論
INTRODUCTION TO GAME THEORY",3,期,False,20,0,0,20,許嘉麟,"四8,6,7(管CM 3019)","['', '', '', '678', '', '', '']",《講授類》,[],False
https://selcrs.nsysu.edu.tw/menu5/showoutline.asp?SYEAR=115&SEM=1&CrsDat=CSS162&Crsname=社會問題法律個案分析,,,False,社科院,CSS162,0,不分班,"社會問題法律個案分析
LAW ANALYSIS FOR THE SOCIAL PROBLEM-CASE STUDY",3,期,False,20,0,0,20,陳盈雪,"一5,6,7(社SS 2011)","['567', '', '', '', '', '', '']",《講授類》,[],False
https://selcrs.nsysu.edu.tw/menu5/showoutline.asp?SYEAR=115&SEM=1&CrsDat=CSS171&Crsname=現代民事與商務法律導論,,,False,社科院,CSS171,0,不分班,"現代民事與商務法律導論
INTRODUCTION TO MODERN CIVIL AND COMMERCIAL LAW",2,期,False,20,0,0,20,楊健弘,"五3,4(社SS 1006)","['', '', '', '', '34', '', '']",《講授類》,[],False
https://selcrs.nsysu.edu.tw/menu5/showoutline.asp?SYEAR=115&SEM=1&CrsDat=DIS1001&Crsname=科技創新趨勢與需求探索,,,False,人科學系,DIS1001,1,不分班,"科技創新趨勢與需求探索
EXPLORING TRENDS IN TECHNOLOGICAL INNOVATION AND EMERGING SOCIAL NEEDS",3,期,True,50,0,0,50,"張淑美,許智超","一5,6,7(西SW 1005)","['567', '', '', '', '', '', '']",《講授類》,[],False
https://selcrs.nsysu.edu.tw/menu5/showoutline.asp?SYEAR=115&SEM=1&CrsDat=DIS1002&Crsname=文化人類學,,,False,人科學系,DIS1002,1,不分班,"文化人類學
CULTURAL ANTHROPOLOGY",3,期,True,40,0,0,40,宋世祥,"三2,3,4(西SW 1005)","['', '', '234', '', '', '', '']",《講授類》,[],False
https://selcrs.nsysu.edu.tw/menu5/showoutline.asp?SYEAR=115&SEM=1&CrsDat=DIS1003&Crsname=基礎程式應用,,,False,人科學系,DIS1003,1,不分班,"基礎程式應用
FUNDAMENTALS OF PROGRAMMING AND APPLICATIONS",3,期,True,40,0,0,40,鄭南玉,"四5,6,7(西SW 1007)","['', '', '', '567', '', '', '']",《講授類》,[],False
https://selcrs.nsysu.edu.tw/menu5/showoutline.asp?SYEAR=115&SEM=1&CrsDat=DIS1101&Crsname=智慧型運輸系統,,,False,人科學系,DIS1101,1,不分班,"智慧型運輸系統
INTRODUCTION TO INTELLIGENT TRANSPORTATION SYSTEMS",3,期,False,20,0,0,20,夏晧清,"三5,6,7(西SW 1007)","['', '', '567', '', '', '', '']",《講授類》,[],False
https://selcrs.nsysu.edu.tw/menu5/showoutline.asp?SYEAR=115&SEM=1&CrsDat=DIS1102&Crsname=都市環境概論,,,False,人科學系,DIS1102,1,不分班,"都市環境概論
INTRODUCTION TO URBAN ENVIRONMENT",3,期,False,50,0,0,50,夏晧清,"二2,3,4(西SW 1005)","['', '234', '', '', '', '', '']",《講授類》,[],False
https://selcrs.nsysu.edu.tw/menu5/showoutline.asp?SYEAR=115&SEM=1&CrsDat=PIS1006&Crsname=科學應用,,,False,人科學程,PIS1006,2,不分班,"科學應用
SCIENTIFIC APPLICTIONAL",3,期,True,50,0,0,50,鄭南玉,"二5,6,7(西SW 1007)","['', '567', '', '', '', '', '']",《講授類》,[],False
https://selcrs.nsysu.edu.tw/menu5/showoutline.asp?SYEAR=115&SEM=1&CrsDat=PIS1201&Crsname=音場技術導論,,,False,人科學程,PIS1201,1,不分班,"音場技術導論
INTRODUCTION TO SOUND FIELD TECHNOLOGY",1,期,False,50,0,0,50,陳以軒,,"['', '', '', '678', '', '', '']",《講授類》,[],False
https://selcrs.nsysu.edu.tw/menu5/showoutline.asp?SYEAR=115&SEM=1&CrsDat=PIS1213&Crsname=場景設計導論,,,False,人科學程,PIS1213,2,不分班,"場景設計導論
INTRODUCTION TO SCENE DESIGN",2,期,False,50,0,0,50,李怡賡,"四3,4(文LA 1012)","['', '', '', '34', '', '', '']",《講授類》,[],False
https://selcrs.nsysu.edu.tw/menu5/showoutline.asp?SYEAR=115&SEM=1&CrsDat=PIS2001&Crsname=跨領域探索,,,False,人科學程,PIS2001,2,不分班,"跨領域探索
CROSS-DISCIPLINARY EXPLORATION",1,期,True,50,0,0,50,"夏晧清,宋世祥,張淑美,鄭南玉",,"['', '', '', '', '', '4B5', '']",《講授類》,[],False
https://selcrs.nsysu.edu.tw/menu5/showoutline.asp?SYEAR=115&SEM=1&CrsDat=PIS2002&Crsname=設計思考,,,False,人科學程,PIS2002,2,不分班,"設計思考
DESIGN THINKING",3,期,True,40,0,0,40,宋世祥,"四5,6,7(西SW 1005)","['', '', '', '567', '', '', '']",《講授類》,[],False
https://selcrs.nsysu.edu.tw/menu5/showoutline.asp?SYEAR=115&SEM=1&CrsDat=PIS2007&Crsname=創意街區發展與設計思考,,,False,人科學程,PIS2007,2,不分班,"創意街區發展與設計思考
CREATIVE DISTRICT DEVELOPMENT AND DESIGN THINKING",3,期,False,25,0,0,25,宋世祥,"二5,6,7(西SW 1004)","['', '567', '', '', '', '', '']",《講授類》,[],False
https://selcrs.nsysu.edu.tw/menu5/showoutline.asp?SYEAR=115&SEM=1&CrsDat=PIS2008&Crsname=設計心理學,,,False,人科學程,PIS2008,2,不分班,"設計心理學
DESIGN PSYCHOLOGY",3,期,False,50,0,0,50,張淑美,"二5,6,7(西SW 1005)","['', '567', '', '', '', '', '']",《講授類》,[],False
https://selcrs.nsysu.edu.tw/menu5/showoutline.asp?SYEAR=115&SEM=1&CrsDat=PIS2011&Crsname=創意設計方法,,,False,人科學程,PIS2011,2,不分班,"創意設計方法
CREATIVE DESIGN METHODS",3,期,False,20,0,0,20,張淑美,"三5,6,7(西SW 1005)","['', '', '567', '', '', '', '']",《講授類》,[],False
https://selcrs.nsysu.edu.tw/menu5/showoutline.asp?SYEAR=115&SEM=1&CrsDat=PIS3002&Crsname=跨領域創新專題（二）,,,False,人科學程,PIS3002,3,不分班,"跨領域創新專題（二）
INDEPENDENT STUDIES IN CROSS-DISCIPLINARY INNOVATION (2)",3,期,True,50,0,0,50,"吳亦昕,夏晧清,宋世祥,張淑美,謝如梅,鄭南玉","六8,6,7(西SW 1005)","['', '', '', '', '', '678', '']",《獨立研究》,[],False
https://selcrs.nsysu.edu.tw/menu5/showoutline.asp?SYEAR=115&SEM=1&CrsDat=PIS4002&Crsname=創新設計或創業專題研討,,,False,人科學程,PIS4002,4,不分班,"創新設計或創業專題研討
SEMINAR IN INNOVATION AND ENTREPRENEURSHIP",3,期,True,50,0,0,50,夏晧清,"六1,2,3(西SW 1005)","['', '', '', '', '', '123', '']",《研討類》,[],False
https://selcrs.nsysu.edu.tw/menu5/showoutline.asp?SYEAR=115&SEM=1&CrsDat=PIS4002A&Crsname=創新設計或創業專題研討,,,False,人科學程,PIS4002A,4,不分班,"創新設計或創業專題研討
SEMINAR IN INNOVATION AND ENTREPRENEURSHIP",3,期,True,50,0,0,50,宋世祥,"六1,2,3(西SW 1005)","['', '', '', '', '', '123', '']",《研討類》,[],False
https://selcrs.nsysu.edu.tw/menu5/showoutline.asp?SYEAR=115&SEM=1&CrsDat=PIS4002B&Crsname=創新設計或創業專題研討,,,False,人科學程,PIS4002B,4,不分班,"創新設計或創業專題研討
SEMINAR IN INNOVATION AND ENTREPRENEURSHIP",3,期,True,50,0,0,50,謝如梅,"六1,2,3(西SW 1005)","['', '', '', '', '', '123', '']",《研討類》,[],False
https://selcrs.nsysu.edu.tw/menu5/showoutline.asp?SYEAR=115&SEM=1&CrsDat=PIS4002C&Crsname=創新設計或創業專題研討,,,False,人科學程,PIS4002C,4,不分班,"創新設計或創業專題研討
SEMINAR IN INNOVATION AND ENTREPRENEURSHIP",3,期,True,50,0,0,50,張淑美,"六1,2,3(西SW 1005)","['', '', '', '', '', '123', '']",《研討類》,[],False
https://selcrs.nsysu.edu.tw/menu5/showoutline.asp?SYEAR=115&SEM=1&CrsDat=PIS4002D&Crsname=創新設計或創業專題研討,,,False,人科學程,PIS4002D,4,不分班,"創新設計或創業專題研討
SEMINAR IN INNOVATION AND ENTREPRENEURSHIP",3,期,True,50,0,0,50,鄭南玉,"六1,2,3(西SW 1005)","['', '', '', '', '', '123', '']",《研討類》,[],False
https://selcrs.nsysu.edu.tw/menu5/showoutline.asp?SYEAR=115&SEM=1&CrsDat=PIS4002E&Crsname=創新設計或創業專題研討,,,False,人科學程,PIS4002E,4,不分班,"創新設計或創業專題研討
SEMINAR IN INNOVATION AND ENTREPRENEURSHIP",3,期,True,50,0,0,50,王兆璋,"六1,2,3(西SW 1005)","['', '', '', '', '', '123', '']",《研討類》,[],False
https://selcrs.nsysu.edu.tw/menu5/showoutline.asp?SYEAR=115&SEM=1&CrsDat=III1001&Crsname=閱讀與寫作,,,False,國際學士原民專班,III1001,1,不分班,"閱讀與寫作
READING AND WRITING",3,期,True,50,0,0,50,李馨慈,"四8,6,7(通GE 3013)","['', '', '', '678', '', '', '']","《講授類》
限國際跨域學士原專班學生修課",[],False
https://selcrs.nsysu.edu.tw/menu5/showoutline.asp?SYEAR=115&SEM=1&CrsDat=III1002&Crsname=南島文化概論,,,False,國際學士原民專班,III1002,1,不分班,"南島文化概論
INTRODUCTION TO AUSTRONESIAN CULTURES",3,期,True,50,0,0,50,吳明仁,"五8,6,7(通GE 2006)","['', '', '', '', '678', '', '']","《講授類》
限國際跨域學士原專班學生修課",[],False
https://selcrs.nsysu.edu.tw/menu5/showoutline.asp?SYEAR=115&SEM=1&CrsDat=III1005&Crsname=社會文化分析,,,False,國際學士原民專班,III1005,1,不分班,"社會文化分析
SOCIO-CULTURAL ANALYSIS",3,期,False,25,0,0,25,王啟仲,"三5,6,7(通GE 1010)","['', '', '567', '', '', '', '']","《講授類》
限國際跨域學士原專班學生修課",[],True
https://selcrs.nsysu.edu.tw/menu5/showoutline.asp?SYEAR=115&SEM=1&CrsDat=III1007&Crsname=流行音樂、科技與社會,,,False,國際學士原民專班,III1007,1,不分班,"流行音樂、科技與社會
POPULAR MUSIC, TECHNOLOGY AND SOCIETY",3,期,False,25,0,0,25,王啟仲,"二5,6,7(通GE 1008)","['', '567', '', '', '', '', '']","《講授類》
限國際跨域學士原專班學生修課",[],False
https://selcrs.nsysu.edu.tw/menu5/showoutline.asp?SYEAR=115&SEM=1&CrsDat=III1008&Crsname=人權倡議,,,False,國際學士原民專班,III1008,1,不分班,"人權倡議
HUMAN RIGHTS ADVOCACY",3,期,False,25,0,0,25,許家豪,"二2,3,4(通GE 4016)","['', '234', '', '', '', '', '']","《講授類》
限國際跨域學士原專班學生修課。",[],True
https://selcrs.nsysu.edu.tw/menu5/showoutline.asp?SYEAR=115&SEM=1&CrsDat=III2001&Crsname=原住民人權與國際法,,,False,國際學士原民專班,III2001,2,不分班,"原住民人權與國際法
INDIGENOUS HUMAN RIGHTS AND INTERNATIONAL LAW",3,期,True,50,0,0,50,許家豪,"二8,6,7(通GE 2010-2)","['', '678', '', '', '', '', '']","《講授類》
限國際跨域學士原專班學生修課",[],False
https://selcrs.nsysu.edu.tw/menu5/showoutline.asp?SYEAR=115&SEM=1&CrsDat=III2002&Crsname=探索與實作（一）,,,False,國際學士原民專班,III2002,2,不分班,"探索與實作（一）
EXPLORATION AND PRACTICE （I）",3,期,True,50,0,0,50,"李育諭,李馨慈,王啟仲,王宏仁,許家豪,黃郁晴","一2,3,4(通GE 2010-2)","['234', '', '', '', '', '', '']","《講授類》
限國際跨域學士原專班學生修課",[],False
https://selcrs.nsysu.edu.tw/menu5/showoutline.asp?SYEAR=115&SEM=1&CrsDat=III2004&Crsname=經濟社會學,,,False,國際學士原民專班,III2004,2,不分班,"經濟社會學
ECONOMIC SOCIOLOGY",3,期,False,50,0,0,50,王宏仁,"四2,3,4(通GE 3013)","['', '', '', '234', '', '', '']","《講授類》
限國際跨域學士原專班學生修課",[],False
https://selcrs.nsysu.edu.tw/menu5/showoutline.asp?SYEAR=115&SEM=1&CrsDat=III2005&Crsname=看見生命韌性：族群文化探索與敘事培力,,,False,國際學士原民專班,III2005,2,不分班,"看見生命韌性：族群文化探索與敘事培力
EXPLORING ETHNIC CULTURES AND EMPOWERING THROUGH NARRATIVES",3,期,False,50,0,0,50,黃郁晴,"三5,6,7(通GE 3013)","['', '', '567', '', '', '', '']","《講授類》
限國際跨域學士原專班學生修課",[],False
https://selcrs.nsysu.edu.tw/menu5/showoutline.asp?SYEAR=115&SEM=1&CrsDat=DPBM101&Crsname=習醫之道,,,False,後醫學系,DPBM101,1,不分班,"習醫之道
ON DOCTORING",0.5,期,True,50,0,0,50,許博欽,,"['89', '', '', '34568', '78', '', '']","《演講/參訪》
限後醫系修習",[],False
https://selcrs.nsysu.edu.tw/menu5/showoutline.asp?SYEAR=115&SEM=1&CrsDat=DPBM103&Crsname=生物化學,,,False,後醫學系,DPBM103,1,不分班,"生物化學
BIOCHEMISTRY",2,期,True,50,0,0,50,"劉勃佑,孫羽佑,李昇翰,李豪嶧,王文宏,趙敏吾,陳亮傑,陳彥樺",,"['234', '1234', '1234', '234', '234', '', '']","《醫學類》
限後醫系修習",[],False
https://selcrs.nsysu.edu.tw/menu5/showoutline.asp?SYEAR=115&SEM=1&CrsDat=DPBM108&Crsname=臨床技能（一）,,,False,後醫學系,DPBM108,1,不分班,"臨床技能（一）
MEDICAL SKILL TRAINING PROGRAM(I)",0.5,年,True,23,0,0,23,王慧婷,,"['', '', '2', '1234', '6789', '', '']","《醫學類》
限後醫系修習",[],False
https://selcrs.nsysu.edu.tw/menu5/showoutline.asp?SYEAR=115&SEM=1&CrsDat=DPBM120&Crsname=大體解剖學,,,False,後醫學系,DPBM120,1,不分班,"大體解剖學
GROSS ANATOMY",4,期,True,50,0,0,50,"柯翠玲,甘祐瑜",,"['2345678', '5678', '134567', '34567', '12345678', '23456789', '']","《醫學類》
限後醫系修習",[],False
https://selcrs.nsysu.edu.tw/menu5/showoutline.asp?SYEAR=115&SEM=1&CrsDat=DPBM121&Crsname=大體解剖學實驗,,,False,後醫學系,DPBM121,1,不分班,"大體解剖學實驗
GROSS ANATOMY LABORATORY COURSE",3,期,True,50,0,0,50,"柯翠玲,甘祐瑜",,"['', '12345678', '', '', '12345678', '1234', '']","《實驗類》
限後醫系修習",[],False
https://selcrs.nsysu.edu.tw/menu5/showoutline.asp?SYEAR=115&SEM=1&CrsDat=DPBM122&Crsname=醫學生理學導論,,,False,後醫學系,DPBM122,1,不分班,"醫學生理學導論
INTRODUCTION OF MEDICAL PHYSIOLOGY",1,期,True,50,0,0,50,柯瓊媛,,"['5', '23456', '56', '56', '56', '', '']","《醫學類》
限後醫系修習",[],False
https://selcrs.nsysu.edu.tw/menu5/showoutline.asp?SYEAR=115&SEM=1&CrsDat=DPBM123&Crsname=藥理學導論,,,False,後醫學系,DPBM123,1,不分班,"藥理學導論
THE BASIC PRINCIPLE OF PHARMACOLOGY",1,期,True,50,0,0,50,趙敏吾,,"['6789', '89', '12', '12789', '78', '', '']","《醫學類》
限後醫系修習",[],False
https://selcrs.nsysu.edu.tw/menu5/showoutline.asp?SYEAR=115&SEM=1&CrsDat=DPBM124&Crsname=組織病理學導論,,,False,後醫學系,DPBM124,1,不分班,"組織病理學導論
HISTOLOGY AND PATHOLOGY",1,期,True,50,0,0,50,"劉婷婷,甘祐瑜,陳德全",,"['34', '567', '', '123478', '5', '', '']","《醫學類》
限後醫系修習",[],False
https://selcrs.nsysu.edu.tw/menu5/showoutline.asp?SYEAR=115&SEM=1&CrsDat=DPBM125&Crsname=醫學寄生蟲學,,,False,後醫學系,DPBM125,1,不分班,"醫學寄生蟲學
PARASITOLOGY",1,期,True,50,0,0,50,楊忠達,,"['3', '234', '234', '34', '3478', '', '']","《醫學類》
限後醫系修習",[],False
https://selcrs.nsysu.edu.tw/menu5/showoutline.asp?SYEAR=115&SEM=1&CrsDat=DPBM127&Crsname=人類免疫學導論,,,False,後醫學系,DPBM127,1,不分班,"人類免疫學導論
INTRODUCTION TO HUMAN IMMUNOLOGY",1,期,True,50,0,0,50,陳彥樺,,"['2789', '5678', '1456', '34', '56', '', '']","《醫學類》
限後醫系修習",[],False
https://selcrs.nsysu.edu.tw/menu5/showoutline.asp?SYEAR=115&SEM=1&CrsDat=DPBM128&Crsname=醫用微生物學導論,,,False,後醫學系,DPBM128,1,不分班,"醫用微生物學導論
INTRODUCTION TO MEDICAL MICROBIOLOGY",2,期,True,50,0,0,50,"劉勃佑,王文宏",,"['123489', '', '1234', '12345678', '', '', '']","《醫學類》
限後醫系修習",[],False
https://selcrs.nsysu.edu.tw/menu5/showoutline.asp?SYEAR=115&SEM=1&CrsDat=DPBM129&Crsname=宿主感染、免疫與血液基礎醫學,異動,異動部份教師6/29,False,後醫學系,DPBM129,1,不分班,"宿主感染、免疫與血液基礎醫學
THE BASIC MEDICAL SCIENCE OF HOST INFECTION, IMMUNITY AND BLOOD",2.5,期,True,50,0,0,50,"唐逸文,廖嘉賓,柯瓊媛,甘祐瑜,趙敏吾,陳建良,陳彥樺",,"['23456', '', '12347', '2345678', '23456', '', '']","《醫學類》
限後醫系修習",[],False
https://selcrs.nsysu.edu.tw/menu5/showoutline.asp?SYEAR=115&SEM=1&CrsDat=DPBM130&Crsname=宿主感染、免疫與血液臨床醫學,異動,教師時間異動6/29,False,後醫學系,DPBM130,1,不分班,"宿主感染、免疫與血液臨床醫學
CLINICAL MEDICINE OF HOST INFECTION, IMMUNITY AND BLOOD",2,期,True,50,0,0,50,"吳冠陞,呂聆音,唐逸文,待聘,施正蓮,曾瑞成,曾鈺婷,李欣蓉,林世哲,林峻宇,楊文祺,洪英中,王立峰,蔡宏津,陳建良,陳瑞光,顏伶容",,"['123478', '234', '1234', '2567', '234567', '', '']","《醫學類》
限後醫系修習",[],False
https://selcrs.nsysu.edu.tw/menu5/showoutline.asp?SYEAR=115&SEM=1&CrsDat=DPBM131&Crsname=醫學心理學,,,False,後醫學系,DPBM131,1,不分班,"醫學心理學
MEDICAL PSYCHOLOGY",1,期,True,50,0,0,50,馮雅群,,"['', '', '', '56789', '5678', '', '']","《醫學類》
限後醫系修習",[],False
https://selcrs.nsysu.edu.tw/menu5/showoutline.asp?SYEAR=115&SEM=1&CrsDat=DPBM132&Crsname=人文藝術與生命哲學（一）,,,False,後醫學系,DPBM132,2,不分班,"人文藝術與生命哲學（一）
MEDICAL HUMANITIES AND LIFE PHILOSOPHY (I)",1,期,True,30,0,0,30,"杜思慧,陳鈺雯,顏竹君,黃資婷",,"['1234', '', '1234', '1234', '123478', '', '']","《演講/參訪》
限後醫系修習",[],False
https://selcrs.nsysu.edu.tw/menu5/showoutline.asp?SYEAR=115&SEM=1&CrsDat=DPBM133&Crsname=溝通與專業素養（一）,,,False,後醫學系,DPBM133,1,不分班,"溝通與專業素養（一）
COMMUNICATION AND PROFESSIONALISM (I)",0.5,期,True,50,0,0,50,陳德全,,"['678', '', '', '', '', '', '']","《醫學類》
限後醫系修習",[],False
https://selcrs.nsysu.edu.tw/menu5/showoutline.asp?SYEAR=115&SEM=1&CrsDat=DPBM150&Crsname=消化系統總體基因體學,,,False,後醫學系,DPBM150,1,不分班,"消化系統總體基因體學
GASTROINTESTINAL METAGENOMICS",2,期,False,50,0,0,50,劉勃佑,"三5,6(醫IL 9015)","['', '', '56', '', '', '', '']","《講授類》
限後醫系修習",[],True
https://selcrs.nsysu.edu.tw/menu5/showoutline.asp?SYEAR=115&SEM=1&CrsDat=DPBM151&Crsname=腫瘤分子生物學與微環境,,,False,後醫學系,DPBM151,1,不分班,"腫瘤分子生物學與微環境
TUMOR MOLECULARU BIOLOGY & MICROENVIRONMENT",2,期,False,50,0,0,50,柯瓊媛,"三5,6(醫IL 9016)","['', '', '56', '', '', '', '']","《講授類》
限後醫系修習",[],True
https://selcrs.nsysu.edu.tw/menu5/showoutline.asp?SYEAR=115&SEM=1&CrsDat=DPBM152&Crsname=中醫暨整合醫學,,,False,後醫學系,DPBM152,1,不分班,"中醫暨整合醫學
CHINESE AND INTERGRATIVE MEDICINE",2,期,False,50,0,0,50,待聘,"四3,4(醫IL 9012)","['', '', '', '34', '', '', '']","《講授類》
限後醫系修習",[],False
https://selcrs.nsysu.edu.tw/menu5/showoutline.asp?SYEAR=115&SEM=1&CrsDat=DPBM204&Crsname=臨床技能（二）,,,False,後醫學系,DPBM204,2,不分班,"臨床技能（二）
MEDICAL SKILL TRAINING PROGRAM(II)",1,期,True,50,0,0,50,王慧婷,,"['23456789', '', '', '12346789', '', '', '']","《醫學類》
限後醫系修習",[],False
https://selcrs.nsysu.edu.tw/menu5/showoutline.asp?SYEAR=115&SEM=1&CrsDat=DPBM205&Crsname=溝通與專業素養（三）,,,False,後醫學系,DPBM205,2,不分班,"溝通與專業素養（三）
COMMUNICATION AND PROFESSIONALISM(III)",1,期,True,50,0,0,50,陳德全,,"['678', '678', '', '', '', '', '']","《醫學類》
限後醫系修習",[],False
https://selcrs.nsysu.edu.tw/menu5/showoutline.asp?SYEAR=115&SEM=1&CrsDat=DPBM212&Crsname=照護科技跨域專題（一）,,,False,後醫學系,DPBM212,2,不分班,"照護科技跨域專題（一）
INDEPENDENT STUDIES IN INNOVATIVE TECHNOLOGIES FOR HEALTHCARE (I)",1,期,True,50,0,0,50,莊承鑫,,"['12', '', '', '', '', '', '']","《獨立研究》
限後醫系修習",[],False
https://selcrs.nsysu.edu.tw/menu5/showoutline.asp?SYEAR=115&SEM=1&CrsDat=DPBM213&Crsname=心臟血管基礎醫學,,,False,後醫學系,DPBM213,2,不分班,"心臟血管基礎醫學
THE BASIC MEDICAL SCIENCE OF CARDIOVASCULAR SYSTEM",3,期,True,50,0,0,50,"劉勃佑,廖以莊,李昇翰,柯瓊媛,王文宏,甘祐瑜,鄭雅勻,陳亮傑,陳彥樺",,"['345678', '1234567', '34567', '345678', '3456', '', '']","《醫學類》
限後醫系修習",[],False
https://selcrs.nsysu.edu.tw/menu5/showoutline.asp?SYEAR=115&SEM=1&CrsDat=DPBM214&Crsname=心臟血管臨床醫學,,,False,後醫學系,DPBM214,2,不分班,"心臟血管臨床醫學
CLINICAL MEDICINE OF CARDIOVASCULAR SYSTEM",2,期,True,50,0,0,50,"唐逸文,施志遠,李威杰",,"['3456789', '12345789', '34567', '678', '567', '', '']","《醫學類》
限後醫系修習",[],False
https://selcrs.nsysu.edu.tw/menu5/showoutline.asp?SYEAR=115&SEM=1&CrsDat=DPBM215&Crsname=呼吸系統基礎醫學,,,False,後醫學系,DPBM215,2,不分班,"呼吸系統基礎醫學
THE BASIC MEDICAL SCIENCES OF RESPIRATORY SYSTEM",2,期,True,50,0,0,50,"朱彰堯,李昇翰,柯瓊媛,柯翠玲,王文宏,鄭雅勻,陳亮傑,陳彥樺",,"['3456', '2345678', '4567', '34567', '345', '', '']","《醫學類》
限後醫系修習",[],False
https://selcrs.nsysu.edu.tw/menu5/showoutline.asp?SYEAR=115&SEM=1&CrsDat=DPBM216&Crsname=呼吸系統臨床醫學,,,False,後醫學系,DPBM216,2,不分班,"呼吸系統臨床醫學
CLINICAL MEDICINE OF RESPIRATORY SYSTEM",2,期,True,50,0,0,50,"劉勃佑,唐逸文,朱國安,李昇翰,蔣士仁,鄭舒帆",,"['567', '123456789', '234', '2345678', '123456', '', '']","《醫學類》
限後醫系修習",[],False
https://selcrs.nsysu.edu.tw/menu5/showoutline.asp?SYEAR=115&SEM=1&CrsDat=DPBM217&Crsname=消化系統基礎醫學,,,False,後醫學系,DPBM217,2,不分班,"消化系統基礎醫學
THE BASIC MEDICAL SCIENCE OF DIGESTIVE SYSTEM",2,期,True,50,0,0,50,"劉勃佑,劉婷婷,柯翠玲,王文宏,陳亮傑,陳彥樺",,"['234', '345678', '234', '234', '4567', '', '']","《醫學類》
限後醫系修習",[],False
https://selcrs.nsysu.edu.tw/menu5/showoutline.asp?SYEAR=115&SEM=1&CrsDat=DPBM218&Crsname=消化系統臨床醫學,異動,更換合授教師6/29,False,後醫學系,DPBM218,2,不分班,"消化系統臨床醫學
CLINICAL MEDICINE OF RESPIRATORY SYSTEM",2,期,True,50,0,0,50,"劉勃佑,李昇翰,柯瓊媛,趙敏吾,鄭雅勻,陳建良,陳德全,陳志弘",,"['34567', '2345678', '234', '34567', '4567', '', '']","《醫學類》
限後醫系修習",[],False
https://selcrs.nsysu.edu.tw/menu5/showoutline.asp?SYEAR=115&SEM=1&CrsDat=DPBM219&Crsname=腎臟與泌尿系統基礎醫學,,,False,後醫學系,DPBM219,2,不分班,"腎臟與泌尿系統基礎醫學
THE BASIC MEDICAL SCIENCE OF  KIDNEY AND URETERAL",2,期,True,50,0,0,50,"劉勃佑,唐逸文,李昇翰,柯瓊媛,王慧婷,甘祐瑜,許博欽,趙敏吾,鄭雅勻,陳亮傑,陳彥樺,陳德全",,"['23456', '34567', '234', '3456', '3456', '', '']","《醫學類》
限後醫系修習",[],False
https://selcrs.nsysu.edu.tw/menu5/showoutline.asp?SYEAR=115&SEM=1&CrsDat=DPBM220&Crsname=腎臟與泌尿系統臨床醫學,,,False,後醫學系,DPBM220,2,不分班,"腎臟與泌尿系統臨床醫學
CLINICAL MEDICINE OF KIDNEY AND URETERAL",2,期,True,50,0,0,50,"唐逸文,林明毅,沈元琦,王弘仁,許博欽,陳建旭,陳建良,陳德全",,"['234567', '12345678', '1234', '234', '567', '', '']","《醫學類》
限後醫系修習",[],False
https://selcrs.nsysu.edu.tw/menu5/showoutline.asp?SYEAR=115&SEM=1&CrsDat=DPBM221&Crsname=腫瘤學,,,False,後醫學系,DPBM221,2,不分班,"腫瘤學
ONCOLOGY",1,期,True,50,0,0,50,"劉婷婷,王文宏,蘇祐立,趙敏吾,陳彥樺",,"['34', '234', '34', '2345678', '', '', '']","《醫學類》
限後醫系修習",[],False
https://selcrs.nsysu.edu.tw/menu5/showoutline.asp?SYEAR=115&SEM=1&CrsDat=DPBM235&Crsname=藥物科技,,,False,後醫學系,DPBM235,2,不分班,"藥物科技
PHARMACEUTICAL TECHNOLOGY",2,期,False,50,0,0,50,陳亮傑,"三5,6(醫IL 9017)","['', '', '56', '', '', '', '']","《講授類》
限後醫系修習",[],True
https://selcrs.nsysu.edu.tw/menu5/showoutline.asp?SYEAR=115&SEM=1&CrsDat=DPBM236&Crsname=組織學研究法,,,False,後醫學系,DPBM236,2,不分班,"組織學研究法
RESEARCH METHODS IN HISTOLOGY",2,期,False,50,0,0,50,甘祐瑜,"三5,6(醫IL 9018)","['', '', '56', '', '', '', '']","《講授類》
限後醫系修習",[],True
https://selcrs.nsysu.edu.tw/menu5/showoutline.asp?SYEAR=115&SEM=1&CrsDat=DPBM302&Crsname=內科學實習（一）,異動,更換主授教師6/30,False,後醫學系,DPBM302,3,不分班,"內科學實習（一）
CLERKSHIP IN INTERNAL MEDICINE(I)",6,年,True,23,0,0,23,李欣蓉,,"['12345678', '12345678', '1234567', '12345678', '12345678', '', '']","《臨床實習》
限後醫系修習",[],False
https://selcrs.nsysu.edu.tw/menu5/showoutline.asp?SYEAR=115&SEM=1&CrsDat=DPBM303&Crsname=外科學實習（一）,,,False,後醫學系,DPBM303,3,不分班,"外科學實習（一）
CLERKSHIP IN SURGERY(I)",6,年,True,23,0,0,23,林明毅,,"['12345678', '12345678', '1234567', '12345678', '12345678', '', '']","《臨床實習》
限後醫系修習",[],False
https://selcrs.nsysu.edu.tw/menu5/showoutline.asp?SYEAR=115&SEM=1&CrsDat=DPBM304&Crsname=婦產科學實習（一）,,,False,後醫學系,DPBM304,3,不分班,"婦產科學實習（一）
CLERKSHIP IN OBSTETRICS AND GYNECOLOGY(I)",4,年,True,23,0,0,23,許博欽,,"['12345678', '12345678', '1234567', '12345678', '12345678', '', '']","《臨床實習》
限後醫系修習",[],False
https://selcrs.nsysu.edu.tw/menu5/showoutline.asp?SYEAR=115&SEM=1&CrsDat=DPBM305&Crsname=兒科學實習（一）,,,False,後醫學系,DPBM305,3,不分班,"兒科學實習（一）
CLERKSHIP IN PEDIATRICS(I)",4,年,True,23,0,0,23,陳志誠,,"['12345678', '12345678', '1234567', '12345678', '12345678', '', '']","《臨床實習》
限後醫系修習",[],False
https://selcrs.nsysu.edu.tw/menu5/showoutline.asp?SYEAR=115&SEM=1&CrsDat=DPBM316&Crsname=急重症醫學,,,False,後醫學系,DPBM316,3,不分班,"急重症醫學
EMERGENCY AND CRITICAL CARE",1,期,True,50,0,0,50,王慧婷,,"['', '', '', '123456789', '', '', '']","《醫學類》
限後醫系修習",[],False
https://selcrs.nsysu.edu.tw/menu5/showoutline.asp?SYEAR=115&SEM=1&CrsDat=DPBM317&Crsname=醫療政策與法律,,,False,後醫學系,DPBM317,3,不分班,"醫療政策與法律
HEALTHCARE POLICY AND LAW",1,期,True,50,0,0,50,"洪琪發,陳德全",,"['', '56789', '34567', '', '345678', '', '']","《講授類》
限後醫系修習",[],False
https://selcrs.nsysu.edu.tw/menu5/showoutline.asp?SYEAR=115&SEM=1&CrsDat=DPBM318&Crsname=臨床營養學,,,False,後醫學系,DPBM318,3,不分班,"臨床營養學
CLINICAL NUTRITION",1,期,True,50,0,0,50,李容婷,,"['23678', '234678', '234567', '', '7', '', '']","《醫學類》
限後醫系修習",[],False
https://selcrs.nsysu.edu.tw/menu5/showoutline.asp?SYEAR=115&SEM=1&CrsDat=DPBM319&Crsname=麻醉學,,,False,後醫學系,DPBM319,3,不分班,"麻醉學
ANESTHESIOLOGY",1,期,True,50,0,0,50,"何淳寧,洪國全,邢中熹",,"['', '1234', '3', '12345678', '3', '', '']","《醫學類》
限後醫系修習",[],False
https://selcrs.nsysu.edu.tw/menu5/showoutline.asp?SYEAR=115&SEM=1&CrsDat=DPBM320&Crsname=實證醫學,,,False,後醫學系,DPBM320,2,不分班,"實證醫學
EVIDENCE-BASED MEDICINE",1,期,True,50,0,0,50,許博欽,,"['567', '', '', '567', '', '', '']","《醫學類》
限後醫系修習",[],False
https://selcrs.nsysu.edu.tw/menu5/showoutline.asp?SYEAR=115&SEM=1&CrsDat=DPBM321&Crsname=醫學倫理,,,False,後醫學系,DPBM321,3,不分班,"醫學倫理
MEDICAL ETHICS",1,期,True,50,0,0,50,"楊婉儀,王慧婷,蔡孟翰,陳德全",,"['12345678', '', '56', '', '56', '', '']","《醫學類》
限後醫系修習",[],False
https://selcrs.nsysu.edu.tw/menu5/showoutline.asp?SYEAR=115&SEM=1&CrsDat=DPBM328&Crsname=臨床診療解析,,,False,後醫學系,DPBM328,3,不分班,"臨床診療解析
CLINICAL DIAGNOSIS",2,期,False,50,0,0,50,朱國安,"二C,D(高雄榮總)","['', 'CD', '', '', '', '', '']","《講授類》
限後醫系修習",[],False
https://selcrs.nsysu.edu.tw/menu5/showoutline.asp?SYEAR=115&SEM=1&CrsDat=DPBM406&Crsname=急診科學實習,,,False,後醫學系,DPBM406,4,不分班,"急診科學實習
CLERKSHIP IN EMERGENCY MEDICINE",2,年,True,23,0,0,23,王慧婷,,"['12345678', '12345678', '1234567', '12345678', '12345678', '', '']","《臨床實習》
限後醫系修習",[],False
https://selcrs.nsysu.edu.tw/menu5/showoutline.asp?SYEAR=115&SEM=1&CrsDat=DPBM413&Crsname=醫學專題研究,,,False,後醫學系,DPBM413,4,不分班,"醫學專題研究
MEDICAL RESEARCH",1,期,True,50,0,0,50,柯瓊媛,,"['', '', '', '123456789', '123456789', '', '']","《獨立研究》
限後醫系修習",[],False
https://selcrs.nsysu.edu.tw/menu5/showoutline.asp?SYEAR=115&SEM=1&CrsDat=DPBM413A&Crsname=醫學專題研究,,,False,後醫學系,DPBM413A,4,不分班,"醫學專題研究
MEDICAL RESEARCH",1,期,True,50,0,0,50,甘祐瑜,,"['', '', '', '123456789', '123456789', '', '']","《獨立研究》
限後醫系修習",[],False
https://selcrs.nsysu.edu.tw/menu5/showoutline.asp?SYEAR=115&SEM=1&CrsDat=DPBM413B&Crsname=醫學專題研究,,,False,後醫學系,DPBM413B,4,不分班,"醫學專題研究
MEDICAL RESEARCH",1,期,True,50,0,0,50,鄭雅勻,,"['', '', '', '123456789', '123456789', '', '']","《獨立研究》
限後醫系修習",[],False
https://selcrs.nsysu.edu.tw/menu5/showoutline.asp?SYEAR=115&SEM=1&CrsDat=DPBM413C&Crsname=醫學專題研究,,,False,後醫學系,DPBM413C,4,不分班,"醫學專題研究
MEDICAL RESEARCH",1,期,True,50,0,0,50,劉勃佑,,"['', '', '', '123456789', '123456789', '', '']","《獨立研究》
限後醫系修習",[],False
https://selcrs.nsysu.edu.tw/menu5/showoutline.asp?SYEAR=115&SEM=1&CrsDat=DPBM413D&Crsname=醫學專題研究,,,False,後醫學系,DPBM413D,4,不分班,"醫學專題研究
MEDICAL RESEARCH",1,期,True,50,0,0,50,陳彥樺,,"['', '', '', '123456789', '123456789', '', '']","《獨立研究》
限後醫系修習",[],False
https://selcrs.nsysu.edu.tw/menu5/showoutline.asp?SYEAR=115&SEM=1&CrsDat=DPBM413E&Crsname=醫學專題研究,,,False,後醫學系,DPBM413E,4,不分班,"醫學專題研究
MEDICAL RESEARCH",1,期,True,50,0,0,50,李昇翰,,"['', '', '', '123456789', '123456789', '', '']","《獨立研究》
限後醫系修習",[],False
https://selcrs.nsysu.edu.tw/menu5/showoutline.asp?SYEAR=115&SEM=1&CrsDat=DPBM413F&Crsname=醫學專題研究,,,False,後醫學系,DPBM413F,4,不分班,"醫學專題研究
MEDICAL RESEARCH",1,期,True,50,0,0,50,王文宏,,"['', '', '', '123456789', '123456789', '', '']","《獨立研究》
限後醫系修習",[],False
https://selcrs.nsysu.edu.tw/menu5/showoutline.asp?SYEAR=115&SEM=1&CrsDat=DPBM413G&Crsname=醫學專題研究,,,False,後醫學系,DPBM413G,4,不分班,"醫學專題研究
MEDICAL RESEARCH",1,期,True,50,0,0,50,陳亮傑,,"['', '', '', '123456789', '123456789', '', '']","《獨立研究》
限後醫系修習",[],False
https://selcrs.nsysu.edu.tw/menu5/showoutline.asp?SYEAR=115&SEM=1&CrsDat=DPBM413H&Crsname=醫學專題研究,,,False,後醫學系,DPBM413H,4,不分班,"醫學專題研究
MEDICAL RESEARCH",1,期,True,50,0,0,50,"于松桓,莊承鑫",,"['', '', '', '123456789', '123456789', '', '']","《獨立研究》
限後醫系修習",[],False
https://selcrs.nsysu.edu.tw/menu5/showoutline.asp?SYEAR=115&SEM=1&CrsDat=DPBM415&Crsname=內科學實習（二）,,,False,後醫學系,DPBM415,4,不分班,"內科學實習（二）
CLERKSHIP IN INTERNAL MEDICINE (II)",6,年,True,50,0,0,50,陳建良,,"['12345678', '12345678', '1234567', '12345678', '12345678', '', '']","《臨床實習》
限後醫系修習",[],False
https://selcrs.nsysu.edu.tw/menu5/showoutline.asp?SYEAR=115&SEM=1&CrsDat=DPBM416&Crsname=外科學實習（二）,,,False,後醫學系,DPBM416,4,不分班,"外科學實習（二）
CLERKSHIP IN SURGERY (II)",6,年,True,50,0,0,50,劉文忠,,"['12345678', '12345678', '1234567', '12345678', '12345678', '', '']","《臨床實習》
限後醫系修習",[],False
https://selcrs.nsysu.edu.tw/menu5/showoutline.asp?SYEAR=115&SEM=1&CrsDat=DPBM417&Crsname=婦產科學實習（二）,,,False,後醫學系,DPBM417,4,不分班,"婦產科學實習（二）
CLERKSHIP IN OBSTETRICS AND GYNECOLOGY (II)",3,年,True,50,0,0,50,林立德,,"['12345678', '12345678', '1234567', '12345678', '12345678', '', '']","《臨床實習》
限後醫系修習",[],False
https://selcrs.nsysu.edu.tw/menu5/showoutline.asp?SYEAR=115&SEM=1&CrsDat=DPBM418&Crsname=兒科學實習（二）,,,False,後醫學系,DPBM418,4,不分班,"兒科學實習（二）
CLERKSHIP IN PEDIATRICS (II)",3,年,True,50,0,0,50,刁茂盟,,"['12345678', '12345678', '1234567', '12345678', '12345678', '', '']","《臨床實習》
限後醫系修習",[],False
https://selcrs.nsysu.edu.tw/menu5/showoutline.asp?SYEAR=115&SEM=1&CrsDat=BMST101&Crsname=普通生物學,,,False,生醫科技系,BMST101,1,全英班,"普通生物學
GENERAL BIOLOGY",3,期,True,50,0,0,50,林萱文,"一2,3,4(醫IL 3013)","['234', '', '', '', '', '', '']",《講授類》,[],True
https://selcrs.nsysu.edu.tw/menu5/showoutline.asp?SYEAR=115&SEM=1&CrsDat=BMST102&Crsname=普通生物學實驗,,,False,生醫科技系,BMST102,1,全英班,"普通生物學實驗
GENERAL BIOLOGY LABORATORY",1,期,True,50,0,0,50,林萱文,"一5,6,7(醫IL 3004)(實驗)","['567', '', '', '', '', '', '']","《實驗類》
限生物醫學科技學系學生修習。",[],True
https://selcrs.nsysu.edu.tw/menu5/showoutline.asp?SYEAR=115&SEM=1&CrsDat=BMST103&Crsname=微積分（一）,,,False,生醫科技系,BMST103,1,全英班,"微積分（一）
CALCULUS（Ⅰ）",3,期,True,50,0,0,50,待聘,"五2,3,4(理SC 2001)","['', '', '', '', '234', '', '']","《講授類》
與生科系併班。",[],True
https://selcrs.nsysu.edu.tw/menu5/showoutline.asp?SYEAR=115&SEM=1&CrsDat=BMST201&Crsname=人體生理與解剖學,,,False,生醫科技系,BMST201,3,全英班,"人體生理與解剖學
HUMAN PHYSIOLOGY AND ANATOMY",3,期,True,50,0,0,50,"柯瓊媛,柯翠玲,甘祐瑜","一5,6,7(醫IL 3005)","['567', '', '', '', '', '', '']",《講授類》,[],True
https://selcrs.nsysu.edu.tw/menu5/showoutline.asp?SYEAR=115&SEM=1&CrsDat=BMST202&Crsname=人體生理與解剖學實驗,,,False,生醫科技系,BMST202,3,全英班,"人體生理與解剖學實驗
HUMAN PHYSIOLOGY AND ANATOMY LABORATORY",1,期,True,50,0,0,50,"柯翠玲,甘祐瑜","一8,9(醫IL 3004)(實驗)","['89', '', '', '', '', '', '']","《實驗類》
限生物醫學科技學系學生修習。",[],True
https://selcrs.nsysu.edu.tw/menu5/showoutline.asp?SYEAR=115&SEM=1&CrsDat=BMST203&Crsname=細胞生物學,,,False,生醫科技系,BMST203,2,全英班,"細胞生物學
CELL BIOLOGY",3,期,True,50,0,0,50,"張玉泉,李豪嶧,楊仁豪,許晉銓","二2,3,4(醫IL 3013)","['', '234', '', '', '', '', '']",《講授類》,[],True
https://selcrs.nsysu.edu.tw/menu5/showoutline.asp?SYEAR=115&SEM=1&CrsDat=BMST204&Crsname=材料科學導論,,,False,生醫科技系,BMST204,1,全英班,"材料科學導論
FUNDAMENTALS OF MATERIALS SCIENCE",3,期,True,50,0,0,50,楊易軒,"三5,6,7(醫IL 3017)","['', '', '567', '', '', '', '']","《講授類》
與醫科系114學年度入學之大二學生併班。",[],True
https://selcrs.nsysu.edu.tw/menu5/showoutline.asp?SYEAR=115&SEM=1&CrsDat=BMST204A&Crsname=材料科學導論,,,False,生醫科技系,BMST204A,2,全英班,"材料科學導論
FUNDAMENTALS OF MATERIALS SCIENCE",3,期,True,50,0,0,50,楊易軒,"三5,6,7(醫IL 3017)","['', '', '567', '', '', '', '']","《講授類》
與醫科系115學年度入學之大一學生併班。",[],True
https://selcrs.nsysu.edu.tw/menu5/showoutline.asp?SYEAR=115&SEM=1&CrsDat=BMST205&Crsname=專題研究（一）,,,False,生醫科技系,BMST205,3,全英班,"專題研究（一）
SPECIAL TOPIC （Ⅰ）",1,期,True,50,0,0,50,莊承鑫,三A(醫IL 3017),"['', '', 'A', '', '', '', '']",《獨立研究》,[],True
https://selcrs.nsysu.edu.tw/menu5/showoutline.asp?SYEAR=115&SEM=1&CrsDat=BMST214&Crsname=有機化學,,,False,生醫科技系,BMST214,2,全英班,"有機化學
ORGANIC CHEMISTRY",3,期,True,50,0,0,50,黃建智,"一2,3,4(醫IL 3005)","['234', '', '', '', '', '', '']",《講授類》,[],True
https://selcrs.nsysu.edu.tw/menu5/showoutline.asp?SYEAR=115&SEM=1&CrsDat=BMST221&Crsname=生物醫學科技特論,,,False,生醫科技系,BMST221,2,全英班,"生物醫學科技特論
SPECIAL TOPIC IN BIOMEDICAL SCIENCE AND TECHNOLOGY",1,期,True,50,0,0,50,"巫建興,林萱文,楊仁豪,楊易軒",五5(醫IL 3017),"['', '', '', '', '5', '', '']",《講授類》,[],True
https://selcrs.nsysu.edu.tw/menu5/showoutline.asp?SYEAR=115&SEM=1&CrsDat=BMST231&Crsname=計算機概論,,,False,生醫科技系,BMST231,2,不分班,"計算機概論
INTRODUCTION TO COMPUTER SCIENCE",3,期,False,50,0,0,50,巫建興,"五8,6,7(醫IL 3005)","['', '', '', '', '678', '', '']",《講授類》,[],False
https://selcrs.nsysu.edu.tw/menu5/showoutline.asp?SYEAR=115&SEM=1&CrsDat=BMST235&Crsname=工程數學（一）,,,False,生醫科技系,BMST235,2,不分班,"工程數學（一）
ENGINEERING MATHEMATICS (I)",3,期,False,50,0,0,50,楊易軒,"五2,3,4(醫IL 3013)","['', '', '', '', '234', '', '']","《講授類》
與材光系併班。",[],True
https://selcrs.nsysu.edu.tw/menu5/showoutline.asp?SYEAR=115&SEM=1&CrsDat=BMST237&Crsname=電子電路學,,,False,生醫科技系,BMST237,2,不分班,"電子電路學
ELECTRONIC CIRCUIT",3,期,False,50,0,0,50,巫建興,"四2,3,4(醫IL 3004)","['', '', '', '234', '', '', '']",《講授類》,[],True
https://selcrs.nsysu.edu.tw/menu5/showoutline.asp?SYEAR=115&SEM=1&CrsDat=BMST239&Crsname=再生醫學與組織工程,,,False,生醫科技系,BMST239,2,全英班,"再生醫學與組織工程
REGENERATIVE MEDICINE AND TISSUE ENGINEERING",3,期,False,50,0,0,50,李孟娟,"二5,6,7(醫IL 3015)","['', '567', '', '', '', '', '']",《講授類》,[],True
https://selcrs.nsysu.edu.tw/menu5/showoutline.asp?SYEAR=115&SEM=1&CrsDat=BMST308&Crsname=醫學儀表與量測及實驗,,,False,生醫科技系,BMST308,3,不分班,"醫學儀表與量測及實驗
MEDICAL INSTRUMENTATION AND MEASUREMENT LABORATORY",3,期,False,30,0,0,30,巫建興,"五2,3,4(PC 01)","['', '', '', '', '234', '', '']",《講授類》,[],True
https://selcrs.nsysu.edu.tw/menu5/showoutline.asp?SYEAR=115&SEM=1&CrsDat=BMST313&Crsname=生物資料庫,,,False,生醫科技系,BMST313,3,全英班,"生物資料庫
BIOLOGICAL DATABASE",3,期,True,50,0,0,50,李唯愷,"二5,6,7(醫IL 3005)","['', '567', '', '', '', '', '']",《講授類》,[],True
https://selcrs.nsysu.edu.tw/menu5/showoutline.asp?SYEAR=115&SEM=1&CrsDat=BMST314&Crsname=生物物理化學,,,False,生醫科技系,BMST314,3,全英班,"生物物理化學
PHYSICAL CHEMISTRY FOR THE LIFE SCIENCES",3,期,True,50,0,0,50,李孟娟,"二2,3,4(醫IL 3005)","['', '234', '', '', '', '', '']",《講授類》,[],True
https://selcrs.nsysu.edu.tw/menu5/showoutline.asp?SYEAR=115&SEM=1&CrsDat=BMST404&Crsname=藥物輸送系統設計,,,False,生醫科技系,BMST404,3,不分班,"藥物輸送系統設計
DRUG DELIVERY SYSTEM",3,期,False,50,0,0,50,楊易軒,"四5,6,7(醫IL 3016)","['', '', '', '567', '', '', '']",《講授類》,[],True
https://selcrs.nsysu.edu.tw/menu5/showoutline.asp?SYEAR=115&SEM=1&CrsDat=NURS101&Crsname=護理學導論與職涯發展,,,False,護理系,NURS101,1,不分班,"護理學導論與職涯發展
INTRODUCTION TO NURSING AND CAREER DEVELOPMENT",2,期,True,50,0,0,50,郭素娥,"一8,7(醫IL 3017)","['78', '', '', '', '', '', '']",《講授類》,[],False
https://selcrs.nsysu.edu.tw/menu5/showoutline.asp?SYEAR=115&SEM=1&CrsDat=NURS102&Crsname=解剖學與臨床應用,,,False,護理系,NURS102,1,不分班,"解剖學與臨床應用
HUMAN ANATOMY AND CLINICAL APPLICATIONS",3,期,True,50,0,0,50,"柯翠玲,甘祐瑜","四5,6(醫IL 3005) 四8,7(醫IL 3005)(實驗)","['', '', '', '5678', '', '', '']","《實驗類》
限護理學系學生修習，時間跟地點請詳閱課綱",[],False
https://selcrs.nsysu.edu.tw/menu5/showoutline.asp?SYEAR=115&SEM=1&CrsDat=NURS103&Crsname=生理學與臨床應用,,,False,護理系,NURS103,1,不分班,"生理學與臨床應用
PHYSIOLOGY AND CLINICAL APPLICATIONS",3,期,True,50,0,0,50,柯瓊媛,"五2,3,4(醫IL 3017)","['', '', '', '', '234', '', '']","《講授類》
限護理學系學生修習",[],False
https://selcrs.nsysu.edu.tw/menu5/showoutline.asp?SYEAR=115&SEM=1&CrsDat=NURS104&Crsname=醫學心理學,,,False,護理系,NURS104,1,不分班,"醫學心理學
MEDICAL PSYCHOLOGY",2,期,True,50,0,0,50,馮雅群,"一3,4(醫IL 3017)","['34', '', '', '', '', '', '']","《講授類》
限護理學系學生修習",[],False
https://selcrs.nsysu.edu.tw/menu5/showoutline.asp?SYEAR=115&SEM=1&CrsDat=NURS112&Crsname=關懷與人際互動,,,False,護理系,NURS112,1,不分班,"關懷與人際互動
CARING AND INTERPERSONAL COMMUNICATION",2,期,False,50,0,0,50,葉俊吟,"三3,4(醫IL 3017)","['', '', '34', '', '', '', '']","《講授類》
限護理系學生修習",[],False
https://selcrs.nsysu.edu.tw/menu5/showoutline.asp?SYEAR=115&SEM=1&CrsDat=NURS119&Crsname=綠色照護：從自己做起,,,False,護理系,NURS119,1,不分班,"綠色照護：從自己做起
GREEN CARE: STARTING WITH YOURSELF",2,期,False,50,0,0,50,熊乃歡,"三6,7(醫IL 3013)","['', '', '67', '', '', '', '']","《講授類》
限護理學系學生修習",[],False
https://selcrs.nsysu.edu.tw/menu5/showoutline.asp?SYEAR=115&SEM=1&CrsDat=NURS120&Crsname=空氣污染跨域新作為：我們每天吸進去的，不只是空氣,,,False,護理系,NURS120,1,不分班,"空氣污染跨域新作為：我們每天吸進去的，不只是空氣
AIR ACROSS DISCIPLINES: BEYOND THE AIR WE BREATHE",3,期,False,35,0,0,35,郭素娥,"四2,3,4(醫IL 3016)","['', '', '', '234', '', '', '']","《講授類》
限護理學系學生修習",[],False
https://selcrs.nsysu.edu.tw/menu5/showoutline.asp?SYEAR=115&SEM=1&CrsDat=NURS201&Crsname=基本護理學與實作,,,False,護理系,NURS201,2,不分班,"基本護理學與實作
FUNDAMENTALS OF NURSING PRACTICE",3,期,True,50,0,0,50,"待聘,王美卿",,"['', '', '234', '234', '', '', '']","《講授類》
限護理學系學生修習，時間跟地點請詳閱課綱",[],False
https://selcrs.nsysu.edu.tw/menu5/showoutline.asp?SYEAR=115&SEM=1&CrsDat=NURS202&Crsname=基本護理學實習,,,True,護理系,NURS202,2,不分班,"基本護理學實習
FUNDAMENTALS OF NURSING PRACTICE",3,期,True,50,0,0,50,王美卿,,"['', '', '1234567', '12345678', '125678', '', '']","《臨床實習》
限護理學系學生修習，時間跟地點請詳閱課綱。本課程分組由學系依教學需求統一安排，請同學依公告名單參與課程實習。為維護課程運作與學習品質，不受理自行更換組別。",[],False
https://selcrs.nsysu.edu.tw/menu5/showoutline.asp?SYEAR=115&SEM=1&CrsDat=NURS202A&Crsname=基本護理學實習,,,True,護理系,NURS202A,2,不分班,"基本護理學實習
FUNDAMENTALS OF NURSING PRACTICE",3,期,True,50,0,0,50,徐淑珍,,"['', '', '1234567', '12345678', '125678', '', '']","《臨床實習》
限護理學系學生修習，時間跟地點請詳閱課綱。本課程分組由學系依教學需求統一安排，請同學依公告名單參與課程實習。為維護課程運作與學習品質，不受理自行更換組別。※多門必修需自行加選",[],False
https://selcrs.nsysu.edu.tw/menu5/showoutline.asp?SYEAR=115&SEM=1&CrsDat=NURS202B&Crsname=基本護理學實習,,,True,護理系,NURS202B,2,不分班,"基本護理學實習
FUNDAMENTALS OF NURSING PRACTICE",3,期,True,50,0,0,50,待聘,,"['', '', '1234567', '12345678', '125678', '', '']","《臨床實習》
限護理學系學生修習，時間跟地點請詳閱課綱。本課程分組由學系依教學需求統一安排，請同學依公告名單參與課程實習。為維護課程運作與學習品質，不受理自行更換組別。※多門必修需自行加選",[],False
https://selcrs.nsysu.edu.tw/menu5/showoutline.asp?SYEAR=115&SEM=1&CrsDat=NURS202C&Crsname=基本護理學實習,,,True,護理系,NURS202C,2,不分班,"基本護理學實習
FUNDAMENTALS OF NURSING PRACTICE",3,期,True,50,0,0,50,待聘,,"['', '', '1234567', '12345678', '125678', '', '']","《臨床實習》
限護理學系學生修習，時間跟地點請詳閱課綱。本課程分組由學系依教學需求統一安排，請同學依公告名單參與課程實習。為維護課程運作與學習品質，不受理自行更換組別。※多門必修需自行加選",[],False
https://selcrs.nsysu.edu.tw/menu5/showoutline.asp?SYEAR=115&SEM=1&CrsDat=NURS202D&Crsname=基本護理學實習,,,True,護理系,NURS202D,2,不分班,"基本護理學實習
FUNDAMENTALS OF NURSING PRACTICE",3,期,True,50,0,0,50,待聘,,"['', '', '1234567', '12345678', '125678', '', '']","《臨床實習》
限護理學系學生修習，時間跟地點請詳閱課綱。本課程分組由學系依教學需求統一安排，請同學依公告名單參與課程實習。為維護課程運作與學習品質，不受理自行更換組別。※多門必修需自行加選",[],False
https://selcrs.nsysu.edu.tw/menu5/showoutline.asp?SYEAR=115&SEM=1&CrsDat=NURS202E&Crsname=基本護理學實習,,,True,護理系,NURS202E,2,不分班,"基本護理學實習
FUNDAMENTALS OF NURSING PRACTICE",3,期,True,50,0,0,50,待聘,,"['', '', '1234567', '12345678', '125678', '', '']","《臨床實習》
限護理學系學生修習，時間跟地點請詳閱課綱。本課程分組由學系依教學需求統一安排，請同學依公告名單參與課程實習。為維護課程運作與學習品質，不受理自行更換組別。※多門必修需自行加選",[],False
https://selcrs.nsysu.edu.tw/menu5/showoutline.asp?SYEAR=115&SEM=1&CrsDat=NURS203&Crsname=整體性健康評估與實作,,,False,護理系,NURS203,2,不分班,"整體性健康評估與實作
ADVANCED HEALTH ASSESSMENT AND PRACTICUM",3,期,True,50,0,0,50,"徐淑珍,熊乃歡,葉俊吟,郭素娥,陳嬿今",,"['', '', '', '567', '567', '', '']","《講授類》
限護理學系學生修習，時間跟地點請詳閱課綱",[],False
https://selcrs.nsysu.edu.tw/menu5/showoutline.asp?SYEAR=115&SEM=1&CrsDat=NURS204&Crsname=臨床營養學,,,False,護理系,NURS204,2,不分班,"臨床營養學
CLINICAL NUTRITION",2,期,True,50,0,0,50,李容婷,"五3,4(醫IL 3005)","['', '', '', '', '34', '', '']","《講授類》
限護理學系學生修習，時間跟地點請詳閱課綱",[],False
https://selcrs.nsysu.edu.tw/menu5/showoutline.asp?SYEAR=115&SEM=1&CrsDat=NURS210&Crsname=人工智慧於醫療科技之運用,,,False,護理系,NURS210,1,不分班,"人工智慧於醫療科技之運用
APPLICATIONS OF ARTIFICIAL INTELLIGENCE IN MEDICAL TECHNOLOGY",2,期,False,50,0,0,50,葉俊吟,"一5,6(醫IL 3017)","['56', '', '', '', '', '', '']","《講授類》
限護理學系學生修習",[],False
https://selcrs.nsysu.edu.tw/menu5/showoutline.asp?SYEAR=115&SEM=1&CrsDat=NURS212&Crsname=專案設計,,,False,護理系,NURS212,2,不分班,"專案設計
RESEARCH-DESIGN ORIENTED LEARNING COURSE",2,期,False,50,0,0,50,"待聘,熊乃歡,王美卿,葉俊吟,郭素娥,陳嬿今",四9(醫IL 3014) 五9(醫IL 3014),"['', '', '', '9', '9', '', '']","《獨立研究》
限護理學系學生修習。本課程採教師指導制，修課前請先與授課教師聯繫並取得指導同意後始得選課。",[],False
https://selcrs.nsysu.edu.tw/menu5/showoutline.asp?SYEAR=115&SEM=1&CrsDat=NURS213&Crsname=子宮裡的氣象戰：氣候變遷與母嬰健康,,,False,護理系,NURS213,2,不分班,"子宮裡的氣象戰：氣候變遷與母嬰健康
THE BATTLE IN THE WOMB: CLIMATE CHANGE AND MATERNAL AND INFANT HEALTH",2,期,False,50,0,0,50,王美卿,"一3,4(社SS 1003)","['34', '', '', '', '', '', '']","《講授類》
限護理學系學生選修",[],False
https://selcrs.nsysu.edu.tw/menu5/showoutline.asp?SYEAR=115&SEM=1&CrsDat=NURS309&Crsname=醫療與護理資訊,,,False,護理系,NURS309,2,不分班,"醫療與護理資訊
MEDICAL AND NURSING INFORMATICS",2,期,False,50,0,0,50,"羅珮綺,葉俊吟","二5,6(醫IL 3013)","['', '56', '', '', '', '', '']","《講授類》
限護理學系學生修習",[],False
https://selcrs.nsysu.edu.tw/menu5/showoutline.asp?SYEAR=115&SEM=1&CrsDat=MED101&Crsname=基礎生物學,,,False,醫學院,MED101,0,不分班,"基礎生物學
BASIC CONCEPTS OF BIOLOGY",2,期,False,5,0,0,5,"張玉泉,李佶珉,鄭光宏","四8,9(通GE 1010)","['', '', '', '89', '', '', '']","《講授類》
限醫學院大學部學生修習",[],False
https://selcrs.nsysu.edu.tw/menu5/showoutline.asp?SYEAR=115&SEM=1&CrsDat=MED122&Crsname=共病時代-談人類與動物共通傳染病,,,False,醫學院,MED122,0,不分班,"共病時代-談人類與動物共通傳染病
DISCUSSING ZOONOTIC DISEASES IN HUMANS AND ANIMALS",3,期,False,10,0,0,10,王文宏,"二2,3,4(醫IL 9012)","['', '234', '', '', '', '', '']","《講授類》
限醫學院大學部學生修習",[],False
https://selcrs.nsysu.edu.tw/menu5/showoutline.asp?SYEAR=115&SEM=1&CrsDat=MED123&Crsname=疾病瘟疫與文明,,,False,醫學院,MED123,0,不分班,"疾病瘟疫與文明
DISEASE, PLAGUE, AND CIVILIZATION",3,期,False,10,0,0,10,王文宏,"五2,3,4(醫IL 9012)","['', '', '', '', '234', '', '']","《講授類》
限醫學院大學部學生修習",[],False
https://selcrs.nsysu.edu.tw/menu5/showoutline.asp?SYEAR=115&SEM=1&CrsDat=MED126&Crsname=危老年代,,,False,醫學院,MED126,0,不分班,"危老年代
AGING AND HEALTH",2,期,False,10,0,0,10,李昇翰,"二8,9(醫IL 9010)","['', '89', '', '', '', '', '']","《講授類》
限醫學院大學部學生修習",[],False
https://selcrs.nsysu.edu.tw/menu5/showoutline.asp?SYEAR=115&SEM=1&CrsDat=MED127&Crsname=危險同居「人」：漫談居家有害生物,,,False,醫學院,MED127,0,不分班,"危險同居「人」：漫談居家有害生物
PESTS IN HOUSEHOLD ENVIRONMENT",3,期,False,10,0,0,10,李昇翰,"一8,9,7(醫IL 9010)","['789', '', '', '', '', '', '']","《講授類》
限醫學院大學部學生修習",[],False
https://selcrs.nsysu.edu.tw/menu5/showoutline.asp?SYEAR=115&SEM=1&CrsDat=MED128&Crsname=環境與人類健康,,,False,醫學院,MED128,0,不分班,"環境與人類健康
ENVIRONMENT AND HUMAN HEALTH",2,期,False,10,0,0,10,李昇翰,"三3,4(醫IL 9010)","['', '', '34', '', '', '', '']","《講授類》
限醫學院大學部學生修習",[],False
https://selcrs.nsysu.edu.tw/menu5/showoutline.asp?SYEAR=115&SEM=1&CrsDat=MED129&Crsname=基礎外傷急救,,,False,醫學院,MED129,0,不分班,"基礎外傷急救
BASICS OF TRAUMA CARE",2,期,False,5,0,0,5,唐逸文,"一3,4(醫IL 9010)","['34', '', '', '', '', '', '']","《講授類》
限醫學院大學部學生修習",[],False
https://selcrs.nsysu.edu.tw/menu5/showoutline.asp?SYEAR=115&SEM=1&CrsDat=MED131&Crsname=人體生理功能解密:生理學入門,,,False,醫學院,MED131,0,不分班,"人體生理功能解密:生理學入門
HUMAN BODY FUNCTIONS: BASIC PHYSIOLOGY",3,期,False,10,0,0,10,柯瓊媛,"三2,3,4(醫IL 9012)","['', '', '234', '', '', '', '']","《講授類》
限醫學院大學部學生修習",[],False
https://selcrs.nsysu.edu.tw/menu5/showoutline.asp?SYEAR=115&SEM=1&CrsDat=MED133&Crsname=探索藥物：現實與電影中的藥物,,,False,醫學院,MED133,0,不分班,"探索藥物：現實與電影中的藥物
EXPLORING DRUGS: DRUGS IN REALITY AND IN MOVIES",3,期,False,10,0,0,10,陳亮傑,"二5,6,7(醫IL 9010)","['', '567', '', '', '', '', '']","《講授類》
限醫學院大學部學生修習",[],False
https://selcrs.nsysu.edu.tw/menu5/showoutline.asp?SYEAR=115&SEM=1&CrsDat=MED135&Crsname=人類免疫與代謝,,,False,醫學院,MED135,0,不分班,"人類免疫與代謝
IMMUNOMETABOLISM OF HUMAN DISEASES",2,期,False,20,0,0,20,陳彥樺,"二8,7(醫IL 9012)","['', '78', '', '', '', '', '']","《講授類》
限醫學院大學部學生修習",[],False
https://selcrs.nsysu.edu.tw/menu5/showoutline.asp?SYEAR=115&SEM=1&CrsDat=MED137&Crsname=基因中的演化之舞,,,False,醫學院,MED137,0,不分班,"基因中的演化之舞
TRACING THE TANGLED TRACKS OF EVOLUTIONARY JOURNEY IN GENOME",3,期,False,20,0,0,20,陳彥樺,"三5,6,7(圖IL PC02)","['', '', '567', '', '', '', '']","《講授類》
限醫學院大學部學生修習",[],False
https://selcrs.nsysu.edu.tw/menu5/showoutline.asp?SYEAR=115&SEM=1&CrsDat=MED143&Crsname=基礎藥理學,,,False,醫學院,MED143,0,不分班,"基礎藥理學
BASIC PHARMACOLOGY",3,期,False,10,0,0,10,趙敏吾,"三5,6,7(醫IL 9012)","['', '', '567', '', '', '', '']","《講授類》
限醫學院大學部學生修習",[],False
https://selcrs.nsysu.edu.tw/menu5/showoutline.asp?SYEAR=115&SEM=1&CrsDat=MED144&Crsname=醫學史（一）–西洋醫學史,,,False,醫學院,MED144,0,不分班,"醫學史（一）–西洋醫學史
MEDICAL HISTORY(I)–WESTERN MEDICAL HISTORY",2,期,False,10,0,0,10,劉景寬,"四8,7(國IR 4002)","['', '', '', '78', '', '', '']","《講授類》
限醫學院大學部學生修習",[],False
https://selcrs.nsysu.edu.tw/menu5/showoutline.asp?SYEAR=115&SEM=1&CrsDat=MED145&Crsname=環境健康大數據資料分析暨視覺化實務,,,False,醫學院,MED145,0,不分班,"環境健康大數據資料分析暨視覺化實務
ENVIRONMENTAL AND HEALTHY BIG DATA ANALYSIS WITH VISUALISED PRACTICE",3,期,False,20,0,0,20,鄭雅勻,"二5,6,7(圖IL PC02)","['', '567', '', '', '', '', '']","《講授類》
限醫學院大學部學生修習",[],True
https://selcrs.nsysu.edu.tw/menu5/showoutline.asp?SYEAR=115&SEM=1&CrsDat=MED146&Crsname=生物統計與資訊,,,False,醫學院,MED146,0,不分班,"生物統計與資訊
BIOSTATISTICS AND BIOINFORMATICS",2,期,False,20,0,0,20,鄭雅勻,"三3,4(圖IL PC01)","['', '', '34', '', '', '', '']","《講授類》
限醫學院大學部學生修習",[],False
https://selcrs.nsysu.edu.tw/menu5/showoutline.asp?SYEAR=115&SEM=1&CrsDat=MED147&Crsname=公共衛生學,,,False,醫學院,MED147,0,不分班,"公共衛生學
PUBLIC HEALTH",2,期,False,10,0,0,10,鄭雅勻,"四5,6(醫IL 9012)","['', '', '', '56', '', '', '']","《講授類》
限醫學院大學部學生修習",[],False
https://selcrs.nsysu.edu.tw/menu5/showoutline.asp?SYEAR=115&SEM=1&CrsDat=MED153&Crsname=神經心理學：大腦與情緒,,,False,醫學院,MED153,0,不分班,"神經心理學：大腦與情緒
NEUROPSYCHOLOGY: THE BRAIN AND EMOTIONS",3,期,False,10,0,0,10,楊仁豪,"五8,6,7(國IR 4002)","['', '', '', '', '678', '', '']","《講授類》
限醫學院大學部學生修習",[],False
https://selcrs.nsysu.edu.tw/menu5/showoutline.asp?SYEAR=115&SEM=1&CrsDat=MED154&Crsname=癌症治療,,,False,醫學院,MED154,0,不分班,"癌症治療
CANCER THERAPEUTICS",2,期,False,15,0,0,15,趙敏吾,"二5,6(醫IL 9012)","['', '56', '', '', '', '', '']","《講授類》
限醫學院大學部學生修習",[],True
https://selcrs.nsysu.edu.tw/menu5/showoutline.asp?SYEAR=115&SEM=1&CrsDat=MED157&Crsname=生活柯南：破解似是而非的迷思,,,False,醫學院,MED157,0,不分班,"生活柯南：破解似是而非的迷思
LIVING CONAN: CRACKING THE MYTHS OF PLAUSIBILITY",2,期,False,20,0,0,20,"葉俊吟,陳嬿今","四3,4(醫IL 3013)","['', '', '', '34', '', '', '']","《講授類》
限醫學院大學部學生修習",[],False
https://selcrs.nsysu.edu.tw/menu5/showoutline.asp?SYEAR=115&SEM=1&CrsDat=MED158&Crsname=與老共舞,,,False,醫學院,MED158,0,不分班,"與老共舞
LIVING WITH AGING: GERIATRIC CARE FOR OLDER ADULTS",3,期,False,20,0,0,20,"葉俊吟,郭素娥,陳嬿今","四5,6,7(醫IL 3013)","['', '', '', '567', '', '', '']","《講授類》
限醫學院大學部學生修習",[],True
https://selcrs.nsysu.edu.tw/menu5/showoutline.asp?SYEAR=115&SEM=1&CrsDat=MED159&Crsname=看不見的魔力：生活中的微生物之應用,,,False,醫學院,MED159,0,不分班,"看不見的魔力：生活中的微生物之應用
THE INVISIBLE MAGIC: MICROORGANISMS AND THEIR APPLICATIONS IN DAILY LIFE",2,期,False,25,0,0,25,陳彥樺,"一3,4(醫IL 9012)","['34', '', '', '', '', '', '']","《講授類》
限醫學院大學部學生修習",[],True
https://selcrs.nsysu.edu.tw/menu5/showoutline.asp?SYEAR=115&SEM=1&CrsDat=MED167&Crsname=身心健康醫學講座,,,False,醫學院,MED167,0,不分班,"身心健康醫學講座
SPECIAL LECTURES ON PHYSICAL AND MENTAL HEALTH",2,期,False,40,0,0,40,"余靈珊,王文宏","一5,6()","['56', '', '', '', '', '', '']","《講授類》
限醫學院大學部學生修習",[],False
https://selcrs.nsysu.edu.tw/menu5/showoutline.asp?SYEAR=115&SEM=1&CrsDat=MED168&Crsname=中醫暨整合醫學,,,False,醫學院,MED168,0,不分班,"中醫暨整合醫學
CHINESE AND INTEGRATIVE MEDICINE",2,期,False,10,0,0,10,"謝孟倉,陳貞吟","四3,4(醫IL 9012)","['', '', '', '34', '', '', '']","《講授類》
限醫學院大學部學生修習",[],False
https://selcrs.nsysu.edu.tw/menu5/showoutline.asp?SYEAR=115&SEM=1&CrsDat=MED169&Crsname=基礎奈米生醫材料與3D列印技術之應用,,,False,醫學院,MED169,0,不分班,"基礎奈米生醫材料與3D列印技術之應用
APPLICATIONS OF FOUNDATIONAL NANOBIOMATERIALS AND 3D PRINTING TECHNOLOGY",2,期,False,15,0,0,15,"廖子嫻,陳玟帆","二8,7(國IR 5002)","['', '78', '', '', '', '', '']","《講授類》
限醫學院大學部學生修習",[],False
https://selcrs.nsysu.edu.tw/menu5/showoutline.asp?SYEAR=115&SEM=1&CrsDat=MED171&Crsname=精準醫療科技進展,,,False,醫學院,MED171,0,不分班,"精準醫療科技進展
ADVANCES IN PRECISION MEDICINE TECHNOLOGY",3,期,False,10,0,0,10,李孟娟,"三5,6,7(醫IL 3015)","['', '', '567', '', '', '', '']","《講授類》
限醫學院大學部學生修習",[],False
https://selcrs.nsysu.edu.tw/menu5/showoutline.asp?SYEAR=115&SEM=1&CrsDat=MED172&Crsname=創新腦科技,,,False,醫學院,MED172,0,不分班,"創新腦科技
INNOVATIVE TECHNOLOGIES IN BRAIN SCIENCE",3,期,False,10,0,0,10,林萱文,"二2,3,4(醫IL 3014)","['', '234', '', '', '', '', '']","《講授類》
限醫學院大學部學生修習",[],False
https://selcrs.nsysu.edu.tw/menu5/showoutline.asp?SYEAR=115&SEM=1&CrsDat=MED173&Crsname=臨床醫學概論,,,False,醫學院,MED173,0,不分班,"臨床醫學概論
INTRODUCTION TO CLINICAL MEDICINE",2,期,False,5,0,0,5,唐逸文,"五5,6(醫IL 9012)","['', '', '', '', '56', '', '']","《講授類》
限醫學院大學部學生修習",[],False
https://selcrs.nsysu.edu.tw/menu5/showoutline.asp?SYEAR=115&SEM=1&CrsDat=CL504&Crsname=治學方法,,,False,中文碩,CL504,1,不分班,"治學方法
RESEARCH METHODS",3,期,True,50,0,0,50,"杜佳倫,紀志昌,莫加南","三5,6,7(文LA 5004)","['', '', '567', '', '', '', '']",《講授類》,[],False
https://selcrs.nsysu.edu.tw/menu5/showoutline.asp?SYEAR=115&SEM=1&CrsDat=CL505&Crsname=專題研究,,,False,中文碩,CL505,0,不分班,"專題研究
INDEPENDENT STUDIES",1,期,False,50,0,0,50,黃資婷,五5(文LA 6001),"['', '', '', '', '5', '', '']",《獨立研究》,[],False
https://selcrs.nsysu.edu.tw/menu5/showoutline.asp?SYEAR=115&SEM=1&CrsDat=CL518&Crsname=六朝專家詩討論,,,False,中文碩,CL518,0,不分班,"六朝專家詩討論
SEMINAR IN MASTER POEMS OF SIX DYNASTIES",3,期,False,50,0,0,50,陳秋宏,"三2,3,4(文LA 4013)","['', '', '234', '', '', '', '']",《講授類》,[],False
https://selcrs.nsysu.edu.tw/menu5/showoutline.asp?SYEAR=115&SEM=1&CrsDat=CL522&Crsname=臺灣文學史（一）,,,False,中文碩,CL522,0,不分班,"臺灣文學史（一）
TAIWAN LITERARY HISTORY (I)",3,期,False,50,0,0,50,涂書瑋,"五2,3,4(文LA 4013)","['', '', '', '', '234', '', '']","《講授類》
限碩士研究生選修",[],False
https://selcrs.nsysu.edu.tw/menu5/showoutline.asp?SYEAR=115&SEM=1&CrsDat=CL540&Crsname=性別書寫與文化研究（一）,,,False,中文碩,CL540,0,不分班,"性別書寫與文化研究（一）
GENDER, TEXTUALITY, AND CULTURAL STUDIES (I)",3,期,False,50,0,0,50,黃資婷,"五8,6,7(文LA 4013)","['', '', '', '', '678', '', '']",《講授類》,[],False
https://selcrs.nsysu.edu.tw/menu5/showoutline.asp?SYEAR=115&SEM=1&CrsDat=CL582&Crsname=歐美漢學專題,,,False,中文碩,CL582,0,不分班,"歐美漢學專題
SPECIAL TOPICS IN SINOLOGY OF EUROPE AND THE U.S.",3,期,False,50,0,0,50,何重誼,"二2,3,4(文LA 4013)","['', '234', '', '', '', '', '']",《講授類》,[],False
https://selcrs.nsysu.edu.tw/menu5/showoutline.asp?SYEAR=115&SEM=1&CrsDat=CL604&Crsname=春秋今文學（一）,,,False,中文碩,CL604,0,不分班,"春秋今文學（一）
STUDIES IN CHUN-CHIU CLASSICS(I)",3,期,False,50,0,0,50,楊濟襄,"二3,4,B(文LA 4012)","['', '34B', '', '', '', '', '']","《講授類》
碩博合開",[],False
https://selcrs.nsysu.edu.tw/menu5/showoutline.asp?SYEAR=115&SEM=1&CrsDat=CL608&Crsname=佛學思想,,,False,中文碩,CL608,0,不分班,"佛學思想
STUDIES IN BUDDHIST THOUGHTS",3,期,False,50,0,0,50,吳孟謙,"一8,6,7(文LA 4014)","['678', '', '', '', '', '', '']",《講授類》,[],False
https://selcrs.nsysu.edu.tw/menu5/showoutline.asp?SYEAR=115&SEM=1&CrsDat=CL637&Crsname=歷史與敘事,,,False,中文碩,CL637,0,不分班,"歷史與敘事
HISTORY AND NARRATIVE",3,期,False,50,0,0,50,江政寬,"四2,3,4(文LA 4012)","['', '', '', '234', '', '', '']","《講授類》
限碩博士研究生選修",[],False
https://selcrs.nsysu.edu.tw/menu5/showoutline.asp?SYEAR=115&SEM=1&CrsDat=DFLL501&Crsname=學術寫作與書目學,,,True,外文碩,DFLL501,1,不分班,"學術寫作與書目學
ACADEMIC WRITING AND BIBLIOGRAPHY",3,期,True,50,0,0,50,黃心雅,"二2,3,4(文LA 3018)","['', '234', '', '', '', '', '']","《講授類》
碩士班甲組",[],True
https://selcrs.nsysu.edu.tw/menu5/showoutline.asp?SYEAR=115&SEM=1&CrsDat=DFLL504&Crsname=研究方法與學術寫作,,,True,外文碩,DFLL504,1,不分班,"研究方法與學術寫作
RESEARCH METHODS AND ACADEMIC WRITING",3,期,True,50,0,0,50,曾銘裕,"一2,3,4(文LA 3017)","['234', '', '', '', '', '', '']","《講授類》
碩士班乙組",[],True
https://selcrs.nsysu.edu.tw/menu5/showoutline.asp?SYEAR=115&SEM=1&CrsDat=DFLL610&Crsname=浪漫時期詩歌（一）,,,False,外文碩,DFLL610,0,不分班,"浪漫時期詩歌（一）
ROMANTIC POETRY (I)",3,期,False,50,0,0,50,李佳容,"三5,6,7(文LA 3018)","['', '', '567', '', '', '', '']",《講授類》,[],True
https://selcrs.nsysu.edu.tw/menu5/showoutline.asp?SYEAR=115&SEM=1&CrsDat=DFLL621&Crsname=二十世紀美國戲劇,,,False,外文碩,DFLL621,0,不分班,"二十世紀美國戲劇
20TH CENTURY AMERICAN DRAMA",3,期,False,50,0,0,50,范澤凱,"五2,3,4(文LA 3018)","['', '', '', '', '234', '', '']",《講授類》,[],True
https://selcrs.nsysu.edu.tw/menu5/showoutline.asp?SYEAR=115&SEM=1&CrsDat=DFLL633&Crsname=拉崗精神分析,,,False,外文碩,DFLL633,0,不分班,"拉崗精神分析
LACANIAN PSYCHOANALYSIS",3,期,False,50,0,0,50,陳福仁,"三2,3,4(文LA 3018)","['', '', '234', '', '', '', '']",《講授類》,[],True
https://selcrs.nsysu.edu.tw/menu5/showoutline.asp?SYEAR=115&SEM=1&CrsDat=DFLL647&Crsname=記憶與文學,,,False,外文碩,DFLL647,0,不分班,"記憶與文學
MEMORY AND LITERATURE",3,期,False,50,0,0,50,沈尚玉,"二5,6,7(文LA 3018)","['', '567', '', '', '', '', '']",《講授類》,[],True
https://selcrs.nsysu.edu.tw/menu5/showoutline.asp?SYEAR=115&SEM=1&CrsDat=DFLL652&Crsname=語用學,新增,7/2,False,外文碩,DFLL652,0,不分班,"語用學
PRAGMATICS",3,期,False,50,0,0,50,曾銘裕,"三2,3,4(文LA 3017)","['', '', '234', '', '', '', '']",《講授類》,[],True
https://selcrs.nsysu.edu.tw/menu5/showoutline.asp?SYEAR=115&SEM=1&CrsDat=DFLL665&Crsname=英語教學研究,新增,7/2,False,外文碩,DFLL665,0,不分班,"英語教學研究
STUDIES IN ENGLISH LANGUAGE TEACHING",3,期,False,50,0,0,50,楊郁芬,"五2,3,4(文LA 3017)","['', '', '', '', '234', '', '']",《講授類》,[],True
https://selcrs.nsysu.edu.tw/menu5/showoutline.asp?SYEAR=115&SEM=1&CrsDat=DFLL680&Crsname=專題研究,異動,更換時間7/2,True,外文碩,DFLL680,2,不分班,"專題研究
INDEPENDENT STUDIES",3,期,True,50,0,0,50,白士禮,"二5,6,7()","['', '567', '', '', '', '', '']",《獨立研究》,[],True
https://selcrs.nsysu.edu.tw/menu5/showoutline.asp?SYEAR=115&SEM=1&CrsDat=DFLL680A&Crsname=專題研究,,,True,外文碩,DFLL680A,2,不分班,"專題研究
INDEPENDENT STUDIES",3,期,True,50,0,0,50,李佳容,"五2,3,4()","['', '', '', '', '234', '', '']",《獨立研究》,[],True
https://selcrs.nsysu.edu.tw/menu5/showoutline.asp?SYEAR=115&SEM=1&CrsDat=DFLL680B&Crsname=專題研究,,,True,外文碩,DFLL680B,2,不分班,"專題研究
INDEPENDENT STUDIES",3,期,True,50,0,0,50,范澤凱,"三2,3,4()","['', '', '234', '', '', '', '']",《獨立研究》,[],True
https://selcrs.nsysu.edu.tw/menu5/showoutline.asp?SYEAR=115&SEM=1&CrsDat=DFLL680C&Crsname=專題研究,,,True,外文碩,DFLL680C,2,不分班,"專題研究
INDEPENDENT STUDIES",3,期,True,50,0,0,50,陳福仁,"五2,3,4()","['', '', '', '', '234', '', '']",《獨立研究》,[],True
https://selcrs.nsysu.edu.tw/menu5/showoutline.asp?SYEAR=115&SEM=1&CrsDat=DFLL680D&Crsname=專題研究,,,True,外文碩,DFLL680D,2,不分班,"專題研究
INDEPENDENT STUDIES",3,期,True,50,0,0,50,黃舒屏,"五2,3,4()","['', '', '', '', '234', '', '']",《獨立研究》,[],True
https://selcrs.nsysu.edu.tw/menu5/showoutline.asp?SYEAR=115&SEM=1&CrsDat=DFLL680E&Crsname=專題研究,,,True,外文碩,DFLL680E,2,不分班,"專題研究
INDEPENDENT STUDIES",3,期,True,50,0,0,50,楊郁芬,"五5,6,7()","['', '', '', '', '567', '', '']",《獨立研究》,[],True
https://selcrs.nsysu.edu.tw/menu5/showoutline.asp?SYEAR=115&SEM=1&CrsDat=DFLL680F&Crsname=專題研究,,,True,外文碩,DFLL680F,2,不分班,"專題研究
INDEPENDENT STUDIES",3,期,True,50,0,0,50,盧家達,"五2,3,4()","['', '', '', '', '234', '', '']",《獨立研究》,[],True
https://selcrs.nsysu.edu.tw/menu5/showoutline.asp?SYEAR=115&SEM=1&CrsDat=DFLL680G&Crsname=專題研究,,,True,外文碩,DFLL680G,2,不分班,"專題研究
INDEPENDENT STUDIES",3,期,True,50,0,0,50,盧莉茹,"五2,3,4()","['', '', '', '', '234', '', '']",《獨立研究》,[],True
https://selcrs.nsysu.edu.tw/menu5/showoutline.asp?SYEAR=115&SEM=1&CrsDat=MUSI502&Crsname=音樂理論總論,,,False,音樂碩,MUSI502,0,不分班,"音樂理論總論
MUSIC THEORY REVIEW",3,期,False,50,0,0,50,游詠晴,"三2,3,4(文FA 6011)","['', '', '234', '', '', '', '']",《講授類》,[],False
https://selcrs.nsysu.edu.tw/menu5/showoutline.asp?SYEAR=115&SEM=1&CrsDat=MUSI504&Crsname=鋼琴室內樂(二),,,False,音樂碩,MUSI504,0,不分班,"鋼琴室內樂(二)
PIANO CHAMBER MUSIC ( II )",1,期,False,50,0,0,50,唐佳迎,"四6,7(文FA 4031)","['', '', '', '67', '', '', '']","《音樂類》
限音樂系學生修課",[],False
https://selcrs.nsysu.edu.tw/menu5/showoutline.asp?SYEAR=115&SEM=1&CrsDat=MUSI505&Crsname=音樂研究導論,,,False,音樂碩,MUSI505,1,不分班,"音樂研究導論
INTRODUCTION TO MUSIC RESEARCH",2,期,True,50,0,0,50,郭瓊嬌,"四3,4(文FA 6011)","['', '', '', '34', '', '', '']",《講授類》,[],False
https://selcrs.nsysu.edu.tw/menu5/showoutline.asp?SYEAR=115&SEM=1&CrsDat=MUSI515&Crsname=鍵盤（一）,,,False,音樂碩,MUSI515,0,不分班,"鍵盤（一）
KEYBOARD (I)",2,期,False,50,0,0,50,林雅叙,"六1,2()","['', '', '', '', '', '12', '']","《音樂類》
限音樂系學生修課",[],False
https://selcrs.nsysu.edu.tw/menu5/showoutline.asp?SYEAR=115&SEM=1&CrsDat=MUSI518&Crsname=雙鋼琴（二）,,,False,音樂碩,MUSI518,0,不分班,"雙鋼琴（二）
PIANO DUO(II)",1,期,False,50,0,0,50,林雅叙,三6(文FA 5011)(實驗) 三7(文FA 5012)(實驗),"['', '', '67', '', '', '', '']","《音樂類》
限音樂系學生修課",[],False
https://selcrs.nsysu.edu.tw/menu5/showoutline.asp?SYEAR=115&SEM=1&CrsDat=MUSI535&Crsname=弦樂一（大提琴）,,,False,音樂碩,MUSI535,0,不分班,"弦樂一（大提琴）
STRINGS I (CELLO)",2,期,False,50,0,0,50,"曾加宜,謝孟軒","六1,2()","['', '', '', '', '', '12', '']","《音樂類》
限音樂系學生修課",[],False
https://selcrs.nsysu.edu.tw/menu5/showoutline.asp?SYEAR=115&SEM=1&CrsDat=MUSI536&Crsname=弦樂一（中、小提琴）,,,False,音樂碩,MUSI536,0,不分班,"弦樂一（中、小提琴）
STRINGS I (VIOLA & VIOLIN)",2,期,False,50,0,0,50,"林子平,陳鈺雯","六1,2()","['', '', '', '', '', '12', '']","《音樂類》
限音樂系學生修課",[],False
https://selcrs.nsysu.edu.tw/menu5/showoutline.asp?SYEAR=115&SEM=1&CrsDat=MUSI547&Crsname=管樂一（長笛）,,,False,音樂碩,MUSI547,0,不分班,"管樂一（長笛）
WOODWIND I (FLUTE)",2,期,False,50,0,0,50,林鴻君,"六1,2()","['', '', '', '', '', '12', '']","《音樂類》
限音樂系學生修課",[],False
https://selcrs.nsysu.edu.tw/menu5/showoutline.asp?SYEAR=115&SEM=1&CrsDat=MUSI549&Crsname=管樂一（雙簧管）,,,False,音樂碩,MUSI549,0,不分班,"管樂一（雙簧管）
WOODWIND I(OBOE)",2,期,False,50,0,0,50,張瑞芝,"六1,2()","['', '', '', '', '', '12', '']","《音樂類》
限音樂系學生修課",[],False
https://selcrs.nsysu.edu.tw/menu5/showoutline.asp?SYEAR=115&SEM=1&CrsDat=MUSI552&Crsname=管樂二（雙簧管）,,,False,音樂碩,MUSI552,0,不分班,"管樂二（雙簧管）
WOODWIND II(OBOE)",2,期,False,50,0,0,50,張瑞芝,"六1,2()","['', '', '', '', '', '12', '']","《音樂類》
限音樂系學生修課",[],False
https://selcrs.nsysu.edu.tw/menu5/showoutline.asp?SYEAR=115&SEM=1&CrsDat=MUSI564&Crsname=擊樂 (一),,,False,音樂碩,MUSI564,0,不分班,"擊樂 (一)
PERCUSSION (I)",2,期,False,50,0,0,50,陸淯姿,"六1,2()","['', '', '', '', '', '12', '']","《音樂類》
限音樂系學生修課",[],False
https://selcrs.nsysu.edu.tw/menu5/showoutline.asp?SYEAR=115&SEM=1&CrsDat=MUSI589&Crsname=作曲（一）,,,False,音樂碩,MUSI589,0,不分班,"作曲（一）
COMPOSITION(I)",2,期,False,50,0,0,50,陳以軒,"六1,2()","['', '', '', '', '', '12', '']","《音樂類》
限音樂系學生修課",[],False
https://selcrs.nsysu.edu.tw/menu5/showoutline.asp?SYEAR=115&SEM=1&CrsDat=MUSI610&Crsname=鍵盤（三）,,,False,音樂碩,MUSI610,0,不分班,"鍵盤（三）
KEYBOARD (III)",2,期,False,50,0,0,50,"唐佳迎,林雅叙,陳宜蓁,顏竹君","六1,2()","['', '', '', '', '', '12', '']","《音樂類》
限音樂系學生修課",[],False
https://selcrs.nsysu.edu.tw/menu5/showoutline.asp?SYEAR=115&SEM=1&CrsDat=MUSI611&Crsname=鍵盤（四）,,,False,音樂碩,MUSI611,0,不分班,"鍵盤（四）
KEYBOARD(IV)",2,期,False,50,0,0,50,陳宜蓁,"六1,2()","['', '', '', '', '', '12', '']","《音樂類》
限音樂系學生修課",[],False
https://selcrs.nsysu.edu.tw/menu5/showoutline.asp?SYEAR=115&SEM=1&CrsDat=MUSI621&Crsname=弦樂三（大提琴）,,,False,音樂碩,MUSI621,0,不分班,"弦樂三（大提琴）
STRINGS III (CELLO)",2,期,False,50,0,0,50,"張毅心,曾加宜","六1,2()","['', '', '', '', '', '12', '']","《音樂類》
限音樂系學生修課",[],False
https://selcrs.nsysu.edu.tw/menu5/showoutline.asp?SYEAR=115&SEM=1&CrsDat=MUSI622&Crsname=弦樂三（中、小提琴）,,,False,音樂碩,MUSI622,0,不分班,"弦樂三（中、小提琴）
STRINGS III (VIOLA & VIOLIN)",2,期,False,50,0,0,50,陳鈺雯,"六1,2()","['', '', '', '', '', '12', '']","《音樂類》
限音樂系學生修課",[],False
https://selcrs.nsysu.edu.tw/menu5/showoutline.asp?SYEAR=115&SEM=1&CrsDat=MUSI627&Crsname=弦樂室內樂（二）,,,False,音樂碩,MUSI627,0,不分班,"弦樂室內樂（二）
STRING CHAMBER MUSIC (II)",1,期,False,50,0,0,50,"謝孟軒,陳鈺雯","二3,4(文FA 4031)","['', '34', '', '', '', '', '']","《音樂類》
限音樂系學生修課",[],False
https://selcrs.nsysu.edu.tw/menu5/showoutline.asp?SYEAR=115&SEM=1&CrsDat=MUSI629&Crsname=聲樂室內樂,異動,更換時間及教室6/25,False,音樂碩,MUSI629,0,不分班,"聲樂室內樂
VOCAL CHAMBER MUSIC",1,期,False,50,0,0,50,黃子珊,"一8,7(文FA 4030)","['78', '', '', '', '', '', '']",《音樂類》,[],False
https://selcrs.nsysu.edu.tw/menu5/showoutline.asp?SYEAR=115&SEM=1&CrsDat=MUSI636&Crsname=管樂三（長笛）,,,False,音樂碩,MUSI636,0,不分班,"管樂三（長笛）
WOODWIND III (FLUTE)",2,期,False,50,0,0,50,林鴻君,"六1,2()","['', '', '', '', '', '12', '']","《音樂類》
限音樂系學生修課",[],False
https://selcrs.nsysu.edu.tw/menu5/showoutline.asp?SYEAR=115&SEM=1&CrsDat=MUSI638&Crsname=管樂三（雙簧管）,,,False,音樂碩,MUSI638,0,不分班,"管樂三（雙簧管）
WOODWIND III(OBOE)",2,期,False,50,0,0,50,張瑞芝,"六1,2()","['', '', '', '', '', '12', '']","《音樂類》
限音樂系學生修課",[],False
https://selcrs.nsysu.edu.tw/menu5/showoutline.asp?SYEAR=115&SEM=1&CrsDat=MUSI642&Crsname=名家演奏（唱）風格探討（二）,,,False,音樂碩,MUSI642,0,不分班,"名家演奏（唱）風格探討（二）
PERFORMANCE STYLE STUSIES OF MASTERS（II）",2,期,False,50,0,0,50,林雅叙,"四3,4(文FA 5008)","['', '', '', '34', '', '', '']",《講授類》,[],False
https://selcrs.nsysu.edu.tw/menu5/showoutline.asp?SYEAR=115&SEM=1&CrsDat=MUSI645&Crsname=管樂室內樂（二）,,,False,音樂碩,MUSI645,0,不分班,"管樂室內樂（二）
WIND CHAMBER MUSIC (II)",1,期,False,50,0,0,50,張瑞芝,"四1,2(文FA 4031)","['', '', '', '12', '', '', '']","《音樂類》
限音樂系學生修課",[],False
https://selcrs.nsysu.edu.tw/menu5/showoutline.asp?SYEAR=115&SEM=1&CrsDat=MUSI648&Crsname=管樂團合奏（二）,,,False,音樂碩,MUSI648,0,不分班,"管樂團合奏（二）
WIND BAND （II）",1,期,False,50,0,0,50,林鴻君,"二9,C(文FA 4030)(實驗)","['', '9C', '', '', '', '', '']",《音樂類》,[],False
https://selcrs.nsysu.edu.tw/menu5/showoutline.asp?SYEAR=115&SEM=1&CrsDat=MUSI650&Crsname=聲樂（三）,,,False,音樂碩,MUSI650,0,不分班,"聲樂（三）
VOICE(III)",2,期,False,50,0,0,50,黃子珊,"六1,2()","['', '', '', '', '', '12', '']","《音樂類》
限音樂系學生修課",[],False
https://selcrs.nsysu.edu.tw/menu5/showoutline.asp?SYEAR=115&SEM=1&CrsDat=MUSI659&Crsname=擊樂（三）,,,False,音樂碩,MUSI659,0,不分班,"擊樂（三）
PERCUSSION（III）",2,期,False,50,0,0,50,鄭雅心,"六1,2()","['', '', '', '', '', '12', '']","《音樂類》
限音樂系學生修課",[],False
https://selcrs.nsysu.edu.tw/menu5/showoutline.asp?SYEAR=115&SEM=1&CrsDat=MUSI663&Crsname=管弦樂指揮（三）,,,False,音樂碩,MUSI663,0,不分班,"管弦樂指揮（三）
ORCHESTRAL CONDUCTING（III）",2,期,False,50,0,0,50,楊智欽,"六1,2()","['', '', '', '', '', '12', '']","《音樂類》
限音樂系學生修課",[],False
https://selcrs.nsysu.edu.tw/menu5/showoutline.asp?SYEAR=115&SEM=1&CrsDat=MUSI680&Crsname=作曲（三）,,,False,音樂碩,MUSI680,0,不分班,"作曲（三）
COMPOSITION(III)",2,期,False,50,0,0,50,李思嫺,"六1,2()","['', '', '', '', '', '12', '']","《音樂類》
限音樂系學生修課",[],False
https://selcrs.nsysu.edu.tw/menu5/showoutline.asp?SYEAR=115&SEM=1&CrsDat=MUSI687&Crsname=複音音樂分析與再詮釋,,,False,音樂碩,MUSI687,0,不分班,"複音音樂分析與再詮釋
ANALYSIS AND REINTERPRETATION OF POLYPHONIC MUSIC",2,期,False,50,0,0,50,李思嫺,"一3,4(文FA 6011)","['34', '', '', '', '', '', '']",《講授類》,[],False
https://selcrs.nsysu.edu.tw/menu5/showoutline.asp?SYEAR=115&SEM=1&CrsDat=MUSI693&Crsname=巴洛克時期音樂史,,,False,音樂碩,MUSI693,0,不分班,"巴洛克時期音樂史
MUSIC IN THE BAROQUE PERIOD",3,期,False,50,0,0,50,郭瓊嬌,"二2,3,4(文FA 6011-1)","['', '234', '', '', '', '', '']",《講授類》,[],False
https://selcrs.nsysu.edu.tw/menu5/showoutline.asp?SYEAR=115&SEM=1&CrsDat=MUSI699&Crsname=管樂演奏技巧探討,,,False,音樂碩,MUSI699,0,不分班,"管樂演奏技巧探討
TECHNIQUE OF WIND PERFORMANCE",2,期,False,50,0,0,50,張瑞芝,"三6,7(文FA 6011)","['', '', '67', '', '', '', '']",《講授類》,[],False
https://selcrs.nsysu.edu.tw/menu5/showoutline.asp?SYEAR=115&SEM=1&CrsDat=PHIL501&Crsname=當代歐陸哲學,,,False,哲學碩,PHIL501,1,不分班,"當代歐陸哲學
CONTEMPORARY CONTINENTAL PHILOSOPHY",3,期,True,50,0,0,50,宋灝,"二8,6,7(文LA 2009)","['', '678', '', '', '', '', '']",《講授類》,[],False
https://selcrs.nsysu.edu.tw/menu5/showoutline.asp?SYEAR=115&SEM=1&CrsDat=PHIL516&Crsname=文化哲學,,,False,哲學碩,PHIL516,0,不分班,"文化哲學
PHILOSOPHY OF CULTURE",3,期,False,50,0,0,50,游淙祺,"三2,3,4(文LA 7001)","['', '', '234', '', '', '', '']",《講授類》,[],False
https://selcrs.nsysu.edu.tw/menu5/showoutline.asp?SYEAR=115&SEM=1&CrsDat=PHIL522&Crsname=技術哲學,新增,7/3,False,哲學碩,PHIL522,0,不分班,"技術哲學
PHILOSOPHY OF TECHNOLOGY",3,期,False,50,0,0,50,戴遠雄,"四2,3,4(文LA 7001)","['', '', '', '234', '', '', '']",《講授類》,[],False
https://selcrs.nsysu.edu.tw/menu5/showoutline.asp?SYEAR=115&SEM=1&CrsDat=PHIL535&Crsname=現象學與人文社會科學,,,False,哲學碩,PHIL535,0,不分班,"現象學與人文社會科學
PHENOMENOLOGY AND HUMAN-SOCIAL SCIENCES",3,期,False,50,0,0,50,待聘,"一8,6,7(文LA 2009)","['678', '', '', '', '', '', '']",《講授類》,[],False
https://selcrs.nsysu.edu.tw/menu5/showoutline.asp?SYEAR=115&SEM=1&CrsDat=PHIL565&Crsname=政治、主體與普遍性,,,False,哲學碩,PHIL565,0,不分班,"政治、主體與普遍性
POLITICS SUBJECT AND UNIVERSALITY",3,期,False,50,0,0,50,洪世謙,"三5,6,7(文LA 2009)","['', '', '567', '', '', '', '']",《講授類》,[],False
https://selcrs.nsysu.edu.tw/menu5/showoutline.asp?SYEAR=115&SEM=1&CrsDat=PHIL587&Crsname=哲學與藝術實踐,,,False,哲學碩,PHIL587,0,不分班,"哲學與藝術實踐
PHILOSOPHY AND ART PRACTICE",3,期,False,50,0,0,50,楊婉儀,"四8,6,7(文LA 2009)","['', '', '', '678', '', '', '']",《講授類》,[],False
https://selcrs.nsysu.edu.tw/menu5/showoutline.asp?SYEAR=115&SEM=1&CrsDat=PHIL589&Crsname=佛教哲學,異動,更換教師及教室7/3,False,哲學碩,PHIL589,0,不分班,"佛教哲學
BUDDHIST PHILOSOPHY",3,期,False,50,0,0,50,越建東,"四2,3,4(文LA 2009)","['', '', '', '234', '', '', '']",《講授類》,[],False
https://selcrs.nsysu.edu.tw/menu5/showoutline.asp?SYEAR=115&SEM=1&CrsDat=PHIL601&Crsname=當代德語哲學與美學專題,,,False,哲學碩,PHIL601,0,不分班,"當代德語哲學與美學專題
INDEPENDENT STUDIES IN CONTEMPORARY GERMAN PHILOSOPHY AND AESTHETICS",2,期,False,50,0,0,50,宋灝,"三3,4(文LA 2008)","['', '', '34', '', '', '', '']","《獨立研究》
限哲學所學生",[],False
https://selcrs.nsysu.edu.tw/menu5/showoutline.asp?SYEAR=115&SEM=1&CrsDat=PHIL602&Crsname=當代法語哲學與美學專題,,,False,哲學碩,PHIL602,0,不分班,"當代法語哲學與美學專題
INDEPENDENT STUDIES IN CONTEMPORARY FRENCH PHILOSOPHY AND AESTHETICS",2,期,False,50,0,0,50,楊婉儀,"三1,2(文LA 2008)","['', '', '12', '', '', '', '']","《獨立研究》
限哲學所學生",[],False
https://selcrs.nsysu.edu.tw/menu5/showoutline.asp?SYEAR=115&SEM=1&CrsDat=PHIL605&Crsname=解構的世界圖像與實踐專題,,,False,哲學碩,PHIL605,0,不分班,"解構的世界圖像與實踐專題
INDEPENDENT STUDIES IN DECONSTRUCTION OF WORLD IMAGE AND PRAXIS",2,期,False,50,0,0,50,洪世謙,"二3,4(文LA 2008)","['', '34', '', '', '', '', '']","《獨立研究》
限哲學所學生",[],False
https://selcrs.nsysu.edu.tw/menu5/showoutline.asp?SYEAR=115&SEM=1&CrsDat=PHIL606&Crsname=佛教與哲學專題,,,False,哲學碩,PHIL606,0,不分班,"佛教與哲學專題
INDEPENDENT STUDIES IN BUDDHISM AND PHILOSOPHY",2,期,False,50,0,0,50,越建東,"二8,7(文LA 2008)","['', '78', '', '', '', '', '']","《獨立研究》
限哲學所學生",[],False
https://selcrs.nsysu.edu.tw/menu5/showoutline.asp?SYEAR=115&SEM=1&CrsDat=PHIL608&Crsname=歐洲哲學與社會政治批判專題,,,False,哲學碩,PHIL608,0,不分班,"歐洲哲學與社會政治批判專題
INDEPENDENT STUDIES IN EUROPEAN PHILOSOPHY AND SOCIO-POLITICAL CRITIQUE",2,期,False,50,0,0,50,戴遠雄,"一3,4(文LA 2008)","['34', '', '', '', '', '', '']","《獨立研究》
限哲學所學生",[],False
https://selcrs.nsysu.edu.tw/menu5/showoutline.asp?SYEAR=115&SEM=1&CrsDat=TA501&Crsname=研究方法,,,False,劇藝碩,TA501,1,不分班,"研究方法
RESEARCH METHODOLOGIES",3,期,True,50,0,0,50,"何怡璉,吳怡瑱,康尹貞","四2,3,4(文FA 2012)","['', '', '', '234', '', '', '']",《講授類》,[],False
https://selcrs.nsysu.edu.tw/menu5/showoutline.asp?SYEAR=115&SEM=1&CrsDat=TA502&Crsname=戲劇學研究,,,False,劇藝碩,TA502,1,不分班,"戲劇學研究
THEATRE, DRAMA AND PERFORMANCE STUDIES",3,期,True,50,0,0,50,許仁豪,"四5,6,7(文FA 2012)","['', '', '', '567', '', '', '']",《講授類》,[],False
https://selcrs.nsysu.edu.tw/menu5/showoutline.asp?SYEAR=115&SEM=1&CrsDat=TA521&Crsname=戲劇與哲學,,,False,劇藝碩,TA521,0,不分班,"戲劇與哲學
THEATRE AND PHILOSOPHY",3,期,False,50,0,0,50,約書亞沙發兒,"二8,9,7(文FA 2012)","['', '789', '', '', '', '', '']",《講授類》,[],True
https://selcrs.nsysu.edu.tw/menu5/showoutline.asp?SYEAR=115&SEM=1&CrsDat=TA530&Crsname=表導演研究與實作,,,False,劇藝碩,TA530,0,不分班,"表導演研究與實作
ACTING AND DIRECTING: PRACTICE AND THEORY",3,期,False,50,0,0,50,約書亞沙發兒,"一8,6,7(文FA 2019)","['678', '', '', '', '', '', '']","《展演》
創作組必選之一",[],True
https://selcrs.nsysu.edu.tw/menu5/showoutline.asp?SYEAR=115&SEM=1&CrsDat=TA533&Crsname=排演實務（一）,異動,取消合授教師6/24,False,劇藝碩,TA533,0,不分班,"排演實務（一）
REHEARSAL (I)",3,期,False,50,0,0,50,蔡詔羽,"一8,9,C(文FA 3012, 2019, 2016)","['89C', '', '', '', '', '', '']","《展演》
限劇藝系年度製作劇組、設計與技術部門同學選修",[],False
https://selcrs.nsysu.edu.tw/menu5/showoutline.asp?SYEAR=115&SEM=1&CrsDat=TA538&Crsname=身體表演方法研究,,,False,劇藝碩,TA538,0,不分班,"身體表演方法研究
ACTING TECHNIQUES FOR THE BODY AND MOVEMENT",3,期,False,50,0,0,50,杜思慧,"二2,3,4(文FA 2019)","['', '234', '', '', '', '', '']",《展演》,[],False
https://selcrs.nsysu.edu.tw/menu5/showoutline.asp?SYEAR=115&SEM=1&CrsDat=TA571&Crsname=空間創作研究與實務,,,False,劇藝碩,TA571,0,不分班,"空間創作研究與實務
SPATIAL DESIGN",3,期,False,50,0,0,50,吳怡瑱,"三5,6,7(文FA 2016, 2018)","['', '', '567', '', '', '', '']",《展演》,[],False
https://selcrs.nsysu.edu.tw/menu5/showoutline.asp?SYEAR=115&SEM=1&CrsDat=TA581&Crsname=畢業專題（一）,,,True,劇藝碩,TA581,2,不分班,"畢業專題（一）
INDEPENDENT STUDIES(Ⅰ)",2,期,True,50,0,0,50,"杜思慧,許仁豪","一A,B(文FA 2012)","['AB', '', '', '', '', '', '']","《獨立研究》
畢業論文/創作指導",[],False
https://selcrs.nsysu.edu.tw/menu5/showoutline.asp?SYEAR=115&SEM=1&CrsDat=AME502&Crsname=藝術管理,,,False,藝管創業所,AME502,1,不分班,"藝術管理
ARTS MANAGEMENT",3,期,True,50,0,0,50,魏君穎,"三5,6,7(文FA 3011)","['', '', '567', '', '', '', '']","《講授類》
限藝管所選修",[],False
https://selcrs.nsysu.edu.tw/menu5/showoutline.asp?SYEAR=115&SEM=1&CrsDat=AME503&Crsname=實習,,,False,藝管創業所,AME503,2,不分班,"實習
INTERNSHIP",3,期,True,50,0,0,50,"張正霖,陳尚盈","五5,6(文FA 3011) 五8,7(文FA 3011)(實驗)","['', '', '', '', '5678', '', '']","《實習類》
限藝管所並修畢藝術管理",[],False
https://selcrs.nsysu.edu.tw/menu5/showoutline.asp?SYEAR=115&SEM=1&CrsDat=AME537&Crsname=藝術社會學,,,False,藝管創業所,AME537,0,不分班,"藝術社會學
SOCIOLOGY OF THE ARTS",3,期,False,50,0,0,50,魏君穎,"四5,6,7(文FA 3011)","['', '', '', '567', '', '', '']",《講授類》,[],False
https://selcrs.nsysu.edu.tw/menu5/showoutline.asp?SYEAR=115&SEM=1&CrsDat=AME545&Crsname=文化創意事業,,,False,藝管創業所,AME545,0,不分班,"文化創意事業
BUSINESSES IN CULTURAL AND CREATIVE INDUSTRIES",3,期,False,50,0,0,50,張正霖,"二5,6,7(文FA 3011)","['', '567', '', '', '', '', '']",《講授類》,[],False
https://selcrs.nsysu.edu.tw/menu5/showoutline.asp?SYEAR=115&SEM=1&CrsDat=AME549&Crsname=藝術投資與資產管理,,,False,藝管創業所,AME549,0,不分班,"藝術投資與資產管理
INVESTMENT AND PORTFOLIO MANAGEMENT IN FINE ART",3,期,False,50,0,0,50,待聘,"四2,3,4(文FA 3011)","['', '', '', '234', '', '', '']",《講授類》,[],True
https://selcrs.nsysu.edu.tw/menu5/showoutline.asp?SYEAR=115&SEM=1&CrsDat=AME554B&Crsname=專題研究（一）,,,False,藝管創業所,AME554B,2,不分班,"專題研究（一）
INDEPENDENT STUDIES（I）",3,期,False,50,0,0,50,待聘,"一2,3,4(文FA 3011)","['234', '', '', '', '', '', '']","《獨立研究》
限藝管所二年級以上選修",[],False
https://selcrs.nsysu.edu.tw/menu5/showoutline.asp?SYEAR=115&SEM=1&CrsDat=AME554C&Crsname=專題研究（一）,,,False,藝管創業所,AME554C,2,不分班,"專題研究（一）
INDEPENDENT STUDIES（I）",3,期,False,50,0,0,50,陳尚盈,"一2,3,4(文FA 3011)","['234', '', '', '', '', '', '']","《獨立研究》
限藝管所二年級以上選修",[],False
https://selcrs.nsysu.edu.tw/menu5/showoutline.asp?SYEAR=115&SEM=1&CrsDat=AME554E&Crsname=專題研究（一）,,,False,藝管創業所,AME554E,2,不分班,"專題研究（一）
INDEPENDENT STUDIES（I）",3,期,False,50,0,0,50,魏君穎,"一2,3,4(文FA 3011)","['234', '', '', '', '', '', '']","《獨立研究》
限藝管所二年級以上選修",[],False
https://selcrs.nsysu.edu.tw/menu5/showoutline.asp?SYEAR=115&SEM=1&CrsDat=AME554F&Crsname=專題研究（一）,,,False,藝管創業所,AME554F,2,不分班,"專題研究（一）
INDEPENDENT STUDIES（I）",3,期,False,50,0,0,50,張正霖,"一2,3,4(文FA 3011)","['234', '', '', '', '', '', '']","《獨立研究》
限藝管所二年級以上選修",[],False
https://selcrs.nsysu.edu.tw/menu5/showoutline.asp?SYEAR=115&SEM=1&CrsDat=AME557&Crsname=文化藝術法規,,,False,藝管創業所,AME557,0,不分班,"文化藝術法規
REGULATIONS FOR ARTS AND CULTURE",3,期,False,50,0,0,50,陳尚盈,"二2,3,4(文FA 3011)","['', '234', '', '', '', '', '']",《講授類》,[],False
https://selcrs.nsysu.edu.tw/menu5/showoutline.asp?SYEAR=115&SEM=1&CrsDat=AME560&Crsname=公共藝術,,,False,藝管創業所,AME560,0,不分班,"公共藝術
PUBLIC ART",3,期,False,50,0,0,50,待聘,"三2,3,4(文FA 3011)","['', '', '234', '', '', '', '']",《講授類》,[],True
https://selcrs.nsysu.edu.tw/menu5/showoutline.asp?SYEAR=115&SEM=1&CrsDat=BIOS501&Crsname=細胞與分子生物學,,,True,生科碩,BIOS501,1,不分班,"細胞與分子生物學
CELL AND MOLECULAR BIOLOGY",3,期,True,50,0,0,50,"傅瀚儀,汪海晏,黃明德","四2,3,4(理BI 2002)","['', '', '', '234', '', '', '']","《講授類》
1.乙組必修 2.與博一併班上課。",[],False
https://selcrs.nsysu.edu.tw/menu5/showoutline.asp?SYEAR=115&SEM=1&CrsDat=BIOS510&Crsname=分子與細胞生物學書報討論（一）,,,True,生科碩,BIOS510,1,不分班,"分子與細胞生物學書報討論（一）
MOLECULAR AND CELL BIOLOGY SEMINAR (I)",1,期,True,50,0,0,50,高資棟,四9(理BI 3001),"['', '', '', '9', '', '', '']","《演講/參訪》
出席學術演講報告於學期考試週之前完成繳交",[],False
https://selcrs.nsysu.edu.tw/menu5/showoutline.asp?SYEAR=115&SEM=1&CrsDat=BIOS514&Crsname=生物多樣性書報討論（一）,,,True,生科碩,BIOS514,1,不分班,"生物多樣性書報討論（一）
BIODIVERISTY SEMINAR(I)",1,期,True,50,0,0,50,"江友中,黃淑萍",四9(理BI 2002),"['', '', '', '9', '', '', '']","《演講/參訪》
出席學術演講報告於學期考試週之前完成繳交",[],False
https://selcrs.nsysu.edu.tw/menu5/showoutline.asp?SYEAR=115&SEM=1&CrsDat=BIOS530&Crsname=分子遺傳及基因體學,,,False,生科碩,BIOS530,1,不分班,"分子遺傳及基因體學
MOLECULAR GENETICS AND GENOMICS",3,期,False,50,0,0,50,吳長益,"一5,6,7(理BI 3001)","['567', '', '', '', '', '', '']",《講授類》,[],False
https://selcrs.nsysu.edu.tw/menu5/showoutline.asp?SYEAR=115&SEM=1&CrsDat=BIOS531&Crsname=微生物及免疫學,,,False,生科碩,BIOS531,1,不分班,"微生物及免疫學
MICROBIOLOGY AND IMMUNOLOGY",3,期,False,50,0,0,50,李哲欣,"一2,3,4(理BI 3001)","['234', '', '', '', '', '', '']",《講授類》,[],False
https://selcrs.nsysu.edu.tw/menu5/showoutline.asp?SYEAR=115&SEM=1&CrsDat=BIOS546&Crsname=分子演化專題(一),,,False,生科碩,BIOS546,1,不分班,"分子演化專題(一)
INDEPENDENT STUDIES IN MOLECULAR EVOLUTION(I)",3,期,False,50,0,0,50,江友中,一1(理SC 3010) 二1(理SC 3010) 三1(理SC 3010),"['1', '1', '1', '', '', '', '']",《獨立研究》,[],True
https://selcrs.nsysu.edu.tw/menu5/showoutline.asp?SYEAR=115&SEM=1&CrsDat=BIOS547&Crsname=演化生物學,,,False,生科碩,BIOS547,1,不分班,"演化生物學
EVOLUTIONARY BIOLOGY",3,期,False,50,0,0,50,江友中,"二C,D,E(理SC 3005)","['', 'CDE', '', '', '', '', '']",《講授類》,[],False
https://selcrs.nsysu.edu.tw/menu5/showoutline.asp?SYEAR=115&SEM=1&CrsDat=BIOS547A&Crsname=演化生物學,,,False,生科碩,BIOS547A,1,不分班,"演化生物學
EVOLUTIONARY BIOLOGY",3,期,False,50,0,0,50,費卡契,"三2,3,4(理BI 3001)","['', '', '234', '', '', '', '']",《講授類》,[],True
https://selcrs.nsysu.edu.tw/menu5/showoutline.asp?SYEAR=115&SEM=1&CrsDat=BIOS548&Crsname=應用解剖學,,,False,生科碩,BIOS548,1,不分班,"應用解剖學
APPLIED ANATOMY",3,期,False,50,0,0,50,汪海晏,"一C,D,E(理BI 3001)","['CDE', '', '', '', '', '', '']",《講授類》,[],False
https://selcrs.nsysu.edu.tw/menu5/showoutline.asp?SYEAR=115&SEM=1&CrsDat=BIOS549&Crsname=基因調控議題研討（一）,,,False,生科碩,BIOS549,1,不分班,"基因調控議題研討（一）
SPECIAL TOPICS IN GENE REGULATION （I）",3,期,False,50,0,0,50,吳長益,一1(理SC 3008) 二1(理SC 3008) 三1(理SC 3008),"['1', '1', '1', '', '', '', '']",《研討類》,[],True
https://selcrs.nsysu.edu.tw/menu5/showoutline.asp?SYEAR=115&SEM=1&CrsDat=BIOS551&Crsname=細胞膜訊息傳導專題研究（一）,,,False,生科碩,BIOS551,1,不分班,"細胞膜訊息傳導專題研究（一）
INDEPENDENT STUDIES IN MEMBRANE BIOLOGY & SIGNAL TRANSDUCTION（I）",3,期,False,50,0,0,50,陳俊霖,"五5,6,7(理SC 3008)","['', '', '', '', '567', '', '']",《獨立研究》,[],True
https://selcrs.nsysu.edu.tw/menu5/showoutline.asp?SYEAR=115&SEM=1&CrsDat=BIOS553&Crsname=脊髓損傷醫學議題研討（一）,,,False,生科碩,BIOS553,1,不分班,"脊髓損傷醫學議題研討（一）
SPECIAL TOPICS IN SPINAL CORD INJURY MEDICINE (I)",3,期,False,50,0,0,50,李昆澤,"五5,6,7(理SC 1014)","['', '', '', '', '567', '', '']",《研討類》,[],False
https://selcrs.nsysu.edu.tw/menu5/showoutline.asp?SYEAR=115&SEM=1&CrsDat=BIOS571&Crsname=脊椎動物生理生態學,,,False,生科碩,BIOS571,1,不分班,"脊椎動物生理生態學
THE PHYSIOLOGICAL ECOLOGY OF VERTEBRATES",3,期,False,50,0,0,50,黃淑萍,"五5,6,7(理BI 6005)","['', '', '', '', '567', '', '']",《講授類》,[],False
https://selcrs.nsysu.edu.tw/menu5/showoutline.asp?SYEAR=115&SEM=1&CrsDat=BIOS589&Crsname=生理生態學議題研討,,,False,生科碩,BIOS589,1,不分班,"生理生態學議題研討
SPECIAL TOPICS IN PHYSIOLOGICAL ECOLOGY",3,期,False,50,0,0,50,黃淑萍,一1(理SC 3009) 二1(理SC 3009) 三1(理SC 3009),"['1', '1', '1', '', '', '', '']",《研討類》,[],False
https://selcrs.nsysu.edu.tw/menu5/showoutline.asp?SYEAR=115&SEM=1&CrsDat=BIOS645&Crsname=寄主植物抗性之獨立研究,,,False,生科碩,BIOS645,1,不分班,"寄主植物抗性之獨立研究
INDEPENDENT STUDIES IN HOST PLANT RESISTANCE",3,期,False,50,0,0,50,謝文發,一A(理SC 3008) 二A(理SC 3008) 三A(理SC 3008),"['A', 'A', 'A', '', '', '', '']",《獨立研究》,[],True
https://selcrs.nsysu.edu.tw/menu5/showoutline.asp?SYEAR=115&SEM=1&CrsDat=BIOS650&Crsname=分子生物學研究法（二）,,,False,生科碩,BIOS650,1,不分班,"分子生物學研究法（二）
METHODOLOGY FOR MOLECULAR BIOLOGY RESEARCH (II)",3,期,False,50,0,0,50,黃明德,一A(理SC 3009) 二A(理SC 3009) 三A(理SC 3009),"['A', 'A', 'A', '', '', '', '']",《研討類》,[],False
https://selcrs.nsysu.edu.tw/menu5/showoutline.asp?SYEAR=115&SEM=1&CrsDat=BIOS652&Crsname=細菌學專題研究,,,False,生科碩,BIOS652,1,不分班,"細菌學專題研究
INDEPENDENT STUDIES IN BACTERIOLOGY",3,期,False,50,0,0,50,李哲欣,一A(理SC 1014) 二A(理SC 1014) 三A(理SC 1014),"['A', 'A', 'A', '', '', '', '']",《獨立研究》,[],False
https://selcrs.nsysu.edu.tw/menu5/showoutline.asp?SYEAR=115&SEM=1&CrsDat=BIOS660&Crsname=昆蟲演化與系統分類學專題研究,,,False,生科碩,BIOS660,1,不分班,"昆蟲演化與系統分類學專題研究
INDEPENDENT STUDIES IN INSECT EVOLUTION AND SYSTEMATICS",3,期,False,50,0,0,50,顏聖紘,"五2,3,4(理SC 3010)","['', '', '', '', '234', '', '']",《獨立研究》,[],False
https://selcrs.nsysu.edu.tw/menu5/showoutline.asp?SYEAR=115&SEM=1&CrsDat=BIOS684&Crsname=多倍體與雜交演化專題研究,,,False,生科碩,BIOS684,1,不分班,"多倍體與雜交演化專題研究
INDEPENDENT STUDIES IN POLYPLOIDY AND RETICULATE EVOLUTION",3,期,False,50,0,0,50,劉世慧,一1(理SC 1014) 二2(理SC 1014) 三3(理SC 1014),"['1', '2', '3', '', '', '', '']",《獨立研究》,[],False
https://selcrs.nsysu.edu.tw/menu5/showoutline.asp?SYEAR=115&SEM=1&CrsDat=BIOS686&Crsname=植物生態學專題研討,,,False,生科碩,BIOS686,1,不分班,"植物生態學專題研討
SEMINAR IN PLANT ECOLOGY",3,期,False,50,0,0,50,張楊家豪,"五5,6,7(理SC 3010)","['', '', '', '', '567', '', '']",《研討類》,[],False
https://selcrs.nsysu.edu.tw/menu5/showoutline.asp?SYEAR=115&SEM=1&CrsDat=BIOS688&Crsname=數量生態學議題研討,,,False,生科碩,BIOS688,1,不分班,"數量生態學議題研討
SPECIAL TOPICS IN QUANTITATIVE ECOLOGY",3,期,False,50,0,0,50,夏燦風,一A(理SC 3010) 二A(理SC 3010) 三A(理SC 3010),"['A', 'A', 'A', '', '', '', '']",《研討類》,[],True
https://selcrs.nsysu.edu.tw/menu5/showoutline.asp?SYEAR=115&SEM=1&CrsDat=CHEM501&Crsname=合成方法專題研究（一）,,,True,化學碩,CHEM501,1,不分班,"合成方法專題研究（一）
INDEPENDENT STUDIES IN SYNTHETIC METHODS(I)",3,期,True,50,0,0,50,張均然,"六2,3,4()","['', '', '', '', '', '234', '']",《獨立研究》,[],True
https://selcrs.nsysu.edu.tw/menu5/showoutline.asp?SYEAR=115&SEM=1&CrsDat=CHEM505&Crsname=應用光譜學,,,False,化學碩,CHEM505,1,不分班,"應用光譜學
APPLIED SPECTROSCOPY",3,期,False,50,0,0,50,梁蘭昌,"一2,3,4(理CH 3002)","['234', '', '', '', '', '', '']",《講授類》,[],True
https://selcrs.nsysu.edu.tw/menu5/showoutline.asp?SYEAR=115&SEM=1&CrsDat=CHEM509&Crsname=光譜專題研究（一）,,,True,化學碩,CHEM509,1,不分班,"光譜專題研究（一）
INDEPENDENT STUDIES IN SPECTROSCOPICE(I)",3,期,True,50,0,0,50,范秀芳,"六2,3,4()","['', '', '', '', '', '234', '']",《獨立研究》,[],True
https://selcrs.nsysu.edu.tw/menu5/showoutline.asp?SYEAR=115&SEM=1&CrsDat=CHEM511&Crsname=金屬簇化學專題研究（一）,,,True,化學碩,CHEM511,1,不分班,"金屬簇化學專題研究（一）
INDEPENDENT STUDIES IN METAL CLUSTERS(I)",3,期,True,50,0,0,50,梁子輝,"六2,3,4()","['', '', '', '', '', '234', '']",《獨立研究》,[],True
https://selcrs.nsysu.edu.tw/menu5/showoutline.asp?SYEAR=115&SEM=1&CrsDat=CHEM517&Crsname=勻相催化專題研究（一）,,,True,化學碩,CHEM517,1,不分班,"勻相催化專題研究（一）
INDEPENDENT STUDIES IN HOMOGENOUS CATALYSIS（I）",3,期,True,50,0,0,50,梁蘭昌,"六2,3,4()","['', '', '', '', '', '234', '']",《獨立研究》,[],True
https://selcrs.nsysu.edu.tw/menu5/showoutline.asp?SYEAR=115&SEM=1&CrsDat=CHEM519&Crsname=雷射化學專題研究（一）,,,True,化學碩,CHEM519,1,不分班,"雷射化學專題研究（一）
INDEPENDENT STUDIES IN LASER CHEMISTRY (I)",3,期,True,50,0,0,50,張元賓,"六2,3,4()","['', '', '', '', '', '234', '']",《獨立研究》,[],True
https://selcrs.nsysu.edu.tw/menu5/showoutline.asp?SYEAR=115&SEM=1&CrsDat=CHEM521&Crsname=觸媒專題研究（一）,,,True,化學碩,CHEM521,1,不分班,"觸媒專題研究（一）
INDEPENDENT STUDIES IN CATALYSIS(I)",3,期,True,50,0,0,50,劉柏宏,"六2,3,4()","['', '', '', '', '', '234', '']",《獨立研究》,[],True
https://selcrs.nsysu.edu.tw/menu5/showoutline.asp?SYEAR=115&SEM=1&CrsDat=CHEM523&Crsname=計算化學專題研究（一）,,,True,化學碩,CHEM523,1,不分班,"計算化學專題研究（一）
INDEPENDENT STUDIES IN COMPUTATIONAL CHEMISTRY(I)",3,期,True,50,0,0,50,邱政超,"六2,3,4()","['', '', '', '', '', '234', '']",《獨立研究》,[],True
https://selcrs.nsysu.edu.tw/menu5/showoutline.asp?SYEAR=115&SEM=1&CrsDat=CHEM527&Crsname=生物系統固態核磁共振專題研究（一）,,,True,化學碩,CHEM527,1,不分班,"生物系統固態核磁共振專題研究（一）
INDEPENDENT STUDIES IN SOLID STATE NMR OF BIOLOGICAL SYSTEM(I)",3,期,True,50,0,0,50,丁尚武,"六2,3,4()","['', '', '', '', '', '234', '']",《獨立研究》,[],True
https://selcrs.nsysu.edu.tw/menu5/showoutline.asp?SYEAR=115&SEM=1&CrsDat=CHEM529&Crsname=奈米力學專題研究（一）,,,True,化學碩,CHEM529,1,不分班,"奈米力學專題研究（一）
INDEPENDENT STUDIES IN NANOSCALE FORCE MEASUREMENT(I)",3,期,True,50,0,0,50,謝淑貞,"六2,3,4()","['', '', '', '', '', '234', '']",《獨立研究》,[],True
https://selcrs.nsysu.edu.tw/menu5/showoutline.asp?SYEAR=115&SEM=1&CrsDat=CHEM533&Crsname=有機質譜專題研究（一）,,,True,化學碩,CHEM533,1,不分班,"有機質譜專題研究（一）
INDEPENDENT STUDIES IN ORGANIC MASS SPECTROMETRY(I)",3,期,True,50,0,0,50,謝建台,"六2,3,4()","['', '', '', '', '', '234', '']",《獨立研究》,[],True
https://selcrs.nsysu.edu.tw/menu5/showoutline.asp?SYEAR=115&SEM=1&CrsDat=CHEM535&Crsname=微量生物分析專題研究（一）,,,True,化學碩,CHEM535,1,不分班,"微量生物分析專題研究（一）
TRACE BIOANALYSIS FOR RESEARCH TRAINING(I)",3,期,True,50,0,0,50,曾韋龍,"六2,3,4()","['', '', '', '', '', '234', '']",《獨立研究》,[],True
https://selcrs.nsysu.edu.tw/menu5/showoutline.asp?SYEAR=115&SEM=1&CrsDat=CHEM537&Crsname=超微奈米藥物生化環境分析專題研究（一）,,,True,化學碩,CHEM537,1,不分班,"超微奈米藥物生化環境分析專題研究（一）
INDEPENDENT STUDIES IN ULTRA-MICRO RESEARCH FOR NANO-PARTICLE, DRUG, BIOCHEMISTRY AND ENVIRONMENT(I)",3,期,True,50,0,0,50,吳慧芬,"六2,3,4()","['', '', '', '', '', '234', '']",《獨立研究》,[],True
https://selcrs.nsysu.edu.tw/menu5/showoutline.asp?SYEAR=115&SEM=1&CrsDat=CHEM539&Crsname=材料化學專題研究（一）,,,True,化學碩,CHEM539,1,不分班,"材料化學專題研究（一）
INDEPENDENT STUDIES IN MATERIALS CHEMISTRY(I)",3,期,True,50,0,0,50,李志聰,"六2,3,4()","['', '', '', '', '', '234', '']",《獨立研究》,[],True
https://selcrs.nsysu.edu.tw/menu5/showoutline.asp?SYEAR=115&SEM=1&CrsDat=CHEM541&Crsname=顯微影像分析專題研究（一）,,,True,化學碩,CHEM541,1,不分班,"顯微影像分析專題研究（一）
INDEPENDENT STUDIES IN MICROSCOPIC IMAGE ANALYSIS(I)",3,期,True,50,0,0,50,張柏齡,"六2,3,4()","['', '', '', '', '', '234', '']",《獨立研究》,[],True
https://selcrs.nsysu.edu.tw/menu5/showoutline.asp?SYEAR=115&SEM=1&CrsDat=CHEM543&Crsname=無機反應專題研究（一）,,,True,化學碩,CHEM543,1,不分班,"無機反應專題研究（一）
INDEPENDENT STUDIES IN INORGANIC REACTIONS(I)",3,期,True,50,0,0,50,王琢堅,"六2,3,4()","['', '', '', '', '', '234', '']",《獨立研究》,[],True
https://selcrs.nsysu.edu.tw/menu5/showoutline.asp?SYEAR=115&SEM=1&CrsDat=CHEM545&Crsname=有機化學書報討論（一）,,,True,化學碩,CHEM545,1,不分班,"有機化學書報討論（一）
SEMINAR IN ORGANIC CHEMISTRY (I)",1,期,True,50,0,0,50,張均然,二3(理SC 3003-2),"['', '3', '', '', '', '', '']",《演講/參訪》,[],False
https://selcrs.nsysu.edu.tw/menu5/showoutline.asp?SYEAR=115&SEM=1&CrsDat=CHEM546&Crsname=無機化學書報討論（一）,,,True,化學碩,CHEM546,1,不分班,"無機化學書報討論（一）
SEMINAR IN INORGANIC CHEMISTRY (I)",1,期,True,50,0,0,50,王琢堅,二3(理SC 3001),"['', '3', '', '', '', '', '']",《演講/參訪》,[],False
https://selcrs.nsysu.edu.tw/menu5/showoutline.asp?SYEAR=115&SEM=1&CrsDat=CHEM547&Crsname=物理化學書報討論（一）,,,True,化學碩,CHEM547,1,不分班,"物理化學書報討論（一）
SEMINAR IN PHYSICAL CHEMISTRY (I)",1,期,True,50,0,0,50,王家蓁,二3(理SC 0009),"['', '3', '', '', '', '', '']",《演講/參訪》,[],False
https://selcrs.nsysu.edu.tw/menu5/showoutline.asp?SYEAR=115&SEM=1&CrsDat=CHEM548&Crsname=分析化學書報討論（一）,,,True,化學碩,CHEM548,1,不分班,"分析化學書報討論（一）
SEMINAR IN ANALYTICAL CHEMISTRY (I)",1,期,True,50,0,0,50,謝建台,二3(理CH 2002),"['', '3', '', '', '', '', '']",《演講/參訪》,[],False
https://selcrs.nsysu.edu.tw/menu5/showoutline.asp?SYEAR=115&SEM=1&CrsDat=CHEM555&Crsname=天然物合成,,,False,化學碩,CHEM555,1,不分班,"天然物合成
NATURAL PRODUCT SYNTHESIS",3,期,False,50,0,0,50,廖軒宏,"一2,3,4(理CH 2002)","['234', '', '', '', '', '', '']",《講授類》,[],True
https://selcrs.nsysu.edu.tw/menu5/showoutline.asp?SYEAR=115&SEM=1&CrsDat=CHEM556&Crsname=有機光譜學,,,False,化學碩,CHEM556,1,不分班,"有機光譜學
SPECTROMETRIC IDENTIFICATION OF ORGANIC COMPOUNDS",3,期,False,50,0,0,50,廖志中,"五2,3,4(理SC 0009)","['', '', '', '', '234', '', '']",《講授類》,[],False
https://selcrs.nsysu.edu.tw/menu5/showoutline.asp?SYEAR=115&SEM=1&CrsDat=CHEM560&Crsname=高等有機金屬化學,,,False,化學碩,CHEM560,1,不分班,"高等有機金屬化學
ADVANCED ORGANOMETALLIC CHEMISTRY",3,期,False,50,0,0,50,梁蘭昌,"一8,6,7(理CH 3002)","['678', '', '', '', '', '', '']",《講授類》,[],True
https://selcrs.nsysu.edu.tw/menu5/showoutline.asp?SYEAR=115&SEM=1&CrsDat=CHEM570&Crsname=表面化學,,,False,化學碩,CHEM570,1,不分班,"表面化學
SURFACE CHEMISTRY",3,期,False,50,0,0,50,劉柏宏,"四2,3,4(理CH 3002)","['', '', '', '234', '', '', '']",《講授類》,[],True
https://selcrs.nsysu.edu.tw/menu5/showoutline.asp?SYEAR=115&SEM=1&CrsDat=CHEM574&Crsname=核磁共振光譜簡介,,,False,化學碩,CHEM574,1,不分班,"核磁共振光譜簡介
INTRODUCTION TO NUCLEAR MAGNETIC RESONANCE SPECTROSCOPY",3,期,False,50,0,0,50,丁尚武,"二8,6,7(理SC 0009)","['', '678', '', '', '', '', '']",《講授類》,[],False
https://selcrs.nsysu.edu.tw/menu5/showoutline.asp?SYEAR=115&SEM=1&CrsDat=CHEM579&Crsname=質譜分析技術,,,False,化學碩,CHEM579,1,不分班,"質譜分析技術
MASS SPECTROMETRY",3,期,False,50,0,0,50,謝建台,"一8,6,7(理SC 3001)","['678', '', '', '', '', '', '']",《講授類》,[],False
https://selcrs.nsysu.edu.tw/menu5/showoutline.asp?SYEAR=115&SEM=1&CrsDat=CHEM582&Crsname=化學生物學專題研究（一）,,,True,化學碩,CHEM582,1,不分班,"化學生物學專題研究（一）
INDEPENDENT STUDIES IN CHEMICAL BIOLOGY (I)",3,期,True,50,0,0,50,林伯樵,"六2,3,4()","['', '', '', '', '', '234', '']",《獨立研究》,[],True
https://selcrs.nsysu.edu.tw/menu5/showoutline.asp?SYEAR=115&SEM=1&CrsDat=CHEM583&Crsname=氣膠與生醫材料科學專題研究（一）,,,True,化學碩,CHEM583,1,不分班,"氣膠與生醫材料科學專題研究（一）
INDEPENDENT STUDIES IN AEROSOLS AND BIOMEDICAL NANOMATERIAL SCIENCES(I)",3,期,True,50,0,0,50,王家蓁,"六2,3,4()","['', '', '', '', '', '234', '']",《獨立研究》,[],True
https://selcrs.nsysu.edu.tw/menu5/showoutline.asp?SYEAR=115&SEM=1&CrsDat=CHEM586&Crsname=奈米材料化學專題研究（一）,,,True,化學碩,CHEM586,1,不分班,"奈米材料化學專題研究（一）
INDEPENDENT STUDIES IN CHEMISTRY OF NANOMATERIALS (I)",3,期,True,50,0,0,50,陳軍互,"六2,3,4()","['', '', '', '', '', '234', '']",《獨立研究》,[],True
https://selcrs.nsysu.edu.tw/menu5/showoutline.asp?SYEAR=115&SEM=1&CrsDat=CHEM591&Crsname=合成與生物有機化學專題研究（一）,,,True,化學碩,CHEM591,1,不分班,"合成與生物有機化學專題研究（一）
INDEPENDENT STUDIES IN SYNTHESIS AND BIOORGANIC CHEMISTRY (I)",3,期,True,50,0,0,50,林渝亞,"六2,3,4()","['', '', '', '', '', '234', '']",《獨立研究》,[],True
https://selcrs.nsysu.edu.tw/menu5/showoutline.asp?SYEAR=115&SEM=1&CrsDat=CHEM595&Crsname=無機催化專題研究（一）,,,True,化學碩,CHEM595,1,不分班,"無機催化專題研究（一）
INDEPENDENT STUDIES IN INORGANIC CATALYSIS （I）",3,期,True,50,0,0,50,蔡明利,"六2,3,4()","['', '', '', '', '', '234', '']",《獨立研究》,[],True
https://selcrs.nsysu.edu.tw/menu5/showoutline.asp?SYEAR=115&SEM=1&CrsDat=CHEM599&Crsname=有機合成專題研究（一）,,,True,化學碩,CHEM599,1,不分班,"有機合成專題研究（一）
ORGANIC SYNTHESIS（Ｉ）",3,期,True,50,0,0,50,廖軒宏,"六2,3,4()","['', '', '', '', '', '234', '']",《獨立研究》,[],True
https://selcrs.nsysu.edu.tw/menu5/showoutline.asp?SYEAR=115&SEM=1&CrsDat=CHEM601&Crsname=有機化學書報討論（三）,,,True,化學碩,CHEM601,2,不分班,"有機化學書報討論（三）
SEMINAR IN ORGANIC CHEMISTRY (III)",1,期,True,50,0,0,50,林渝亞,二4(理SC 3003-2),"['', '4', '', '', '', '', '']",《演講/參訪》,[],False
https://selcrs.nsysu.edu.tw/menu5/showoutline.asp?SYEAR=115&SEM=1&CrsDat=CHEM602&Crsname=無機化學書報討論（三）,,,True,化學碩,CHEM602,2,不分班,"無機化學書報討論（三）
SEMINAR IN INORGANIC CHEMISTRY (III)",1,期,True,50,0,0,50,陳軍互,二4(理SC 3001),"['', '4', '', '', '', '', '']",《演講/參訪》,[],False
https://selcrs.nsysu.edu.tw/menu5/showoutline.asp?SYEAR=115&SEM=1&CrsDat=CHEM603&Crsname=物理化學書報討論（三）,,,True,化學碩,CHEM603,2,不分班,"物理化學書報討論（三）
SEMINAR IN PHYSICAL CHEMISTRY (III)",1,期,True,50,0,0,50,謝淑貞,二4(理SC 0009),"['', '4', '', '', '', '', '']",《演講/參訪》,[],False
https://selcrs.nsysu.edu.tw/menu5/showoutline.asp?SYEAR=115&SEM=1&CrsDat=CHEM604&Crsname=分析化學書報討論（三）,,,True,化學碩,CHEM604,2,不分班,"分析化學書報討論（三）
SEMINAR IN ANALYTICAL CHEMISTRY (III)",1,期,True,50,0,0,50,張柏齡,二4(理CH 2002),"['', '4', '', '', '', '', '']",《演講/參訪》,[],False
https://selcrs.nsysu.edu.tw/menu5/showoutline.asp?SYEAR=115&SEM=1&CrsDat=CHEM618&Crsname=奈米材料於生物醫學的應用,,,False,化學碩,CHEM618,1,不分班,"奈米材料於生物醫學的應用
NANOMATERIALS APPLIED ON BIOMEDICINE",3,期,False,50,0,0,50,吳慧芬,"一5,6,7(理SC 3004)","['567', '', '', '', '', '', '']",《講授類》,[],True
https://selcrs.nsysu.edu.tw/menu5/showoutline.asp?SYEAR=115&SEM=1&CrsDat=CHEM630&Crsname=AI產業與生成式AI的應用,異動,修正備註說明6/25,False,化學碩,CHEM630,1,不分班,"AI產業與生成式AI的應用
APPLICATIONS OF AI INDUSTRY AND GENERATIVE AI",3,期,False,60,0,0,60,"謝建台,謝淑貞","四8,6,7(理SC 1005)","['', '', '', '678', '', '', '']","《講授類》
本課程不列入化學碩、博班9學分必選課程。",[],False
https://selcrs.nsysu.edu.tw/menu5/showoutline.asp?SYEAR=115&SEM=1&CrsDat=CHEM631&Crsname=半導體的化學、物理與材料,異動,更正備註說明6/25,False,化學碩,CHEM631,1,不分班,"半導體的化學、物理與材料
CHEMISTRY, PHYSICS, AND MATERIALS OF SEMICONDUCTORS",3,期,False,60,0,0,60,"李志聰,謝建台","五5,6,7(理SC 1005)","['', '', '', '', '567', '', '']","《講授類》
本課程不列入化學碩、博班9學分必選課程。",[],False
https://selcrs.nsysu.edu.tw/menu5/showoutline.asp?SYEAR=115&SEM=1&CrsDat=PH60001&Crsname=機器學習量子材料物理專題研討（一）,,,False,物理碩,PH60001,2,不分班,"機器學習量子材料物理專題研討（一）
SEMINAR IN MACHINE LEARNING QUANTUM MATERIALS PHYSICS (I)",3,期,False,50,0,0,50,莊豐權,"四A,1,B(理PH 4007)","['', '', '', 'A1B', '', '', '']",《研討類》,[],True
https://selcrs.nsysu.edu.tw/menu5/showoutline.asp?SYEAR=115&SEM=1&CrsDat=PH60003&Crsname=機器學習物理應用專題（一）,,,False,物理碩,PH60003,2,不分班,"機器學習物理應用專題（一）
INDEPENDENT STUDIES IN MACHINE LEARNING APPLICATIONS IN PHYSICS (I)",3,期,False,50,0,0,50,狄米契,"四3,4,B(理PH 6005)","['', '', '', '34B', '', '', '']",《獨立研究》,[],True
https://selcrs.nsysu.edu.tw/menu5/showoutline.asp?SYEAR=115&SEM=1&CrsDat=PH60007&Crsname=生醫光電與微流體系統專題（一）,,,False,物理碩,PH60007,2,不分班,"生醫光電與微流體系統專題（一）
INDEPENDENT STUDIES IN BIOMEDICAL PHOTONICS AND MICROFLUIDICS SYSTEM (I)",3,期,False,50,0,0,50,洪昇廷,"一A,1,B(理PH 6008)","['A1B', '', '', '', '', '', '']",《獨立研究》,[],True
https://selcrs.nsysu.edu.tw/menu5/showoutline.asp?SYEAR=115&SEM=1&CrsDat=PH60009&Crsname=非厄米特量子力學專題（一）,,,False,物理碩,PH60009,2,不分班,"非厄米特量子力學專題（一）
INDEPENDENT STUDIES IN NON-HERMITIAN QUANTUM MECHANICS (I)",3,期,False,50,0,0,50,朱家誼,"四A,1,B(理PH 5006)","['', '', '', 'A1B', '', '', '']",《獨立研究》,[],True
https://selcrs.nsysu.edu.tw/menu5/showoutline.asp?SYEAR=115&SEM=1&CrsDat=PH60013&Crsname=太赫茲時域光譜和單像素相機專題(一),,,False,物理碩,PH60013,2,不分班,"太赫茲時域光譜和單像素相機專題(一)
INDEPENDENT STUDIES IN TIME-DOMAIN TERAHERTZ SPECTROSCOPY AND SINGLE-PIXEL CAMERAS (I)",3,期,False,50,0,0,50,史丹哲夫,"四A,1,B(理PH 3008)","['', '', '', 'A1B', '', '', '']","《獨立研究》
As a prerequisite you need to have studied Maxwell’s equations and have some understanding about the propagation of electromagnetic waves in 1-dimension. Further, must be able to do basic programming in Matlab, Python or Julia (either programming lan",[],True
https://selcrs.nsysu.edu.tw/menu5/showoutline.asp?SYEAR=115&SEM=1&CrsDat=PH60015&Crsname=電波天文與星際介質專題(一),,,False,物理碩,PH60015,2,不分班,"電波天文與星際介質專題(一)
INDEPENDENT STUDIES IN RADIO INTERFEROMETRY AND INSTERSTELLAR MEDIUM (I)",3,期,False,50,0,0,50,呂浩宇,"五A,1,B(理SC 2006-3)","['', '', '', '', 'A1B', '', '']","《獨立研究》
選課需經老師同意",[],False
https://selcrs.nsysu.edu.tw/menu5/showoutline.asp?SYEAR=115&SEM=1&CrsDat=PH60017&Crsname=粒子理論物理專題(一),,,False,物理碩,PH60017,2,不分班,"粒子理論物理專題(一)
INDEPENDENT STUDIES IN THEORETICAL PARTICLE PHYSICS (I)",3,期,False,50,0,0,50,岩本祥,"四A,1,B(理SC 2006-1)","['', '', '', 'A1B', '', '', '']",《獨立研究》,[],True
https://selcrs.nsysu.edu.tw/menu5/showoutline.asp?SYEAR=115&SEM=1&CrsDat=PH60019&Crsname=低維材料表徵和物理設備專題(一),,,False,物理碩,PH60019,2,不分班,"低維材料表徵和物理設備專題(一)
INDEPENDENT STUDIES IN LOW-DIMENSIONAL MATERIALS CHARACTERIZATIONS AND PHYSICS DEVICES (I)",3,期,False,50,0,0,50,范越芳,"四A,1,B(理PH 7011)","['', '', '', 'A1B', '', '', '']",《獨立研究》,[],True
https://selcrs.nsysu.edu.tw/menu5/showoutline.asp?SYEAR=115&SEM=1&CrsDat=PH60023&Crsname=量子磁性材料專題（一）,,,False,物理碩,PH60023,2,不分班,"量子磁性材料專題（一）
INDEPENDENT STUDIES IN  QUANTUM MAGNETIC MATERIALS (I)",3,期,False,50,0,0,50,吳紘丞,"四A,1,B(理PH 3006)","['', '', '', 'A1B', '', '', '']",《獨立研究》,[],True
https://selcrs.nsysu.edu.tw/menu5/showoutline.asp?SYEAR=115&SEM=1&CrsDat=PHYS501&Crsname=量子力學,,,False,物理碩,PHYS501,1,不分班,"量子力學
QUANTUM MECHANICS",3,期,False,50,0,0,50,林德鴻,"四2,3,4(理PH 1009)","['', '', '', '234', '', '', '']",《講授類》,[],True
https://selcrs.nsysu.edu.tw/menu5/showoutline.asp?SYEAR=115&SEM=1&CrsDat=PHYS503&Crsname=書報討論（一）,,,False,物理碩,PHYS503,1,不分班,"書報討論（一）
SEMINAR (I)",1,期,True,50,0,0,50,史丹哲夫,四6(理PH 2006),"['', '', '', '6', '', '', '']",《演講/參訪》,[],True
https://selcrs.nsysu.edu.tw/menu5/showoutline.asp?SYEAR=115&SEM=1&CrsDat=PHYS505&Crsname=古典力學,,,False,物理碩,PHYS505,1,不分班,"古典力學
CLASSICAL MECHANICS",3,期,False,50,0,0,50,黃信銘,"二2,3,4(理PH 5008)","['', '234', '', '', '', '', '']",《講授類》,[],True
https://selcrs.nsysu.edu.tw/menu5/showoutline.asp?SYEAR=115&SEM=1&CrsDat=PHYS506&Crsname=電動力學導論,,,False,物理碩,PHYS506,1,不分班,"電動力學導論
INTRODUCTION TO ELECTRODYNAMICS",3,期,False,50,0,0,50,狄米契,"五2,3,4(理PH 5008)","['', '', '', '', '234', '', '']",《講授類》,[],True
https://selcrs.nsysu.edu.tw/menu5/showoutline.asp?SYEAR=115&SEM=1&CrsDat=PHYS525&Crsname=半導體材料與物理,,,False,物理碩,PHYS525,1,不分班,"半導體材料與物理
SEMICONDUCTOR MATERIALS AND PHYSICS",3,期,False,50,0,0,50,余健文,"二8,6,7(理PH 5008)","['', '678', '', '', '', '', '']",《講授類》,[],True
https://selcrs.nsysu.edu.tw/menu5/showoutline.asp?SYEAR=115&SEM=1&CrsDat=PHYS601&Crsname=凝體物理（一）,,,False,物理碩,PHYS601,2,不分班,"凝體物理（一）
CONDENSED MATTERPHYSIS (I)",3,期,False,50,0,0,50,余健文,"三2,3,4(理PH 5008)","['', '', '234', '', '', '', '']",《講授類》,[],True
https://selcrs.nsysu.edu.tw/menu5/showoutline.asp?SYEAR=115&SEM=1&CrsDat=PHYS611&Crsname=書報討論（三）,,,False,物理碩,PHYS611,2,不分班,"書報討論（三）
SEMINAR (III)",1,期,False,50,0,0,50,史丹哲夫,四7(理PH 2006),"['', '', '', '7', '', '', '']","《演講/參訪》
需先修習書報討論(一)",[],True
https://selcrs.nsysu.edu.tw/menu5/showoutline.asp?SYEAR=115&SEM=1&CrsDat=PHYS650&Crsname=磁物理,,,False,物理碩,PHYS650,2,不分班,"磁物理
PHYSICS OF MAGNETISM",3,期,False,50,0,0,50,周雄,"三5,6,7(理PH 5008)","['', '', '567', '', '', '', '']",《講授類》,[],True
https://selcrs.nsysu.edu.tw/menu5/showoutline.asp?SYEAR=115&SEM=1&CrsDat=PHYS679&Crsname=相對論量子自旋專題（一）,,,False,物理碩,PHYS679,2,不分班,"相對論量子自旋專題（一）
INDEPENDENT STUDIES IN RELATIVISTIC QUANTUM SPIN (I)",3,期,False,50,0,0,50,陳宗緯,"三A,1,B(理PH 7006)","['', '', 'A1B', '', '', '', '']",《獨立研究》,[],True
https://selcrs.nsysu.edu.tw/menu5/showoutline.asp?SYEAR=115&SEM=1&CrsDat=PHYS687&Crsname=科學寫作（一）,,,False,物理碩,PHYS687,2,不分班,"科學寫作（一）
SCIENTIFIC WRITING（I）",3,期,False,50,0,0,50,呂浩宇,"五5,6,7(理PH 5008)","['', '', '', '', '567', '', '']",《講授類》,[],False
https://selcrs.nsysu.edu.tw/menu5/showoutline.asp?SYEAR=115&SEM=1&CrsDat=PHYS690&Crsname=低維度光電材料專題研究（一）,,,False,物理碩,PHYS690,2,不分班,"低維度光電材料專題研究（一）
INDEPENDENT STUDIES IN LOW-DIMENSIONAL OPTOELECTRONIC MATERIALS （I）",3,期,False,50,0,0,50,盧怡穎,"五A,1,B(理PH 6009)","['', '', '', '', 'A1B', '', '']",《獨立研究》,[],True
https://selcrs.nsysu.edu.tw/menu5/showoutline.asp?SYEAR=115&SEM=1&CrsDat=PHYS692&Crsname=隱形科學專題（一）,,,False,物理碩,PHYS692,2,不分班,"隱形科學專題（一）
INDEPENDENT STUDIES IN SCIENCE OF INVISIBILITY (I)",3,期,False,50,0,0,50,林德鴻,"三A,1,B(理PH 7001)","['', '', 'A1B', '', '', '', '']",《獨立研究》,[],False
https://selcrs.nsysu.edu.tw/menu5/showoutline.asp?SYEAR=115&SEM=1&CrsDat=PHYS694&Crsname=拓樸物理專題研究（一）,,,False,物理碩,PHYS694,2,不分班,"拓樸物理專題研究（一）
INDEPENDENT STUDIES IN TOPOLOGICAL PHYSICS",3,期,False,50,0,0,50,黃信銘,"二A,1,B(理PH 6001)","['', 'A1B', '', '', '', '', '']",《獨立研究》,[],True
https://selcrs.nsysu.edu.tw/menu5/showoutline.asp?SYEAR=115&SEM=1&CrsDat=PHYS696&Crsname=量子光學專題（一）,,,False,物理碩,PHYS696,2,不分班,"量子光學專題（一）
INDEPENDENT STUDIES IN QUANTUM OPTICS (I)",3,期,False,50,0,0,50,陳易馨,"一A,1,B(理PH 6010)","['A1B', '', '', '', '', '', '']",《獨立研究》,[],False
https://selcrs.nsysu.edu.tw/menu5/showoutline.asp?SYEAR=115&SEM=1&CrsDat=PHYS698&Crsname=量子計算專題（一）,,,False,物理碩,PHYS698,2,不分班,"量子計算專題（一）
INDEPENDENT STUDIES IN QUANTUM COMPUTING",3,期,False,50,0,0,50,邱奎霖,"二A,1,B(理PH 3007)","['', 'A1B', '', '', '', '', '']",《獨立研究》,[],True
https://selcrs.nsysu.edu.tw/menu5/showoutline.asp?SYEAR=115&SEM=1&CrsDat=MATH503&Crsname=迴歸分析,,,False,應數碩,MATH503,0,不分班,"迴歸分析
REGRESSION ANALYSIS",3,期,False,30,0,0,30,張中,"一8,6,7(理SC 4009-1)","['678', '', '', '', '', '', '']",《講授類》,[],False
https://selcrs.nsysu.edu.tw/menu5/showoutline.asp?SYEAR=115&SEM=1&CrsDat=MATH508&Crsname=統計品管,,,False,應數碩,MATH508,0,不分班,"統計品管
STATISTICAL QUALITY CONTROL",3,期,False,30,0,0,30,郭美惠,"三2(理SC 4009-1) 五3,4(理SC 4009-1)","['', '', '2', '', '34', '', '']",《講授類》,[],False
https://selcrs.nsysu.edu.tw/menu5/showoutline.asp?SYEAR=115&SEM=1&CrsDat=MATH513A&Crsname=精算方法與模型,,,False,應數碩,MATH513A,0,不分班,"精算方法與模型
ACTUARIAL METHODS AND MODELS",3,期,False,20,0,0,20,李欣倫,"一2,3,4(理SC 4011)","['234', '', '', '', '', '', '']",《講授類》,[],True
https://selcrs.nsysu.edu.tw/menu5/showoutline.asp?SYEAR=115&SEM=1&CrsDat=MATH516&Crsname=統計推論,,,False,應數碩,MATH516,0,不分班,"統計推論
STATISTICAL INFERENCE",3,期,False,30,0,0,30,林建同,"二2,3,4(理SC 4009-1)","['', '234', '', '', '', '', '']",《講授類》,[],False
https://selcrs.nsysu.edu.tw/menu5/showoutline.asp?SYEAR=115&SEM=1&CrsDat=MATH523&Crsname=Python與機器學習（一）,,,False,應數碩,MATH523,0,不分班,"Python與機器學習（一）
MACHINE LEARNING WITH PYTHON (I)",3,期,False,30,0,0,30,張福春,"二5,6,7(理SC 4009-1)","['', '567', '', '', '', '', '']",《講授類》,[],False
https://selcrs.nsysu.edu.tw/menu5/showoutline.asp?SYEAR=115&SEM=1&CrsDat=MATH524&Crsname=統計學習與資料探勘,,,False,應數碩,MATH524,0,不分班,"統計學習與資料探勘
STATISTICAL LEARNING AND DATA MINING",3,期,False,30,0,0,30,鍾思齊,"四2,3,4(理SC 4009-1)","['', '', '', '234', '', '', '']",《講授類》,[],False
https://selcrs.nsysu.edu.tw/menu5/showoutline.asp?SYEAR=115&SEM=1&CrsDat=MATH527&Crsname=數值分析,,,False,應數碩,MATH527,0,不分班,"數值分析
NUMERICAL ANALYSIS",3,期,False,20,0,0,20,黃杰森,"一3,4(理SC 4009-0) 四3(理SC 4009-0)","['34', '', '', '3', '', '', '']",《講授類》,[],False
https://selcrs.nsysu.edu.tw/menu5/showoutline.asp?SYEAR=115&SEM=1&CrsDat=MATH532&Crsname=矩陣理論,,,False,應數碩,MATH532,0,不分班,"矩陣理論
MATRIX THEORY",3,期,False,20,0,0,20,李宗錂,"三3,4(理SC 4009-0) 四4(理SC 4009-0)","['', '', '34', '4', '', '', '']",《講授類》,[],False
https://selcrs.nsysu.edu.tw/menu5/showoutline.asp?SYEAR=115&SEM=1&CrsDat=MATH536&Crsname=符號計算,,,False,應數碩,MATH536,0,不分班,"符號計算
SYMBOLIC CONPUTATIONS",3,期,False,20,0,0,20,呂宗澤,"二3,4(理SC 4009-0) 四5(理SC 4011)","['', '34', '', '5', '', '', '']",《講授類》,[],False
https://selcrs.nsysu.edu.tw/menu5/showoutline.asp?SYEAR=115&SEM=1&CrsDat=MATH555&Crsname=組合學,,,False,應數碩,MATH555,0,不分班,"組合學
COMBINATORICS",3,期,False,20,0,0,20,王彩蓮,"一8,6,7(理SC 4013)","['678', '', '', '', '', '', '']",《講授類》,[],False
https://selcrs.nsysu.edu.tw/menu5/showoutline.asp?SYEAR=115&SEM=1&CrsDat=MATH557&Crsname=實變函數論,,,False,應數碩,MATH557,0,不分班,"實變函數論
REAL ANALYSIS",3,期,False,20,0,0,20,何宗軒,"四3,4,B(理SC 4013)","['', '', '', '34B', '', '', '']",《講授類》,[],False
https://selcrs.nsysu.edu.tw/menu5/showoutline.asp?SYEAR=115&SEM=1&CrsDat=MATH565&Crsname=複變函數論（一）,,,False,應數碩,MATH565,0,不分班,"複變函數論（一）
COMPLEX ANALYSIS (I)",3,期,False,20,0,0,20,許柏翰,"五5,6,7(理SC 4009-1)","['', '', '', '', '567', '', '']",《講授類》,[],True
https://selcrs.nsysu.edu.tw/menu5/showoutline.asp?SYEAR=115&SEM=1&CrsDat=MATH579&Crsname=應用泛函分析,,,False,應數碩,MATH579,0,不分班,"應用泛函分析
APPLIED FUNCTIONAL ANALYSIS",3,期,False,20,0,0,20,何宗軒,"三3,4,B(理SC 4013)","['', '', '34B', '', '', '', '']",《講授類》,[],False
https://selcrs.nsysu.edu.tw/menu5/showoutline.asp?SYEAR=115&SEM=1&CrsDat=MATH585&Crsname=代數圖論,,,False,應數碩,MATH585,0,不分班,"代數圖論
ALGEBRAIC GRAPH THEORY",3,期,False,20,0,0,20,王彩蓮,"五5,6,7(理SC 4013)","['', '', '', '', '567', '', '']",《講授類》,[],False
https://selcrs.nsysu.edu.tw/menu5/showoutline.asp?SYEAR=115&SEM=1&CrsDat=MATH601&Crsname=統計書報討論（二）,,,True,應數碩,MATH601,2,不分班,"統計書報討論（二）
SEMINAR IN STATISTICS(II)",1,期,True,20,0,0,20,林建同,四6(理SC 4009-1),"['', '', '', '6', '', '', '']",《講授類》,[],False
https://selcrs.nsysu.edu.tw/menu5/showoutline.asp?SYEAR=115&SEM=1&CrsDat=MATH613&Crsname=統計計算專題研討（一）,,,False,應數碩,MATH613,0,不分班,"統計計算專題研討（一）
SEMINAR IN COMPUTATIONAL STATISTICS I",3,期,False,10,0,0,10,張福春,"三5,6,7(理SC 3002-4)","['', '', '567', '', '', '', '']",《研討類》,[],False
https://selcrs.nsysu.edu.tw/menu5/showoutline.asp?SYEAR=115&SEM=1&CrsDat=MATH615&Crsname=時間序列專題研討（一）,,,False,應數碩,MATH615,0,不分班,"時間序列專題研討（一）
INDEPENDENT STUDIES IN TIME SERIES (I)",3,期,False,10,0,0,10,郭美惠,"三5,6,7(理SC 4027)","['', '', '567', '', '', '', '']",《研討類》,[],False
https://selcrs.nsysu.edu.tw/menu5/showoutline.asp?SYEAR=115&SEM=1&CrsDat=MATH617&Crsname=生物統計專題研討（一）,,,False,應數碩,MATH617,0,不分班,"生物統計專題研討（一）
SEMINAR IN BIOSTATISTICS (I)",3,期,False,10,0,0,10,張中,"三5,6,7(理SC 4011)","['', '', '567', '', '', '', '']",《研討類》,[],False
https://selcrs.nsysu.edu.tw/menu5/showoutline.asp?SYEAR=115&SEM=1&CrsDat=MATH620&Crsname=隨機過程專題研討（二）,,,False,應數碩,MATH620,0,不分班,"隨機過程專題研討（二）
SEMINAR IN STOCHASTIC PROCESSES (II)",3,期,False,10,0,0,10,陳美如,"三5,6,7(理SC 4009-0)","['', '', '567', '', '', '', '']",《研討類》,[],True
https://selcrs.nsysu.edu.tw/menu5/showoutline.asp?SYEAR=115&SEM=1&CrsDat=MATH621&Crsname=機率論專題研討（一）,,,False,應數碩,MATH621,0,不分班,"機率論專題研討（一）
SEMINAR IN PROBABILITY THEORY(I)",3,期,False,10,0,0,10,許柏翰,"五2,3,4(理SC 4013)","['', '', '', '', '234', '', '']",《研討類》,[],False
https://selcrs.nsysu.edu.tw/menu5/showoutline.asp?SYEAR=115&SEM=1&CrsDat=MATH626&Crsname=計算書報討論（二）,,,True,應數碩,MATH626,2,不分班,"計算書報討論（二）
SEMINAR IN SCIENTIFIC COMPUTING(II)",1,期,True,20,0,0,20,卓建宏,四6(理SC 4011),"['', '', '', '6', '', '', '']",《演講/參訪》,[],False
https://selcrs.nsysu.edu.tw/menu5/showoutline.asp?SYEAR=115&SEM=1&CrsDat=MATH636&Crsname=影像變換專題研討,,,False,應數碩,MATH636,0,不分班,"影像變換專題研討
SEMINAR IN IMAGE TRANSFORMATION",3,期,False,10,0,0,10,鍾思齊,"三5,6,7(理SC 4009-1)","['', '', '567', '', '', '', '']",《研討類》,[],False
https://selcrs.nsysu.edu.tw/menu5/showoutline.asp?SYEAR=115&SEM=1&CrsDat=MATH637&Crsname=平行處理專題研討,,,False,應數碩,MATH637,0,不分班,"平行處理專題研討
SEMINAR IN PARALLEL PROCESSING",3,期,False,10,0,0,10,黃杰森,"二8,6,7(理SC 4009-0)","['', '678', '', '', '', '', '']",《研討類》,[],False
https://selcrs.nsysu.edu.tw/menu5/showoutline.asp?SYEAR=115&SEM=1&CrsDat=MATH639&Crsname=科學計算專題研討,,,False,應數碩,MATH639,0,不分班,"科學計算專題研討
SEMINAR IN SCIENTIFIC COMPUTING",3,期,False,10,0,0,10,李宗錂,"二8,6,7(理SC 4011)","['', '678', '', '', '', '', '']",《研討類》,[],False
https://selcrs.nsysu.edu.tw/menu5/showoutline.asp?SYEAR=115&SEM=1&CrsDat=MATH651&Crsname=數學書報討論（二）,,,True,應數碩,MATH651,2,不分班,"數學書報討論（二）
SEMINAR IN MATHEMATICS(II)",1,期,True,20,0,0,20,陳志偉,四6(理SC 4013),"['', '', '', '6', '', '', '']",《講授類》,[],True
https://selcrs.nsysu.edu.tw/menu5/showoutline.asp?SYEAR=115&SEM=1&CrsDat=MATH667&Crsname=泛函分析專題研討（一）,,,False,應數碩,MATH667,0,不分班,"泛函分析專題研討（一）
SEMINAR IN FUNCTIONAL ANALYSIS (I)",3,期,False,10,0,0,10,陳志漢,"二2,3,4(理SC 4013)","['', '234', '', '', '', '', '']",《研討類》,[],False
https://selcrs.nsysu.edu.tw/menu5/showoutline.asp?SYEAR=115&SEM=1&CrsDat=MATH672&Crsname=泛函分析理論與應用專題研討,,,False,應數碩,MATH672,0,不分班,"泛函分析理論與應用專題研討
SEMINAR IN FUNCTIONAL ANALYSIS AND ITS APPLICATIONS",3,期,False,10,0,0,10,陳志偉,"五2,3,4(理SC 4011-2)","['', '', '', '', '234', '', '']",《研討類》,[],False
https://selcrs.nsysu.edu.tw/menu5/showoutline.asp?SYEAR=115&SEM=1&CrsDat=MATH681&Crsname=數論專題研討（一）,,,False,應數碩,MATH681,0,不分班,"數論專題研討（一）
SEMINAR IN NUMBER THEORY (I)",3,期,False,10,0,0,10,余冠儒,二1(理SC 2002-6) 三1(理SC 2002-6) 五1(理SC 2002-6),"['', '1', '1', '', '1', '', '']",《研討類》,[],False
https://selcrs.nsysu.edu.tw/menu5/showoutline.asp?SYEAR=115&SEM=1&CrsDat=MATH688&Crsname=結理論專題研討（二）,,,False,應數碩,MATH688,0,不分班,"結理論專題研討（二）
SEMINAR IN KNOT THEORY (II)",3,期,False,10,0,0,10,王以晟,"一9,1(理SC 4011-2) 五1(理SC 4011-2)","['19', '', '', '', '1', '', '']",《研討類》,[],False
https://selcrs.nsysu.edu.tw/menu5/showoutline.asp?SYEAR=115&SEM=1&CrsDat=MATH691&Crsname=耦合專題研討（二）,,,False,應數碩,MATH691,0,不分班,"耦合專題研討（二）
SEMINAR IN COPULAS (II)",3,期,False,10,0,0,10,施嘉翰,"三5,6,7(理SC 4011-2)","['', '', '567', '', '', '', '']",《研討類》,[],False
https://selcrs.nsysu.edu.tw/menu5/showoutline.asp?SYEAR=115&SEM=1&CrsDat=MATH692&Crsname=社交網絡專題研討（一）,,,False,應數碩,MATH692,0,不分班,"社交網絡專題研討（一）
SEMINAR IN SOCIAL NETWORK (I)",3,期,False,10,0,0,10,李欣倫,"一5,6,7(理SC 4027)","['567', '', '', '', '', '', '']",《研討類》,[],False
https://selcrs.nsysu.edu.tw/menu5/showoutline.asp?SYEAR=115&SEM=1&CrsDat=MATH695&Crsname=高維度資料分析專題研討（二）,,,False,應數碩,MATH695,0,不分班,"高維度資料分析專題研討（二）
SEMINAR IN HIGH-DIMENSIONAL DATA ANALYSIS (II)",3,期,False,10,0,0,10,林建同,"三5,6,7(理SC 4013)","['', '', '567', '', '', '', '']",《研討類》,[],False
https://selcrs.nsysu.edu.tw/menu5/showoutline.asp?SYEAR=115&SEM=1&CrsDat=EE5100&Crsname=書報討論,,,False,電機碩,EE5100,1,不分班,"書報討論
SEMINAR",1,期,True,150,0,0,150,謝耀慶,"二6,7(工EC 6019)","['', '67', '', '', '', '', '']","《演講/參訪》
碩、博併班上課",[],False
https://selcrs.nsysu.edu.tw/menu5/showoutline.asp?SYEAR=115&SEM=1&CrsDat=EE5100A&Crsname=書報討論,,,False,電機碩,EE5100A,2,不分班,"書報討論
SEMINAR",1,期,True,150,0,0,150,謝耀慶,"二6,7(工EC 6019)","['', '67', '', '', '', '', '']","《演講/參訪》
碩、博併班上課",[],False
https://selcrs.nsysu.edu.tw/menu5/showoutline.asp?SYEAR=115&SEM=1&CrsDat=EE5107&Crsname=光電半導體元件專題,,,False,電機碩,EE5107,0,不分班,"光電半導體元件專題
SPECIAL TOPICS IN SEMICONDUCTOR OPTOELECTRONICS",3,期,False,50,0,0,50,莊豐任,"一C,D,E(工EC 1008)","['CDE', '', '', '', '', '', '']",《獨立研究》,[],False
https://selcrs.nsysu.edu.tw/menu5/showoutline.asp?SYEAR=115&SEM=1&CrsDat=EE5111&Crsname=固態電子元件（一）,,,False,電機碩,EE5111,0,不分班,"固態電子元件（一）
SOLID STATE ELECTRONIC DEVICES (I)",3,期,False,50,0,0,50,馬誠佑,"一2,3,4(工EC 3014)","['234', '', '', '', '', '', '']",《講授類》,[],False
https://selcrs.nsysu.edu.tw/menu5/showoutline.asp?SYEAR=115&SEM=1&CrsDat=EE5121&Crsname=微電子工程專題,,,False,電機碩,EE5121,0,不分班,"微電子工程專題
SPECIAL TOPICS IN MICROELECTRONICS ENGINEERING",3,期,False,50,0,0,50,待聘,"一C,D,E(工EC 7040)","['CDE', '', '', '', '', '', '']",《獨立研究》,[],False
https://selcrs.nsysu.edu.tw/menu5/showoutline.asp?SYEAR=115&SEM=1&CrsDat=EE5122&Crsname=微機電系統,,,False,電機碩,EE5122,0,不分班,"微機電系統
MICROELECTROMECHANICAL SYSTEM (MEMS)",3,期,False,50,0,0,50,黃義佑,"三5,6,7(國IR 6002J)","['', '', '567', '', '', '', '']",《講授類》,[],False
https://selcrs.nsysu.edu.tw/menu5/showoutline.asp?SYEAR=115&SEM=1&CrsDat=EE5132&Crsname=先進元件分析專題,,,False,電機碩,EE5132,0,不分班,"先進元件分析專題
INDEPENDENT STUDIES IN ADVANCED DEVICE ANALYSIS",3,期,False,50,0,0,50,馬誠佑,"三5,6,7(工EC 7040)","['', '', '567', '', '', '', '']",《獨立研究》,[],False
https://selcrs.nsysu.edu.tw/menu5/showoutline.asp?SYEAR=115&SEM=1&CrsDat=EE5137&Crsname=二維材料合成專題,,,False,電機碩,EE5137,0,不分班,"二維材料合成專題
INDEPENDENT STUDIES IN TWO-DIMENSIONAL MATERIALS FABRICATION",3,期,False,50,0,0,50,陳昶孝,"五8,6,7(工EC 7040)","['', '', '', '', '678', '', '']",《獨立研究》,[],False
https://selcrs.nsysu.edu.tw/menu5/showoutline.asp?SYEAR=115&SEM=1&CrsDat=EE5141&Crsname=氧化物電子專題,,,False,電機碩,EE5141,0,不分班,"氧化物電子專題
INDEPENDENT STUDIES IN OXIDE-BASED ELECTRONICS",3,期,False,50,0,0,50,劉漢胤,"四2,3,4(工EC 8037)","['', '', '', '234', '', '', '']",《獨立研究》,[],False
https://selcrs.nsysu.edu.tw/menu5/showoutline.asp?SYEAR=115&SEM=1&CrsDat=EE5142&Crsname=高速電子與光電元件,,,False,電機碩,EE5142,0,不分班,"高速電子與光電元件
HIGH-SPEED ELECTRONIC AND OPTOELECTRONIC DEVICES",3,期,False,50,0,0,50,劉漢胤,"四8,6,7(工EC 2010)","['', '', '', '678', '', '', '']",《講授類》,[],False
https://selcrs.nsysu.edu.tw/menu5/showoutline.asp?SYEAR=115&SEM=1&CrsDat=EE5201&Crsname=切換系統控制專題,,,False,電機碩,EE5201,0,不分班,"切換系統控制專題
SPECIAL TOPICS IN CONTROL OF SWITCHED SYSTEMS",3,期,False,50,0,0,50,李廸章,"二2,3,4(工EC 6015-2)","['', '234', '', '', '', '', '']",《獨立研究》,[],False
https://selcrs.nsysu.edu.tw/menu5/showoutline.asp?SYEAR=115&SEM=1&CrsDat=EE5208&Crsname=希爾伯特空間方法與應用,,,False,電機碩,EE5208,0,不分班,"希爾伯特空間方法與應用
HILBERT SPACE METHOD AND APPLICATIONS",3,期,False,50,0,0,50,余祥華,"二2,3,4(工EC 3010)","['', '234', '', '', '', '', '']",《講授類》,[],False
https://selcrs.nsysu.edu.tw/menu5/showoutline.asp?SYEAR=115&SEM=1&CrsDat=EE5209&Crsname=非線性系統,,,False,電機碩,EE5209,0,不分班,"非線性系統
NONLINEAR SYSTEMS",3,期,False,50,0,0,50,李廸章,"三5,6,7(工EC 2010)","['', '', '567', '', '', '', '']",《講授類》,[],True
https://selcrs.nsysu.edu.tw/menu5/showoutline.asp?SYEAR=115&SEM=1&CrsDat=EE5214&Crsname=強韌控制專題,,,False,電機碩,EE5214,0,不分班,"強韌控制專題
SPECIAL TOPICS IN ROBUST",3,期,False,50,0,0,50,高崇堯,"二C,D,E(工EC 6015-2)","['', 'CDE', '', '', '', '', '']",《獨立研究》,[],False
https://selcrs.nsysu.edu.tw/menu5/showoutline.asp?SYEAR=115&SEM=1&CrsDat=EE5224&Crsname=線性系統專題,,,False,電機碩,EE5224,0,不分班,"線性系統專題
SPECIAL TOPICS IN LINEAR SYSTEM",3,期,False,50,0,0,50,康斯証,"四C,D,E(工EC 8037)","['', '', '', 'CDE', '', '', '']",《獨立研究》,[],True
https://selcrs.nsysu.edu.tw/menu5/showoutline.asp?SYEAR=115&SEM=1&CrsDat=EE5227&Crsname=智慧型機器人專題（一）,,,False,電機碩,EE5227,0,不分班,"智慧型機器人專題（一）
INDEPENDENT STUDIES IN INTELLIGENT ROBOT PROJECT (I)",3,期,False,50,0,0,50,黃國勝,"二C,D,E(工EC 8037)","['', 'CDE', '', '', '', '', '']",《獨立研究》,[],False
https://selcrs.nsysu.edu.tw/menu5/showoutline.asp?SYEAR=115&SEM=1&CrsDat=EE5231&Crsname=智慧型控制研究專題,,,False,電機碩,EE5231,0,不分班,"智慧型控制研究專題
INDEPENDENT STUDIES IN INTELLIGENT CONTROL",3,期,False,50,0,0,50,蔡舜宏,"一5,6,7(工EC 6015-2)","['567', '', '', '', '', '', '']",《獨立研究》,[],False
https://selcrs.nsysu.edu.tw/menu5/showoutline.asp?SYEAR=115&SEM=1&CrsDat=EE5232&Crsname=圖型識別,,,False,電機碩,EE5232,0,不分班,"圖型識別
PATTERN RECOGNITION",3,期,False,50,0,0,50,蔡舜宏,"五2,3,4(工EC 6016)","['', '', '', '', '234', '', '']",《講授類》,[],False
https://selcrs.nsysu.edu.tw/menu5/showoutline.asp?SYEAR=115&SEM=1&CrsDat=EE5238&Crsname=量子計算與控制,,,False,電機碩,EE5238,0,不分班,"量子計算與控制
QUANTUM COMPUTATION AND CONTROL",3,期,False,50,0,0,50,陳建璋,"二2,3,4(工EC 2010)","['', '234', '', '', '', '', '']",《講授類》,[],False
https://selcrs.nsysu.edu.tw/menu5/showoutline.asp?SYEAR=115&SEM=1&CrsDat=EE5239&Crsname=量子運算系統設計專題,,,False,電機碩,EE5239,0,不分班,"量子運算系統設計專題
INDEPENDENT STUDIES IN QUANTUM COMPUTING SYSTEM DESIGN",3,期,False,50,0,0,50,陳建璋,"三D,E,F(工EC 7040)","['', '', 'DEF', '', '', '', '']",《獨立研究》,[],False
https://selcrs.nsysu.edu.tw/menu5/showoutline.asp?SYEAR=115&SEM=1&CrsDat=EE5302&Crsname=人工智慧（一）,,,False,電機碩,EE5302,0,不分班,"人工智慧（一）
ARTIFICAL INTELLIGNCE (1)",3,期,False,50,0,0,50,翁愷貽,"一8,6,7(工EC 3013)","['678', '', '', '', '', '', '']",《講授類》,[],False
https://selcrs.nsysu.edu.tw/menu5/showoutline.asp?SYEAR=115&SEM=1&CrsDat=EE5308&Crsname=車載行動網路專題,,,False,電機碩,EE5308,0,不分班,"車載行動網路專題
SPECIAL TOPICS ON VEHICULAR AD-HOC NETWORKS",3,期,False,50,0,0,50,周孜燦,"五8,6,7(工EC 7015-2)","['', '', '', '', '678', '', '']",《獨立研究》,[],False
https://selcrs.nsysu.edu.tw/menu5/showoutline.asp?SYEAR=115&SEM=1&CrsDat=EE5310&Crsname=計算機網路,,,False,電機碩,EE5310,0,不分班,"計算機網路
COMPUTER NETWORK",3,期,False,50,0,0,50,許蒼嶺,"三5,6,7(工EC 6010-2)","['', '', '567', '', '', '', '']","《講授類》
開放大三、大四學生選修",[],False
https://selcrs.nsysu.edu.tw/menu5/showoutline.asp?SYEAR=115&SEM=1&CrsDat=EE5332&Crsname=軟性計算,,,False,電機碩,EE5332,0,不分班,"軟性計算
SOFT COMPUTING",3,期,False,50,0,0,50,黃國勝,"二3,4(工EC 3009) 三4(工EC 3009)","['', '34', '4', '', '', '', '']",《講授類》,[],False
https://selcrs.nsysu.edu.tw/menu5/showoutline.asp?SYEAR=115&SEM=1&CrsDat=EE5336&Crsname=賽局理論與應用,,,False,電機碩,EE5336,0,不分班,"賽局理論與應用
GAME THEORY AND APPLICATIONS",3,期,False,50,0,0,50,周孜燦,"四8,6,7(工EC 3013)","['', '', '', '678', '', '', '']",《講授類》,[],False
https://selcrs.nsysu.edu.tw/menu5/showoutline.asp?SYEAR=115&SEM=1&CrsDat=EE5340&Crsname=視覺辨識專題,,,False,電機碩,EE5340,0,不分班,"視覺辨識專題
INDEPENDENT STUDIES IN VISUAL RECOGNITION",3,期,False,50,0,0,50,魏家博,"二2,3,4(工EC 8037)","['', '234', '', '', '', '', '']",《獨立研究》,[],False
https://selcrs.nsysu.edu.tw/menu5/showoutline.asp?SYEAR=115&SEM=1&CrsDat=EE5341&Crsname=組合數學,,,False,電機碩,EE5341,0,不分班,"組合數學
INTRODUCTION TO COMBINATORIAL MATHEMATICS",3,期,False,50,0,0,50,黃宗傳,"五2,3,4(工EC 2010)","['', '', '', '', '234', '', '']",《講授類》,[],False
https://selcrs.nsysu.edu.tw/menu5/showoutline.asp?SYEAR=115&SEM=1&CrsDat=EE5403&Crsname=共振式轉換器專題,,,False,電機碩,EE5403,0,不分班,"共振式轉換器專題
SPECIAL TOPICS IN SOLID-STATE RESONANT CONVERTER",3,期,False,50,0,0,50,余祥華,"三5,6,7(工EC 8037)","['', '', '567', '', '', '', '']",《獨立研究》,[],False
https://selcrs.nsysu.edu.tw/menu5/showoutline.asp?SYEAR=115&SEM=1&CrsDat=EE5404&Crsname=固態能量轉換,,,False,電機碩,EE5404,0,不分班,"固態能量轉換
SOLID-STATE POWER CONVERSION",3,期,False,50,0,0,50,李宗璘,"三2,3,4(工EC 6015-2)","['', '', '234', '', '', '', '']",《講授類》,[],False
https://selcrs.nsysu.edu.tw/menu5/showoutline.asp?SYEAR=115&SEM=1&CrsDat=EE5406&Crsname=配電管理系統專題,,,False,電機碩,EE5406,0,不分班,"配電管理系統專題
SPECIAL TOPICS IN DISTRIBUTION SYSTEM MANAGEMENT",3,期,False,50,0,0,50,盧展南,"五8,6,7(工EC 6015-2)","['', '', '', '', '678', '', '']",《獨立研究》,[],False
https://selcrs.nsysu.edu.tw/menu5/showoutline.asp?SYEAR=115&SEM=1&CrsDat=EE5407&Crsname=高等電機機械理論分析,,,False,電機碩,EE5407,0,不分班,"高等電機機械理論分析
ADVANCED ELECTRIC MACHINERY THEORY",3,期,False,50,0,0,50,林省揚,"二2,3,4(工EC 2018)","['', '234', '', '', '', '', '']",《講授類》,[],False
https://selcrs.nsysu.edu.tw/menu5/showoutline.asp?SYEAR=115&SEM=1&CrsDat=EE5410&Crsname=電力系統專題,,,False,電機碩,EE5410,0,不分班,"電力系統專題
SPECIAL TOPICS IN POWER SYSTEMS",3,期,False,50,0,0,50,蘇健翔,"五C,D,E(工EC 7040)","['', '', '', '', 'CDE', '', '']",《獨立研究》,[],False
https://selcrs.nsysu.edu.tw/menu5/showoutline.asp?SYEAR=115&SEM=1&CrsDat=EE5413&Crsname=電力系統運轉,,,False,電機碩,EE5413,0,不分班,"電力系統運轉
POWER SYSTEM OPERATIONS",3,期,False,50,0,0,50,蘇健翔,"四8,6,7(工EC 7040)","['', '', '', '678', '', '', '']","《講授類》
與電力學程併班上課",[],True
https://selcrs.nsysu.edu.tw/menu5/showoutline.asp?SYEAR=115&SEM=1&CrsDat=EE5416&Crsname=電力電子轉換器,,,False,電機碩,EE5416,0,不分班,"電力電子轉換器
POWER ELECTRONICS CONVERTER",3,期,False,50,0,0,50,謝耀慶,"五2,3,4(工EC 3009)","['', '', '', '', '234', '', '']","《講授類》
與電力學程併班上課",[],True
https://selcrs.nsysu.edu.tw/menu5/showoutline.asp?SYEAR=115&SEM=1&CrsDat=EE5418&Crsname=電子安定器設計專題,,,False,電機碩,EE5418,0,不分班,"電子安定器設計專題
SPECIAL TOPICS IN DESIGN OF ELECTRONICS BALLASTA",3,期,False,50,0,0,50,謝耀慶,"一C,D,E(通GE 2008)","['CDE', '', '', '', '', '', '']",《獨立研究》,[],False
https://selcrs.nsysu.edu.tw/menu5/showoutline.asp?SYEAR=115&SEM=1&CrsDat=EE5420&Crsname=電機機械系統設計專題,,,False,電機碩,EE5420,0,不分班,"電機機械系統設計專題
SPECIAL TOPICS IN ELECTRIC MACHINERY SYSTEM DESIGN",3,期,False,50,0,0,50,林省揚,"二C,D,E(工EC 6015-1)","['', 'CDE', '', '', '', '', '']",《獨立研究》,[],False
https://selcrs.nsysu.edu.tw/menu5/showoutline.asp?SYEAR=115&SEM=1&CrsDat=EE5426&Crsname=智慧電網專題,,,False,電機碩,EE5426,0,不分班,"智慧電網專題
INDEPENDENT STUDIES IN SMART GRIDS",3,期,False,50,0,0,50,鄧人豪,"五C,D,E(工EC 8037)","['', '', '', '', 'CDE', '', '']",《獨立研究》,[],False
https://selcrs.nsysu.edu.tw/menu5/showoutline.asp?SYEAR=115&SEM=1&CrsDat=EE5429&Crsname=電力系統最佳化技術,,,False,電機碩,EE5429,0,不分班,"電力系統最佳化技術
OPTIMIZATION TECHNIQUES IN POWER SYSTEMS",3,期,False,50,0,0,50,蘇健翔,"五8,6,7(工EC 8037)","['', '', '', '', '678', '', '']",《講授類》,[],False
https://selcrs.nsysu.edu.tw/menu5/showoutline.asp?SYEAR=115&SEM=1&CrsDat=EE5431&Crsname=配電自動化簡介,,,False,電機碩,EE5431,0,不分班,"配電自動化簡介
INTRODUCTION TO POWER DISTRIBUTION AUTOMATION",3,期,False,50,0,0,50,鄧人豪,"一8,6,7(工EC 2010)","['678', '', '', '', '', '', '']",《講授類》,[],False
https://selcrs.nsysu.edu.tw/menu5/showoutline.asp?SYEAR=115&SEM=1&CrsDat=EE5433&Crsname=再生能源和電網電壓調節的電力轉換器專題,,,False,電機碩,EE5433,0,不分班,"再生能源和電網電壓調節的電力轉換器專題
INDEPENDENT STUDIES IN POWER CONVERTERS FOR RENEWABLE ENERGY AND GRID VOLTAGE REGULATION",3,期,False,50,0,0,50,哈菲茲,"二2,3,4(工EC 6015-1)","['', '234', '', '', '', '', '']",《獨立研究》,[],True
https://selcrs.nsysu.edu.tw/menu5/showoutline.asp?SYEAR=115&SEM=1&CrsDat=EE5434&Crsname=高效率高功率密度電力調節系統,,,False,電機碩,EE5434,0,不分班,"高效率高功率密度電力調節系統
HIGHLY EFFICIENT AND HIGH-POWER DENSITY POWER CONDITIONING SYSTEMS",3,期,False,50,0,0,50,哈菲茲,"四2,3,4(工EC 7040)","['', '', '', '234', '', '', '']","《講授類》
與電力學程併班上課",[],True
https://selcrs.nsysu.edu.tw/menu5/showoutline.asp?SYEAR=115&SEM=1&CrsDat=EE5435&Crsname=電網形成換流器專題,,,False,電機碩,EE5435,0,不分班,"電網形成換流器專題
INDEPENDENT STUDIES IN GRID-FORMING INVERTER",3,期,False,50,0,0,50,李宗璘,"四C,D,E(工EC 6015-2)","['', '', '', 'CDE', '', '', '']",《獨立研究》,[],False
https://selcrs.nsysu.edu.tw/menu5/showoutline.asp?SYEAR=115&SEM=1&CrsDat=EE5502&Crsname=天線工程專題,,,False,電機碩,EE5502,0,不分班,"天線工程專題
SPECIAL TOPICS IN ANTENNA ENGINEERING",3,期,False,50,0,0,50,翁金輅,"五8,6,7(工EC 7013)","['', '', '', '', '678', '', '']",《獨立研究》,[],False
https://selcrs.nsysu.edu.tw/menu5/showoutline.asp?SYEAR=115&SEM=1&CrsDat=EE5503&Crsname=平面天線設計,,,False,電機碩,EE5503,0,不分班,"平面天線設計
PLANAR ANTENNA DESIGN",3,期,False,50,0,0,50,翁金輅,"一8,6,7(工EC 3010)","['678', '', '', '', '', '', '']",《講授類》,[],False
https://selcrs.nsysu.edu.tw/menu5/showoutline.asp?SYEAR=115&SEM=1&CrsDat=EE5504&Crsname=平面型傳輸線專題,,,False,電機碩,EE5504,0,不分班,"平面型傳輸線專題
SPECIAL TOPICS IN PLANAR TRANSMISSION LINES",3,期,False,50,0,0,50,郭志文,"一1,2,3(工EC 7040)","['123', '', '', '', '', '', '']",《獨立研究》,[],True
https://selcrs.nsysu.edu.tw/menu5/showoutline.asp?SYEAR=115&SEM=1&CrsDat=EE5513&Crsname=非線性微波電路專題,,,False,電機碩,EE5513,0,不分班,"非線性微波電路專題
SPECIAL TOPICS IN NONLINEAR MICROWAVE CIRCUITS",3,期,False,50,0,0,50,李杰穎,"三2,3,4(工EC 8037)","['', '', '234', '', '', '', '']",《獨立研究》,[],False
https://selcrs.nsysu.edu.tw/menu5/showoutline.asp?SYEAR=115&SEM=1&CrsDat=EE5530&Crsname=電磁相容專題,,,False,電機碩,EE5530,0,不分班,"電磁相容專題
SPECIAL TOPICS IN ELECTROMAGNETIC COMPATIBILITY",3,期,False,50,0,0,50,林根煌,"六C,D,E(工EC 7040)","['', '', '', '', '', 'CDE', '']",《獨立研究》,[],False
https://selcrs.nsysu.edu.tw/menu5/showoutline.asp?SYEAR=115&SEM=1&CrsDat=EE5533&Crsname=數值電磁學,,,False,電機碩,EE5533,0,不分班,"數值電磁學
NUMERICAL ELECTROMAGNETICS",3,期,False,50,0,0,50,郭志文,"二1,2,3(工EC 7040)","['', '123', '', '', '', '', '']",《講授類》,[],True
https://selcrs.nsysu.edu.tw/menu5/showoutline.asp?SYEAR=115&SEM=1&CrsDat=EE5541&Crsname=雷達系統專題,,,False,電機碩,EE5541,0,不分班,"雷達系統專題
INDEPENDENT STUDIES IN RADAR SYSTEMS",3,期,False,50,0,0,50,王復康,"六2,3,4(工EC 8037)","['', '', '', '', '', '234', '']",《獨立研究》,[],False
https://selcrs.nsysu.edu.tw/menu5/showoutline.asp?SYEAR=115&SEM=1&CrsDat=EE5542&Crsname=雷達系統導論,,,False,電機碩,EE5542,0,不分班,"雷達系統導論
INTRODUCTION TO RADAR SYSTEMS",3,期,False,50,0,0,50,王復康,"二2,3,4(工EC 3012)","['', '234', '', '', '', '', '']",《講授類》,[],False
https://selcrs.nsysu.edu.tw/menu5/showoutline.asp?SYEAR=115&SEM=1&CrsDat=EE5543&Crsname=國際電磁波實作操練,,,False,電機碩,EE5543,0,不分班,"國際電磁波實作操練
INTERNATIONAL HANDS-ON COURSR ON ELECTROMAGNETIC WAVE",3,期,False,50,0,0,50,王復康,"六8,6,7(工EC 7016-2)","['', '', '', '', '', '678', '']",《講授類》,[],True
https://selcrs.nsysu.edu.tw/menu5/showoutline.asp?SYEAR=115&SEM=1&CrsDat=EE5546&Crsname=平面天線的超穎材料設計專題,,,False,電機碩,EE5546,0,不分班,"平面天線的超穎材料設計專題
INDEPENDENT STUDIES IN THE DESIGN OF METAMATERIALS FOR PLANAR ANTENNAS",3,期,False,50,0,0,50,沈昭元,"四C,D,E(工EC 7040)","['', '', '', 'CDE', '', '', '']",《獨立研究》,[],False
https://selcrs.nsysu.edu.tw/menu5/showoutline.asp?SYEAR=115&SEM=1&CrsDat=EE5613&Crsname=視訊傳輸專題,,,False,電機碩,EE5613,0,不分班,"視訊傳輸專題
SPECIAL TOPICS IN VISUAL COMMUNICATION",3,期,False,50,0,0,50,葉家宏,"六8,6,7(工EC 7040)","['', '', '', '', '', '678', '']",《獨立研究》,[],True
https://selcrs.nsysu.edu.tw/menu5/showoutline.asp?SYEAR=115&SEM=1&CrsDat=EE5617&Crsname=圖形識別專題,,,False,電機碩,EE5617,0,不分班,"圖形識別專題
SPECIAL TOPICS IN PATTERN RECOGNITION",3,期,False,50,0,0,50,陳伯煒,"五C,D,E(工EC 6015-1)","['', '', '', '', 'CDE', '', '']",《獨立研究》,[],False
https://selcrs.nsysu.edu.tw/menu5/showoutline.asp?SYEAR=115&SEM=1&CrsDat=EE5637&Crsname=影像處理專題,,,False,電機碩,EE5637,0,不分班,"影像處理專題
INDEPENDENT STUDIES IN IMAGE PROCESSING",3,期,False,50,0,0,50,翁愷貽,"一2,3,4(工EC 3024)","['234', '', '', '', '', '', '']",《獨立研究》,[],False
https://selcrs.nsysu.edu.tw/menu5/showoutline.asp?SYEAR=115&SEM=1&CrsDat=EE5701&Crsname=ＣＭＯＳ射頻電路設計專題,,,False,電機碩,EE5701,0,不分班,"ＣＭＯＳ射頻電路設計專題
SPECIAL TOPICS IN CMOS RF CIRCUIT DESIGN",3,期,False,50,0,0,50,王朝欽,"一8,6,7(工EC 8013)","['678', '', '', '', '', '', '']",《獨立研究》,[],False
https://selcrs.nsysu.edu.tw/menu5/showoutline.asp?SYEAR=115&SEM=1&CrsDat=EE5702&Crsname=FPGA系統設計實務,,,False,電機碩,EE5702,0,不分班,"FPGA系統設計實務
SYSTEM DESIGN USING FPGA",3,期,False,50,0,0,50,待聘,"二2,3,4(工EC 6018)","['', '234', '', '', '', '', '']",《講授類》,[],True
https://selcrs.nsysu.edu.tw/menu5/showoutline.asp?SYEAR=115&SEM=1&CrsDat=EE5704&Crsname=生醫訊號處理專題,,,False,電機碩,EE5704,0,不分班,"生醫訊號處理專題
SPECIAL TOPICS ON BIOMEDICAL SIGNAL PROCESSING",3,期,False,50,0,0,50,曾乙立,"四5,6,7(工EC 6015-2)","['', '', '', '567', '', '', '']",《獨立研究》,[],False
https://selcrs.nsysu.edu.tw/menu5/showoutline.asp?SYEAR=115&SEM=1&CrsDat=EE5710&Crsname=系統晶片設計,,,False,電機碩,EE5710,0,不分班,"系統晶片設計
SYSTEM-ON-CHIP DESIGN",3,期,False,50,0,0,50,施信毓,"三5,6,7(工EC 3009)","['', '', '567', '', '', '', '']","《講授類》
與IC設計所併班上課",[],True
https://selcrs.nsysu.edu.tw/menu5/showoutline.asp?SYEAR=115&SEM=1&CrsDat=EE5713&Crsname=通訊介面ＩＣ設計,,,False,電機碩,EE5713,0,不分班,"通訊介面ＩＣ設計
IC DESIGN FOR COMMUNICATION INTERFACES",3,期,False,50,0,0,50,王朝欽,"四2,3,4(工EC 2010)","['', '', '', '234', '', '', '']","《講授類》
與IC設計所併班上課",[],True
https://selcrs.nsysu.edu.tw/menu5/showoutline.asp?SYEAR=115&SEM=1&CrsDat=EE5720&Crsname=積體電路佈局專題,,,False,電機碩,EE5720,0,不分班,"積體電路佈局專題
SPECIAL TOPICS IN IC LAYOUT",3,期,False,50,0,0,50,李宗哲,"二2,3,4(工EC 3024)","['', '234', '', '', '', '', '']","《獨立研究》
與IC設計所併班上課",[],True
https://selcrs.nsysu.edu.tw/menu5/showoutline.asp?SYEAR=115&SEM=1&CrsDat=EE5722&Crsname=生醫影像研究方法,,,False,電機碩,EE5722,0,不分班,"生醫影像研究方法
BIOMEDICAL IMAGE INVESTIGATION",3,期,False,50,0,0,50,吳珮歆,"一8,6,7(工EC 3014)","['678', '', '', '', '', '', '']","《講授類》
開放大三、大四學生選修",[],False
https://selcrs.nsysu.edu.tw/menu5/showoutline.asp?SYEAR=115&SEM=1&CrsDat=EE5723&Crsname=磁共振影像：原理與應用,,,False,電機碩,EE5723,0,不分班,"磁共振影像：原理與應用
MAGNETIC RESONANCE IMAGING: PRINCIPLES AND APPLICATIONS",3,期,False,50,0,0,50,莊子肇,"二2,3,4(工EC 3014)","['', '234', '', '', '', '', '']",《講授類》,[],False
https://selcrs.nsysu.edu.tw/menu5/showoutline.asp?SYEAR=115&SEM=1&CrsDat=EE5724&Crsname=臨床磁共振影像專題,,,False,電機碩,EE5724,0,不分班,"臨床磁共振影像專題
INDEPENDENT STUDIES IN CLINICAL APPLICATIONS OF MAGNETIC RESONANCE IMAGING",3,期,False,50,0,0,50,莊子肇,"一2,3,4(工EC 6019)","['234', '', '', '', '', '', '']",《獨立研究》,[],False
https://selcrs.nsysu.edu.tw/menu5/showoutline.asp?SYEAR=115&SEM=1&CrsDat=EE5725&Crsname=積體電路系統測試專題,,,False,電機碩,EE5725,0,不分班,"積體電路系統測試專題
INDEPENDENT STUDIES IN VLSI TESTING",3,期,False,50,0,0,50,謝東佑,"一8,6,7(工EC 8037)","['678', '', '', '', '', '', '']","《獨立研究》
與IC設計所併班上課",[],True
https://selcrs.nsysu.edu.tw/menu5/showoutline.asp?SYEAR=115&SEM=1&CrsDat=EE5729&Crsname=系統晶片測試,,,False,電機碩,EE5729,0,不分班,"系統晶片測試
SYSTEM-ON-CHIP TESTING",3,期,False,50,0,0,50,謝東佑,"四5,6,7(工EC 6019)","['', '', '', '567', '', '', '']","《講授類》
與IC設計所併班上課",[],True
https://selcrs.nsysu.edu.tw/menu5/showoutline.asp?SYEAR=115&SEM=1&CrsDat=EE5733&Crsname=數位通訊電路設計,,,False,電機碩,EE5733,0,不分班,"數位通訊電路設計
DIGITAL COMMUNICATION IC DESIGN",3,期,False,50,0,0,50,施信毓,"四8,6,7(工EC 3012)","['', '', '', '678', '', '', '']","《講授類》
與IC設計所併班上課",[],True
https://selcrs.nsysu.edu.tw/menu5/showoutline.asp?SYEAR=115&SEM=1&CrsDat=EE5734&Crsname=高等數位電路設計專題,,,False,電機碩,EE5734,0,不分班,"高等數位電路設計專題
INDEPENDENT STUDIES IN ADVANCED DIGITAL CIRCUIT DESIGN",3,期,False,50,0,0,50,施信毓,"一8,6,7(工EC 2018)","['678', '', '', '', '', '', '']","《獨立研究》
與IC設計所併班上課",[],True
https://selcrs.nsysu.edu.tw/menu5/showoutline.asp?SYEAR=115&SEM=1&CrsDat=EE5740&Crsname=電源管理積體電路設計,,,False,電機碩,EE5740,0,不分班,"電源管理積體電路設計
POWER MANAGEMENT INTEGRATED CIRCUIT DESIGN",3,期,False,50,0,0,50,李宗哲,"五5,6,7(工EC 6010-2)","['', '', '', '', '567', '', '']","《講授類》
與IC設計所併班上課",[],True
https://selcrs.nsysu.edu.tw/menu5/showoutline.asp?SYEAR=115&SEM=1&CrsDat=EE5804&Crsname=醫學影像分析專題,,,False,電機碩,EE5804,0,不分班,"醫學影像分析專題
INDEPENDENT STUDIES IN MEDICAL IMAGE ANALYSIS",3,期,False,50,0,0,50,吳珮歆,"一2,3,4(工EC 7017-2)","['234', '', '', '', '', '', '']",《獨立研究》,[],False
https://selcrs.nsysu.edu.tw/menu5/showoutline.asp?SYEAR=115&SEM=1&CrsDat=EE5808&Crsname=腦機介面與大腦網路,,,False,電機碩,EE5808,0,不分班,"腦機介面與大腦網路
BRAIN-COMPUTER INTERFACE AND BRAIN NETWORKS",3,期,False,50,0,0,50,曾乙立,"三5,6,7(工EC 6016)","['', '', '567', '', '', '', '']",《講授類》,[],False
https://selcrs.nsysu.edu.tw/menu5/showoutline.asp?SYEAR=115&SEM=1&CrsDat=MEME501&Crsname=書報討論,,,False,機電碩,MEME501,1,不分班,"書報討論
SEMINAR",1,期,True,150,0,0,150,許聖彥,"四6,7(工EC 1001)","['', '', '', '67', '', '', '']","《演講/參訪》
碩、博士班併班上課",[],False
https://selcrs.nsysu.edu.tw/menu5/showoutline.asp?SYEAR=115&SEM=1&CrsDat=MEME502&Crsname=熱對流,,,False,機電碩,MEME502,1,不分班,"熱對流
HEAT CONVECTION",3,期,False,50,0,0,50,鄭威利,"五5,6,7(工EN 2022)","['', '', '', '', '567', '', '']",《講授類》,[],True
https://selcrs.nsysu.edu.tw/menu5/showoutline.asp?SYEAR=115&SEM=1&CrsDat=MEME505&Crsname=高等熱力學,,,False,機電碩,MEME505,1,不分班,"高等熱力學
ADVANCED THERMODYNAMICS",3,期,False,50,0,0,50,鄭威利,"二5,6,7(工EN 2022)","['', '567', '', '', '', '', '']",《講授類》,[],True
https://selcrs.nsysu.edu.tw/menu5/showoutline.asp?SYEAR=115&SEM=1&CrsDat=MEME5109&Crsname=微奈米生醫系統工程,,,False,機電碩,MEME5109,1,不分班,"微奈米生醫系統工程
MICRO/NANO BIOMEDICAL SYSTEMS ENGINEERING",3,期,False,50,0,0,50,郭清德,"三5,6,7(工EC 2003)","['', '', '567', '', '', '', '']",《講授類》,[],False
https://selcrs.nsysu.edu.tw/menu5/showoutline.asp?SYEAR=115&SEM=1&CrsDat=MEME5111&Crsname=半導體製程設備與技術,,,False,機電碩,MEME5111,1,不分班,"半導體製程設備與技術
SEMICONDUCTOR PROCESS EQUIPMENT AND TECHNOLOGY",3,期,False,100,0,0,100,林哲信,"五8,6,7(工EN 4055-1)","['', '', '', '', '678', '', '']",《講授類》,[],False
https://selcrs.nsysu.edu.tw/menu5/showoutline.asp?SYEAR=115&SEM=1&CrsDat=MEME523&Crsname=有限元素法,,,False,機電碩,MEME523,1,不分班,"有限元素法
FINITE ELEMENT METHODS",3,期,False,50,0,0,50,蔡尚南,"二2,3,4(工EN 4055-2)","['', '234', '', '', '', '', '']",《講授類》,[],True
https://selcrs.nsysu.edu.tw/menu5/showoutline.asp?SYEAR=115&SEM=1&CrsDat=MEME529&Crsname=最佳化理論,,,False,機電碩,MEME529,1,不分班,"最佳化理論
OPTIMIZATION THEORY",3,期,False,50,0,0,50,盧威廷,"四5,6,7(工EN 2022)","['', '', '', '567', '', '', '']",《講授類》,[],False
https://selcrs.nsysu.edu.tw/menu5/showoutline.asp?SYEAR=115&SEM=1&CrsDat=MEME532&Crsname=塑性力學,,,False,機電碩,MEME532,1,不分班,"塑性力學
PLASTICITY",3,期,False,50,0,0,50,黃永茂,"一2,3,4(工EN 0031)","['234', '', '', '', '', '', '']",《講授類》,[],False
https://selcrs.nsysu.edu.tw/menu5/showoutline.asp?SYEAR=115&SEM=1&CrsDat=MEME537&Crsname=可靠度工程與應用,,,False,機電碩,MEME537,1,不分班,"可靠度工程與應用
RELIABILITY ENGINEERING AND APPLICATIONS",3,期,False,50,0,0,50,吳美玲,"三2,3,4(工EN 4055-2)","['', '', '234', '', '', '', '']","《講授類》
建議與""工程英文寫作""課程一併修課",[],True
https://selcrs.nsysu.edu.tw/menu5/showoutline.asp?SYEAR=115&SEM=1&CrsDat=MEME540&Crsname=實驗設計與分析,,,False,機電碩,MEME540,1,不分班,"實驗設計與分析
DESIGN AND ANALYSIS OF EXPERIMENTS",3,期,False,50,0,0,50,待聘,"四5,6,7(工EC 3006)","['', '', '', '567', '', '', '']",《講授類》,[],False
https://selcrs.nsysu.edu.tw/menu5/showoutline.asp?SYEAR=115&SEM=1&CrsDat=MEME549&Crsname=類神經網路概論,,,False,機電碩,MEME549,1,不分班,"類神經網路概論
INTRODUCTION TO NEURAL NETWORKS",3,期,False,75,0,0,75,嚴成文,"三5,6,7(工EC 3001)","['', '', '567', '', '', '', '']",《講授類》,[],False
https://selcrs.nsysu.edu.tw/menu5/showoutline.asp?SYEAR=115&SEM=1&CrsDat=MEME562&Crsname=摩潤學,,,False,機電碩,MEME562,1,不分班,"摩潤學
TRIBOLOGY",3,期,False,50,0,0,50,邱源成,"二5,6,7(工EN 0031)","['', '567', '', '', '', '', '']",《講授類》,[],False
https://selcrs.nsysu.edu.tw/menu5/showoutline.asp?SYEAR=115&SEM=1&CrsDat=MEME577&Crsname=半導體微影設備系統概論,,,False,機電碩,MEME577,1,不分班,"半導體微影設備系統概論
INTRODUCTION TO LITHOGRAPHY EQUIPMENT AND SYSTEMS FOR SEMICONDUCTOR MANUFACTURING",3,期,False,100,0,0,100,胡龍豪,"二5,6,7(工EN 4055-1)","['', '567', '', '', '', '', '']",《講授類》,[],True
https://selcrs.nsysu.edu.tw/menu5/showoutline.asp?SYEAR=115&SEM=1&CrsDat=MEME582&Crsname=微致動器實務,,,False,機電碩,MEME582,1,不分班,"微致動器實務
INTRODUCTION TO MICROACTUATOR PROCESS",3,期,False,50,0,0,50,待聘,"一3,4(工EC 3001) 五6(工EC 3001)","['34', '', '', '', '6', '', '']",《講授類》,[],True
https://selcrs.nsysu.edu.tw/menu5/showoutline.asp?SYEAR=115&SEM=1&CrsDat=MEME583&Crsname=奈米元件電腦輔助設計,,,False,機電碩,MEME583,1,不分班,"奈米元件電腦輔助設計
COMPUTER-AIDED DESIGN AT NANO-DEVICE",3,期,False,50,0,0,50,朱訓鵬,"二5,6,7(工EN 4055-2)","['', '567', '', '', '', '', '']",《講授類》,[],False
https://selcrs.nsysu.edu.tw/menu5/showoutline.asp?SYEAR=115&SEM=1&CrsDat=MEME590&Crsname=微奈米材料,,,False,機電碩,MEME590,1,不分班,"微奈米材料
MICRO/NANO MATERIALS",3,期,False,50,0,0,50,林哲信,"一2,3,4(工EN 3021)","['234', '', '', '', '', '', '']",《講授類》,[],False
https://selcrs.nsysu.edu.tw/menu5/showoutline.asp?SYEAR=115&SEM=1&CrsDat=MEME601&Crsname=太陽能空調系統設計,,,False,機電碩,MEME601,1,不分班,"太陽能空調系統設計
SOLAR COOLING SYSTEM DESIGN",3,期,False,50,0,0,50,梁俊德,"五2,3,4(工EC 3005)","['', '', '', '', '234', '', '']",《講授類》,[],True
https://selcrs.nsysu.edu.tw/menu5/showoutline.asp?SYEAR=115&SEM=1&CrsDat=MEME606&Crsname=燃料電池系統專題（一）,,,False,機電碩,MEME606,2,不分班,"燃料電池系統專題（一）
SPECIAL TOPICS IN FUEL CELL SYSTEMS (I)",3,期,False,50,0,0,50,郭振坤,"一A,9,1(工EN 3035-1)","['A19', '', '', '', '', '', '']",《獨立研究》,[],False
https://selcrs.nsysu.edu.tw/menu5/showoutline.asp?SYEAR=115&SEM=1&CrsDat=MEME6109&Crsname=應用微奈米技術專題（一）,,,False,機電碩,MEME6109,2,不分班,"應用微奈米技術專題（一）
INDEPENDENT STUDIES IN APPLIED MICRO AND NANO TECHNOLOGY(I)",3,期,False,50,0,0,50,郭清德,"一A,1(工EN 0036) 二9(工EN 0036)","['A1', '9', '', '', '', '', '']",《獨立研究》,[],False
https://selcrs.nsysu.edu.tw/menu5/showoutline.asp?SYEAR=115&SEM=1&CrsDat=MEME6111&Crsname=先進複材結構設計專題（一）,,,False,機電碩,MEME6111,2,不分班,"先進複材結構設計專題（一）
INDEPENDENT STUDIES IN ADVANCED COMPOSITE STRUCTURE DESIGN (I)",3,期,False,50,0,0,50,蔡尚南,"一A(工EN 3035-2) 三6,7(工EN 3035-2)","['A', '', '67', '', '', '', '']",《獨立研究》,[],False
https://selcrs.nsysu.edu.tw/menu5/showoutline.asp?SYEAR=115&SEM=1&CrsDat=MEME6113&Crsname=數值計算之工程運用專題,,,False,機電碩,MEME6113,2,不分班,"數值計算之工程運用專題
INDEPENDENT STUDIES IN ENGINEERING APPLICATIONS BY NUMERICAL COMPUTATIONS",3,期,False,50,0,0,50,鄭威利,"一A,1(工EN 2019-2) 二1(工EN 2019-2)","['A1', '1', '', '', '', '', '']",《獨立研究》,[],True
https://selcrs.nsysu.edu.tw/menu5/showoutline.asp?SYEAR=115&SEM=1&CrsDat=MEME6114&Crsname=智慧製造專題,,,False,機電碩,MEME6114,2,不分班,"智慧製造專題
INDEPENDENT STUDIES IN INTELLIGENT MANUFACTURING",3,期,False,50,0,0,50,汪正祺,"一A,9,1(工EN 3039-1)","['A19', '', '', '', '', '', '']",《獨立研究》,[],False
https://selcrs.nsysu.edu.tw/menu5/showoutline.asp?SYEAR=115&SEM=1&CrsDat=MEME6116&Crsname=微系統力學設計與分析專題 （一）,,,False,機電碩,MEME6116,2,不分班,"微系統力學設計與分析專題 （一）
INDEPENDENT STUDIES IN MICROSYSTEM MECHANICAL DESIGN AND ANALYSIS (I)",3,期,False,50,0,0,50,待聘,"二9,1(工EN 4080-4) 三1(工EN 4080-4)","['', '19', '1', '', '', '', '']",《獨立研究》,[],False
https://selcrs.nsysu.edu.tw/menu5/showoutline.asp?SYEAR=115&SEM=1&CrsDat=MEME6119&Crsname=熱流與能源技術專題（一）,,,False,機電碩,MEME6119,2,不分班,"熱流與能源技術專題（一）
INDEPENDENT STUDIES IN THERMAL FLUIDS AND ENERGY RESEARCH (I)",3,期,False,50,0,0,50,梁俊德,"二A,9,1(工EN 3041)","['', 'A19', '', '', '', '', '']",《獨立研究》,[],False
https://selcrs.nsysu.edu.tw/menu5/showoutline.asp?SYEAR=115&SEM=1&CrsDat=MEME6120&Crsname=虛實整合最佳化設計專題（一）,,,False,機電碩,MEME6120,2,不分班,"虛實整合最佳化設計專題（一）
INDEPENDENT STUDIES IN CYBER-PHYSICAL OPTIMIZATION (I)",3,期,False,50,0,0,50,盧威廷,"一A,9,1(工EN 2025)","['A19', '', '', '', '', '', '']",《獨立研究》,[],False
https://selcrs.nsysu.edu.tw/menu5/showoutline.asp?SYEAR=115&SEM=1&CrsDat=MEME6123&Crsname=先進製造技術專題（一）,,,False,機電碩,MEME6123,2,不分班,"先進製造技術專題（一）
INDEPENDENT STUDIES IN ADVANCED MANUFACTURING TECHNIQUES (I)",3,期,False,50,0,0,50,曾偉智,"二A,9,1(工EN 4080-3)","['', 'A19', '', '', '', '', '']",《獨立研究》,[],False
https://selcrs.nsysu.edu.tw/menu5/showoutline.asp?SYEAR=115&SEM=1&CrsDat=MEME619&Crsname=動力系統與能量管理專題（一）,,,False,機電碩,MEME619,2,不分班,"動力系統與能量管理專題（一）
INDEPENDENT STUDIES IN POWERTRAIN AND ENERGY MANAGEMENT（I）",3,期,False,50,0,0,50,待聘,"二A,9,1(工EN 4079-2)","['', 'A19', '', '', '', '', '']",《獨立研究》,[],False
https://selcrs.nsysu.edu.tw/menu5/showoutline.asp?SYEAR=115&SEM=1&CrsDat=MEME631&Crsname=高階電子封裝專題（一）,,,False,機電碩,MEME631,2,不分班,"高階電子封裝專題（一）
SPECIAL TOPICS IN ADVANCED ELECTRONIC PACKAGING(I)",3,期,False,50,0,0,50,吳美玲,"四A,9,1(工EN 2018)","['', '', '', 'A19', '', '', '']",《獨立研究》,[],False
https://selcrs.nsysu.edu.tw/menu5/showoutline.asp?SYEAR=115&SEM=1&CrsDat=MEME641&Crsname=人機系統專題,,,False,機電碩,MEME641,2,不分班,"人機系統專題
SPECIAL TOPICS IN MANMACHINE SYSTEMS",3,期,False,50,0,0,50,待聘,二1(工EN 3042-2) 三1(工EN 3042-2) 四1(工EN 3042-2),"['', '1', '1', '1', '', '', '']",《獨立研究》,[],False
https://selcrs.nsysu.edu.tw/menu5/showoutline.asp?SYEAR=115&SEM=1&CrsDat=MEME647&Crsname=類神經網路專題（一）,,,False,機電碩,MEME647,2,不分班,"類神經網路專題（一）
SPECIAL TOPICS IN NEURAL NETWORKS (I)",3,期,False,50,0,0,50,嚴成文,"一A,9,1(工EN 4080-2)","['A19', '', '', '', '', '', '']",《獨立研究》,[],False
https://selcrs.nsysu.edu.tw/menu5/showoutline.asp?SYEAR=115&SEM=1&CrsDat=MEME653&Crsname=機器學習專題,,,False,機電碩,MEME653,2,不分班,"機器學習專題
INDEPENDENT STUDIES IN MACHINE LEARNING",3,期,False,50,0,0,50,劉耿豪,"二A,9,1(工EN 3040-2)","['', 'A19', '', '', '', '', '']",《獨立研究》,[],False
https://selcrs.nsysu.edu.tw/menu5/showoutline.asp?SYEAR=115&SEM=1&CrsDat=MEME655&Crsname=穿戴裝置專題,,,False,機電碩,MEME655,2,不分班,"穿戴裝置專題
INDEPENDENT STUDIES IN WEARABLE DEVICES",3,期,False,50,0,0,50,許煜亮,"二A,9,1(工EN 2019-3)","['', 'A19', '', '', '', '', '']",《獨立研究》,[],False
https://selcrs.nsysu.edu.tw/menu5/showoutline.asp?SYEAR=115&SEM=1&CrsDat=MEME666&Crsname=幾何設計與製造專題（一）,,,False,機電碩,MEME666,2,不分班,"幾何設計與製造專題（一）
SPECIAL TOPICS IN COMPUTER-AIDED GEOMETRIC DESIGN (I)",3,期,False,50,0,0,50,待聘,"一9(工EN 1018-1) 四A,1(工EN 1018-1)","['9', '', '', 'A1', '', '', '']",《獨立研究》,[],False
https://selcrs.nsysu.edu.tw/menu5/showoutline.asp?SYEAR=115&SEM=1&CrsDat=MEME668&Crsname=系統化設計專題（一）,,,False,機電碩,MEME668,2,不分班,"系統化設計專題（一）
SPECIAL TOPICS IN SYSTEMATIC DESIGN (I)",3,期,False,50,0,0,50,楊政融,"一A,1(工EN 3039-2) 五9(工EN 3039-2)","['A1', '', '', '', '9', '', '']",《獨立研究》,[],False
https://selcrs.nsysu.edu.tw/menu5/showoutline.asp?SYEAR=115&SEM=1&CrsDat=MEME679&Crsname=電化學技術專題,,,False,機電碩,MEME679,2,不分班,"電化學技術專題
INDEPENDENT STUDIES IN ELECTROCHEMICAL TECHNOLOGY",3,期,False,50,0,0,50,胡龍豪,"二A,8,9(工EN 4067)","['', 'A89', '', '', '', '', '']",《獨立研究》,[],False
https://selcrs.nsysu.edu.tw/menu5/showoutline.asp?SYEAR=115&SEM=1&CrsDat=MEME680&Crsname=奈米力學與材料設計專題,,,False,機電碩,MEME680,2,不分班,"奈米力學與材料設計專題
INDEPENDENT STUDIES IN MATERIALS DESIGN BY NANOMECHANICS",3,期,False,50,0,0,50,李伯軒,"二A,9,1(工EN 3037-1)","['', 'A19', '', '', '', '', '']",《獨立研究》,[],False
https://selcrs.nsysu.edu.tw/menu5/showoutline.asp?SYEAR=115&SEM=1&CrsDat=MEME684&Crsname=微流體系統專題（一）,,,False,機電碩,MEME684,2,不分班,"微流體系統專題（一）
SPECIAL TOPICS IN MICROFLUIDIC SYSTEM(I)",3,期,False,50,0,0,50,林哲信,"一A,9,1(工EN 4070)","['A19', '', '', '', '', '', '']",《獨立研究》,[],False
https://selcrs.nsysu.edu.tw/menu5/showoutline.asp?SYEAR=115&SEM=1&CrsDat=MEME688&Crsname=平行處理及計算（一）,,,False,機電碩,MEME688,2,不分班,"平行處理及計算（一）
PARALLEL PROCESSING AND COMPUTING (I)",3,期,False,50,0,0,50,朱訓鵬,"一A,9,1(工EN 4075-2)","['A19', '', '', '', '', '', '']",《講授類》,[],False
https://selcrs.nsysu.edu.tw/menu5/showoutline.asp?SYEAR=115&SEM=1&CrsDat=MEME689&Crsname=奈米科技專題（一）,,,False,機電碩,MEME689,2,不分班,"奈米科技專題（一）
SPECIAL TOPICS IN NANOTECHNOLOGY (I)",3,期,False,50,0,0,50,潘正堂,"一A,9,1(工EN 3042-1)","['A19', '', '', '', '', '', '']",《獨立研究》,[],False
https://selcrs.nsysu.edu.tw/menu5/showoutline.asp?SYEAR=115&SEM=1&CrsDat=MEME694&Crsname=燃燒與防火安全專題（一）,,,False,機電碩,MEME694,2,不分班,"燃燒與防火安全專題（一）
INDEPENDENT STUDIES IN COMBUSTION AND FIRE SAFETY (I)",3,期,False,50,0,0,50,許聖彥,"一A,9,1(工EN 3029)","['A19', '', '', '', '', '', '']",《獨立研究》,[],False
https://selcrs.nsysu.edu.tw/menu5/showoutline.asp?SYEAR=115&SEM=1&CrsDat=ENVE521&Crsname=書報討論,,,False,環工碩,ENVE521,1,不分班,"書報討論
SEMINAR",1,期,True,50,0,0,50,陳谷汎,"三6,7(工EV 4024)","['', '', '67', '', '', '', '']",《演講/參訪》,[],False
https://selcrs.nsysu.edu.tw/menu5/showoutline.asp?SYEAR=115&SEM=1&CrsDat=ENVE521A&Crsname=書報討論,,,False,環工碩,ENVE521A,2,不分班,"書報討論
SEMINAR",1,期,True,50,0,0,50,施育仁,"三6,7(工EV 4024)","['', '', '67', '', '', '', '']",《演講/參訪》,[],False
https://selcrs.nsysu.edu.tw/menu5/showoutline.asp?SYEAR=115&SEM=1&CrsDat=ENVE532&Crsname=反應動力學,,,False,環工碩,ENVE532,0,不分班,"反應動力學
REACTION KINETICS",3,期,False,50,0,0,50,陳谷汎,"四8,6,7(工EC 1004)","['', '', '', '678', '', '', '']",《講授類》,[],True
https://selcrs.nsysu.edu.tw/menu5/showoutline.asp?SYEAR=115&SEM=1&CrsDat=ENVE539&Crsname=環境電化學原理與技術,,,False,環工碩,ENVE539,0,不分班,"環境電化學原理與技術
PRINCIPLE AND TECHNOLOGY OF ENVIRONMENTAL ELECTROCHEMISTRY",3,期,False,50,0,0,50,施育仁,"二2,3,4(工EC 1004)","['', '234', '', '', '', '', '']",《講授類》,[],True
https://selcrs.nsysu.edu.tw/menu5/showoutline.asp?SYEAR=115&SEM=1&CrsDat=ENVE541&Crsname=水及廢水分析,,,False,環工碩,ENVE541,0,不分班,"水及廢水分析
WATER AND WASTEWATER ANALYSIS",3,期,False,20,0,0,20,張耿崚,"三1,2(工EC 1004) 三3,4(工EV 6012)(實驗)","['', '', '1234', '', '', '', '']",《講授類》,[],True
https://selcrs.nsysu.edu.tw/menu5/showoutline.asp?SYEAR=115&SEM=1&CrsDat=ENVE545&Crsname=廢棄物及土壤分析,,,False,環工碩,ENVE545,0,不分班,"廢棄物及土壤分析
SOLID WASTE AND SOIL ANALYSIS",3,期,False,20,0,0,20,林淵淙,"二C,D(工EC 1004) 二E,F(工EV 3016)(實驗)","['', 'CDEF', '', '', '', '', '']",《講授類》,[],False
https://selcrs.nsysu.edu.tw/menu5/showoutline.asp?SYEAR=115&SEM=1&CrsDat=ENVE592&Crsname=專題研究（一）,,,False,環工碩,ENVE592,0,不分班,"專題研究（一）
INDEPENDENT STUDIES(I)",3,期,False,50,0,0,50,"張耿崚,彭彥彬,施育仁,林淵淙,陳則綸,陳威翔,陳谷汎","六C,D,E(工EC 1004)","['', '', '', '', '', 'CDE', '']",《獨立研究》,[],False
https://selcrs.nsysu.edu.tw/menu5/showoutline.asp?SYEAR=115&SEM=1&CrsDat=ENVE596&Crsname=大氣模式特論,,,False,環工碩,ENVE596,0,不分班,"大氣模式特論
SPECIAL TOPICS ON ATMOSPHERIC MODELS",3,期,False,50,0,0,50,彭彥彬,"一2,3,4(工EC 1004)","['234', '', '', '', '', '', '']",《講授類》,[],True
https://selcrs.nsysu.edu.tw/menu5/showoutline.asp?SYEAR=115&SEM=1&CrsDat=ENVE599&Crsname=儀器分析,,,False,環工碩,ENVE599,0,不分班,"儀器分析
PRINCIPLE OF INSTRUMENT ANALYSIS",3,期,False,50,0,0,50,陳則綸,"二8,6,7(工EC 1004)","['', '678', '', '', '', '', '']",《講授類》,[],True
https://selcrs.nsysu.edu.tw/menu5/showoutline.asp?SYEAR=115&SEM=1&CrsDat=CSE505&Crsname=計算機結構,,,False,資工碩,CSE505,1,不分班,"計算機結構
COMPUTER ARCHITECTURES",3,期,True,60,0,0,60,李淑敏,"三5,6,7(工EC 1006)","['', '', '567', '', '', '', '']",《講授類》,[],True
https://selcrs.nsysu.edu.tw/menu5/showoutline.asp?SYEAR=115&SEM=1&CrsDat=CSE510&Crsname=演算法設計與分析,,,False,資工碩,CSE510,1,不分班,"演算法設計與分析
ALGORITHM DESIGN AND ANALYSIS",3,期,True,80,0,0,80,楊昌彪,"二2,3,4(工EC 5012)","['', '234', '', '', '', '', '']",《講授類》,[],False
https://selcrs.nsysu.edu.tw/menu5/showoutline.asp?SYEAR=115&SEM=1&CrsDat=CSE515&Crsname=高等電腦網路,,,False,資工碩,CSE515,1,不分班,"高等電腦網路
ADVANCED COMPUTER NETWORKS",3,期,True,60,0,0,60,林俊宏,"三2,3,4(工EC 5012)","['', '', '234', '', '', '', '']",《講授類》,[],False
https://selcrs.nsysu.edu.tw/menu5/showoutline.asp?SYEAR=115&SEM=1&CrsDat=CSE520&Crsname=高等作業系統,,,False,資工碩,CSE520,1,不分班,"高等作業系統
ADVANCED OPERATING SYSTEMS",3,期,True,60,0,0,60,王友群,"四8,6,7(工EC 9032)","['', '', '', '678', '', '', '']",《講授類》,[],False
https://selcrs.nsysu.edu.tw/menu5/showoutline.asp?SYEAR=115&SEM=1&CrsDat=CSE522&Crsname=進階資料探勘,,,False,資工碩,CSE522,0,不分班,"進階資料探勘
ADVANCED DATA MINING",3,期,False,50,0,0,50,洪宗貝,"四2,3,4(工EC 1005)","['', '', '', '234', '', '', '']",《講授類》,[],False
https://selcrs.nsysu.edu.tw/menu5/showoutline.asp?SYEAR=115&SEM=1&CrsDat=CSE530&Crsname=專題研究（一）,,,False,資工碩,CSE530,0,不分班,"專題研究（一）
INDEPENDENT STUDIES(I)",3,期,False,50,0,0,50,邱勝敏,"一2,3,4(工EC 5000)","['234', '', '', '', '', '', '']","《獨立研究》
限本系碩/博士生修習",[],False
https://selcrs.nsysu.edu.tw/menu5/showoutline.asp?SYEAR=115&SEM=1&CrsDat=CSE530A&Crsname=專題研究（一）,,,False,資工碩,CSE530A,0,不分班,"專題研究（一）
INDEPENDENT STUDIES(I)",3,期,False,50,0,0,50,吳建澄,"二5,6,7(工EC 5000)","['', '567', '', '', '', '', '']","《獨立研究》
限本系碩/博士生修習",[],False
https://selcrs.nsysu.edu.tw/menu5/showoutline.asp?SYEAR=115&SEM=1&CrsDat=CSE530B&Crsname=專題研究（一）,,,False,資工碩,CSE530B,0,不分班,"專題研究（一）
INDEPENDENT STUDIES(I)",3,期,False,50,0,0,50,陳嘉平,"三5,6,7(工EC 5000)","['', '', '567', '', '', '', '']","《獨立研究》
限本系碩/博士生修習",[],False
https://selcrs.nsysu.edu.tw/menu5/showoutline.asp?SYEAR=115&SEM=1&CrsDat=CSE530C&Crsname=專題研究（一）,,,False,資工碩,CSE530C,0,不分班,"專題研究（一）
INDEPENDENT STUDIES(I)",3,期,False,50,0,0,50,王友群,"四2,3,4(工EC 5007)","['', '', '', '234', '', '', '']","《獨立研究》
限本系碩/博士生修習",[],False
https://selcrs.nsysu.edu.tw/menu5/showoutline.asp?SYEAR=115&SEM=1&CrsDat=CSE530D&Crsname=專題研究（一）,,,False,資工碩,CSE530D,0,不分班,"專題研究（一）
INDEPENDENT STUDIES(I)",3,期,False,50,0,0,50,鄺獻榮,"四8,6,7(工EC 5007)","['', '', '', '678', '', '', '']","《獨立研究》
限本系碩/博士生修習",[],False
https://selcrs.nsysu.edu.tw/menu5/showoutline.asp?SYEAR=115&SEM=1&CrsDat=CSE530E&Crsname=專題研究（一）,,,False,資工碩,CSE530E,0,不分班,"專題研究（一）
INDEPENDENT STUDIES(I)",3,期,False,50,0,0,50,楊惠芳,"四8,6,7(工EC 5000)","['', '', '', '678', '', '', '']","《獨立研究》
限本系碩/博士生修習",[],False
https://selcrs.nsysu.edu.tw/menu5/showoutline.asp?SYEAR=115&SEM=1&CrsDat=CSE530F&Crsname=專題研究（一）,,,False,資工碩,CSE530F,0,不分班,"專題研究（一）
INDEPENDENT STUDIES(I)",3,期,False,50,0,0,50,柯拉飛,"五2,3,4(工EC 1014B)","['', '', '', '', '234', '', '']","《獨立研究》
限本系碩/博士生修習",[],True
https://selcrs.nsysu.edu.tw/menu5/showoutline.asp?SYEAR=115&SEM=1&CrsDat=CSE530G&Crsname=專題研究（一）,,,False,資工碩,CSE530G,0,不分班,"專題研究（一）
INDEPENDENT STUDIES(I)",3,期,False,50,0,0,50,李淑敏,"五8,9,7(工EC 1014B)","['', '', '', '', '789', '', '']","《獨立研究》
限本系碩/博士生修習",[],False
https://selcrs.nsysu.edu.tw/menu5/showoutline.asp?SYEAR=115&SEM=1&CrsDat=CSE530H&Crsname=專題研究（一）,,,False,資工碩,CSE530H,0,不分班,"專題研究（一）
INDEPENDENT STUDIES(I)",3,期,False,50,0,0,50,洪宗貝,"五8,9,7(工EC 5000)","['', '', '', '', '789', '', '']","《獨立研究》
限本系碩/博士生修習",[],False
https://selcrs.nsysu.edu.tw/menu5/showoutline.asp?SYEAR=115&SEM=1&CrsDat=CSE531&Crsname=書報討論（一）,,,False,資工碩,CSE531,1,不分班,"書報討論（一）
SEMINAR I",1,期,True,120,0,0,120,陳嘉平,五6(工EC 2011),"['', '', '', '', '6', '', '']","《演講/參訪》
限本系大四生及碩/博士生修習",[],False
https://selcrs.nsysu.edu.tw/menu5/showoutline.asp?SYEAR=115&SEM=1&CrsDat=CSE533&Crsname=書報討論（三）,,,False,資工碩,CSE533,2,不分班,"書報討論（三）
SEMINAR III",1,期,True,120,0,0,120,陳嘉平,五6(工EC 2011),"['', '', '', '', '6', '', '']",《演講/參訪》,[],False
https://selcrs.nsysu.edu.tw/menu5/showoutline.asp?SYEAR=115&SEM=1&CrsDat=CSE536&Crsname=巨量資料分析與機器學習專題,,,False,資工碩,CSE536,0,不分班,"巨量資料分析與機器學習專題
INDEPENDENT STUDIES IN BIG DATA ANALYSIS AND MACHINE LEARNINGING",3,期,False,50,0,0,50,林俊宏,"五2,3,4(工EC 5000)","['', '', '', '', '234', '', '']","《獨立研究》
限本系碩/博士生修習",[],False
https://selcrs.nsysu.edu.tw/menu5/showoutline.asp?SYEAR=115&SEM=1&CrsDat=CSE538&Crsname=生醫影像分析專題（一）,,,False,資工碩,CSE538,0,不分班,"生醫影像分析專題（一）
INDEPENDENT STUDIES IN BIOMEDICAL IMAGE ANALYSIS((I)",3,期,False,50,0,0,50,柯正雯,"一2,3,4(工EC 9031)","['234', '', '', '', '', '', '']","《獨立研究》
限本系碩/博士生修習",[],False
https://selcrs.nsysu.edu.tw/menu5/showoutline.asp?SYEAR=115&SEM=1&CrsDat=CSE543&Crsname=高等通訊與資安演算法,,,False,資工碩,CSE543,0,不分班,"高等通訊與資安演算法
ADVANCED ALGORITHMS FOR COMMUNICATIONS AND INFORMATION SECURITY",3,期,False,50,0,0,50,柯拉飛,"四2,3,4(工EC 5000)","['', '', '', '234', '', '', '']",《講授類》,[],True
https://selcrs.nsysu.edu.tw/menu5/showoutline.asp?SYEAR=115&SEM=1&CrsDat=CSE544&Crsname=電腦視覺之深度學習,,,False,資工碩,CSE544,0,不分班,"電腦視覺之深度學習
DEEP LEARNING FOR COMPUTER VISION",3,期,False,50,0,0,50,楊惠芳,"四2,3,4(工EC 1001)","['', '', '', '234', '', '', '']",《講授類》,[],False
https://selcrs.nsysu.edu.tw/menu5/showoutline.asp?SYEAR=115&SEM=1&CrsDat=CSE563&Crsname=無線通訊安全專題,,,False,資工碩,CSE563,0,不分班,"無線通訊安全專題
SPECIAL TOPICS IN WIRELESS COMMUNICATION SECURITY",3,期,False,50,0,0,50,徐瑞壕,"三5,6,7(工EC 9031)","['', '', '567', '', '', '', '']","《獨立研究》
限本系碩/博士生修習",[],False
https://selcrs.nsysu.edu.tw/menu5/showoutline.asp?SYEAR=115&SEM=1&CrsDat=CSE583&Crsname=算術處理器設計與實作,,,False,資工碩,CSE583,0,不分班,"算術處理器設計與實作
DESIGN AND IMPLEMENTATION OF ARITHMETIC UNITS",3,期,False,50,0,0,50,蕭勝夫,"三2,3,4(工EC 5007)","['', '', '234', '', '', '', '']",《講授類》,[],False
https://selcrs.nsysu.edu.tw/menu5/showoutline.asp?SYEAR=115&SEM=1&CrsDat=CSE594&Crsname=電子商務與安全工程專題,,,False,資工碩,CSE594,0,不分班,"電子商務與安全工程專題
SPECIAL TOPICS IN ELECTRONIC COMMERCE AND SECURITY ENGINEERING",3,期,False,50,0,0,50,范俊逸,"五8,9,7(工EC 9031)","['', '', '', '', '789', '', '']","《獨立研究》
限本系碩/博士生修習",[],False
https://selcrs.nsysu.edu.tw/menu5/showoutline.asp?SYEAR=115&SEM=1&CrsDat=CSE598&Crsname=類比積體電路設計,,,False,資工碩,CSE598,0,不分班,"類比積體電路設計
ANALONG INTEGRATED CIRCUIT DESIGN",3,期,False,50,0,0,50,郭可驥,"一5,6,7(工EC 5007)","['567', '', '', '', '', '', '']","《講授類》
修習本課程須具備電子學、電路學、工程數學及半導體元件物理等基礎知識。",[],True
https://selcrs.nsysu.edu.tw/menu5/showoutline.asp?SYEAR=115&SEM=1&CrsDat=CSE617&Crsname=分散式計算系統,,,False,資工碩,CSE617,0,不分班,"分散式計算系統
DISTRIBUTED COMPUTING SYSTEMS",3,期,False,50,0,0,50,張玉盈,"二8,6,7(工EC 5007)","['', '678', '', '', '', '', '']",《講授類》,[],False
https://selcrs.nsysu.edu.tw/menu5/showoutline.asp?SYEAR=115&SEM=1&CrsDat=CSE630&Crsname=資料挖掘專題,,,False,資工碩,CSE630,0,不分班,"資料挖掘專題
SPECIAL TOPICS IN DATA MINING",3,期,False,50,0,0,50,張玉盈,"一8,6,7(工EC 5000)","['678', '', '', '', '', '', '']","《獨立研究》
限本系碩/博士生修習",[],False
https://selcrs.nsysu.edu.tw/menu5/showoutline.asp?SYEAR=115&SEM=1&CrsDat=CSE639&Crsname=科技英文寫作,,,False,資工碩,CSE639,0,不分班,"科技英文寫作
ENGLISH TECHNICAL WRITING",3,期,False,50,0,0,50,希家史提夫,"二2,3,4(工EC 9031)","['', '234', '', '', '', '', '']",《講授類》,[],True
https://selcrs.nsysu.edu.tw/menu5/showoutline.asp?SYEAR=115&SEM=1&CrsDat=CSE666&Crsname=資訊安全理論與實務,,,False,資工碩,CSE666,0,不分班,"資訊安全理論與實務
INFORMATION SECURITY THEORY AND PRACTICE",3,期,False,50,0,0,50,徐瑞壕,"三2,3,4(工EC 9031)","['', '', '234', '', '', '', '']",《講授類》,[],False
https://selcrs.nsysu.edu.tw/menu5/showoutline.asp?SYEAR=115&SEM=1&CrsDat=CSE668&Crsname=硬體描述語言,,,False,資工碩,CSE668,0,不分班,"硬體描述語言
HARDWARE DESCRIPTION LANGUAGES",3,期,False,50,0,0,50,待聘,"二5,6,7(工EC 1005)","['', '567', '', '', '', '', '']",《講授類》,[],True
https://selcrs.nsysu.edu.tw/menu5/showoutline.asp?SYEAR=115&SEM=1&CrsDat=CSE692&Crsname=人工智慧專題 (一),,,False,資工碩,CSE692,0,不分班,"人工智慧專題 (一)
INDEPENDENT STUDIES IN ARTIFICIAL INTELLIGENCE (I)",3,期,False,50,0,0,50,蔡崇煒,"三5,6,7(工EC 5007)","['', '', '567', '', '', '', '']","《獨立研究》
限本系碩/博士生修習",[],False
https://selcrs.nsysu.edu.tw/menu5/showoutline.asp?SYEAR=115&SEM=1&CrsDat=CSE696&Crsname=定量磁振造影方法專題,,,False,資工碩,CSE696,0,不分班,"定量磁振造影方法專題
INDEPENDENT STUDIES IN QUANTITATIVE MRI METHODS",3,期,False,50,0,0,50,程正傑,"一2,3,4(工EC 1014-2)","['234', '', '', '', '', '', '']","《獨立研究》
限本系碩/博士生修習",[],False
https://selcrs.nsysu.edu.tw/menu5/showoutline.asp?SYEAR=115&SEM=1&CrsDat=CSE698&Crsname=邊緣裝置人工智慧晶片設計應用專題,,,False,資工碩,CSE698,0,不分班,"邊緣裝置人工智慧晶片設計應用專題
INDEPENDENT STUDIES IN EDGE ARTIFICIAL INTELLIGENCE CHIP DESIGN AND APPLICATION",3,期,False,50,0,0,50,蕭勝夫,"一5,6,7(工EC 1005)","['567', '', '', '', '', '', '']","《獨立研究》
限本系碩/博士生修習",[],False
https://selcrs.nsysu.edu.tw/menu5/showoutline.asp?SYEAR=115&SEM=1&CrsDat=CSE724&Crsname=類比與混合訊號積體電路設計專題,,,False,資工碩,CSE724,0,不分班,"類比與混合訊號積體電路設計專題
INDEPENDENT STUDIES IN THE ANALOG AND MIXED-SIGNAL INTEGRATED CIRCUIT DESIGN",3,期,False,50,0,0,50,郭可驥,"一2,3,4(工EC 5007)","['234', '', '', '', '', '', '']","《獨立研究》
限本系碩/博士生修習",[],False
https://selcrs.nsysu.edu.tw/menu5/showoutline.asp?SYEAR=115&SEM=1&CrsDat=CSE727&Crsname=增強式學習,,,False,資工碩,CSE727,0,不分班,"增強式學習
REINFORCEMENT LEARNING",3,期,False,50,0,0,50,吳建澄,"三2,3,4(工EC 1005)","['', '', '234', '', '', '', '']",《講授類》,[],True
https://selcrs.nsysu.edu.tw/menu5/showoutline.asp?SYEAR=115&SEM=1&CrsDat=CSE729&Crsname=資料處理與建模,,,False,資工碩,CSE729,0,不分班,"資料處理與建模
DATA PROCESSING AND MODELING",3,期,False,50,0,0,50,邱勝敏,"四2,3,4(工EC 1006)","['', '', '', '234', '', '', '']",《講授類》,[],True
https://selcrs.nsysu.edu.tw/menu5/showoutline.asp?SYEAR=115&SEM=1&CrsDat=CSE731&Crsname=時空資料庫,,,False,資工碩,CSE731,0,不分班,"時空資料庫
SPATIO-TEMPORAL DATABASES",3,期,False,50,0,0,50,邱勝敏,"四8,6,7(工EC 9031)","['', '', '', '678', '', '', '']",《講授類》,[],False
https://selcrs.nsysu.edu.tw/menu5/showoutline.asp?SYEAR=115&SEM=1&CrsDat=ICE501&Crsname=書報討論,,,False,通訊碩,ICE501,1,不分班,"書報討論
SEMINAR",1,期,True,70,0,0,70,吳孝純,"二6,7(工EC 2002)","['', '67', '', '', '', '', '']","《演講/參訪》
與ICE501A、ICE701併班上課",[],False
https://selcrs.nsysu.edu.tw/menu5/showoutline.asp?SYEAR=115&SEM=1&CrsDat=ICE501A&Crsname=書報討論,,,False,通訊碩,ICE501A,2,不分班,"書報討論
SEMINAR",1,期,True,70,0,0,70,吳孝純,"二6,7(工EC 2002)","['', '67', '', '', '', '', '']","《演講/參訪》
與ICE501、ICE701併班上課",[],False
https://selcrs.nsysu.edu.tw/menu5/showoutline.asp?SYEAR=115&SEM=1&CrsDat=ICE503&Crsname=數位信號處理,,,False,通訊碩,ICE503,0,不分班,"數位信號處理
DIGITAL SIGNAL PROCESSING",3,期,False,50,0,0,50,溫朝凱,"四2,3,4(工EC 2002)","['', '', '', '234', '', '', '']",《講授類》,[],True
https://selcrs.nsysu.edu.tw/menu5/showoutline.asp?SYEAR=115&SEM=1&CrsDat=ICE504&Crsname=數位通訊,,,False,通訊碩,ICE504,0,不分班,"數位通訊
DIGITAL COMMUNICATIONS",3,期,False,50,0,0,50,黃婉甄,"三2,3,4(工EC 3013)","['', '', '234', '', '', '', '']",《講授類》,[],False
https://selcrs.nsysu.edu.tw/menu5/showoutline.asp?SYEAR=115&SEM=1&CrsDat=ICE507&Crsname=消息理論,,,False,通訊碩,ICE507,0,不分班,"消息理論
INFORMATION THEORY",3,期,False,50,0,0,50,王藏億,"二2,3,4(工EC 2002)","['', '234', '', '', '', '', '']",《講授類》,[],False
https://selcrs.nsysu.edu.tw/menu5/showoutline.asp?SYEAR=115&SEM=1&CrsDat=ICE508&Crsname=最佳化理論,,,False,通訊碩,ICE508,0,不分班,"最佳化理論
OPTIMIZATION THEORY",3,期,False,50,0,0,50,曾凡碩,"一2,3,4(工EC 2010)","['234', '', '', '', '', '', '']",《講授類》,[],False
https://selcrs.nsysu.edu.tw/menu5/showoutline.asp?SYEAR=115&SEM=1&CrsDat=ICE508A&Crsname=最佳化理論,,,False,通訊碩,ICE508A,0,不分班,"最佳化理論
OPTIMIZATION THEORY",3,期,False,50,0,0,50,新可夫,"一5,6,7(工EC6015-1)","['567', '', '', '', '', '', '']",《講授類》,[],True
https://selcrs.nsysu.edu.tw/menu5/showoutline.asp?SYEAR=115&SEM=1&CrsDat=ICE541&Crsname=通信系統性能評估,,,False,通訊碩,ICE541,0,不分班,"通信系統性能評估
PERFORMANCE EVALUATION OF COMMUNICATIONS SYSTEMS",3,期,False,50,0,0,50,梁家昌,"五8,6,7(工EC 3012)","['', '', '', '', '678', '', '']",《講授類》,[],True
https://selcrs.nsysu.edu.tw/menu5/showoutline.asp?SYEAR=115&SEM=1&CrsDat=ICE607&Crsname=無線通訊通道估測專題,,,False,通訊碩,ICE607,0,不分班,"無線通訊通道估測專題
INDEPENDENT STUDIES IN WIRELESS COMMUNICATIONS CHANNEL ESTIMATION",3,期,False,50,0,0,50,李志鵬,"五8,6,7(工EC 9011)","['', '', '', '', '678', '', '']",《獨立研究》,[],False
https://selcrs.nsysu.edu.tw/menu5/showoutline.asp?SYEAR=115&SEM=1&CrsDat=ICE608&Crsname=無線感測器網路之合作式偵測專題,,,False,通訊碩,ICE608,0,不分班,"無線感測器網路之合作式偵測專題
INDEPENDENT STUDIES IN COLLABORATIVE DETECTION FOR WIRELESS SENSOR NETWORKS",3,期,False,50,0,0,50,王藏億,"二C,D,E(工EC 1007)","['', 'CDE', '', '', '', '', '']",《獨立研究》,[],False
https://selcrs.nsysu.edu.tw/menu5/showoutline.asp?SYEAR=115&SEM=1&CrsDat=ICE619&Crsname=無線傳收設計專題,,,False,通訊碩,ICE619,0,不分班,"無線傳收設計專題
INDEPENDENT STUDIES IN TRANSCEIVER DESIGN IN WIRELESS NETWORKS",3,期,False,50,0,0,50,曾凡碩,"一C,D,E(工EC 2021)","['CDE', '', '', '', '', '', '']",《獨立研究》,[],False
https://selcrs.nsysu.edu.tw/menu5/showoutline.asp?SYEAR=115&SEM=1&CrsDat=ICE626&Crsname=巨量多輸入多輸出系統設計專題,,,False,通訊碩,ICE626,0,不分班,"巨量多輸入多輸出系統設計專題
INDEPENDENT STUDIES IN DESIGN OF MASSIVE MULTI-INPUT MULTI-OUTPUT SYSTEMS",3,期,False,50,0,0,50,黃婉甄,"一C,D,E(工EC 9016)","['CDE', '', '', '', '', '', '']",《獨立研究》,[],False
https://selcrs.nsysu.edu.tw/menu5/showoutline.asp?SYEAR=115&SEM=1&CrsDat=ICE629&Crsname=多天線系統設計專題,,,False,通訊碩,ICE629,0,不分班,"多天線系統設計專題
INDEPENDENT STUDIES IN MULTI-ANTENNA SYSTEM DESIGN",3,期,False,50,0,0,50,溫朝凱,"四C,D,E(工EC 9029)","['', '', '', 'CDE', '', '', '']",《獨立研究》,[],False
https://selcrs.nsysu.edu.tw/menu5/showoutline.asp?SYEAR=115&SEM=1&CrsDat=ICE632&Crsname=通訊網路專題,,,False,通訊碩,ICE632,0,不分班,"通訊網路專題
INDEPENDENT STUDIES IN COMMUNICATION NETWORKS",3,期,False,50,0,0,50,梁家昌,"五9,C,D(工EC 3012)","['', '', '', '', '9CD', '', '']",《獨立研究》,[],True
https://selcrs.nsysu.edu.tw/menu5/showoutline.asp?SYEAR=115&SEM=1&CrsDat=ICE633&Crsname=動態數據分割方法研究專題,,,False,通訊碩,ICE633,0,不分班,"動態數據分割方法研究專題
INDEPENDENT STUDIES IN DYNAMIC DATA SEGMENTATION RESEARCH",3,期,False,50,0,0,50,吳孝純,"三D,E,F(工EC 2016-1)","['', '', 'DEF', '', '', '', '']",《獨立研究》,[],False
https://selcrs.nsysu.edu.tw/menu5/showoutline.asp?SYEAR=115&SEM=1&CrsDat=EO5001&Crsname=書報討論（一）,,,False,光電碩,EO5001,1,不分班,"書報討論（一）
SEMINAR(I)",1,期,True,100,0,0,100,洪裕涵,"一8,6,7(工EN 2028)","['678', '', '', '', '', '', '']",《講授類》,[],False
https://selcrs.nsysu.edu.tw/menu5/showoutline.asp?SYEAR=115&SEM=1&CrsDat=EO5002&Crsname=光電電磁學,,,False,光電碩,EO5002,0,不分班,"光電電磁學
WAVES AND FIELDS IN OPTOELECTRONICS",3,期,False,50,0,0,50,王耀霆,"四5,6,7(國IR 3002)","['', '', '', '567', '', '', '']",《講授類》,[],True
https://selcrs.nsysu.edu.tw/menu5/showoutline.asp?SYEAR=115&SEM=1&CrsDat=EO5012&Crsname=高速光電元件專題,,,False,光電碩,EO5012,0,不分班,"高速光電元件專題
SPECIAL TOPICS IN HIGH-SPEED OPTOELECTRONIC DEVICES",3,期,False,50,0,0,50,邱逸仁,"三D,E,1(工EC 4007)","['', '', '1DE', '', '', '', '']",《獨立研究》,[],True
https://selcrs.nsysu.edu.tw/menu5/showoutline.asp?SYEAR=115&SEM=1&CrsDat=EO5014&Crsname=光電數值方法,,,False,光電碩,EO5014,0,不分班,"光電數值方法
NUMERICAL METHODS FOR ELECTRO-OPTICAL ENGINEERING",3,期,False,50,0,0,50,林元堯,"二5,6,7(國IR 3001)","['', '567', '', '', '', '', '']",《講授類》,[],False
https://selcrs.nsysu.edu.tw/menu5/showoutline.asp?SYEAR=115&SEM=1&CrsDat=EO5016&Crsname=積體光電元件原理與設計,,,False,光電碩,EO5016,0,不分班,"積體光電元件原理與設計
PRINCIPLES AND DESIGN OF INTEGRATED OPTO-ELECTRONIC DEVICES",3,期,False,50,0,0,50,于欽平,"一2,3,4(國IR 3002)","['234', '', '', '', '', '', '']",《講授類》,[],False
https://selcrs.nsysu.edu.tw/menu5/showoutline.asp?SYEAR=115&SEM=1&CrsDat=EO5030&Crsname=超快光電子學專題,,,False,光電碩,EO5030,0,不分班,"超快光電子學專題
SPECIAL TOPICS IN ULTRAFAST PHOTONICS",3,期,False,50,0,0,50,李晁逵,"三D,E,1(國IR 3004)","['', '', '1DE', '', '', '', '']",《獨立研究》,[],False
https://selcrs.nsysu.edu.tw/menu5/showoutline.asp?SYEAR=115&SEM=1&CrsDat=EO5034&Crsname=光電實驗（一）,,,False,光電碩,EO5034,0,不分班,"光電實驗（一）
ELECTRO-OPTICS LAB (I)",3,期,False,50,0,0,50,李晁逵,"一9,1,2,3,4,5(國IR 3014)(實驗)","['123459', '', '', '', '', '', '']",《實驗類》,[],False
https://selcrs.nsysu.edu.tw/menu5/showoutline.asp?SYEAR=115&SEM=1&CrsDat=EO5040&Crsname=有機太陽能電池,,,False,光電碩,EO5040,0,不分班,"有機太陽能電池
ORGANIC SOLAR CELLS",3,期,False,50,0,0,50,黃文堯,"四5,6,7(國IR 3003)","['', '', '', '567', '', '', '']",《講授類》,[],False
https://selcrs.nsysu.edu.tw/menu5/showoutline.asp?SYEAR=115&SEM=1&CrsDat=EO5041&Crsname=有機半導體材料專題,,,False,光電碩,EO5041,0,不分班,"有機半導體材料專題
SPECIAL TOPICS: ORGANIC SEMICONDUCTING MATERIALS",3,期,False,50,0,0,50,黃文堯,"四C,D,E(國IR 2007)","['', '', '', 'CDE', '', '', '']",《獨立研究》,[],False
https://selcrs.nsysu.edu.tw/menu5/showoutline.asp?SYEAR=115&SEM=1&CrsDat=EO5050&Crsname=積體光電元件專題,,,False,光電碩,EO5050,0,不分班,"積體光電元件專題
SPECIAL TOPICS IN INTEGRATED PHOTONIC DEVICES",3,期,False,50,0,0,50,洪玉珠,"二C,D,E(工EC 3019)","['', 'CDE', '', '', '', '', '']",《獨立研究》,[],False
https://selcrs.nsysu.edu.tw/menu5/showoutline.asp?SYEAR=115&SEM=1&CrsDat=EO5052&Crsname=非線性光纖傳送專題,,,False,光電碩,EO5052,0,不分班,"非線性光纖傳送專題
SPECIAL TOPICS IN NONLINEAR FIBER TRANSMISSION",3,期,False,50,0,0,50,林元堯,"一C,D,E(國IR 3004)","['CDE', '', '', '', '', '', '']",《獨立研究》,[],False
https://selcrs.nsysu.edu.tw/menu5/showoutline.asp?SYEAR=115&SEM=1&CrsDat=EO5056&Crsname=光子晶體元件設計專題,,,False,光電碩,EO5056,0,不分班,"光子晶體元件設計專題
SPECIAL TOPICS ON DESIGNS OF PHOTONIC CRYSTAL DEVICES",3,期,False,50,0,0,50,于欽平,"四C,D,E(國IR 3002)","['', '', '', 'CDE', '', '', '']",《獨立研究》,[],False
https://selcrs.nsysu.edu.tw/menu5/showoutline.asp?SYEAR=115&SEM=1&CrsDat=EO5059&Crsname=特種光纖專題,,,False,光電碩,EO5059,0,不分班,"特種光纖專題
SPECIAL TOPICS IN SPECIALTY FIBER",3,期,False,50,0,0,50,洪裕涵,"一C,D,E(工EC 4011)","['CDE', '', '', '', '', '', '']",《獨立研究》,[],False
https://selcrs.nsysu.edu.tw/menu5/showoutline.asp?SYEAR=115&SEM=1&CrsDat=EO5061&Crsname=電漿子學之原理及應用,,,False,光電碩,EO5061,0,不分班,"電漿子學之原理及應用
PRINCIPLES AND APPLICATIONS OF PLASMONICS",3,期,False,50,0,0,50,洪玉珠,"五5,6,7(工EC 4012)","['', '', '', '', '567', '', '']",《講授類》,[],False
https://selcrs.nsysu.edu.tw/menu5/showoutline.asp?SYEAR=115&SEM=1&CrsDat=EO5064&Crsname=最新顯示器技術專題研討,,,False,光電碩,EO5064,0,不分班,"最新顯示器技術專題研討
SPECIAL TOPICS IN EMERGING DISPLAY TECHNOLOGIES",3,期,False,50,0,0,50,王俊達,"四C,D,E(工EC 4022)","['', '', '', 'CDE', '', '', '']",《研討類》,[],False
https://selcrs.nsysu.edu.tw/menu5/showoutline.asp?SYEAR=115&SEM=1&CrsDat=EO5071&Crsname=近代光學,,,False,光電碩,EO5071,0,不分班,"近代光學
FUNDAMENTALS OF MODERN OPTICS",3,期,False,50,0,0,50,邱逸仁,"四2,3,4(工EC 4037)","['', '', '', '234', '', '', '']",《講授類》,[],False
https://selcrs.nsysu.edu.tw/menu5/showoutline.asp?SYEAR=115&SEM=1&CrsDat=EO5097&Crsname=光電半導體技術及應用專題,,,False,光電碩,EO5097,0,不分班,"光電半導體技術及應用專題
SPECIAL TOPICS IN SEMICONDUCTOR OPTOELECTRONICES",3,期,False,50,0,0,50,洪勇智,"四C,D,E(工EC 4009)","['', '', '', 'CDE', '', '', '']",《獨立研究》,[],False
https://selcrs.nsysu.edu.tw/menu5/showoutline.asp?SYEAR=115&SEM=1&CrsDat=EO5135&Crsname=液晶光電材料,,,False,光電碩,EO5135,0,不分班,"液晶光電材料
LIQUID CRYSTAL OPTOELECTRONIC MATERIALS",3,期,False,50,0,0,50,王俊達,"四2,3,4(國IR 3001)","['', '', '', '234', '', '', '']",《講授類》,[],False
https://selcrs.nsysu.edu.tw/menu5/showoutline.asp?SYEAR=115&SEM=1&CrsDat=EO5136&Crsname=液態光子晶體應用專題,,,False,光電碩,EO5136,0,不分班,"液態光子晶體應用專題
SPECIAL TOPICS ON PHOTONIC LIQUID CRYSTAL",3,期,False,50,0,0,50,林宗賢,"五C,D,E(國IR 2005)","['', '', '', '', 'CDE', '', '']",《獨立研究》,[],False
https://selcrs.nsysu.edu.tw/menu5/showoutline.asp?SYEAR=115&SEM=1&CrsDat=EO5250&Crsname=通訊之隨機程序,,,False,光電碩,EO5250,0,不分班,"通訊之隨機程序
RANDOM PROCESSES FOR COMMUNICATIONS",3,期,False,50,0,0,50,魏嘉建,"二2,3,4(工EC 4037)","['', '234', '', '', '', '', '']",《講授類》,[],False
https://selcrs.nsysu.edu.tw/menu5/showoutline.asp?SYEAR=115&SEM=1&CrsDat=EO5251&Crsname=光通訊調變格式專題,,,False,光電碩,EO5251,0,不分班,"光通訊調變格式專題
INDEPENDENT STUDIES IN ADVANCED OPTICAL MODULATION FORMATS",3,期,False,50,0,0,50,魏嘉建,"三D,E,1(工EC 4014)","['', '', '1DE', '', '', '', '']",《獨立研究》,[],False
https://selcrs.nsysu.edu.tw/menu5/showoutline.asp?SYEAR=115&SEM=1&CrsDat=EO5254&Crsname=光電子元件應用,,,False,光電碩,EO5254,0,不分班,"光電子元件應用
APPLICATIONS OF OPTOELECTRONIC DEVICES",3,期,False,50,0,0,50,李炫錫,"三2,3,4(工EC 4038)","['', '', '234', '', '', '', '']",《講授類》,[],True
https://selcrs.nsysu.edu.tw/menu5/showoutline.asp?SYEAR=115&SEM=1&CrsDat=EO5255&Crsname=太陽能電池專題,,,False,光電碩,EO5255,0,不分班,"太陽能電池專題
SPECIAL TOPICS ON SOLAR CELLS",3,期,False,50,0,0,50,李炫錫,"二C,D,E(工EC 4020)","['', 'CDE', '', '', '', '', '']",《研討類》,[],True
https://selcrs.nsysu.edu.tw/menu5/showoutline.asp?SYEAR=115&SEM=1&CrsDat=EO5261&Crsname=半導體元件分析專題,,,False,光電碩,EO5261,0,不分班,"半導體元件分析專題
INDEPENDENT STUDIES IN ANALYSIS OF SEMICONDUCTOR DEVICES",3,期,False,50,0,0,50,林煒淳,"三D,E,1(工EC 4018)","['', '', '1DE', '', '', '', '']",《獨立研究》,[],False
https://selcrs.nsysu.edu.tw/menu5/showoutline.asp?SYEAR=115&SEM=1&CrsDat=EO5263&Crsname=雷射工程物理,,,False,光電碩,EO5263,0,不分班,"雷射工程物理
PHYSICS IN LASER ENGINEERING",3,期,False,50,0,0,50,林元堯,"四2,3,4(國IR 2008)","['', '', '', '234', '', '', '']",《講授類》,[],False
https://selcrs.nsysu.edu.tw/menu5/showoutline.asp?SYEAR=115&SEM=1&CrsDat=EO5266&Crsname=超穎材料專題,,,False,光電碩,EO5266,0,不分班,"超穎材料專題
INDEPENDENT STUDIES IN METAMATERIALS",3,期,False,50,0,0,50,王耀霆,"一C,D,E(工EC 4018)","['CDE', '', '', '', '', '', '']",《獨立研究》,[],False
https://selcrs.nsysu.edu.tw/menu5/showoutline.asp?SYEAR=115&SEM=1&CrsDat=EO5268&Crsname=非線性光纖光學,,,False,光電碩,EO5268,0,不分班,"非線性光纖光學
NONLINEAR FIBER OPTICS",3,期,False,50,0,0,50,洪裕涵,"一2,3,4(國IR 2008)","['234', '', '', '', '', '', '']",《講授類》,[],True
https://selcrs.nsysu.edu.tw/menu5/showoutline.asp?SYEAR=115&SEM=1&CrsDat=EO5269&Crsname=先進光電能源技術國際研習,,,False,光電碩,EO5269,1,不分班,"先進光電能源技術國際研習
OVERSEA STUDY ON INTRODUCTION TO ADVANCED PHOTONIC ENERGY TECHNOLOGY",3,期,False,15,0,0,15,林煒淳,,"['2345678', '12345678', '1234', '12345678', '12345678', '1234', '']","《講授類》
選課對象限光電系學生且經1/30前報名審查通過者",[],True
https://selcrs.nsysu.edu.tw/menu5/showoutline.asp?SYEAR=115&SEM=1&CrsDat=EO5270&Crsname=半導體光學專題,,,False,光電碩,EO5270,0,不分班,"半導體光學專題
SPECIAL TOPICS IN SEMICONDUCTOR OPTICS",3,期,False,50,0,0,50,吳昇展,"五C,D,E(工EC 4013)","['', '', '', '', 'CDE', '', '']",《獨立研究》,[],False
https://selcrs.nsysu.edu.tw/menu5/showoutline.asp?SYEAR=115&SEM=1&CrsDat=EO5272&Crsname=半導體表面分析技術,,,False,光電碩,EO5272,0,不分班,"半導體表面分析技術
SURFACE ANALYSIS TECHNIQUES OF SEMICONDUCTORS",3,期,False,50,0,0,50,林煒淳,"三2,3,4(工EC 4039)","['', '', '234', '', '', '', '']",《講授類》,[],False
https://selcrs.nsysu.edu.tw/menu5/showoutline.asp?SYEAR=115&SEM=1&CrsDat=EO5273&Crsname=固態材料光學特性,,,False,光電碩,EO5273,0,不分班,"固態材料光學特性
OPTICAL PROPERTIES OF SOLIDS",3,期,False,50,0,0,50,吳昇展,"五2,3,4(工EC 4012)","['', '', '', '', '234', '', '']",《講授類》,[],True
https://selcrs.nsysu.edu.tw/menu5/showoutline.asp?SYEAR=115&SEM=1&CrsDat=MOES501&Crsname=書報討論,,,False,材光碩,MOES501,1,不分班,"書報討論
SEMINAR",1,期,True,70,0,0,70,李廣輝,"三6,7(工EN 2028 )","['', '', '67', '', '', '', '']","《研討類》
材光系碩一生選修",[],False
https://selcrs.nsysu.edu.tw/menu5/showoutline.asp?SYEAR=115&SEM=1&CrsDat=MOES503&Crsname=Ｘ光繞射學,,,False,材光碩,MOES503,0,不分班,"Ｘ光繞射學
X-RAY DIFFRACTION",3,期,False,50,0,0,50,王致傑,"一8,6,7(工MS 4019)","['678', '', '', '', '', '', '']",《講授類》,[],False
https://selcrs.nsysu.edu.tw/menu5/showoutline.asp?SYEAR=115&SEM=1&CrsDat=MOES504&Crsname=冶金熱力學,,,False,材光碩,MOES504,0,不分班,"冶金熱力學
METALLURGICAL THERMODYNAMICS",3,期,False,20,0,0,20,邱政維,"一C,D,E(工MS 4025)","['CDE', '', '', '', '', '', '']",《講授類》,[],True
https://selcrs.nsysu.edu.tw/menu5/showoutline.asp?SYEAR=115&SEM=1&CrsDat=MOES506&Crsname=固態相變化,,,False,材光碩,MOES506,0,不分班,"固態相變化
PHASE TRANSFORMATION IN SOLIDS",3,期,False,20,0,0,20,張六文,"四3,4(工MS 2001) 五7(工MS 2001)","['', '', '', '34', '7', '', '']",《講授類》,[],False
https://selcrs.nsysu.edu.tw/menu5/showoutline.asp?SYEAR=115&SEM=1&CrsDat=MOES508&Crsname=高分子合成與反應,,,False,材光碩,MOES508,0,不分班,"高分子合成與反應
SYNTHESIS AND REACTIONS OF POLYMERS",3,期,False,32,0,0,32,曼哈迪,"四C,D,E(工MS 4023)","['', '', '', 'CDE', '', '', '']",《講授類》,[],True
https://selcrs.nsysu.edu.tw/menu5/showoutline.asp?SYEAR=115&SEM=1&CrsDat=MOES512&Crsname=半導體物理,,,False,材光碩,MOES512,0,不分班,"半導體物理
PHYSICS OF SEMICONDUCTOR",3,期,False,20,0,0,20,杭大任,"四C,D,E(工MS 4025 )","['', '', '', 'CDE', '', '', '']","《講授類》
初選限研究生選課",[],False
https://selcrs.nsysu.edu.tw/menu5/showoutline.asp?SYEAR=115&SEM=1&CrsDat=MOES513&Crsname=波動光學,,,False,材光碩,MOES513,0,不分班,"波動光學
WAVE OPTICS",3,期,False,60,0,0,60,蘇威宏,"一4(工MS 4019) 四3,4(工MS 4019)","['4', '', '', '34', '', '', '']",《講授類》,[],True
https://selcrs.nsysu.edu.tw/menu5/showoutline.asp?SYEAR=115&SEM=1&CrsDat=MOES515&Crsname=電磁與量子物理,,,False,材光碩,MOES515,0,不分班,"電磁與量子物理
ELECTROMAGNETISM AND QUANTUM PHYSICS",3,期,False,20,0,0,20,杭大任,"三D,E(工MS 2004) 四9(工MS 2004)","['', '', 'DE', '9', '', '', '']","《講授類》
初選限研究生選課",[],True
https://selcrs.nsysu.edu.tw/menu5/showoutline.asp?SYEAR=115&SEM=1&CrsDat=MOES541&Crsname=高分子檢測與分析,,,False,材光碩,MOES541,0,不分班,"高分子檢測與分析
POLYMER CHARACTERIZATION",3,期,False,60,0,0,60,葉昀昇,"四8,6,7(工MS 4019)","['', '', '', '678', '', '', '']",《講授類》,[],True
https://selcrs.nsysu.edu.tw/menu5/showoutline.asp?SYEAR=115&SEM=1&CrsDat=MOES543&Crsname=軟質材料,,,False,材光碩,MOES543,0,不分班,"軟質材料
SOFT MATERIALS",3,期,False,60,0,0,60,郭紹偉,"二8,6,7(工MS 4019 )","['', '678', '', '', '', '', '']",《講授類》,[],True
https://selcrs.nsysu.edu.tw/menu5/showoutline.asp?SYEAR=115&SEM=1&CrsDat=MOES546&Crsname=電子顯微鏡於軟物質研究之應用,,,False,材光碩,MOES546,0,不分班,"電子顯微鏡於軟物質研究之應用
ELECTRON MICROSCOPY FOR SOFT MATERIALS",3,期,False,60,0,0,60,蔣酉旺,"二2,3,4()","['', '234', '', '', '', '', '']",《講授類》,[],True
https://selcrs.nsysu.edu.tw/menu5/showoutline.asp?SYEAR=115&SEM=1&CrsDat=MOES547&Crsname=半導體元件,,,False,材光碩,MOES547,0,不分班,"半導體元件
SEMICONDUCTOR DEVICE",3,期,False,60,0,0,60,蔡宗鳴,"四C,D,E(工MS 4022)","['', '', '', 'CDE', '', '', '']",《講授類》,[],False
https://selcrs.nsysu.edu.tw/menu5/showoutline.asp?SYEAR=115&SEM=1&CrsDat=MOES557&Crsname=材料光譜分析,,,False,材光碩,MOES557,0,不分班,"材料光譜分析
SPECTROSCOPIC METHODS IN MATERIALS CHARACTERIZATION",3,期,False,20,0,0,20,徐瑞鴻,"三2,3,4(工MS 4025)","['', '', '234', '', '', '', '']",《講授類》,[],False
https://selcrs.nsysu.edu.tw/menu5/showoutline.asp?SYEAR=115&SEM=1&CrsDat=MOES561&Crsname=凝態理論,,,False,材光碩,MOES561,0,不分班,"凝態理論
CONDENSED MATTER THEORY",3,期,False,32,0,0,32,林仕鑫,"五1,2,3()","['', '', '', '', '123', '', '']",《講授類》,[],True
https://selcrs.nsysu.edu.tw/menu5/showoutline.asp?SYEAR=115&SEM=1&CrsDat=MOES571&Crsname=專題研究（一）,,,False,材光碩,MOES571,1,不分班,"專題研究（一）
INDEPENDENT STUDIES(I)",3,期,False,8,0,0,8,林仕鑫,"二C,D,E()","['', 'CDE', '', '', '', '', '']","《獨立研究》
材料計算模擬相關專題。學生選課前請先與指導教授洽談",[],True
https://selcrs.nsysu.edu.tw/menu5/showoutline.asp?SYEAR=115&SEM=1&CrsDat=MOES571A&Crsname=專題研究（一）,,,False,材光碩,MOES571A,1,不分班,"專題研究（一）
INDEPENDENT STUDIES(I)",3,期,False,8,0,0,8,蔡宗鳴,"二C,D,E()","['', 'CDE', '', '', '', '', '']","《獨立研究》
超臨界流體技術相關專題。學生選課前請先與指導教授洽談。",[],True
https://selcrs.nsysu.edu.tw/menu5/showoutline.asp?SYEAR=115&SEM=1&CrsDat=MOES571C&Crsname=專題研究（一）,,,False,材光碩,MOES571C,1,不分班,"專題研究（一）
INDEPENDENT STUDIES(I)",3,期,False,8,0,0,8,郭哲男,"二C,D,E()","['', 'CDE', '', '', '', '', '']",《獨立研究》,[],True
https://selcrs.nsysu.edu.tw/menu5/showoutline.asp?SYEAR=115&SEM=1&CrsDat=MOES571D&Crsname=專題研究（一）,,,False,材光碩,MOES571D,1,不分班,"專題研究（一）
INDEPENDENT STUDIES(I)",3,期,False,8,0,0,8,陳致光,"二C,D,E()","['', 'CDE', '', '', '', '', '']","《獨立研究》
高分子化學、奈米生醫相關專題。學生選課前請先與指導教授洽談。",[],True
https://selcrs.nsysu.edu.tw/menu5/showoutline.asp?SYEAR=115&SEM=1&CrsDat=MOES571E&Crsname=專題研究（一）,,,False,材光碩,MOES571E,1,不分班,"專題研究（一）
INDEPENDENT STUDIES(I)",3,期,False,8,0,0,8,葉昀昇,"二C,D,E()","['', 'CDE', '', '', '', '', '']","《獨立研究》
高分子複合材料、熱界面材料相關專題。學生選課前請先與指導教授洽談。",[],True
https://selcrs.nsysu.edu.tw/menu5/showoutline.asp?SYEAR=115&SEM=1&CrsDat=MOES571F&Crsname=專題研究（一）,,,False,材光碩,MOES571F,1,不分班,"專題研究（一）
INDEPENDENT STUDIES(I)",3,期,False,8,0,0,8,杭大任,"二C,D,E()","['', 'CDE', '', '', '', '', '']","《獨立研究》
半導體材料與科學、能源材料相關專題。學生選課前請先與指導教授洽談。",[],True
https://selcrs.nsysu.edu.tw/menu5/showoutline.asp?SYEAR=115&SEM=1&CrsDat=MOES571G&Crsname=專題研究（一）,,,False,材光碩,MOES571G,1,不分班,"專題研究（一）
INDEPENDENT STUDIES(I)",3,期,False,8,0,0,8,王致傑,"二C,D,E()","['', 'CDE', '', '', '', '', '']","《獨立研究》
奈米能源材料相關專題。學生選課前請先與指導教授洽談。",[],True
https://selcrs.nsysu.edu.tw/menu5/showoutline.asp?SYEAR=115&SEM=1&CrsDat=MOES571H&Crsname=專題研究（一）,,,False,材光碩,MOES571H,1,不分班,"專題研究（一）
INDEPENDENT STUDIES(I)",3,期,False,8,0,0,8,徐瑞鴻,"二C,D,E()","['', 'CDE', '', '', '', '', '']","《獨立研究》
顯微螢光光譜相關專題。學生選課前請先與指導教授洽談。",[],True
https://selcrs.nsysu.edu.tw/menu5/showoutline.asp?SYEAR=115&SEM=1&CrsDat=MOES571I&Crsname=專題研究（一）,,,False,材光碩,MOES571I,1,不分班,"專題研究（一）
INDEPENDENT STUDIES(I)",3,期,False,8,0,0,8,蘇威宏,"二C,D,E()","['', 'CDE', '', '', '', '', '']","《獨立研究》
光學檢測相關專題。學生選課前請先與指導教授洽談。",[],True
https://selcrs.nsysu.edu.tw/menu5/showoutline.asp?SYEAR=115&SEM=1&CrsDat=MOES571K&Crsname=專題研究（一）,,,False,材光碩,MOES571K,1,不分班,"專題研究（一）
INDEPENDENT STUDIES(I)",3,期,False,8,0,0,8,郭紹偉,"二C,D,E()","['', 'CDE', '', '', '', '', '']","《獨立研究》
超分子材料相關專題。學生選課前請先與指導教授洽談。",[],True
https://selcrs.nsysu.edu.tw/menu5/showoutline.asp?SYEAR=115&SEM=1&CrsDat=MOES571L&Crsname=專題研究（一）,,,False,材光碩,MOES571L,1,不分班,"專題研究（一）
INDEPENDENT STUDIES(I)",3,期,False,8,0,0,8,張六文,"二C,D,E()","['', 'CDE', '', '', '', '', '']","《獨立研究》
材料顯微組織與集合組織分析相關專題。學生選課前請先與指導教授洽談。",[],True
https://selcrs.nsysu.edu.tw/menu5/showoutline.asp?SYEAR=115&SEM=1&CrsDat=MOES571M&Crsname=專題研究（一）,,,False,材光碩,MOES571M,1,不分班,"專題研究（一）
INDEPENDENT STUDIES(I)",3,期,False,8,0,0,8,蔣酉旺,"二C,D,E()","['', 'CDE', '', '', '', '', '']","《獨立研究》
先進高分子相關專題。學生選課前請先與指導教授洽談。",[],True
https://selcrs.nsysu.edu.tw/menu5/showoutline.asp?SYEAR=115&SEM=1&CrsDat=MOES571N&Crsname=專題研究（一）,,,False,材光碩,MOES571N,1,不分班,"專題研究（一）
INDEPENDENT STUDIES(I)",3,期,False,8,0,0,8,王映樵,"二C,D,E()","['', 'CDE', '', '', '', '', '']","《獨立研究》
光電材料與元件相關專題。學生選課前請先與指導教授洽談。",[],True
https://selcrs.nsysu.edu.tw/menu5/showoutline.asp?SYEAR=115&SEM=1&CrsDat=MOES571O&Crsname=專題研究（一）,,,False,材光碩,MOES571O,1,不分班,"專題研究（一）
INDEPENDENT STUDIES(I)",3,期,False,8,0,0,8,曼哈迪,"二C,D,E()","['', 'CDE', '', '', '', '', '']","《獨立研究》
有機高分子相關專題。學生選課前請先與指導教授洽談。",[],True
https://selcrs.nsysu.edu.tw/menu5/showoutline.asp?SYEAR=115&SEM=1&CrsDat=MOES571P&Crsname=專題研究（一）,,,False,材光碩,MOES571P,1,不分班,"專題研究（一）
INDEPENDENT STUDIES(I)",3,期,False,8,0,0,8,邱政維,"二C,D,E()","['', 'CDE', '', '', '', '', '']","《獨立研究》
奈米材料、高分子合成相關專題。學生選課前請先與指導教授洽談。",[],True
https://selcrs.nsysu.edu.tw/menu5/showoutline.asp?SYEAR=115&SEM=1&CrsDat=MOES571Q&Crsname=專題研究（一）,,,False,材光碩,MOES571Q,1,不分班,"專題研究（一）
INDEPENDENT STUDIES(I)",3,期,False,8,0,0,8,呂德,"二C,D,E()","['', 'CDE', '', '', '', '', '']","《獨立研究》
Independent StudyⅠ (1st year MS) Direction:  Digital age of materials science  Prerequisite:  linear algebra, calculus, coding, basic understanding of server client operation, geometry, solid state and molecular physics",[],True
https://selcrs.nsysu.edu.tw/menu5/showoutline.asp?SYEAR=115&SEM=1&CrsDat=MOES571R&Crsname=專題研究（一）,,,False,材光碩,MOES571R,1,不分班,"專題研究（一）
INDEPENDENT STUDIES(I)",3,期,False,8,0,0,8,王志逢,"二C,D,E()","['', 'CDE', '', '', '', '', '']","《獨立研究》
高分子複合材料相關專題。學生選課前請先與指導教授洽談。",[],True
https://selcrs.nsysu.edu.tw/menu5/showoutline.asp?SYEAR=115&SEM=1&CrsDat=MOES571S&Crsname=專題研究（一）,,,False,材光碩,MOES571S,1,不分班,"專題研究（一）
INDEPENDENT STUDIES(I)",3,期,False,8,0,0,8,李伯軒,"二C,D,E()","['', 'CDE', '', '', '', '', '']","《獨立研究》
積層製造、機械特性、先進顯微鏡相關專題。學生選課前請先與指導教授洽談。",[],True
https://selcrs.nsysu.edu.tw/menu5/showoutline.asp?SYEAR=115&SEM=1&CrsDat=MOES571T&Crsname=專題研究（一）,,,False,材光碩,MOES571T,1,不分班,"專題研究（一）
INDEPENDENT STUDIES(I)",3,期,False,8,0,0,8,李廣輝,"二C,D,E()","['', 'CDE', '', '', '', '', '']","《獨立研究》
半導體材料磊晶成長，材料分析，光電元件相關專題。學生選課前請先與指導教授洽談。",[],True
https://selcrs.nsysu.edu.tw/menu5/showoutline.asp?SYEAR=115&SEM=1&CrsDat=MOES571U&Crsname=專題研究（一）,,,False,材光碩,MOES571U,1,不分班,"專題研究（一）
INDEPENDENT STUDIES(I)",3,期,False,8,0,0,8,李明賢,"二C,D,E()","['', 'CDE', '', '', '', '', '']",《獨立研究》,[],True
https://selcrs.nsysu.edu.tw/menu5/showoutline.asp?SYEAR=115&SEM=1&CrsDat=MOES571V&Crsname=專題研究（一）,,,False,材光碩,MOES571V,1,不分班,"專題研究（一）
INDEPENDENT STUDIES(I)",3,期,False,8,0,0,8,張尹,"二C,D,E()","['', 'CDE', '', '', '', '', '']","《獨立研究》
生物材料, 仿生材料, 多尺度結構分析, 結構光學, 生物力學, 3D 生物影像重建分析相關專題。學生選課前請先與指導教授洽談。",[],True
https://selcrs.nsysu.edu.tw/menu5/showoutline.asp?SYEAR=115&SEM=1&CrsDat=MOES573&Crsname=專題研究（三）,,,False,材光碩,MOES573,2,不分班,"專題研究（三）
INDEPENDENT STUDIES(III)",3,期,False,8,0,0,8,林仕鑫,"五C,D,E()","['', '', '', '', 'CDE', '', '']","《獨立研究》
材料計算模擬相關專題。學生選課前請先與指導教授洽談。",[],True
https://selcrs.nsysu.edu.tw/menu5/showoutline.asp?SYEAR=115&SEM=1&CrsDat=MOES573A&Crsname=專題研究（三）,,,False,材光碩,MOES573A,2,不分班,"專題研究（三）
INDEPENDENT STUDIES(III)",3,期,False,8,0,0,8,蔡宗鳴,"五C,D,E()","['', '', '', '', 'CDE', '', '']","《獨立研究》
超臨界流體技術相關專題。學生選課前請先與指導教授洽談。",[],True
https://selcrs.nsysu.edu.tw/menu5/showoutline.asp?SYEAR=115&SEM=1&CrsDat=MOES573C&Crsname=專題研究（三）,,,False,材光碩,MOES573C,2,不分班,"專題研究（三）
INDEPENDENT STUDIES(III)",3,期,False,8,0,0,8,郭哲男,"五C,D,E()","['', '', '', '', 'CDE', '', '']","《獨立研究》
金屬3D列印、先進金屬材料相關專題。學生選課前請先與指導教授洽談。",[],True
https://selcrs.nsysu.edu.tw/menu5/showoutline.asp?SYEAR=115&SEM=1&CrsDat=MOES573D&Crsname=專題研究（三）,,,False,材光碩,MOES573D,2,不分班,"專題研究（三）
INDEPENDENT STUDIES(III)",3,期,False,8,0,0,8,陳致光,"五C,D,E()","['', '', '', '', 'CDE', '', '']","《獨立研究》
高分子化學、奈米生醫相關專題。學生選課前請先與指導教授洽談。",[],True
https://selcrs.nsysu.edu.tw/menu5/showoutline.asp?SYEAR=115&SEM=1&CrsDat=MOES573E&Crsname=專題研究（三）,,,False,材光碩,MOES573E,2,不分班,"專題研究（三）
INDEPENDENT STUDIES(III)",3,期,False,8,0,0,8,葉昀昇,"五C,D,E()","['', '', '', '', 'CDE', '', '']","《獨立研究》
高分子複合材料、熱界面材料相關專題。學生選課前請先與指導教授洽談。",[],True
https://selcrs.nsysu.edu.tw/menu5/showoutline.asp?SYEAR=115&SEM=1&CrsDat=MOES573F&Crsname=專題研究（三）,,,False,材光碩,MOES573F,2,不分班,"專題研究（三）
INDEPENDENT STUDIES(III)",3,期,False,8,0,0,8,杭大任,"二C,D,E()","['', 'CDE', '', '', '', '', '']","《獨立研究》
半導體材料與科學、能源材料相關專題。學生選課前請先與指導教授洽談。",[],True
https://selcrs.nsysu.edu.tw/menu5/showoutline.asp?SYEAR=115&SEM=1&CrsDat=MOES573G&Crsname=專題研究（三）,,,False,材光碩,MOES573G,2,不分班,"專題研究（三）
INDEPENDENT STUDIES(III)",3,期,False,8,0,0,8,王致傑,"五C,D,E()","['', '', '', '', 'CDE', '', '']","《獨立研究》
奈米能源材料相關專題。學生選課前請先與指導教授洽談。",[],True
https://selcrs.nsysu.edu.tw/menu5/showoutline.asp?SYEAR=115&SEM=1&CrsDat=MOES573H&Crsname=專題研究（三）,,,False,材光碩,MOES573H,2,不分班,"專題研究（三）
INDEPENDENT STUDIES(III)",3,期,False,8,0,0,8,徐瑞鴻,"五C,D,E()","['', '', '', '', 'CDE', '', '']","《獨立研究》
顯微螢光光譜相關專題。學生選課前請先與指導教授洽談。",[],True
https://selcrs.nsysu.edu.tw/menu5/showoutline.asp?SYEAR=115&SEM=1&CrsDat=MOES573I&Crsname=專題研究（三）,,,False,材光碩,MOES573I,2,不分班,"專題研究（三）
INDEPENDENT STUDIES(III)",3,期,False,8,0,0,8,蘇威宏,"五C,D,E()","['', '', '', '', 'CDE', '', '']","《獨立研究》
光學檢測相關專題。學生選課前請先與指導教授洽談。",[],True
https://selcrs.nsysu.edu.tw/menu5/showoutline.asp?SYEAR=115&SEM=1&CrsDat=MOES573K&Crsname=專題研究（三）,,,False,材光碩,MOES573K,2,不分班,"專題研究（三）
INDEPENDENT STUDIES(III)",3,期,False,8,0,0,8,郭紹偉,"五C,D,E()","['', '', '', '', 'CDE', '', '']","《獨立研究》
超分子材料相關專題。學生選課前請先與指導教授洽談。",[],True
https://selcrs.nsysu.edu.tw/menu5/showoutline.asp?SYEAR=115&SEM=1&CrsDat=MOES573L&Crsname=專題研究（三）,,,False,材光碩,MOES573L,2,不分班,"專題研究（三）
INDEPENDENT STUDIES(III)",3,期,False,8,0,0,8,張六文,"五C,D,E()","['', '', '', '', 'CDE', '', '']","《獨立研究》
材料顯微組織與集合組織分析相關專題。學生選課前請先與指導教授洽談。",[],True
https://selcrs.nsysu.edu.tw/menu5/showoutline.asp?SYEAR=115&SEM=1&CrsDat=MOES573M&Crsname=專題研究（三）,,,False,材光碩,MOES573M,2,不分班,"專題研究（三）
INDEPENDENT STUDIES(III)",3,期,False,8,0,0,8,蔣酉旺,"五C,D,E()","['', '', '', '', 'CDE', '', '']","《獨立研究》
先進高分子相關專題。學生選課前請先與指導教授洽談。",[],True
https://selcrs.nsysu.edu.tw/menu5/showoutline.asp?SYEAR=115&SEM=1&CrsDat=MOES573N&Crsname=專題研究（三）,,,False,材光碩,MOES573N,2,不分班,"專題研究（三）
INDEPENDENT STUDIES(III)",3,期,False,8,0,0,8,王映樵,"五C,D,E()","['', '', '', '', 'CDE', '', '']","《獨立研究》
光電材料與元件相關專題。學生選課前請先與指導教授洽談。",[],True
https://selcrs.nsysu.edu.tw/menu5/showoutline.asp?SYEAR=115&SEM=1&CrsDat=MOES573O&Crsname=專題研究（三）,,,False,材光碩,MOES573O,2,不分班,"專題研究（三）
INDEPENDENT STUDIES(III)",3,期,False,8,0,0,8,曼哈迪,"五C,D,E()","['', '', '', '', 'CDE', '', '']","《獨立研究》
有機高分子相關專題。學生選課前請先與指導教授洽談。",[],True
https://selcrs.nsysu.edu.tw/menu5/showoutline.asp?SYEAR=115&SEM=1&CrsDat=MOES573P&Crsname=專題研究（三）,,,False,材光碩,MOES573P,2,不分班,"專題研究（三）
INDEPENDENT STUDIES(III)",3,期,False,8,0,0,8,邱政維,"五C,D,E()","['', '', '', '', 'CDE', '', '']","《獨立研究》
奈米材料、高分子合成相關專題。學生選課前請先與指導教授洽談。",[],True
https://selcrs.nsysu.edu.tw/menu5/showoutline.asp?SYEAR=115&SEM=1&CrsDat=MOES573Q&Crsname=專題研究（三）,,,False,材光碩,MOES573Q,2,不分班,"專題研究（三）
INDEPENDENT STUDIES(III)",3,期,False,8,0,0,8,呂德,"五C,D,E()","['', '', '', '', 'CDE', '', '']","《獨立研究》
Independent Study Ⅲ (2nd year and later MS) Direction:  AR/VR in materials science  Prerequisite : linear algebra, calculus, coding, basic understanding of server client operation, geometry, basic ML techniques, AR/VR concepts, solid state and molec",[],True
https://selcrs.nsysu.edu.tw/menu5/showoutline.asp?SYEAR=115&SEM=1&CrsDat=MOES573R&Crsname=專題研究（三）,,,False,材光碩,MOES573R,2,不分班,"專題研究（三）
INDEPENDENT STUDIES(III)",3,期,False,8,0,0,8,王志逢,"五C,D,E()","['', '', '', '', 'CDE', '', '']","《獨立研究》
高分子複合材料相關專題。學生選課前請先與指導教授洽談。",[],True
https://selcrs.nsysu.edu.tw/menu5/showoutline.asp?SYEAR=115&SEM=1&CrsDat=MOES573S&Crsname=專題研究（三）,,,False,材光碩,MOES573S,2,不分班,"專題研究（三）
INDEPENDENT STUDIES(III)",3,期,False,8,0,0,8,李伯軒,"五C,D,E()","['', '', '', '', 'CDE', '', '']","《獨立研究》
積層製造、機械特性、先進顯微鏡相關專題。學生選課前請先與指導教授洽談。",[],True
https://selcrs.nsysu.edu.tw/menu5/showoutline.asp?SYEAR=115&SEM=1&CrsDat=MOES573T&Crsname=專題研究（三）,,,False,材光碩,MOES573T,2,不分班,"專題研究（三）
INDEPENDENT STUDIES(III)",3,期,False,8,0,0,8,李廣輝,"五C,D,E()","['', '', '', '', 'CDE', '', '']","《獨立研究》
半導體材料磊晶成長，材料分析，光電元件相關專題。學生選課前請先與指導教授洽談。",[],True
https://selcrs.nsysu.edu.tw/menu5/showoutline.asp?SYEAR=115&SEM=1&CrsDat=MOES573U&Crsname=專題研究（三）,,,False,材光碩,MOES573U,3,不分班,"專題研究（三）
INDEPENDENT STUDIES(III)",3,期,False,8,0,0,8,李明賢,"五C,D,E()","['', '', '', '', 'CDE', '', '']",《獨立研究》,[],True
https://selcrs.nsysu.edu.tw/menu5/showoutline.asp?SYEAR=115&SEM=1&CrsDat=MOES573V&Crsname=專題研究（三）,,,False,材光碩,MOES573V,2,不分班,"專題研究（三）
INDEPENDENT STUDIES(III)",3,期,False,8,0,0,8,張尹,"五C,D,E()","['', '', '', '', 'CDE', '', '']",《獨立研究》,[],True
https://selcrs.nsysu.edu.tw/menu5/showoutline.asp?SYEAR=115&SEM=1&CrsDat=MOES591&Crsname=材料化學,,,False,材光碩,MOES591,0,不分班,"材料化學
MATERIALS CHEMISTRY",3,期,False,60,0,0,60,王映樵,"二2,3,4(工MS 4019)","['', '234', '', '', '', '', '']",《講授類》,[],True
https://selcrs.nsysu.edu.tw/menu5/showoutline.asp?SYEAR=115&SEM=1&CrsDat=MOES592&Crsname=生醫材料,,,False,材光碩,MOES592,0,不分班,"生醫材料
BIOMATERIALS",3,期,False,20,0,0,20,陳致光,"三D,E(工MS 2001) 四9(工MS 2001)","['', '', 'DE', '9', '', '', '']",《講授類》,[],True
https://selcrs.nsysu.edu.tw/menu5/showoutline.asp?SYEAR=115&SEM=1&CrsDat=MOES597&Crsname=生物與仿生材料,,,False,材光碩,MOES597,0,不分班,"生物與仿生材料
BIOLOGICAL AND BIO-INSPIRED MATERIALS",3,期,False,30,0,0,30,張尹,"四8,6,7(圖IL PC05)","['', '', '', '678', '', '', '']",《講授類》,[],False
https://selcrs.nsysu.edu.tw/menu5/showoutline.asp?SYEAR=115&SEM=1&CrsDat=IICD501&Crsname=書報討論,,,False,積體電路碩,IICD501,1,不分班,"書報討論
SEMINAR",1,期,True,50,0,0,50,謝東佑,"二6,7(工EC 1001)","['', '67', '', '', '', '', '']",《演講/參訪》,[],False
https://selcrs.nsysu.edu.tw/menu5/showoutline.asp?SYEAR=115&SEM=1&CrsDat=IICD501A&Crsname=書報討論,,,False,積體電路碩,IICD501A,2,不分班,"書報討論
SEMINAR",1,期,True,50,0,0,50,謝東佑,"二6,7(工EC 1001)","['', '67', '', '', '', '', '']",《演講/參訪》,[],False
https://selcrs.nsysu.edu.tw/menu5/showoutline.asp?SYEAR=115&SEM=1&CrsDat=IICD502&Crsname=系統晶片設計,,,False,積體電路碩,IICD502,0,不分班,"系統晶片設計
SYSTEM-ON-CHIP DESIGN",3,期,False,50,0,0,50,施信毓,"三5,6,7(工EC 3009)","['', '', '567', '', '', '', '']","《講授類》
與電機碩併班上課",[],True
https://selcrs.nsysu.edu.tw/menu5/showoutline.asp?SYEAR=115&SEM=1&CrsDat=IICD503&Crsname=計算機結構,,,False,積體電路碩,IICD503,0,不分班,"計算機結構
COMPUTER ARCHITECTURE",3,期,False,50,0,0,50,李淑敏,"三5,6,7(工EC 1006)","['', '', '567', '', '', '', '']","《講授類》
與資工碩併班上課",[],True
https://selcrs.nsysu.edu.tw/menu5/showoutline.asp?SYEAR=115&SEM=1&CrsDat=IICD504&Crsname=系統晶片測試,,,False,積體電路碩,IICD504,0,不分班,"系統晶片測試
SYSTEM-ON-CHIP TESTING",3,期,False,50,0,0,50,謝東佑,"四5,6,7(工EC 6019)","['', '', '', '567', '', '', '']","《講授類》
與電機碩併班上課",[],True
https://selcrs.nsysu.edu.tw/menu5/showoutline.asp?SYEAR=115&SEM=1&CrsDat=IICD505&Crsname=電源管理積體電路設計,,,False,積體電路碩,IICD505,0,不分班,"電源管理積體電路設計
POWER MANAGEMENT INTEGRATED CIRCUIT DESIGN",3,期,False,50,0,0,50,李宗哲,"五5,6,7(工EC 6010-2)","['', '', '', '', '567', '', '']","《講授類》
與電機碩併班上課",[],True
https://selcrs.nsysu.edu.tw/menu5/showoutline.asp?SYEAR=115&SEM=1&CrsDat=IICD520&Crsname=數位通訊電路設計,,,False,積體電路碩,IICD520,0,不分班,"數位通訊電路設計
DIGITAL COMMUNICATION IC DESIGN",3,期,False,50,0,0,50,施信毓,"四8,6,7(工EC 3012)","['', '', '', '678', '', '', '']","《講授類》
與電機碩併班上課",[],True
https://selcrs.nsysu.edu.tw/menu5/showoutline.asp?SYEAR=115&SEM=1&CrsDat=IICD521&Crsname=EDA 設計流程整合,,,False,積體電路碩,IICD521,0,不分班,"EDA 設計流程整合
EDA DESIGN FLOW INTEGRATION",3,期,False,30,0,0,30,辛艾曼,"四5,6,7(工EC 6010-2)","['', '', '', '567', '', '', '']",《講授類》,[],True
https://selcrs.nsysu.edu.tw/menu5/showoutline.asp?SYEAR=115&SEM=1&CrsDat=IICD524&Crsname=數位信號處理,,,False,積體電路碩,IICD524,0,不分班,"數位信號處理
DIGITAL SIGNAL PROCESSING",3,期,False,50,0,0,50,溫朝凱,"四2,3,4(工EC 2002)","['', '', '', '234', '', '', '']","《講授類》
與通訊碩併班上課",[],True
https://selcrs.nsysu.edu.tw/menu5/showoutline.asp?SYEAR=115&SEM=1&CrsDat=IICD525&Crsname=通訊介面IC設計,,,False,積體電路碩,IICD525,0,不分班,"通訊介面IC設計
IC DESIGN FOR COMMUNICATION INTERFACES",3,期,False,50,0,0,50,王朝欽,"四2,3,4(工EC 2010)","['', '', '', '234', '', '', '']","《講授類》
與電機碩併班上課",[],True
https://selcrs.nsysu.edu.tw/menu5/showoutline.asp?SYEAR=115&SEM=1&CrsDat=IICD526&Crsname=類比積體電路設計,,,False,積體電路碩,IICD526,0,不分班,"類比積體電路設計
ANALOG INTEGRATED CIRCUIT DESIGN",3,期,False,50,0,0,50,郭可驥,"一5,6,7(工EC 5007)","['567', '', '', '', '', '', '']","《講授類》
與資工碩併班上課。修習本課程須具備電子學、電路學、工程數學及半導體元件物理等基礎知識。",[],True
https://selcrs.nsysu.edu.tw/menu5/showoutline.asp?SYEAR=115&SEM=1&CrsDat=IICD529&Crsname=嵌入式系統實務,,,False,積體電路碩,IICD529,0,不分班,"嵌入式系統實務
EMBEDDED SYSTEMS PRACTICE",3,期,False,30,0,0,30,李博明,"一2,3,4(工EC 6010-2)","['234', '', '', '', '', '', '']",《講授類》,[],True
https://selcrs.nsysu.edu.tw/menu5/showoutline.asp?SYEAR=115&SEM=1&CrsDat=IICD534&Crsname=資料密集系統的軟硬體協同設計,異動,更換時間6/30,False,積體電路碩,IICD534,0,不分班,"資料密集系統的軟硬體協同設計
SOFTWARE-HARDWARE CO-DESIGN FOR DATA-INTENSIVE SYSTEMS",3,期,False,50,0,0,50,辛艾曼,"五5,6,7(工EC 3024)","['', '', '', '', '567', '', '']",《講授類》,[],True
https://selcrs.nsysu.edu.tw/menu5/showoutline.asp?SYEAR=115&SEM=1&CrsDat=IICD580&Crsname=高等數位電路設計專題,,,False,積體電路碩,IICD580,0,不分班,"高等數位電路設計專題
INDEPENDENT STUDIES IN ADVANCED DIGITAL CIRCUIT DESIGN",3,期,False,50,0,0,50,施信毓,"一8,6,7(工EC 2018)","['678', '', '', '', '', '', '']","《獨立研究》
與電機碩併班上課",[],True
https://selcrs.nsysu.edu.tw/menu5/showoutline.asp?SYEAR=115&SEM=1&CrsDat=IICD582&Crsname=積體電路佈局專題,,,False,積體電路碩,IICD582,0,不分班,"積體電路佈局專題
INDEPENDENT STUDIES IN IC LAYOUT",3,期,False,50,0,0,50,李宗哲,"二2,3,4(工EC 3024)","['', '234', '', '', '', '', '']","《獨立研究》
與電機碩併班上課",[],True
https://selcrs.nsysu.edu.tw/menu5/showoutline.asp?SYEAR=115&SEM=1&CrsDat=IICD583&Crsname=積體電路系統測試專題,,,False,積體電路碩,IICD583,0,不分班,"積體電路系統測試專題
INDEPENDENT STUDIES IN VLSI TESTING",3,期,False,50,0,0,50,謝東佑,"一8,6,7(工EC 8037)","['678', '', '', '', '', '', '']","《獨立研究》
與電機碩併班上課",[],True
https://selcrs.nsysu.edu.tw/menu5/showoutline.asp?SYEAR=115&SEM=1&CrsDat=IICD584&Crsname=類比與混合訊號積體電路設計專題,,,False,積體電路碩,IICD584,0,不分班,"類比與混合訊號積體電路設計專題
INDEPENDENT STUDIES IN THE ANALOG AND MIXED-SIGNAL INTEGRATED CIRCUIT DESIGN",3,期,False,50,0,0,50,郭可驥,"一2,3,4(工EC 5007)","['234', '', '', '', '', '', '']","《獨立研究》
與資工碩併班上課",[],False
https://selcrs.nsysu.edu.tw/menu5/showoutline.asp?SYEAR=115&SEM=1&CrsDat=IICD589&Crsname=CMOS射頻電路設計專題	,,,False,積體電路碩,IICD589,0,不分班,"CMOS射頻電路設計專題	
INDEPENDENT STUDIES IN CMOS RF CIRCUIT DESIGN",3,期,False,50,0,0,50,王朝欽,"一8,6,7(工EC 8013)","['678', '', '', '', '', '', '']","《獨立研究》
與電機碩併班上課 英語授課",[],False
https://selcrs.nsysu.edu.tw/menu5/showoutline.asp?SYEAR=115&SEM=1&CrsDat=IICD590&Crsname=高效能AI加速器設計專題,,,False,積體電路碩,IICD590,0,不分班,"高效能AI加速器設計專題
INDEPENDENT STUDIES IN HIGH-PERFORMANCE AI ACCELERATOR DESIGN",3,期,False,50,0,0,50,辛艾曼,"三2,3,4(工EC 3024)","['', '', '234', '', '', '', '']",《獨立研究》,[],True
https://selcrs.nsysu.edu.tw/menu5/showoutline.asp?SYEAR=115&SEM=1&CrsDat=IICD592&Crsname=視訊傳輸專題,,,False,積體電路碩,IICD592,0,不分班,"視訊傳輸專題
INDEPENDENT STUDIES IN VIDEO COMMUNICATION",3,期,False,50,0,0,50,葉家宏,"六8,6,7(工EC 7040)","['', '', '', '', '', '678', '']","《獨立研究》
與電機碩併班上課",[],False
https://selcrs.nsysu.edu.tw/menu5/showoutline.asp?SYEAR=115&SEM=1&CrsDat=CSE506&Crsname=計算機結構,,,False,資安碩,CSE506,1,不分班,"計算機結構
COMPUTER ARCHITECTURES",3,期,True,50,0,0,50,李淑敏,"三5,6,7(工EC 1006)","['', '', '567', '', '', '', '']",《講授類》,[],True
https://selcrs.nsysu.edu.tw/menu5/showoutline.asp?SYEAR=115&SEM=1&CrsDat=CSE511&Crsname=演算法設計與分析,,,False,資安碩,CSE511,1,不分班,"演算法設計與分析
ALGORITHM DESIGN AND ANALYSIS",3,期,True,50,0,0,50,楊昌彪,"二2,3,4(工EC 5012)","['', '234', '', '', '', '', '']",《講授類》,[],False
https://selcrs.nsysu.edu.tw/menu5/showoutline.asp?SYEAR=115&SEM=1&CrsDat=CSE512&Crsname=密碼學,,,False,資安碩,CSE512,1,不分班,"密碼學
CRYPTOGRAPHY",3,期,True,50,0,0,50,克拉迪,"四2,3,4(工EC 9031)","['', '', '', '234', '', '', '']",《講授類》,[],True
https://selcrs.nsysu.edu.tw/menu5/showoutline.asp?SYEAR=115&SEM=1&CrsDat=CSE516&Crsname=高等電腦網路,,,False,資安碩,CSE516,1,不分班,"高等電腦網路
ADVANCED COMPUTER NETWORKS",3,期,True,50,0,0,50,林俊宏,"三2,3,4(工EC 5012)","['', '', '234', '', '', '', '']",《講授類》,[],False
https://selcrs.nsysu.edu.tw/menu5/showoutline.asp?SYEAR=115&SEM=1&CrsDat=CSE518&Crsname=數位簽章機制與應用,,,False,資安碩,CSE518,2,不分班,"數位簽章機制與應用
DIGITAL SIGNATURE SCHEMES AND APPLICATIONS",3,期,True,50,0,0,50,克拉迪,"一8,6,7(工EC 5012)","['678', '', '', '', '', '', '']",《講授類》,[],True
https://selcrs.nsysu.edu.tw/menu5/showoutline.asp?SYEAR=115&SEM=1&CrsDat=CSE519&Crsname=駭客攻防與電腦鑑識技術,,,False,資安碩,CSE519,2,不分班,"駭客攻防與電腦鑑識技術
HACK TECHNOLOGY & COMPUTER FORENSIC",3,期,True,50,0,0,50,王智弘,"五2,3,4(圖IL PC03)","['', '', '', '', '234', '', '']",《講授類》,[],False
https://selcrs.nsysu.edu.tw/menu5/showoutline.asp?SYEAR=115&SEM=1&CrsDat=CSE521&Crsname=高等作業系統,,,False,資安碩,CSE521,1,不分班,"高等作業系統
ADVANCED OPERATING SYSTEMS",3,期,True,50,0,0,50,王友群,"四8,6,7(工EC 9031)","['', '', '', '678', '', '', '']",《講授類》,[],False
https://selcrs.nsysu.edu.tw/menu5/showoutline.asp?SYEAR=115&SEM=1&CrsDat=CSE526&Crsname=書報討論（一）,,,False,資安碩,CSE526,1,不分班,"書報討論（一）
SEMINAR I",1,期,True,50,0,0,50,陳嘉平,五6(工EC 2011),"['', '', '', '', '6', '', '']","《演講/參訪》
限本系大四生及碩/博士生修習",[],False
https://selcrs.nsysu.edu.tw/menu5/showoutline.asp?SYEAR=115&SEM=1&CrsDat=CSE528&Crsname=書報討論（三）,,,False,資安碩,CSE528,2,不分班,"書報討論（三）
SEMINAR III",1,期,True,50,0,0,50,陳嘉平,五6(工EC 2011),"['', '', '', '', '6', '', '']",《演講/參訪》,[],False
https://selcrs.nsysu.edu.tw/menu5/showoutline.asp?SYEAR=115&SEM=1&CrsDat=CSE721&Crsname=資訊安全理論與實務,,,False,資安碩,CSE721,2,不分班,"資訊安全理論與實務
INFORMATION SECURITY THEORY AND PRACTICE",3,期,True,50,0,0,50,徐瑞壕,"三2,3,4(工EC 9031)","['', '', '234', '', '', '', '']",《講授類》,[],False
https://selcrs.nsysu.edu.tw/menu5/showoutline.asp?SYEAR=115&SEM=1&CrsDat=MOS501&Crsname=書報討論,,,False,前瞻應材,MOS501,1,不分班,"書報討論
SEMINAR",1,期,True,70,0,0,70,李廣輝,"三6,7(工EN 2028)","['', '', '67', '', '', '', '']",《研討類》,[],False
https://selcrs.nsysu.edu.tw/menu5/showoutline.asp?SYEAR=115&SEM=1&CrsDat=IMPE5012&Crsname=電力與再生能源應用,,,False,電機電力碩,IMPE5012,0,不分班,"電力與再生能源應用
APPLICATIONS OF ELECTRIC POWER AND RENEWABLE ENERGY",3,期,False,50,0,0,50,"哈菲茲,李宗璘,艾慕明,蘇健翔,謝耀慶,鄧人豪","三5,6,7(工EC 2007)","['', '', '567', '', '', '', '']",《講授類》,[],True
https://selcrs.nsysu.edu.tw/menu5/showoutline.asp?SYEAR=115&SEM=1&CrsDat=IMPE5014&Crsname=大型再生能源電力系統專題,,,False,電機電力碩,IMPE5014,0,不分班,"大型再生能源電力系統專題
INDEPENDENT STUDIES IN LARGE-SCALE RENEWABLE ENERGY POWER SYSTEMS",3,期,False,50,0,0,50,艾慕明,"六8,6,7(工EC 6015-1)","['', '', '', '', '', '678', '']",《獨立研究》,[],True
https://selcrs.nsysu.edu.tw/menu5/showoutline.asp?SYEAR=115&SEM=1&CrsDat=IMPE5015&Crsname=高效率高功率密度電力調節系統,,,False,電機電力碩,IMPE5015,0,不分班,"高效率高功率密度電力調節系統
HIGHLY EFFICIENT AND HIGH-POWER DENSITY POWER CONDITIONING SYSTEMS",3,期,False,50,0,0,50,哈菲茲,"四2,3,4(工EC 7040)","['', '', '', '234', '', '', '']","《講授類》
與電機系併班上課",[],True
https://selcrs.nsysu.edu.tw/menu5/showoutline.asp?SYEAR=115&SEM=1&CrsDat=IMPE504&Crsname=電力電子轉換器,,,False,電機電力碩,IMPE504,0,不分班,"電力電子轉換器
POWER ELECTRONICS CONVERTER",3,期,False,50,0,0,50,謝耀慶,"五2,3,4(工EC 3009)","['', '', '', '', '234', '', '']","《講授類》
與電機系併班上課",[],True
https://selcrs.nsysu.edu.tw/menu5/showoutline.asp?SYEAR=115&SEM=1&CrsDat=IMPE508&Crsname=電力系統運轉,,,False,電機電力碩,IMPE508,0,不分班,"電力系統運轉
POWER SYSTEM OPERATIONS",3,期,False,50,0,0,50,蘇健翔,"四8,6,7(工EC 7040)","['', '', '', '678', '', '', '']","《講授類》
與電機系併班上課",[],True
https://selcrs.nsysu.edu.tw/menu5/showoutline.asp?SYEAR=115&SEM=1&CrsDat=IMPTE502&Crsname=數位信號處理,,,False,電信碩程,IMPTE502,0,不分班,"數位信號處理
DIGITAL SIGNAL PROCESSING",3,期,False,50,0,0,50,溫朝凱,"四2,3,4(工EC 2002)","['', '', '', '234', '', '', '']",《講授類》,[],True
https://selcrs.nsysu.edu.tw/menu5/showoutline.asp?SYEAR=115&SEM=1&CrsDat=IMPTE513&Crsname=最佳化理論,,,False,電信碩程,IMPTE513,0,不分班,"最佳化理論
OPTIMIZATION THEORY",3,期,False,50,0,0,50,新可夫,"一5,6,7(工EC 6015-1)","['567', '', '', '', '', '', '']",《講授類》,[],True
https://selcrs.nsysu.edu.tw/menu5/showoutline.asp?SYEAR=115&SEM=1&CrsDat=IMPTE517&Crsname=高等通訊工程數學,,,False,電信碩程,IMPTE517,0,不分班,"高等通訊工程數學
ADVANCED MATHEMATICS IN COMMUNICATIONS ENGINEERING",3,期,False,50,0,0,50,新可夫,"三5,6,7(工EC 6015-1)","['', '', '567', '', '', '', '']",《講授類》,[],True
https://selcrs.nsysu.edu.tw/menu5/showoutline.asp?SYEAR=115&SEM=1&CrsDat=IMPTE519&Crsname=通信系統性能評估,,,False,電信碩程,IMPTE519,0,不分班,"通信系統性能評估
PERFORMANCE EVALUATION OF COMMUNICATIONS SYSTEMS",3,期,False,50,0,0,50,梁家昌,"五8,6,7(工EC 3012)","['', '', '', '', '678', '', '']",《講授類》,[],True
https://selcrs.nsysu.edu.tw/menu5/showoutline.asp?SYEAR=115&SEM=1&CrsDat=IMPTE603&Crsname=無人機輔助通訊系統專題,,,False,電信碩程,IMPTE603,0,不分班,"無人機輔助通訊系統專題
INDEPENDENT STUDIES IN UAV-ASSISTED COMMUNICATIONS",3,期,False,50,0,0,50,新可夫,"一2,3,4(工EC 6015-1)","['234', '', '', '', '', '', '']",《獨立研究》,[],True
https://selcrs.nsysu.edu.tw/menu5/showoutline.asp?SYEAR=115&SEM=1&CrsDat=MIS501&Crsname=管理資訊系統,,,False,資管碩,MIS501,1,不分班,"管理資訊系統
MANAGEMENT INFORMATION SYSTEMS",3,期,True,50,0,0,50,徐士傑,"三D,E,F(管CM 4069)","['', '', 'DEF', '', '', '', '']",《講授類》,[],False
https://selcrs.nsysu.edu.tw/menu5/showoutline.asp?SYEAR=115&SEM=1&CrsDat=MIS502&Crsname=研究方法論,,,False,資管碩,MIS502,2,不分班,"研究方法論
RESEARCH METHODOLOGY",3,期,True,50,0,0,50,李家瑩,"二2,3,4(管CM 4069)","['', '234', '', '', '', '', '']",《講授類》,[],False
https://selcrs.nsysu.edu.tw/menu5/showoutline.asp?SYEAR=115&SEM=1&CrsDat=MIS512&Crsname=資料庫系統,,,False,資管碩,MIS512,0,不分班,"資料庫系統
DATA BASE MANAGEMENT AND SYSTEMS",3,期,False,50,0,0,50,黃三益,"二C,D,E(管CM 4069)","['', 'CDE', '', '', '', '', '']",《講授類》,[],False
https://selcrs.nsysu.edu.tw/menu5/showoutline.asp?SYEAR=115&SEM=1&CrsDat=MIS514&Crsname=生產與作業管理,,,False,資管碩,MIS514,0,不分班,"生產與作業管理
PRODUCTION/OPERATION MANAGEMENT",3,期,False,50,0,0,50,劉賓陽,"三2,3,4(管CM 2016)","['', '', '234', '', '', '', '']",《講授類》,[],False
https://selcrs.nsysu.edu.tw/menu5/showoutline.asp?SYEAR=115&SEM=1&CrsDat=MIS526&Crsname=供應鏈管理,,,False,資管碩,MIS526,0,不分班,"供應鏈管理
SUPPLY CHAIN MANAGEMENT",3,期,False,50,0,0,50,李捷,"三2,3,4(管CM 4069)","['', '', '234', '', '', '', '']",《講授類》,[],True
https://selcrs.nsysu.edu.tw/menu5/showoutline.asp?SYEAR=115&SEM=1&CrsDat=MIS559&Crsname=系統模擬與分析,,,False,資管碩,MIS559,0,不分班,"系統模擬與分析
SYSTEM SIMULATION AND ANALYSIS",3,期,False,50,0,0,50,劉賓陽,"三D,E,F(管CM 3051)","['', '', 'DEF', '', '', '', '']",《講授類》,[],False
https://selcrs.nsysu.edu.tw/menu5/showoutline.asp?SYEAR=115&SEM=1&CrsDat=MIS562&Crsname=電子商務,,,False,資管碩,MIS562,0,不分班,"電子商務
ELECTRONIC COMMERCE",3,期,False,50,0,0,50,邱兆民,"一8,6,7(管CM 3019)","['678', '', '', '', '', '', '']",《講授類》,[],False
https://selcrs.nsysu.edu.tw/menu5/showoutline.asp?SYEAR=115&SEM=1&CrsDat=MIS572&Crsname=巨量資料分析導論,,,False,資管碩,MIS572,0,不分班,"巨量資料分析導論
INTRODUCTION TO BIG DATA ANALYTICS",3,期,False,50,0,0,50,康藝晃,"三5,6,7(管CM 3051)","['', '', '567', '', '', '', '']",《講授類》,[],False
https://selcrs.nsysu.edu.tw/menu5/showoutline.asp?SYEAR=115&SEM=1&CrsDat=MIS580&Crsname=金融科技,,,False,資管碩,MIS580,0,不分班,"金融科技
FINTECH",3,期,False,50,0,0,50,楊淯程,"四2,3,4(管CM 4078)","['', '', '', '234', '', '', '']",《講授類》,[],False
https://selcrs.nsysu.edu.tw/menu5/showoutline.asp?SYEAR=115&SEM=1&CrsDat=MIS583&Crsname=深度學習,,,False,資管碩,MIS583,0,不分班,"深度學習
DEEP LEARNING",3,期,False,50,0,0,50,楊惠芳,"四2,3,4(工EC 1001)","['', '', '', '234', '', '', '']",《講授類》,[],False
https://selcrs.nsysu.edu.tw/menu5/showoutline.asp?SYEAR=115&SEM=1&CrsDat=MIS590&Crsname=資訊檢索,,,False,資管碩,MIS590,0,不分班,"資訊檢索
INTRODUCTION TO INFORMATION RETRIEVAL",3,期,False,50,0,0,50,羅珮綺,"一8,6,7(管CM 4078)","['678', '', '', '', '', '', '']",《講授類》,[],True
https://selcrs.nsysu.edu.tw/menu5/showoutline.asp?SYEAR=115&SEM=1&CrsDat=MIS593&Crsname=商管軟體設計,,,False,資管碩,MIS593,0,不分班,"商管軟體設計
SOFTWARE DESIGN FOR BUSINESS ANALYTICS",3,期,False,50,0,0,50,"宋世祥,韓毅,黃三益","三5,6,7(管CM 3038)","['', '', '567', '', '', '', '']",《講授類》,[],False
https://selcrs.nsysu.edu.tw/menu5/showoutline.asp?SYEAR=115&SEM=1&CrsDat=MIS604&Crsname=專題討論,,,False,資管碩,MIS604,0,不分班,"專題討論
SEMINAR",3,期,False,50,0,0,50,楊淯程,一1() 二1() 三1(),"['1', '1', '1', '', '', '', '']","《獨立研究》
限資管所二年級",[],False
https://selcrs.nsysu.edu.tw/menu5/showoutline.asp?SYEAR=115&SEM=1&CrsDat=MIS604A&Crsname=專題討論,,,False,資管碩,MIS604A,0,不分班,"專題討論
SEMINAR",3,期,False,50,0,0,50,邱兆民,一1() 二1() 三1(),"['1', '1', '1', '', '', '', '']","《獨立研究》
限資管所二年級",[],False
https://selcrs.nsysu.edu.tw/menu5/showoutline.asp?SYEAR=115&SEM=1&CrsDat=MIS604B&Crsname=專題討論,,,False,資管碩,MIS604B,0,不分班,"專題討論
SEMINAR",3,期,False,50,0,0,50,張德民,一1() 二1() 三1(),"['1', '1', '1', '', '', '', '']","《獨立研究》
限資管所二年級",[],False
https://selcrs.nsysu.edu.tw/menu5/showoutline.asp?SYEAR=115&SEM=1&CrsDat=MIS604C&Crsname=專題討論,,,False,資管碩,MIS604C,0,不分班,"專題討論
SEMINAR",3,期,False,50,0,0,50,康藝晃,一1() 二1() 三1(),"['1', '1', '1', '', '', '', '']","《獨立研究》
限資管所二年級",[],False
https://selcrs.nsysu.edu.tw/menu5/showoutline.asp?SYEAR=115&SEM=1&CrsDat=MIS604D&Crsname=專題討論,,,False,資管碩,MIS604D,0,不分班,"專題討論
SEMINAR",3,期,False,50,0,0,50,李怡珍,一1() 二1() 三1(),"['1', '1', '1', '', '', '', '']","《獨立研究》
限資管所二年級",[],False
https://selcrs.nsysu.edu.tw/menu5/showoutline.asp?SYEAR=115&SEM=1&CrsDat=MIS604E&Crsname=專題討論,,,False,資管碩,MIS604E,0,不分班,"專題討論
SEMINAR",3,期,False,50,0,0,50,李家瑩,一1() 二1() 三1(),"['1', '1', '1', '', '', '', '']","《獨立研究》
限資管所二年級",[],False
https://selcrs.nsysu.edu.tw/menu5/showoutline.asp?SYEAR=115&SEM=1&CrsDat=MIS604F&Crsname=專題討論,,,False,資管碩,MIS604F,0,不分班,"專題討論
SEMINAR",3,期,False,50,0,0,50,林耕霈,一1() 二1() 三1(),"['1', '1', '1', '', '', '', '']","《獨立研究》
限資管所二年級",[],False
https://selcrs.nsysu.edu.tw/menu5/showoutline.asp?SYEAR=115&SEM=1&CrsDat=MIS604G&Crsname=專題討論,,,False,資管碩,MIS604G,0,不分班,"專題討論
SEMINAR",3,期,False,50,0,0,50,韓毅,一1() 二1() 三1(),"['1', '1', '1', '', '', '', '']","《獨立研究》
限資管所二年級",[],False
https://selcrs.nsysu.edu.tw/menu5/showoutline.asp?SYEAR=115&SEM=1&CrsDat=FM506&Crsname=金融市場理論與實務,,,False,財管碩,FM506,1,不分班,"金融市場理論與實務
FINANCIAL MARKETS THEORY AND PRACTICE",3,期,False,50,0,0,50,邱敬貿,"一8,6,7(管CM 1023)","['678', '', '', '', '', '', '']",《講授類》,[],False
https://selcrs.nsysu.edu.tw/menu5/showoutline.asp?SYEAR=115&SEM=1&CrsDat=FM510&Crsname=財務管理理論,,,False,財管碩,FM510,1,不分班,"財務管理理論
FINANCIAL MANAGEMENT THEORIES",3,期,False,50,0,0,50,廖源星,"一2,3,4(管CM 3019)","['234', '', '', '', '', '', '']",《講授類》,[],False
https://selcrs.nsysu.edu.tw/menu5/showoutline.asp?SYEAR=115&SEM=1&CrsDat=FM521&Crsname=財務研究方法（一）,,,False,財管碩,FM521,1,不分班,"財務研究方法（一）
METHODOLOGY FOR FINANCE (I)",3,期,False,50,0,0,50,佘博文,"五2,3,4(管CM 2037)","['', '', '', '', '234', '', '']",《講授類》,[],False
https://selcrs.nsysu.edu.tw/menu5/showoutline.asp?SYEAR=115&SEM=1&CrsDat=FM527&Crsname=證券市場微結構實務,,,False,財管碩,FM527,1,不分班,"證券市場微結構實務
SECURITIES MARKETS MICROSTRUCTURE PRACTICE",3,期,False,50,0,0,50,"邱敬貿,馬黛","三5,6,7(管CM 2020)","['', '', '567', '', '', '', '']",《講授類》,[],False
https://selcrs.nsysu.edu.tw/menu5/showoutline.asp?SYEAR=115&SEM=1&CrsDat=FM530&Crsname=財務模型和應用,,,False,財管碩,FM530,1,不分班,"財務模型和應用
FINANCIAL MODELES AND APPLICATIONS",3,期,False,50,0,0,50,劉名育,"三5,6,7(管CM 2015)","['', '', '567', '', '', '', '']",《講授類》,[],False
https://selcrs.nsysu.edu.tw/menu5/showoutline.asp?SYEAR=115&SEM=1&CrsDat=FM532&Crsname=財務報表分析與權益評價,,,False,財管碩,FM532,1,不分班,"財務報表分析與權益評價
FINANCIAL STATEMENT ANALYSIS AND EQUITY VALUATION",3,期,False,50,0,0,50,吳藺芝,"二8,6,7(管CM 3022)","['', '678', '', '', '', '', '']",《講授類》,[],True
https://selcrs.nsysu.edu.tw/menu5/showoutline.asp?SYEAR=115&SEM=1&CrsDat=FM537&Crsname=投資銀行與法金實務,,,False,財管碩,FM537,1,不分班,"投資銀行與法金實務
INVESTMENT BANKING AND CORPORATE FINANCING",3,期,False,50,0,0,50,"羅勝議,翁培師,蕭珮婕","二5,6,7(管CM 3019)","['', '567', '', '', '', '', '']",《講授類》,[],False
https://selcrs.nsysu.edu.tw/menu5/showoutline.asp?SYEAR=115&SEM=1&CrsDat=FM541&Crsname=行為財務學的應用,,,False,財管碩,FM541,1,不分班,"行為財務學的應用
APPLICATIONS OF BEHAVIORAL FINANCE",3,期,False,50,0,0,50,蔡佳芬,"三2,3,4(管CM 3022)","['', '', '234', '', '', '', '']",《講授類》,[],True
https://selcrs.nsysu.edu.tw/menu5/showoutline.asp?SYEAR=115&SEM=1&CrsDat=FM548&Crsname=企業社會責任,,,False,財管碩,FM548,1,不分班,"企業社會責任
CORPORATE SOCIAL RESPONSIBILITY",3,期,False,50,0,0,50,封之遠,"三5,6,7(管CM 4078)","['', '', '567', '', '', '', '']",《講授類》,[],False
https://selcrs.nsysu.edu.tw/menu5/showoutline.asp?SYEAR=115&SEM=1&CrsDat=FM551&Crsname=永續投資與綠色金融創新,,,False,財管碩,FM551,1,不分班,"永續投資與綠色金融創新
SUSTAINABLE INVESTMENT AND GREEN FINANCE INNOVATION",3,期,False,50,0,0,50,封之遠,"五8,6,7(管CM 1023)","['', '', '', '', '678', '', '']",《講授類》,[],False
https://selcrs.nsysu.edu.tw/menu5/showoutline.asp?SYEAR=115&SEM=1&CrsDat=FM552&Crsname=盈餘管理與數據分析,,,False,財管碩,FM552,1,不分班,"盈餘管理與數據分析
EARNINGS MANAGEMENT AND DATA ANALYTICS",3,期,False,50,0,0,50,羅勝議,"四2,3,4(管CM 2020)","['', '', '', '234', '', '', '']",《講授類》,[],True
https://selcrs.nsysu.edu.tw/menu5/showoutline.asp?SYEAR=115&SEM=1&CrsDat=FM557&Crsname=會計學(一),,,False,財管碩,FM557,1,不分班,"會計學(一)
ACCOUNTING (I)",3,期,False,50,0,0,50,劉名育,"三2,3,4(管CM 2025)","['', '', '234', '', '', '', '']",《講授類》,[],True
https://selcrs.nsysu.edu.tw/menu5/showoutline.asp?SYEAR=115&SEM=1&CrsDat=FM558&Crsname=成本會計學,,,False,財管碩,FM558,1,不分班,"成本會計學
COST ACCOUNTING",3,期,False,50,0,0,50,陳俐聿,"二2,3,4(管CM 3017)","['', '234', '', '', '', '', '']","《講授類》
開放大學部選修",[],True
https://selcrs.nsysu.edu.tw/menu5/showoutline.asp?SYEAR=115&SEM=1&CrsDat=FM601&Crsname=國際財管理論與實務,,,False,財管碩,FM601,1,不分班,"國際財管理論與實務
INTERNATIONAL FINANCIAL MANAGEMENT",3,期,False,50,0,0,50,蔡秉真,"二2,3,4(管CM 4078)","['', '234', '', '', '', '', '']",《講授類》,[],True
https://selcrs.nsysu.edu.tw/menu5/showoutline.asp?SYEAR=115&SEM=1&CrsDat=FM608&Crsname=財務工程與金融創新,,,False,財管碩,FM608,1,不分班,"財務工程與金融創新
FINANCIAL ENGINEERING AND FINANCIAL INNOVATION",3,期,False,50,0,0,50,蔡秉真,"五8,6,7(管CM 4078)","['', '', '', '', '678', '', '']",《講授類》,[],True
https://selcrs.nsysu.edu.tw/menu5/showoutline.asp?SYEAR=115&SEM=1&CrsDat=FM611&Crsname=專題研究（一）,,,False,財管碩,FM611,2,不分班,"專題研究（一）
INDEPENDENT STUDIES(I)",3,期,False,50,0,0,50,陳俐聿,"四2,3,4(管CM 1019)","['', '', '', '234', '', '', '']",《獨立研究》,[],True
https://selcrs.nsysu.edu.tw/menu5/showoutline.asp?SYEAR=115&SEM=1&CrsDat=FM611A&Crsname=專題研究（一）,,,False,財管碩,FM611A,2,不分班,"專題研究（一）
INDEPENDENT STUDIES(I)",3,期,False,50,0,0,50,吳藺芝,"四2,3,4(管CM 1025)","['', '', '', '234', '', '', '']",《獨立研究》,[],True
https://selcrs.nsysu.edu.tw/menu5/showoutline.asp?SYEAR=115&SEM=1&CrsDat=FM611B&Crsname=專題研究（一）,,,False,財管碩,FM611B,2,不分班,"專題研究（一）
INDEPENDENT STUDIES(I)",3,期,False,50,0,0,50,佘博文,"四2,3,4(管CM 1027)","['', '', '', '234', '', '', '']",《獨立研究》,[],True
https://selcrs.nsysu.edu.tw/menu5/showoutline.asp?SYEAR=115&SEM=1&CrsDat=FM611C&Crsname=專題研究（一）,,,False,財管碩,FM611C,2,不分班,"專題研究（一）
INDEPENDENT STUDIES(I)",3,期,False,50,0,0,50,蕭珮婕,"五2,3,4(管CM 1019)","['', '', '', '', '234', '', '']",《獨立研究》,[],True
https://selcrs.nsysu.edu.tw/menu5/showoutline.asp?SYEAR=115&SEM=1&CrsDat=FM615&Crsname=巨量資料分析導論,,,False,財管碩,FM615,1,不分班,"巨量資料分析導論
INTRODUCTION TO BIG DATA ANALYTICS",3,期,False,50,0,0,50,蕭珮婕,"四2,3,4(管CM 2015)","['', '', '', '234', '', '', '']",《講授類》,[],False
https://selcrs.nsysu.edu.tw/menu5/showoutline.asp?SYEAR=115&SEM=1&CrsDat=FM617&Crsname=金融投資與程式交易,,,False,財管碩,FM617,1,不分班,"金融投資與程式交易
FINANCIAL INVESTING AND PROGRAM TRADING",3,期,False,50,0,0,50,王昭文,"四5,6,7(管CM 3051)","['', '', '', '567', '', '', '']","《講授類》
限財管碩、金融創新產業碩士專班、會計與數據分析產業碩士專班及財管碩士在職專班",[],False
https://selcrs.nsysu.edu.tw/menu5/showoutline.asp?SYEAR=115&SEM=1&CrsDat=FM618&Crsname=營運資金管理決策,,,False,財管碩,FM618,1,不分班,"營運資金管理決策
WORKING CAPITAL MANAGEMENT DECISION",3,期,False,50,0,0,50,張世賢,"二2,3,4(管CM 2015)","['', '234', '', '', '', '', '']",《講授類》,[],False
https://selcrs.nsysu.edu.tw/menu5/showoutline.asp?SYEAR=115&SEM=1&CrsDat=PAM501&Crsname=研究方法,,,False,公事碩,PAM501,1,不分班,"研究方法
RESEARCH METHODS",2,期,True,50,0,0,50,彭渰雯,"三6,7(管CM 1020)","['', '', '67', '', '', '', '']",《講授類》,[],False
https://selcrs.nsysu.edu.tw/menu5/showoutline.asp?SYEAR=115&SEM=1&CrsDat=PAM502&Crsname=公共政策分析,,,False,公事碩,PAM502,0,不分班,"公共政策分析
PUBLIC POLICY ANALYSIS",3,期,False,50,0,0,50,謝旭昇,"五C,D,E(管CM 1020)","['', '', '', '', 'CDE', '', '']",《講授類》,[],False
https://selcrs.nsysu.edu.tw/menu5/showoutline.asp?SYEAR=115&SEM=1&CrsDat=PAM505&Crsname=公共事務與管理,,,False,公事碩,PAM505,1,不分班,"公共事務與管理
PUBLIC AFFAIRS AND MANAGEMENT",3,期,True,50,0,0,50,吳偉寧,"二8,6,7(管CM 1020)","['', '678', '', '', '', '', '']",《講授類》,[],False
https://selcrs.nsysu.edu.tw/menu5/showoutline.asp?SYEAR=115&SEM=1&CrsDat=PAM509&Crsname=公共事務管理實務體驗學習,,,False,公事碩,PAM509,2,不分班,"公共事務管理實務體驗學習
FIELD PROJECT IN PUBLIC AFFAIRS MANAGEMENT",2,期,True,50,0,0,50,謝政勳,"六C,D,E,F(管CM 0051-1)(實驗)","['', '', '', '', '', 'CDEF', '']","《實習類》
課程內容為執行專案計畫，非本所學生請勿選課。",[],False
https://selcrs.nsysu.edu.tw/menu5/showoutline.asp?SYEAR=115&SEM=1&CrsDat=PAM514&Crsname=都市空間探討,,,False,公事碩,PAM514,0,不分班,"都市空間探討
STUDIES OF URBAN SPATIAL FORM",2,期,False,50,0,0,50,郭瑞坤,"二8,9(管CM 1035)","['', '89', '', '', '', '', '']",《講授類》,[],False
https://selcrs.nsysu.edu.tw/menu5/showoutline.asp?SYEAR=115&SEM=1&CrsDat=PAM542&Crsname=媒體與公共事務,,,False,公事碩,PAM542,0,不分班,"媒體與公共事務
MEDIA AND PUBLIC AFFAIRS",2,期,False,50,0,0,50,崔可玫,"三2,3(管CM 1020)","['', '', '23', '', '', '', '']",《講授類》,[],False
https://selcrs.nsysu.edu.tw/menu5/showoutline.asp?SYEAR=115&SEM=1&CrsDat=PAM581&Crsname=制度經濟學,,,False,公事碩,PAM581,0,不分班,"制度經濟學
INSTITUTIONAL ECONOMICS",3,期,False,50,0,0,50,張瓊婷,"四2,3,4(管CM 1035)","['', '', '', '234', '', '', '']",《講授類》,[],False
https://selcrs.nsysu.edu.tw/menu5/showoutline.asp?SYEAR=115&SEM=1&CrsDat=PAM587&Crsname=社會行銷,,,False,公事碩,PAM587,0,不分班,"社會行銷
SOCIAL MARKETING",2,期,False,50,0,0,50,蔡錦昌,"五3,4(管CM 1020)","['', '', '', '', '34', '', '']",《講授類》,[],True
https://selcrs.nsysu.edu.tw/menu5/showoutline.asp?SYEAR=115&SEM=1&CrsDat=PAM590&Crsname=非營利組織管理研討,,,False,公事碩,PAM590,0,不分班,"非營利組織管理研討
SEMINAR IN NONPROFIT ORGANIZATION MANAGEMENT",2,期,False,50,0,0,50,謝政勳,"二3,4(管CM 1020)","['', '34', '', '', '', '', '']",《研討類》,[],False
https://selcrs.nsysu.edu.tw/menu5/showoutline.asp?SYEAR=115&SEM=1&CrsDat=PAM613&Crsname=永續報告書寫作,,,False,公事碩,PAM613,0,不分班,"永續報告書寫作
WRITING OF SUSTAINABILITY REPORT",2,期,False,50,0,0,50,黃奕臻,,"['', '', '', '', '', '234B5678', '']",《講授類》,[],False
https://selcrs.nsysu.edu.tw/menu5/showoutline.asp?SYEAR=115&SEM=1&CrsDat=PAM619&Crsname=後成長:探討永續之總體路徑,,,False,公事碩,PAM619,0,不分班,"後成長:探討永續之總體路徑
POST-GROWTH: A PATH TO SUSTAINABLE DEVELOPMENT",3,期,False,50,0,0,50,張瓊婷,"三5,6,7(管CM 1035)","['', '', '567', '', '', '', '']",《講授類》,[],False
https://selcrs.nsysu.edu.tw/menu5/showoutline.asp?SYEAR=115&SEM=1&CrsDat=PAM620&Crsname=人工智慧與公共事務管理,,,False,公事碩,PAM620,0,不分班,"人工智慧與公共事務管理
ARTIFICIAL INTELLIGENCE AND PUBLIC AFFAIRS MANAGEMENT",2,期,False,50,0,0,50,蔡錦昌,"一8,7(管CM 1020)","['78', '', '', '', '', '', '']",《講授類》,[],False
https://selcrs.nsysu.edu.tw/menu5/showoutline.asp?SYEAR=115&SEM=1&CrsDat=PAM621&Crsname=能源轉型與氣候治理,,,False,公事碩,PAM621,0,不分班,"能源轉型與氣候治理
ENERGY TRANSITION AND CLIMATE GOVERNANCE",3,期,False,50,0,0,50,黃奕臻,"五5,6,7(管CM 1020)","['', '', '', '', '567', '', '']",《講授類》,[],True
https://selcrs.nsysu.edu.tw/menu5/showoutline.asp?SYEAR=115&SEM=1&CrsDat=HRM501&Crsname=組織理論與管理,,,False,人管碩,HRM501,1,不分班,"組織理論與管理
ORGANIZATION THEORY & MANAGEMENT",3,期,True,50,0,0,50,何佳澔,"四8,6,7(管CM 4069)","['', '', '', '678', '', '', '']",《講授類》,[],False
https://selcrs.nsysu.edu.tw/menu5/showoutline.asp?SYEAR=115&SEM=1&CrsDat=HRM502&Crsname=組織行為,,,False,人管碩,HRM502,1,不分班,"組織行為
ORGANIZATIONAL BEHAVIOR",3,期,True,30,0,0,30,"王豫萱,鄭怡玲","五5,6,7(管CM 1036)","['', '', '', '', '567', '', '']",《講授類》,[],False
https://selcrs.nsysu.edu.tw/menu5/showoutline.asp?SYEAR=115&SEM=1&CrsDat=HRM503&Crsname=人力資源管理,,,False,人管碩,HRM503,1,不分班,"人力資源管理
HUMAN RESOURCE MANAGEMENT",3,期,True,30,0,0,30,紀乃文,"二8,6,7(管CM 1036)","['', '678', '', '', '', '', '']",《講授類》,[],False
https://selcrs.nsysu.edu.tw/menu5/showoutline.asp?SYEAR=115&SEM=1&CrsDat=HRM504&Crsname=人力資源研究方法,,,False,人管碩,HRM504,1,不分班,"人力資源研究方法
RESEARCH METHODOLOGY IN HUMAN RESOURCE MANAGEMENT",3,期,True,50,0,0,50,紀乃文,"三A,1,B(管CM 3044)","['', '', 'A1B', '', '', '', '']","《講授類》
限人管所修",[],False
https://selcrs.nsysu.edu.tw/menu5/showoutline.asp?SYEAR=115&SEM=1&CrsDat=HRM540&Crsname=創意與創新管理,,,False,人管碩,HRM540,0,不分班,"創意與創新管理
CREATIVITY AND INNOVATION MANAGEMENT",3,期,False,40,0,0,40,葉致微,"四2,3,4(管CM 1019)","['', '', '', '234', '', '', '']",《講授類》,[],True
https://selcrs.nsysu.edu.tw/menu5/showoutline.asp?SYEAR=115&SEM=1&CrsDat=HRM659&Crsname=社會永續與影響管理,,,False,人管碩,HRM659,0,不分班,"社會永續與影響管理
SOCIAL SUSTAINABILITY & IMPACT MANAGEMENT",3,期,False,50,0,0,50,何佳澔,"五2,3,4(管CM 1037)","['', '', '', '', '234', '', '']",《研討類》,[],True
https://selcrs.nsysu.edu.tw/menu5/showoutline.asp?SYEAR=115&SEM=1&CrsDat=HRM674&Crsname=應用統計與資料分析,,,False,人管碩,HRM674,0,不分班,"應用統計與資料分析
APPLIED STATISTICS AND DATA ANALYSIS",3,期,False,25,0,0,25,鄭怡玲,"三5,6,7(管CM 1036)","['', '', '567', '', '', '', '']","《講授類》
限人管所修",[],True
https://selcrs.nsysu.edu.tw/menu5/showoutline.asp?SYEAR=115&SEM=1&CrsDat=ICM507&Crsname=應用傳播統計學,,,False,行銷傳播碩,ICM507,0,不分班,"應用傳播統計學
APPLIED STATISTICS IN COMMUNICATIONS",3,期,False,50,0,0,50,鄭安授,"四C,D,E(管CM 2023)","['', '', '', 'CDE', '', '', '']",《講授類》,[],False
https://selcrs.nsysu.edu.tw/menu5/showoutline.asp?SYEAR=115&SEM=1&CrsDat=ICM532&Crsname=電腦中介傳播,,,False,行銷傳播碩,ICM532,0,不分班,"電腦中介傳播
COMPUTER-MEDIATED COMMUNICATION",3,期,False,50,0,0,50,王紹蓉,"四5,6,7(管CM 2032)","['', '', '', '567', '', '', '']",《講授類》,[],False
https://selcrs.nsysu.edu.tw/menu5/showoutline.asp?SYEAR=115&SEM=1&CrsDat=ICM541&Crsname=品牌行銷,,,False,行銷傳播碩,ICM541,0,不分班,"品牌行銷
BRANDING",3,期,False,50,0,0,50,李雅靖,"三2,3,4(管CM 4112)","['', '', '234', '', '', '', '']",《講授類》,[],False
https://selcrs.nsysu.edu.tw/menu5/showoutline.asp?SYEAR=115&SEM=1&CrsDat=ICM548&Crsname=行銷管理,,,False,行銷傳播碩,ICM548,0,不分班,"行銷管理
MARKETING MANAGEMENT",3,期,False,50,0,0,50,張榮華,"一C,D,E(管CM 2037)","['CDE', '', '', '', '', '', '']",《講授類》,[],False
https://selcrs.nsysu.edu.tw/menu5/showoutline.asp?SYEAR=115&SEM=1&CrsDat=ICM549&Crsname=資訊素養與倫理,,,False,行銷傳播碩,ICM549,0,不分班,"資訊素養與倫理
INFORMATION LITERACY AND ETHICS",3,期,False,50,0,0,50,鄭安授,"一8,6,7(管CM 2032)","['678', '', '', '', '', '', '']",《講授類》,[],False
https://selcrs.nsysu.edu.tw/menu5/showoutline.asp?SYEAR=115&SEM=1&CrsDat=ICM557&Crsname=行銷傳播管理研究方法,,,False,行銷傳播碩,ICM557,0,不分班,"行銷傳播管理研究方法
MARKETING COMMUNICATION RESEARCH METHODS",3,期,False,50,0,0,50,周軒逸,"四2,3,4(管CM 2032)","['', '', '', '234', '', '', '']",《講授類》,[],False
https://selcrs.nsysu.edu.tw/menu5/showoutline.asp?SYEAR=115&SEM=1&CrsDat=ICM557A&Crsname=行銷傳播管理講座（一）,,,False,行銷傳播碩,ICM557A,0,不分班,"行銷傳播管理講座（一）
SEMINAR ON MARKETING COMMUNICATIONS (I)",1,期,False,50,0,0,50,李雅靖,六2(管CM 2037),"['', '', '', '', '', '2', '']",《講授類》,[],False
https://selcrs.nsysu.edu.tw/menu5/showoutline.asp?SYEAR=115&SEM=1&CrsDat=ICM560&Crsname=媒介效果,,,False,行銷傳播碩,ICM560,0,不分班,"媒介效果
MEDIA EFFECTS",3,期,False,50,0,0,50,譚躍,"五8,6,7(管CM 2029)","['', '', '', '', '678', '', '']",《講授類》,[],True
https://selcrs.nsysu.edu.tw/menu5/showoutline.asp?SYEAR=115&SEM=1&CrsDat=ICM561&Crsname=企業傳播與實務,,,False,行銷傳播碩,ICM561,0,不分班,"企業傳播與實務
CORPORATE COMMUNICATION AND PRACTICE",1,期,False,50,0,0,50,王紹蓉,五2(管CM 2032),"['', '', '', '', '2', '', '']","《講授類》
限行傳所碩士班學生選修",[],True
https://selcrs.nsysu.edu.tw/menu5/showoutline.asp?SYEAR=115&SEM=1&CrsDat=ICM641&Crsname=閱聽人態度理論專題研究,,,False,行銷傳播碩,ICM641,0,不分班,"閱聽人態度理論專題研究
INDEPENDENT STUDIES IN AUDIENCE ATTITUDE THEORIES",3,期,False,50,0,0,50,周軒逸,"二8,6,7(管CM 2029)","['', '678', '', '', '', '', '']","《獨立研究》
限行傳所碩士班二年級學生選修",[],False
https://selcrs.nsysu.edu.tw/menu5/showoutline.asp?SYEAR=115&SEM=1&CrsDat=ICM644&Crsname=數位時代的隱私與監控專題研究,,,False,行銷傳播碩,ICM644,0,不分班,"數位時代的隱私與監控專題研究
INDEPENDENT STUDIES IN PRIVACY AND SURVEILLANCE",3,期,False,50,0,0,50,王紹蓉,"四2,3,4(管CM 2029)","['', '', '', '234', '', '', '']","《獨立研究》
限行傳所碩士班二年級學生選修",[],False
https://selcrs.nsysu.edu.tw/menu5/showoutline.asp?SYEAR=115&SEM=1&CrsDat=ICM649&Crsname=社會行銷專題研究,,,False,行銷傳播碩,ICM649,0,不分班,"社會行銷專題研究
INDEPENDENT STUDIES IN SOCIAL MARKETING",3,期,False,50,0,0,50,譚躍,"一2,3,4(管CM 2029)","['234', '', '', '', '', '', '']","《獨立研究》
限行傳所碩士班二年級學生選修",[],False
https://selcrs.nsysu.edu.tw/menu5/showoutline.asp?SYEAR=115&SEM=1&CrsDat=ICM652&Crsname=社會科學量化分析,,,False,行銷傳播碩,ICM652,0,不分班,"社會科學量化分析
DATA ANALYSIS OF SOCIAL SCIENCE",3,期,False,50,0,0,50,張榮華,"二C,D,E(管CM 2032)","['', 'CDE', '', '', '', '', '']","《講授類》
限行傳所修畢量化研究方法課程學生選修",[],False
https://selcrs.nsysu.edu.tw/menu5/showoutline.asp?SYEAR=115&SEM=1&CrsDat=ICM653&Crsname=專題研究（一）,,,False,行銷傳播碩,ICM653,0,不分班,"專題研究（一）
INDEPENDENT STUDIES(I)",3,期,False,50,0,0,50,鄭安授,"一2,3,4(管CM 2032)","['234', '', '', '', '', '', '']","《獨立研究》
限行傳所碩士班二年級學生選修",[],False
https://selcrs.nsysu.edu.tw/menu5/showoutline.asp?SYEAR=115&SEM=1&CrsDat=ICM658&Crsname=永續行銷專題研究,,,False,行銷傳播碩,ICM658,0,不分班,"永續行銷專題研究
INDEPENDENT STUDIES IN SUSTAINABLE MARKETING",3,期,False,50,0,0,50,李雅靖,"三5,6,7(管CM 2029)","['', '', '567', '', '', '', '']","《獨立研究》
限行傳所碩士班二年級學生選修",[],False
https://selcrs.nsysu.edu.tw/menu5/showoutline.asp?SYEAR=115&SEM=1&CrsDat=ICM660&Crsname=網路口碑專題研究,,,False,行銷傳播碩,ICM660,0,不分班,"網路口碑專題研究
INDEPENDENT STUDIES IN ELECTRONIC WORD-OF-MOUTH",3,期,False,50,0,0,50,張榮華,"二8,6,7(管CM 2032)","['', '678', '', '', '', '', '']","《獨立研究》
限行傳所碩士班二年級學生選修",[],False
https://selcrs.nsysu.edu.tw/menu5/showoutline.asp?SYEAR=115&SEM=1&CrsDat=CM503&Crsname=大數據分析、機器學習、與人工智慧方法,,,False,管理學院(碩),CM503,0,不分班,"大數據分析、機器學習、與人工智慧方法
BIG DATA ANALYTICS, MACHINE LEARNING, AND ARTIFICIAL INTELLIGENCE",3,期,False,50,0,0,50,康藝晃,"三5,6,7(管CM 3051)","['', '', '567', '', '', '', '']","《講授類》
本課程與MIS572併班上課。本課程為商業大數據系列課程之一",[],False
https://selcrs.nsysu.edu.tw/menu5/showoutline.asp?SYEAR=115&SEM=1&CrsDat=CM507&Crsname=倫理與社會責任,,,False,管理學院(碩),CM507,0,不分班,"倫理與社會責任
ETHICS AND SOCIAL RESPONSIBILITY",1,期,False,200,0,0,200,"王致遠,謝慧賢,鄭安授,陳世哲",一A(網路大學),"['A', '', '', '', '', '', '']","《講授類》
『本課程之限修，於加退選2階段開放選修』。網大進行之非同步線上課程(二年級優先選課) 限管理學院研究所學生修習。 CM507與CM511為同系列課程，學生只能夠就此課程當中選擇一門課進行修習，已經修習過上述任何一個課程者均不得選課。",[],False
https://selcrs.nsysu.edu.tw/menu5/showoutline.asp?SYEAR=115&SEM=1&CrsDat=CM508&Crsname=職涯準備,,,False,管理學院(碩),CM508,0,不分班,"職涯準備
CAREER PREPAREDNESS",1,期,False,50,0,0,50,張姮燕,四5(管CM 4036),"['', '', '', '5', '', '', '']",《講授類》,[],False
https://selcrs.nsysu.edu.tw/menu5/showoutline.asp?SYEAR=115&SEM=1&CrsDat=CM511&Crsname=國際商管倫理觀,,,False,管理學院(碩),CM511,0,不分班,"國際商管倫理觀
ETHICS IN INTERNATIONAL BUSINESS MANAGEMENT",1,期,False,60,0,0,60,"王致遠,王豫萱,鄭安授",二A(網路大學),"['', 'A', '', '', '', '', '']","《講授類》
『本課程之限修，於加退選2階段開放選修』。網大進行之非同步線上課程(二年級優先選課) 限管理學院研究所學生修習。 CM507與CM511為同系列課程，學生只能夠就此課程當中選擇一門課進行修習，已經修習過上述任何一個課程者均不得選課。",[],True
https://selcrs.nsysu.edu.tw/menu5/showoutline.asp?SYEAR=115&SEM=1&CrsDat=CM512&Crsname=智慧商業分析實務,,,False,管理學院(碩),CM512,0,不分班,"智慧商業分析實務
PRACTICE OF BUSINESS ANALYTICS IN AI ERA",3,期,False,50,0,0,50,卓雍然,"五2,3,4(管CM 3051)","['', '', '', '', '234', '', '']","《講授類》
智慧商業數據分析與創新微學程",[],False
https://selcrs.nsysu.edu.tw/menu5/showoutline.asp?SYEAR=115&SEM=1&CrsDat=CM513&Crsname=商管軟體設計,,,False,管理學院(碩),CM513,0,不分班,"商管軟體設計
BUSINESS MANAGEMENT SOFTWARE DESIGN",3,期,False,50,0,0,50,"宋世祥,韓毅,黃三益","三5,6,7(管CM 3038)","['', '', '567', '', '', '', '']","《講授類》
本課程為商業大數據系列課程之一",[],False
https://selcrs.nsysu.edu.tw/menu5/showoutline.asp?SYEAR=115&SEM=1&CrsDat=CM514&Crsname=金融數據分析,,,False,管理學院(碩),CM514,0,不分班,"金融數據分析
FINANCIAL DATA ANALYSIS",3,期,False,16,0,0,16,王昭文,"四5,6,7(管CM 3051)","['', '', '', '567', '', '', '']","《講授類》
本課程與FM617併班上課。本課程為商業大數據系列課程之一",[],False
https://selcrs.nsysu.edu.tw/menu5/showoutline.asp?SYEAR=115&SEM=1&CrsDat=CM515&Crsname=永續金融,,,False,管理學院(碩),CM515,0,不分班,"永續金融
SUSTAINABLE FINANCE",2,期,False,50,0,0,50,吳偉寧,"三3,4(管CM 3038)","['', '', '34', '', '', '', '']","《講授類》
永續管理微學程課程之一",[],False
https://selcrs.nsysu.edu.tw/menu5/showoutline.asp?SYEAR=115&SEM=1&CrsDat=BM501&Crsname=組織理論與管理,,,False,企企管碩,BM501,0,不分班,"組織理論與管理
ORGANIZATIONAL THEORY & MANAGEMENT",3,期,False,50,0,0,50,林杏娥,"四2,3,4(管CM 4078)","['', '', '', '234', '', '', '']",《講授類》,[],False
https://selcrs.nsysu.edu.tw/menu5/showoutline.asp?SYEAR=115&SEM=1&CrsDat=BM504&Crsname=行銷管理與研究,,,False,企企管碩,BM504,0,不分班,"行銷管理與研究
MARKETING MANAGEMENT AND RESEARCH",3,期,False,50,0,0,50,林政佑,"四C,D,E(管CM 4112)","['', '', '', 'CDE', '', '', '']",《講授類》,[],False
https://selcrs.nsysu.edu.tw/menu5/showoutline.asp?SYEAR=115&SEM=1&CrsDat=BM506&Crsname=人力資源管理,,,False,企企管碩,BM506,0,不分班,"人力資源管理
HUMAN RESOURCES MANAGEMENT",3,期,False,50,0,0,50,施欣宜,"一8,6,7(管CM 2037)","['678', '', '', '', '', '', '']",《講授類》,[],True
https://selcrs.nsysu.edu.tw/menu5/showoutline.asp?SYEAR=115&SEM=1&CrsDat=BM507&Crsname=管理資訊系統,,,False,企企管碩,BM507,0,不分班,"管理資訊系統
MANAGEMENT INFORMATION SYSTEMS",3,期,False,50,0,0,50,彭聖翔,"五C,D,E(管CM 1037)","['', '', '', '', 'CDE', '', '']",《講授類》,[],False
https://selcrs.nsysu.edu.tw/menu5/showoutline.asp?SYEAR=115&SEM=1&CrsDat=BM508&Crsname=管理統計學,,,False,企企管碩,BM508,0,不分班,"管理統計學
MANAGERIAL STATISTICS",3,期,False,50,0,0,50,黃俊智,"三D,E,F(管CM 3051)","['', '', 'DEF', '', '', '', '']",《講授類》,[],True
https://selcrs.nsysu.edu.tw/menu5/showoutline.asp?SYEAR=115&SEM=1&CrsDat=BM513&Crsname=行銷研究方法,,,False,企企管碩,BM513,0,不分班,"行銷研究方法
MARKETING RESEARCH METHOD",3,期,False,50,0,0,50,林政佑,"五C,D,E(管CM 3051)","['', '', '', '', 'CDE', '', '']",《講授類》,[],False
https://selcrs.nsysu.edu.tw/menu5/showoutline.asp?SYEAR=115&SEM=1&CrsDat=BM601&Crsname=倫理與領導,,,False,企企管碩,BM601,0,不分班,"倫理與領導
ETHICS AND LEADERSHIP",3,期,False,50,0,0,50,蔡宗霖,"二C,D,E(管CM 2037)","['', 'CDE', '', '', '', '', '']",《講授類》,[],False
https://selcrs.nsysu.edu.tw/menu5/showoutline.asp?SYEAR=115&SEM=1&CrsDat=BM646&Crsname=市場與法律,,,False,企企管碩,BM646,0,不分班,"市場與法律
MARKET AND LAW",3,期,False,50,0,0,50,薛西全,"四C,D,E(管CM 3038)","['', '', '', 'CDE', '', '', '']",《講授類》,[],False
https://selcrs.nsysu.edu.tw/menu5/showoutline.asp?SYEAR=115&SEM=1&CrsDat=BM680&Crsname=科技法律與產業政策,,,False,企企管碩,BM680,0,不分班,"科技法律與產業政策
LAW,TECHNOLOGY AND INDUSTRIAL POLICY",3,期,False,50,0,0,50,李清潭,"一5,6,7(管CM 3022)","['567', '', '', '', '', '', '']",《講授類》,[],False
https://selcrs.nsysu.edu.tw/menu5/showoutline.asp?SYEAR=115&SEM=1&CrsDat=BM681&Crsname=平台商業模式,,,False,企企管碩,BM681,0,不分班,"平台商業模式
ON BUSINESS PLATFORM",3,期,False,50,0,0,50,王致遠,"四5,6,7(管CM 1032)","['', '', '', '567', '', '', '']",《講授類》,[],False
https://selcrs.nsysu.edu.tw/menu5/showoutline.asp?SYEAR=115&SEM=1&CrsDat=BM687&Crsname=競爭優勢與法律,,,False,企企管碩,BM687,0,不分班,"競爭優勢與法律
LAW AND COMPETITIVE ADVANTAGES",3,期,False,50,0,0,50,盧憶,"二5,6,7(管CM 3038)","['', '567', '', '', '', '', '']",《講授類》,[],False
https://selcrs.nsysu.edu.tw/menu5/showoutline.asp?SYEAR=115&SEM=1&CrsDat=BM688&Crsname=文創產業分析,,,False,企企管碩,BM688,0,不分班,"文創產業分析
CREATIVE INDUSTRY ANALYSIS",3,期,False,50,0,0,50,佘健源,"二C,D,E(管CM 3017)","['', 'CDE', '', '', '', '', '']",《講授類》,[],False
https://selcrs.nsysu.edu.tw/menu5/showoutline.asp?SYEAR=115&SEM=1&CrsDat=BM691&Crsname=人工智慧工具應用,,,False,企企管碩,BM691,0,不分班,"人工智慧工具應用
AI TOOLS FOR RESEARCH AND BUSINESS",3,期,False,50,0,0,50,王致遠,"二5,6,7(管CM 1032)","['', '567', '', '', '', '', '']",《講授類》,[],False
https://selcrs.nsysu.edu.tw/menu5/showoutline.asp?SYEAR=115&SEM=1&CrsDat=IHCM501&Crsname=醫療體系總論,,,False,企醫管碩,IHCM501,1,不分班,"醫療體系總論
TOPICS ON HEALTH CARE SYSTEMS",3,期,True,50,0,0,50,林芳伃,"三5,6,7(管CM 3035)","['', '', '567', '', '', '', '']",《講授類》,[],False
https://selcrs.nsysu.edu.tw/menu5/showoutline.asp?SYEAR=115&SEM=1&CrsDat=IHCM502&Crsname=醫療財務管理,,,False,企醫管碩,IHCM502,0,不分班,"醫療財務管理
HEALTH SERVICES FINANCIAL MANAGEMENT",3,期,False,50,0,0,50,黃北豪,"一C,D,E(管CM 3035)","['CDE', '', '', '', '', '', '']",《講授類》,[],False
https://selcrs.nsysu.edu.tw/menu5/showoutline.asp?SYEAR=115&SEM=1&CrsDat=IHCM511&Crsname=醫療機構組織理論與管理,,,False,企醫管碩,IHCM511,1,不分班,"醫療機構組織理論與管理
THE ORGANIZATIONAL THEORY AND MANAGEMENT IN HEALTH CARE ORGANIZATIONS",3,期,True,50,0,0,50,蔡宗霖,"三D,E,F(管CM 3035)","['', '', 'DEF', '', '', '', '']",《講授類》,[],False
https://selcrs.nsysu.edu.tw/menu5/showoutline.asp?SYEAR=115&SEM=1&CrsDat=IHCM601&Crsname=實證醫學研究法,,,False,企醫管碩,IHCM601,0,不分班,"實證醫學研究法
EVIDENCE-BASED MEDICINE RESEARCH METHOD",3,期,False,50,0,0,50,林芳伃,"五5,6,7(管CM 3035)","['', '', '', '', '567', '', '']",《講授類》,[],False
https://selcrs.nsysu.edu.tw/menu5/showoutline.asp?SYEAR=115&SEM=1&CrsDat=IHCM605&Crsname=醫療經濟政策與管理,,,False,企醫管碩,IHCM605,0,不分班,"醫療經濟政策與管理
HEALTH ECONOMICS, POLICY AND MANAGEMENT",3,期,False,50,0,0,50,黃俊智,"四5,6,7(管CM 3035)","['', '', '', '567', '', '', '']",《講授類》,[],False
https://selcrs.nsysu.edu.tw/menu5/showoutline.asp?SYEAR=115&SEM=1&CrsDat=IHCM616&Crsname=老年健康照護研究與管理,,,False,企醫管碩,IHCM616,0,不分班,"老年健康照護研究與管理
HEALTH SERVICES RESEARCH AND MANAGEMENT FOR AGING POPULATION",3,期,False,50,0,0,50,李英俊,"二C,D,E(CM 3035)","['', 'CDE', '', '', '', '', '']",《講授類》,[],False
https://selcrs.nsysu.edu.tw/menu5/showoutline.asp?SYEAR=115&SEM=1&CrsDat=IHCM620&Crsname=長期照護,,,False,企醫管碩,IHCM620,0,不分班,"長期照護
LONG-TERM CARE",3,期,False,50,0,0,50,葉淑娟,"二2,3,4(管CM 3035)","['', '234', '', '', '', '', '']",《講授類》,[],False
https://selcrs.nsysu.edu.tw/menu5/showoutline.asp?SYEAR=115&SEM=1&CrsDat=IHCM625&Crsname=醫療品質管理,,,False,企醫管碩,IHCM625,0,不分班,"醫療品質管理
QUALITY MANAGEMENT IN HEALTH CARE",3,期,False,50,0,0,50,"余憲忠,莊旺川","四C,D,E(管CM 3035)","['', '', '', 'CDE', '', '', '']",《講授類》,[],False
https://selcrs.nsysu.edu.tw/menu5/showoutline.asp?SYEAR=115&SEM=1&CrsDat=IHCM635&Crsname=醫療監管科學,,,False,企醫管碩,IHCM635,0,不分班,"醫療監管科學
REGULATORY SCIENCE OF MEDICAL HEALTHCARE",3,期,False,50,0,0,50,李清潭,"二5,6,7(管CM 3035)","['', '567', '', '', '', '', '']",《講授類》,[],False
https://selcrs.nsysu.edu.tw/menu5/showoutline.asp?SYEAR=115&SEM=1&CrsDat=IB502&Crsname=統計與計量方法,,,False,國際經營學程,IB502,1,不分班,"統計與計量方法
STATISTICS AND QUANTITATIVE METHODS",3,期,True,50,0,0,50,待聘,"二8,6,7(圖IL PC03)","['', '678', '', '', '', '', '']","《講授類》
限IBMBA學程及GHRM MBA學程學生修習，欲加選學生請於異常處理時加選。",[],True
https://selcrs.nsysu.edu.tw/menu5/showoutline.asp?SYEAR=115&SEM=1&CrsDat=IB506&Crsname=組織理論與管理,,,False,國際經營學程,IB506,0,不分班,"組織理論與管理
ORGANISATIONAL THEORY AND MANAGEMENT",3,期,False,30,0,0,30,林帆,"二8,6,7(管CM 1023)","['', '678', '', '', '', '', '']","《講授類》
與GHRM MBA併班上課，限IBMBA及GHRM MBA學生修習，欲加選學生請於異常處理時加選。",[],True
https://selcrs.nsysu.edu.tw/menu5/showoutline.asp?SYEAR=115&SEM=1&CrsDat=IB521&Crsname=會計學,,,False,國際經營學程,IB521,0,不分班,"會計學
ACCOUNTING",3,期,False,35,0,0,35,馬威爾,"三5,6,7(管CM 3015)","['', '', '567', '', '', '', '']","《講授類》
限IBMBA學程及GHRM MBA學程學生修習，欲加選學生請於異常處理時加選。",[],True
https://selcrs.nsysu.edu.tw/menu5/showoutline.asp?SYEAR=115&SEM=1&CrsDat=IB533&Crsname=商業數據分析實務,,,False,國際經營學程,IB533,0,不分班,"商業數據分析實務
THE PRACTICE OF BUSINESS ANALYTICS",3,期,False,20,0,0,20,卓雍然,"二2,3,4(管CM 3051)","['', '234', '', '', '', '', '']","《講授類》
限IBMBA學程及GHRM MBA學程學生修習，欲加選學生請於異常處理時加選。",[],True
https://selcrs.nsysu.edu.tw/menu5/showoutline.asp?SYEAR=115&SEM=1&CrsDat=IB535&Crsname=國際經濟,,,False,國際經營學程,IB535,0,不分班,"國際經濟
INTERNATIONAL ECONOMICS",3,期,False,35,0,0,35,安大衛,"三2,3,4(管CM 1023)","['', '', '234', '', '', '', '']","《講授類》
限IBMBA學程及GHRM MBA學程學生修習，欲加選學生請於異常處理時加選。",[],True
https://selcrs.nsysu.edu.tw/menu5/showoutline.asp?SYEAR=115&SEM=1&CrsDat=IB538&Crsname=企業倫理與社會責任實踐,,,False,國際經營學程,IB538,1,不分班,"企業倫理與社會責任實踐
THE PRACTICE OF CORPORATE ETHICS AND SOCIAL RESPONSIBILITY",2,期,True,50,0,0,50,劉易,"五6,7(管CM 4112)","['', '', '', '', '67', '', '']","《講授類》
與GHRM MBA併班上課，限IBMBA及GHRM MBA學生修習，欲加選學生請於異常處理時加選。",[],True
https://selcrs.nsysu.edu.tw/menu5/showoutline.asp?SYEAR=115&SEM=1&CrsDat=IB539&Crsname=永續領導力論壇,,,False,國際經營學程,IB539,1,不分班,"永續領導力論壇
SUSTAINABLE LEADERSHIP FORUM",1,期,True,50,0,0,50,劉易,五8(管CM 4112),"['', '', '', '', '8', '', '']","《研討類》
與GHRM MBA併班上課，限IBMBA及GHRM MBA學生修習，欲加選學生請於異常處理時加選。",[],True
https://selcrs.nsysu.edu.tw/menu5/showoutline.asp?SYEAR=115&SEM=1&CrsDat=IB540&Crsname=亞太創新經濟研討,,,False,國際經營學程,IB540,0,不分班,"亞太創新經濟研討
SEMINAR ON THE INNOVATION ECONOMY IN THE ASIA-PACIFIC REGION",3,期,False,50,0,0,50,"佘健源,安大衛,艾玲",,"['234678', '678', '234567', '678', '234678', '', '']","《研討類》
此為暑期密集授課課程(8/17-8/31),僅限有修該課程之學生修習。",[],True
https://selcrs.nsysu.edu.tw/menu5/showoutline.asp?SYEAR=115&SEM=1&CrsDat=IB541&Crsname=國際行銷管理,,,False,國際經營學程,IB541,0,不分班,"國際行銷管理
INTERNATIONAL MARKETING MANAGEMENT",3,期,False,35,0,0,35,陳文鑫,"四2,3,4(管CM 1032)","['', '', '', '234', '', '', '']","《講授類》
與GHRM MBA併班上課，限IBMBA及GHRM MBA學生修習，欲加選學生請於異常處理時加選。",[],True
https://selcrs.nsysu.edu.tw/menu5/showoutline.asp?SYEAR=115&SEM=1&CrsDat=IB616&Crsname=國際企業管理,,,False,國際經營學程,IB616,1,不分班,"國際企業管理
INTERNATIONAL BUSINESS MANAGEMENT",3,期,True,50,0,0,50,待聘,"五2,3,4(管CM 4078)","['', '', '', '', '234', '', '']","《講授類》
限IBMBA學程及GHRM MBA學程學生修習，欲加選學生請於異常處理時加選。",[],True
https://selcrs.nsysu.edu.tw/menu5/showoutline.asp?SYEAR=115&SEM=1&CrsDat=GHRM501&Crsname=組織理論與管理,,,False,人管英語碩程,GHRM501,1,不分班,"組織理論與管理
ORGANIZATION THEORY & MANAGEMENT",3,期,True,50,0,0,50,林帆,"二8,6,7(管CM 1023)","['', '678', '', '', '', '', '']","《講授類》
與IBMBA併班上課，限IBMBA及GHRM MBA學生修習，欲加選學生請於異常處理時加選。",[],True
https://selcrs.nsysu.edu.tw/menu5/showoutline.asp?SYEAR=115&SEM=1&CrsDat=GHRM502&Crsname=組織行為,,,False,人管英語碩程,GHRM502,1,不分班,"組織行為
ORGANIZATIONAL BEHAVIOR",3,期,True,50,0,0,50,張姮燕,"三2,3,4(管CM 4078)","['', '', '234', '', '', '', '']","《講授類》
限IBMBA學程及GHRM MBA學程學生修習，欲加選學生請於異常處理階段辦理加選。",[],True
https://selcrs.nsysu.edu.tw/menu5/showoutline.asp?SYEAR=115&SEM=1&CrsDat=GHRM503&Crsname=人力資源管理,,,False,人管英語碩程,GHRM503,1,不分班,"人力資源管理
HUMAN RESOURCE MANAGEMENT",3,期,True,50,0,0,50,施欣宜,"一8,6,7(管CM 2037)","['678', '', '', '', '', '', '']","《講授類》
與企管碩BM506併班上課，限IBMBA及GHRM MBA學生修習，欲加選學生請於異常處理時加選。",[],True
https://selcrs.nsysu.edu.tw/menu5/showoutline.asp?SYEAR=115&SEM=1&CrsDat=GHRM510&Crsname=企業倫理與社會責任實踐,,,False,人管英語碩程,GHRM510,1,不分班,"企業倫理與社會責任實踐
THE PRACTICE OF CORPORATE ETHICS AND SOCIAL RESPONSIBILITY",2,期,True,50,0,0,50,劉易,"五6,7(管CM 4112)","['', '', '', '', '67', '', '']","《講授類》
與IBMBA併班上課，限IBMBA及GHRM MBA學生修習，欲加選學生請於異常處理時加選。",[],True
https://selcrs.nsysu.edu.tw/menu5/showoutline.asp?SYEAR=115&SEM=1&CrsDat=GHRM511&Crsname=永續領導力論壇,,,False,人管英語碩程,GHRM511,1,不分班,"永續領導力論壇
SUSTAINABLE LEADERSHIP FORUM",1,期,True,50,0,0,50,劉易,五8(管CM 4112),"['', '', '', '', '8', '', '']","《研討類》
與IBMBA併班上課，限IBMBA及GHRM MBA學生修習，欲加選學生請於異常處理時加選。",[],True
https://selcrs.nsysu.edu.tw/menu5/showoutline.asp?SYEAR=115&SEM=1&CrsDat=GHRM532&Crsname=創業精神與人力資源管理,,,False,人管英語碩程,GHRM532,0,不分班,"創業精神與人力資源管理
ENTREPRENEURSHIP AND HUMAN RESOURCE MANAGEMENT",3,期,False,30,0,0,30,雷英瑞,"五2,3,4(管CM 3022)","['', '', '', '', '234', '', '']","《講授類》
限IBMBA學程及GHRM MBA學程學生修習，欲加選學生請於異常處理階段辦理加選。",[],True
https://selcrs.nsysu.edu.tw/menu5/showoutline.asp?SYEAR=115&SEM=1&CrsDat=GHRM650&Crsname=國際行銷管理,,,False,人管英語碩程,GHRM650,0,不分班,"國際行銷管理
INTERNATIONAL MARKETING MANAGEMENT",3,期,False,35,0,0,35,陳文鑫,"四2,3,4(管CM 1032)","['', '', '', '234', '', '', '']","《講授類》
與IBMBA併班上課，限IBMBA及GHRM MBA學生修習，欲加選學生請於異常處理時加選。",[],True
https://selcrs.nsysu.edu.tw/menu5/showoutline.asp?SYEAR=115&SEM=1&CrsDat=GHRM652&Crsname=工作與文化,,,False,人管英語碩程,GHRM652,0,不分班,"工作與文化
WORK AND CULTURE",3,期,False,30,0,0,30,林帆,"三5,6,7(管CM 1023)","['', '', '567', '', '', '', '']","《講授類》
限IBMBA學程及GHRM MBA學程學生修習，欲加選學生請於異常處理階段辦理加選。",[],True
https://selcrs.nsysu.edu.tw/menu5/showoutline.asp?SYEAR=115&SEM=1&CrsDat=GHRM653&Crsname=跨文化管理,異動,更換時間6/30,False,人管英語碩程,GHRM653,0,不分班,"跨文化管理
CROSS CULTURAL MANAGEMENT",3,期,False,30,0,0,30,華明儀,"一2,3,4(管CM 1023)","['234', '', '', '', '', '', '']","《講授類》
限IBMBA學程及GHRM MBA學程學生修習，欲加選學生請於異常處理階段辦理加選。",[],True
https://selcrs.nsysu.edu.tw/menu5/showoutline.asp?SYEAR=115&SEM=1&CrsDat=FI601&Crsname=金融產業專業實習（二）,,,False,金融創新產碩,FI601,2,不分班,"金融產業專業實習（二）
PROFESSIONAL PRACTICE IN FINANCIAL INDUSTRY （II）",2,期,True,15,0,0,15,邱敬貿,"六1,2,3,4(管CM 1025)(實驗)","['', '', '', '', '', '1234', '']","《實習類》
限金融創新產業碩士專班學生修課；每周上課時數4小時(此課程為暑假先修)",[],False
https://selcrs.nsysu.edu.tw/menu5/showoutline.asp?SYEAR=115&SEM=1&CrsDat=FI602&Crsname=金融產業專業實習（三）,,,False,金融創新產碩,FI602,2,不分班,"金融產業專業實習（三）
PROFESSIONAL PRACTICE IN FINANCIAL INDUSTRY （III）",2,期,True,15,0,0,15,邱敬貿,"六8,5,6,7(管CM 1025)(實驗)","['', '', '', '', '', '5678', '']","《實習類》
限金融創新產業碩士專班學生修課；每周上課時數4小時",[],False
https://selcrs.nsysu.edu.tw/menu5/showoutline.asp?SYEAR=115&SEM=1&CrsDat=FI604&Crsname=碩士論文專題（一）,,,False,金融創新產碩,FI604,2,不分班,"碩士論文專題（一）
INDEPENDENT STUDIES IN MASTER THESIS （I）",3,期,True,50,0,0,50,"張世賢,王昭文,翁培師,蔡佳芬,蔡秉真,蔡維哲,邱敬貿","三A,1,B(管CM 2026)","['', '', 'A1B', '', '', '', '']",《獨立研究》,[],False
https://selcrs.nsysu.edu.tw/menu5/showoutline.asp?SYEAR=115&SEM=1&CrsDat=FA501&Crsname=會計學（一）,,,False,會計數據產碩,FA501,1,不分班,"會計學（一）
ACCOUNTING (I)",3,期,False,50,0,0,50,劉名育,"三2,3,4(管CM 2025)","['', '', '234', '', '', '', '']",《講授類》,[],True
https://selcrs.nsysu.edu.tw/menu5/showoutline.asp?SYEAR=115&SEM=1&CrsDat=MBR501&Crsname=海洋生物科技專題研討（一）,,,True,海資碩,MBR501,1,不分班,"海洋生物科技專題研討（一）
SEMINAR IN MARINE BIOTECHNOLOGY (I)",2,期,True,50,0,0,50,李澤民,"一6,7(海MB 2020)","['67', '', '', '', '', '', '']","《研討類》
碩博士班併班上課。",[],False
https://selcrs.nsysu.edu.tw/menu5/showoutline.asp?SYEAR=115&SEM=1&CrsDat=MBR503&Crsname=海洋生態專題研討（一）,,,True,海資碩,MBR503,1,不分班,"海洋生態專題研討（一）
SEMINAR IN MARINE ECOLOGY (I)",2,期,True,50,0,0,50,林秀瑾,"一6,7(海MB 3013)","['67', '', '', '', '', '', '']","《研討類》
碩博士班併班上課。",[],False
https://selcrs.nsysu.edu.tw/menu5/showoutline.asp?SYEAR=115&SEM=1&CrsDat=MBR506&Crsname=基因選殖及轉殖生物技術實驗,,,False,海資碩,MBR506,1,不分班,"基因選殖及轉殖生物技術實驗
GENE CLONING AND TRANSFORMATION BIOTECHNOLOGY EXPERIMENT",2,期,False,50,0,0,50,李澤民,"一1,B(海MB 2012)(實驗) 二B(海MB 2012)(實驗) 三B(海MB 2012)(實驗) 四B(海MB 2012)(實驗) 五B(海MB 2012)(實驗)","['1B', 'B', 'B', 'B', 'B', '', '']",《實驗類》,[],False
https://selcrs.nsysu.edu.tw/menu5/showoutline.asp?SYEAR=115&SEM=1&CrsDat=MBR507&Crsname=海洋化學資源專題研討（一）,,,True,海資碩,MBR507,1,不分班,"海洋化學資源專題研討（一）
SEMINAR IN MARINE CHEMICAL RESOURCES (I)",2,期,True,50,0,0,50,廖志中,"一6,7(海MB 2014)","['67', '', '', '', '', '', '']","《研討類》
碩博士班併班上課。",[],False
https://selcrs.nsysu.edu.tw/menu5/showoutline.asp?SYEAR=115&SEM=1&CrsDat=MBR507A&Crsname=海洋化學資源專題研討（一）,,,True,海資碩,MBR507A,1,不分班,"海洋化學資源專題研討（一）
SEMINAR IN MARINE CHEMICAL RESOURCES (I)",2,期,True,50,0,0,50,"宋秉鈞,蘇瑞欣","一6,7(海生館第二研究大樓R 2002)","['67', '', '', '', '', '', '']","《研討類》
碩士班併班上課。上課地點在海生館。學生修畢本課程後，請依必修科目表分組必修規定辦理學分抵免。",[],False
https://selcrs.nsysu.edu.tw/menu5/showoutline.asp?SYEAR=115&SEM=1&CrsDat=MBR509&Crsname=分子細胞生物學（一）,,,True,海資碩,MBR509,1,不分班,"分子細胞生物學（一）
MOLECULAR CELL BIOLOGY(I)",2,期,True,50,0,0,50,李景欽,"二3,4(海MB 2016)","['', '34', '', '', '', '', '']",《講授類》,[],True
https://selcrs.nsysu.edu.tw/menu5/showoutline.asp?SYEAR=115&SEM=1&CrsDat=MBR511&Crsname=教學實習,,,False,海資碩,MBR511,1,不分班,"教學實習
TEACHING PRACTICE",1,期,False,50,0,0,50,廖志中,"二8,9(海MB 2016)(實驗)","['', '89', '', '', '', '', '']",《講授類》,[],False
https://selcrs.nsysu.edu.tw/menu5/showoutline.asp?SYEAR=115&SEM=1&CrsDat=MBR511A&Crsname=教學實習,,,False,海資碩,MBR511A,1,不分班,"教學實習
TEACHING PRACTICE",1,期,False,50,0,0,50,李幸慧,"二8,9(海生館第二研究大樓R 2002)(實驗)","['', '89', '', '', '', '', '']","《講授類》
請注意上課地點在海生館。",[],False
https://selcrs.nsysu.edu.tw/menu5/showoutline.asp?SYEAR=115&SEM=1&CrsDat=MBR519&Crsname=珊瑚資源特論,,,False,海資碩,MBR519,1,不分班,"珊瑚資源特論
SPECIAL TOPICS IN CORAL RESOURCES",2,期,False,50,0,0,50,水晶,"二3,4(海MB 2009)","['', '34', '', '', '', '', '']",《講授類》,[],True
https://selcrs.nsysu.edu.tw/menu5/showoutline.asp?SYEAR=115&SEM=1&CrsDat=MBR532&Crsname=生物科學寫作及簡報概論,,,False,海資碩,MBR532,1,不分班,"生物科學寫作及簡報概論
INTRODUCTORY GUIDE TO SCIENTIFIC WRITING AND ORAL PRESENTATION IN BIOLOGICAL RESEARCH",3,期,False,50,0,0,50,王亮鈞,"二5,6,7(海MB 1009)","['', '567', '', '', '', '', '']",《講授類》,[],True
https://selcrs.nsysu.edu.tw/menu5/showoutline.asp?SYEAR=115&SEM=1&CrsDat=MBR539&Crsname=天然物化學（一）,,,False,海資碩,MBR539,1,不分班,"天然物化學（一）
NATURAL PRODUCT CHEMISTRY(I)",3,期,False,50,0,0,50,鄭源斌,"四5,6,7(海MB 2009)","['', '', '', '567', '', '', '']",《講授類》,[],False
https://selcrs.nsysu.edu.tw/menu5/showoutline.asp?SYEAR=115&SEM=1&CrsDat=MBR546&Crsname=海上實習,,,False,海資碩,MBR546,1,不分班,"海上實習
OCEANOGRAPHY CRUISE PRACTICE",1,期,False,50,0,0,50,劉商隱,"四8,9(海MB 2009)(實驗)","['', '', '', '89', '', '', '']","《講授類》
修課學生須先取得海科院舉辦之水域活動安全與自救訓練講習證明，始能參與水域活動(含實習航次)",[],False
https://selcrs.nsysu.edu.tw/menu5/showoutline.asp?SYEAR=115&SEM=1&CrsDat=MBR550&Crsname=海洋生物技術專研（一）,,,False,海資碩,MBR550,1,不分班,"海洋生物技術專研（一）
INDEPENDENT STUDIES IN MARINE BIOTECHNOLOGY (I)",2,期,False,50,0,0,50,"廖睿妘,張鈞涵,李景欽,李澤民,王亮鈞","二A,1()","['', 'A1', '', '', '', '', '']",《獨立研究》,[],False
https://selcrs.nsysu.edu.tw/menu5/showoutline.asp?SYEAR=115&SEM=1&CrsDat=MBR552&Crsname=珊瑚基因體學,,,False,海資碩,MBR552,1,不分班,"珊瑚基因體學
CORAL GENOMICS",2,期,False,50,0,0,50,林梅芳,"四3,4(海MB 2016)","['', '', '', '34', '', '', '']",《講授類》,[],True
https://selcrs.nsysu.edu.tw/menu5/showoutline.asp?SYEAR=115&SEM=1&CrsDat=MBR554&Crsname=海洋動物演化學,,,False,海資碩,MBR554,1,不分班,"海洋動物演化學
MARINE ANIMAL EVOLUTION",3,期,False,50,0,0,50,林梅芳,"五2,3,4(海MB 2016)","['', '', '', '', '234', '', '']",《講授類》,[],True
https://selcrs.nsysu.edu.tw/menu5/showoutline.asp?SYEAR=115&SEM=1&CrsDat=MBR558&Crsname=水生生態專題研究（一）,,,False,海資碩,MBR558,1,不分班,"水生生態專題研究（一）
INDEPENDENT STUDIES INAQUATIC ECOLOGY (I)",2,期,False,50,0,0,50,"劉商隱,張桂祥,林梅芳,林秀瑾,水晶","二A,1()","['', 'A1', '', '', '', '', '']",《獨立研究》,[],False
https://selcrs.nsysu.edu.tw/menu5/showoutline.asp?SYEAR=115&SEM=1&CrsDat=MBR560&Crsname=植物與藻類功能性基因研究導論,,,False,海資碩,MBR560,1,不分班,"植物與藻類功能性基因研究導論
INTRODUCTION TO FUNCTIONAL GENE RESEARCH IN PLANTS AND ALGAE",3,期,False,50,0,0,50,廖睿妘,"三5,6,7(海MB 2016)","['', '', '567', '', '', '', '']",《講授類》,[],False
https://selcrs.nsysu.edu.tw/menu5/showoutline.asp?SYEAR=115&SEM=1&CrsDat=MBR563&Crsname=分子病毒學特論,,,False,海資碩,MBR563,1,不分班,"分子病毒學特論
SPECIAL TOPICS IN MOLECULAR VIROLOGY",3,期,False,50,0,0,50,李景欽,"一2,3,4(海MB 2016)","['234', '', '', '', '', '', '']",《講授類》,[],False
https://selcrs.nsysu.edu.tw/menu5/showoutline.asp?SYEAR=115&SEM=1&CrsDat=MBR579&Crsname=海洋化學生物學專題研究（一）,,,False,海資碩,MBR579,1,不分班,"海洋化學生物學專題研究（一）
INDEPENDENT STUDIES IN MARINE CHEMICAL BIOLOGY (I)",2,期,False,50,0,0,50,"廖志中,李益銘,翁靖如,鄭源斌","二A,1()","['', 'A1', '', '', '', '', '']",《獨立研究》,[],False
https://selcrs.nsysu.edu.tw/menu5/showoutline.asp?SYEAR=115&SEM=1&CrsDat=MBR592&Crsname=海洋生物多樣性與保育（一）,,,True,海資碩,MBR592,1,不分班,"海洋生物多樣性與保育（一）
MARINE BIODIVERSITY AND CONSERVATION （1）",2,期,True,50,0,0,50,劉商隱,"三3,4(海MB 2016)","['', '', '34', '', '', '', '']",《講授類》,[],True
https://selcrs.nsysu.edu.tw/menu5/showoutline.asp?SYEAR=115&SEM=1&CrsDat=MBR592A&Crsname=海洋生物多樣性與保育（一）,,,True,海資碩,MBR592A,1,不分班,"海洋生物多樣性與保育（一）
MARINE BIODIVERSITY AND CONSERVATION （1）",2,期,True,50,0,0,50,李欣,"三3,4(海生館第二研究大樓R 2002)","['', '', '34', '', '', '', '']","《講授類》
請注意上課地點在海生館。",[],False
https://selcrs.nsysu.edu.tw/menu5/showoutline.asp?SYEAR=115&SEM=1&CrsDat=MBR597&Crsname=海洋天然物與化學分析（一）,,,True,海資碩,MBR597,1,不分班,"海洋天然物與化學分析（一）
MARINE NATURAL PRODUCTS AND CHEMICAL ANALYSIS I",2,期,True,50,0,0,50,李益銘,"五3,4(海MB 3013)","['', '', '', '', '34', '', '']",《講授類》,[],True
https://selcrs.nsysu.edu.tw/menu5/showoutline.asp?SYEAR=115&SEM=1&CrsDat=MBR597A&Crsname=海洋天然物與化學分析（一）,,,True,海資碩,MBR597A,1,不分班,"海洋天然物與化學分析（一）
MARINE NATURAL PRODUCTS AND CHEMICAL ANALYSIS I",2,期,True,50,0,0,50,"宋秉鈞,蘇瑞欣","五3,4(海生館第二研究大樓R 2002)","['', '', '', '', '34', '', '']","《講授類》
請注意上課地點在海生館。",[],False
https://selcrs.nsysu.edu.tw/menu5/showoutline.asp?SYEAR=115&SEM=1&CrsDat=MBR601&Crsname=海洋生物科技專題研討（三）,,,False,海資碩,MBR601,2,不分班,"海洋生物科技專題研討（三）
SEMINAR IN MARINE BIOTECHNOLOGY (III)",2,期,False,50,0,0,50,李澤民,"一6,7(海MB 2020)","['67', '', '', '', '', '', '']","《研討類》
碩博士班併班上課。",[],False
https://selcrs.nsysu.edu.tw/menu5/showoutline.asp?SYEAR=115&SEM=1&CrsDat=MBR603&Crsname=海洋生態專題研討（三）,,,False,海資碩,MBR603,2,不分班,"海洋生態專題研討（三）
SEMINAR IN MARINE ECOLOGY (III)",2,期,False,50,0,0,50,林秀瑾,"一6,7(海MB 3013)","['67', '', '', '', '', '', '']","《研討類》
碩博士班併班上課。",[],False
https://selcrs.nsysu.edu.tw/menu5/showoutline.asp?SYEAR=115&SEM=1&CrsDat=MBR607&Crsname=海洋化學資源專題研討（三）,,,False,海資碩,MBR607,2,不分班,"海洋化學資源專題研討（三）
SEMINAR IN MARINE CHEMICAL RESOURCES (III)",2,期,False,50,0,0,50,廖志中,"一6,7(海MB 2014)","['67', '', '', '', '', '', '']","《研討類》
碩博士班併班上課。",[],False
https://selcrs.nsysu.edu.tw/menu5/showoutline.asp?SYEAR=115&SEM=1&CrsDat=MBR607A&Crsname=海洋化學資源專題研討（三）,,,False,海資碩,MBR607A,2,不分班,"海洋化學資源專題研討（三）
SEMINAR IN MARINE CHEMICAL RESOURCES (III)",2,期,False,50,0,0,50,"宋秉鈞,蘇瑞欣","一6,7(海生館第二研究大樓R 2002)","['67', '', '', '', '', '', '']","《研討類》
碩士班併班上課。上課地點在海生館。",[],False
https://selcrs.nsysu.edu.tw/menu5/showoutline.asp?SYEAR=115&SEM=1&CrsDat=MBR613&Crsname=海洋生物技術專研（三）,,,False,海資碩,MBR613,2,不分班,"海洋生物技術專研（三）
INDEPENDENT STUDIES IN MARINE BIOTECHNOLOGY (III)",2,期,False,50,0,0,50,"廖睿妘,張鈞涵,李景欽,李澤民,王亮鈞","三A,1()","['', '', 'A1', '', '', '', '']",《獨立研究》,[],False
https://selcrs.nsysu.edu.tw/menu5/showoutline.asp?SYEAR=115&SEM=1&CrsDat=MBR621&Crsname=水生生態專題研究（三）,,,False,海資碩,MBR621,2,不分班,"水生生態專題研究（三）
INDEPENDENT STUDIES IN AQUATIC ECOLOGY (III)",2,期,False,50,0,0,50,"劉商隱,張桂祥,林梅芳,林秀瑾,水晶","三A,1()","['', '', 'A1', '', '', '', '']",《獨立研究》,[],False
https://selcrs.nsysu.edu.tw/menu5/showoutline.asp?SYEAR=115&SEM=1&CrsDat=MBR635&Crsname=海洋化學生物學專題研究（三）,,,False,海資碩,MBR635,2,不分班,"海洋化學生物學專題研究（三）
INDEPENDENT STUDIES IN MARINE CHEMICAL BIOLOGY (III)",2,期,False,50,0,0,50,"廖志中,李益銘,翁靖如,鄭源斌","三A,1()","['', '', 'A1', '', '', '', '']",《獨立研究》,[],False
https://selcrs.nsysu.edu.tw/menu5/showoutline.asp?SYEAR=115&SEM=1&CrsDat=MAEV501&Crsname=海洋環境書報討論（一）,,,False,海工碩,MAEV501,1,不分班,"海洋環境書報討論（一）
SEMINAR IN MARINE ENVIRONMENT (I)",2,期,False,50,0,0,50,李政賢,"四6,7(海ME 3002)","['', '', '', '67', '', '', '']",《演講/參訪》,[],False
https://selcrs.nsysu.edu.tw/menu5/showoutline.asp?SYEAR=115&SEM=1&CrsDat=MAEV521&Crsname=高等流體力學,,,False,海工碩,MAEV521,1,不分班,"高等流體力學
ADVANCED FLUID MECHANICS",3,期,False,50,0,0,50,李政賢,"一8,6,7(海ME 3005)","['678', '', '', '', '', '', '']",《講授類》,[],False
https://selcrs.nsysu.edu.tw/menu5/showoutline.asp?SYEAR=115&SEM=1&CrsDat=MAEV522&Crsname=海洋系統模擬（一）,,,False,海工碩,MAEV522,1,不分班,"海洋系統模擬（一）
MARINE SYSTEM MODELING(I)",3,期,False,50,0,0,50,歐雅森,"二8,6,7(海ME 2002)","['', '678', '', '', '', '', '']",《講授類》,[],True
https://selcrs.nsysu.edu.tw/menu5/showoutline.asp?SYEAR=115&SEM=1&CrsDat=MAEV548&Crsname=離岸結構矩陣分析,,,False,海工碩,MAEV548,1,不分班,"離岸結構矩陣分析
MATRIX ANALYSIS OF OFFSHORE STRUCTURES",3,期,False,50,0,0,50,詹鵬台,"二8,6,7(海ME 2007)","['', '678', '', '', '', '', '']",《講授類》,[],True
https://selcrs.nsysu.edu.tw/menu5/showoutline.asp?SYEAR=115&SEM=1&CrsDat=MAEV558&Crsname=海岸變遷專題研究,,,False,海工碩,MAEV558,1,不分班,"海岸變遷專題研究
INDEPENDENT STUDIES IN COASTAL PROCESSES",3,期,False,50,0,0,50,曾以帆,"一A,9,1()","['A19', '', '', '', '', '', '']",《獨立研究》,[],False
https://selcrs.nsysu.edu.tw/menu5/showoutline.asp?SYEAR=115&SEM=1&CrsDat=MAEV5600&Crsname=海洋及森林碳匯與碳權概論,,,False,海工碩,MAEV5600,1,不分班,"海洋及森林碳匯與碳權概論
INTRODUCTION TO MARINE AND FOREST CARBON SINKS AND CARBON CREDITS",3,期,False,50,0,0,50,王右仁,"二8,6,7(海ME 2001)","['', '678', '', '', '', '', '']",《講授類》,[],True
https://selcrs.nsysu.edu.tw/menu5/showoutline.asp?SYEAR=115&SEM=1&CrsDat=MAEV561&Crsname=高等環境系統分析（一）,,,False,海工碩,MAEV561,1,不分班,"高等環境系統分析（一）
ADVANCED ENVIRONMENTAL SYSTEM ANALYSIS (I)",3,期,False,50,0,0,50,張揚祺,"三2,3,4(海ME 2002)","['', '', '234', '', '', '', '']",《講授類》,[],False
https://selcrs.nsysu.edu.tw/menu5/showoutline.asp?SYEAR=115&SEM=1&CrsDat=MAEV566&Crsname=地理資訊系統於海岸規劃之應用,,,False,海工碩,MAEV566,1,不分班,"地理資訊系統於海岸規劃之應用
GIS APPLICATIONS IN COASTAL PLANNING",3,期,False,50,0,0,50,鍾秉宸,"一5,6,7(海ME 2002)","['567', '', '', '', '', '', '']",《講授類》,[],False
https://selcrs.nsysu.edu.tw/menu5/showoutline.asp?SYEAR=115&SEM=1&CrsDat=MAEV575&Crsname=離岸浮式構造物工程導論,,,False,海工碩,MAEV575,1,不分班,"離岸浮式構造物工程導論
INTRODUCTION TO MARITIME AND OCEAN ENGINEERING OF FLOATING OFFSHORE STRUCTURES",3,期,False,50,0,0,50,林俊宏,"三2,3,4(海ME 3005)","['', '', '234', '', '', '', '']",《講授類》,[],False
https://selcrs.nsysu.edu.tw/menu5/showoutline.asp?SYEAR=115&SEM=1&CrsDat=MAEV601&Crsname=海洋環境書報討論（三）,,,False,海工碩,MAEV601,2,不分班,"海洋環境書報討論（三）
SEMINAR IN MARINE ENVIRONMENT (III)",2,期,False,50,0,0,50,林巧雯,"四6,7()","['', '', '', '67', '', '', '']",《演講/參訪》,[],False
https://selcrs.nsysu.edu.tw/menu5/showoutline.asp?SYEAR=115&SEM=1&CrsDat=MAEV603&Crsname=專題研究（三）,,,False,海工碩,MAEV603,2,不分班,"專題研究（三）
INDEPENDENT STUDIES(III)",3,期,False,50,0,0,50,指導教授,"六2,3,4()","['', '', '', '', '', '234', '']",《獨立研究》,[],False
https://selcrs.nsysu.edu.tw/menu5/showoutline.asp?SYEAR=115&SEM=1&CrsDat=MAEV628&Crsname=紊流學,,,False,海工碩,MAEV628,1,不分班,"紊流學
TURBULENCE",3,期,False,50,0,0,50,歐雅森,"三5,6,7(海ME 2002)","['', '', '567', '', '', '', '']",《講授類》,[],True
https://selcrs.nsysu.edu.tw/menu5/showoutline.asp?SYEAR=115&SEM=1&CrsDat=MAEV648&Crsname=海岸現場試驗,,,False,海工碩,MAEV648,1,不分班,"海岸現場試驗
COASTAL FIELD EXPERIMENT",3,期,False,50,0,0,50,曾以帆,"三5,6,7(海ME 3005)","['', '', '567', '', '', '', '']",《講授類》,[],False
https://selcrs.nsysu.edu.tw/menu5/showoutline.asp?SYEAR=115&SEM=1&CrsDat=MAEV652&Crsname=水化學,,,False,海工碩,MAEV652,1,不分班,"水化學
WATER CHEMISTRY",3,期,False,50,0,0,50,林巧雯,"三5,6,7(海ME 2007)","['', '', '567', '', '', '', '']",《講授類》,[],True
https://selcrs.nsysu.edu.tw/menu5/showoutline.asp?SYEAR=115&SEM=1&CrsDat=MAEV662&Crsname=應用Python於海洋環境資料分析,,,False,海工碩,MAEV662,1,不分班,"應用Python於海洋環境資料分析
PYTHON FOR MARINE ENVIRONMENTAL DATA ANALYSIS",3,期,False,50,0,0,50,夏沛亞,"一8,6,7(海ME 3004)","['678', '', '', '', '', '', '']",《講授類》,[],True
https://selcrs.nsysu.edu.tw/menu5/showoutline.asp?SYEAR=115&SEM=1&CrsDat=MAEV679&Crsname=波與孔隙物作用專研（一）,,,False,海工碩,MAEV679,2,不分班,"波與孔隙物作用專研（一）
INDEPENDENT STUDIES IN WAVE-POROUS STRUCTURE (I)",2,期,False,50,0,0,50,許弘莒,"一A,1()","['A1', '', '', '', '', '', '']",《獨立研究》,[],False
https://selcrs.nsysu.edu.tw/menu5/showoutline.asp?SYEAR=115&SEM=1&CrsDat=MA501&Crsname=專題討論,,,False,海事碩,MA501,1,不分班,"專題討論
SEMINAR",1,期,True,50,0,0,50,林裕䕒,"二3,4(海MA 2034)","['', '34', '', '', '', '', '']",《研討類》,[],False
https://selcrs.nsysu.edu.tw/menu5/showoutline.asp?SYEAR=115&SEM=1&CrsDat=MA502&Crsname=海洋事務總論,,,False,海事碩,MA502,1,不分班,"海洋事務總論
MARINE AFFAIRS",3,期,True,50,0,0,50,蔡宏政,"二5,6,7(海MA 2034)","['', '567', '', '', '', '', '']",《講授類》,[],False
https://selcrs.nsysu.edu.tw/menu5/showoutline.asp?SYEAR=115&SEM=1&CrsDat=MA504&Crsname=海洋學導論,,,False,海事碩,MA504,0,不分班,"海洋學導論
INTRODUCTION TO OCEANOGRAPHY",3,期,False,50,0,0,50,"張詠斌,待聘","一2,3,4(海MA 2009)","['234', '', '', '', '', '', '']",《講授類》,[],False
https://selcrs.nsysu.edu.tw/menu5/showoutline.asp?SYEAR=115&SEM=1&CrsDat=MA506&Crsname=論文研究,,,False,海事碩,MA506,2,不分班,"論文研究
THESIS RESEARCH",2,期,True,50,0,0,50,"張懿,蔡宏政,高世明","五A,1(教師研究室)","['', '', '', '', 'A1', '', '']",《獨立研究》,[],False
https://selcrs.nsysu.edu.tw/menu5/showoutline.asp?SYEAR=115&SEM=1&CrsDat=MA582&Crsname=國際法,,,False,海事碩,MA582,0,不分班,"國際法
INTERNATIONAL LAW",3,期,False,50,0,0,50,高世明,"五2,3,4(海MA 2034)","['', '', '', '', '234', '', '']",《講授類》,[],False
https://selcrs.nsysu.edu.tw/menu5/showoutline.asp?SYEAR=115&SEM=1&CrsDat=MA583&Crsname=海洋法,,,False,海事碩,MA583,0,不分班,"海洋法
LAW OF THE SEA",3,期,False,50,0,0,50,高世明,"一D,E,F(海MA 2034)","['DEF', '', '', '', '', '', '']",《講授類》,[],False
https://selcrs.nsysu.edu.tw/menu5/showoutline.asp?SYEAR=115&SEM=1&CrsDat=MA612&Crsname=我國水下文化資產保存法令,,,False,海事碩,MA612,0,不分班,"我國水下文化資產保存法令
LAWS AND REGULATIONS CONCERNING UNDERWATER CULTURAL HERITAGE",3,期,False,50,0,0,50,吳培福,"四C,D,E(海MA 2034)","['', '', '', 'CDE', '', '', '']",《講授類》,[],False
https://selcrs.nsysu.edu.tw/menu5/showoutline.asp?SYEAR=115&SEM=1&CrsDat=MA619&Crsname=海洋保護區：規劃與執行,,,False,海事碩,MA619,0,不分班,"海洋保護區：規劃與執行
MARINE PROTECTED AREA: PLANNING AND IMPLEMENTING",3,期,False,50,0,0,50,張水鍇,"五8,9,7(海MA 2034)","['', '', '', '', '789', '', '']",《講授類》,[],False
https://selcrs.nsysu.edu.tw/menu5/showoutline.asp?SYEAR=115&SEM=1&CrsDat=MA627&Crsname=島嶼原住民傳統知識與氣候變遷調適,,,False,海事碩,MA627,0,不分班,"島嶼原住民傳統知識與氣候變遷調適
ISLANDER TRADITIONAL KNOWLEDGE AND CLIMATE CHANGE ADAPTATION",3,期,False,50,0,0,50,劉子銘,"二5,6,7(海MA 1020)","['', '567', '', '', '', '', '']",《講授類》,[],False
https://selcrs.nsysu.edu.tw/menu5/showoutline.asp?SYEAR=115&SEM=1&CrsDat=MA629&Crsname=海洋產業經濟理論與實務,,,False,海事碩,MA629,0,不分班,"海洋產業經濟理論與實務
ENVIRONMENTAL TRANSFORMATIONS AND CULTURAL RESPONSES IN OCEANIA",3,期,False,50,0,0,50,劉子銘,"三3,4,B(海MA 2034)","['', '', '34B', '', '', '', '']",《講授類》,[],True
https://selcrs.nsysu.edu.tw/menu5/showoutline.asp?SYEAR=115&SEM=1&CrsDat=MA630&Crsname=海洋環境變遷與南島民族,,,False,海事碩,MA630,0,不分班,"海洋環境變遷與南島民族
ENVIRONMENTAL TRANSFORMATIONS AND CULTURAL RESPONSES IN OCEANIA",3,期,False,50,0,0,50,劉子銘,"三5,6,7(海MA 1020)","['', '', '567', '', '', '', '']",《講授類》,[],True
https://selcrs.nsysu.edu.tw/menu5/showoutline.asp?SYEAR=115&SEM=1&CrsDat=MA635&Crsname=永續發展,,,False,海事碩,MA635,0,不分班,"永續發展
SUSTAINABLE DEVELOPMENT",3,期,False,50,0,0,50,蔡宏政,"三5,6,7(海MA 2034)","['', '', '567', '', '', '', '']",《講授類》,[],False
https://selcrs.nsysu.edu.tw/menu5/showoutline.asp?SYEAR=115&SEM=1&CrsDat=MA668&Crsname=永續海洋與漁業專題研究（一）,,,False,海事碩,MA668,0,不分班,"永續海洋與漁業專題研究（一）
INDEPENDENT STUDIES ON SUSTAINABLE OCEANS AND FISHERIES(Ⅰ)",2,期,False,50,0,0,50,"張水鍇,林裕䕒","二1,2(教師研究室)","['', '12', '', '', '', '', '']",《獨立研究》,[],False
https://selcrs.nsysu.edu.tw/menu5/showoutline.asp?SYEAR=115&SEM=1&CrsDat=MA672&Crsname=環境變遷與調適專題研究（一）,,,False,海事碩,MA672,0,不分班,"環境變遷與調適專題研究（一）
INDEPENDENT STUDIES ON ENVIRONMENTAL CHANGE AND ADAPTATION(Ⅰ)",2,期,False,50,0,0,50,劉子銘,"二4,B(教師研究室)","['', '4B', '', '', '', '', '']",《獨立研究》,[],False
https://selcrs.nsysu.edu.tw/menu5/showoutline.asp?SYEAR=115&SEM=1&CrsDat=DO501&Crsname=海洋學導論,,,False,海科碩,DO501,0,不分班,"海洋學導論
INTRODUCTION TO OCEANOGRAPHY",3,期,False,50,0,0,50,"張詠斌,待聘,李逸環,雷漢杰","一2,3,4(海MA 2009)","['234', '', '', '', '', '', '']",《講授類》,[],False
https://selcrs.nsysu.edu.tw/menu5/showoutline.asp?SYEAR=115&SEM=1&CrsDat=DO502&Crsname=海上實習,,,False,海科碩,DO502,1,不分班,"海上實習
OCEANOGRAPHIC CRUISE",1,期,False,50,0,0,50,"塗子萱,李逸環,洪慶章","一6,7(海MA 2009)(實驗)","['67', '', '', '', '', '', '']","《實習類》
1. 修課學生須取得海科院舉辦之水域活動安全與自救訓練講習證明，始能參與水域活動(含上實習航次)。 2. 限本系學生選修。",[],True
https://selcrs.nsysu.edu.tw/menu5/showoutline.asp?SYEAR=115&SEM=1&CrsDat=DO508&Crsname=專題演講（一）,,,False,海科碩,DO508,0,不分班,"專題演講（一）
COLLOQUIUM (I)",1,期,False,50,0,0,50,洪慶章,三6(海MA 3040),"['', '', '6', '', '', '', '']",《演講/參訪》,[],False
https://selcrs.nsysu.edu.tw/menu5/showoutline.asp?SYEAR=115&SEM=1&CrsDat=DO510&Crsname=專題演講（三）,,,False,海科碩,DO510,0,不分班,"專題演講（三）
COLLOQUIUM (III)",1,期,False,50,0,0,50,待聘,三7(海MA 3040),"['', '', '7', '', '', '', '']",《演講/參訪》,[],False
https://selcrs.nsysu.edu.tw/menu5/showoutline.asp?SYEAR=115&SEM=1&CrsDat=DO518&Crsname=系統分類與演化,,,False,海科碩,DO518,0,不分班,"系統分類與演化
SYSTEMATICS AND EVOLUTION",3,期,False,50,0,0,50,廖德裕,"五8,6,7(海MA 3040)","['', '', '', '', '678', '', '']",《講授類》,[],True
https://selcrs.nsysu.edu.tw/menu5/showoutline.asp?SYEAR=115&SEM=1&CrsDat=DO539&Crsname=海洋生物生理學,,,False,海科碩,DO539,0,不分班,"海洋生物生理學
PHYSIOLOGY OF MARINE ORGANISMS",3,期,False,50,0,0,50,王志騰,"三2,3,4(海MA 2022)","['', '', '234', '', '', '', '']","《講授類》
與DO315併班上課。",[],True
https://selcrs.nsysu.edu.tw/menu5/showoutline.asp?SYEAR=115&SEM=1&CrsDat=DO545&Crsname=分子細胞生物學,,,False,海科碩,DO545,0,不分班,"分子細胞生物學
MOLECULAR CELL BIOLOGY",3,期,False,50,0,0,50,陳慶能,"二2,3,4(海MA 2022)","['', '234', '', '', '', '', '']","《講授類》
與DO416併班上課。",[],False
https://selcrs.nsysu.edu.tw/menu5/showoutline.asp?SYEAR=115&SEM=1&CrsDat=DO562&Crsname=高等海洋地質學,,,False,海科碩,DO562,0,不分班,"高等海洋地質學
ADVANCED MARINE GEOLOGY",3,期,False,50,0,0,50,待聘,"二2,3,4(海MA 2042)","['', '234', '', '', '', '', '']",《講授類》,[],False
https://selcrs.nsysu.edu.tw/menu5/showoutline.asp?SYEAR=115&SEM=1&CrsDat=DO574&Crsname=海洋汙染,,,False,海科碩,DO574,0,不分班,"海洋汙染
MARINE POLLUTION",3,期,False,50,0,0,50,雷漢杰,"四8,6,7(海MA 2009)","['', '', '', '678', '', '', '']",《講授類》,[],False
https://selcrs.nsysu.edu.tw/menu5/showoutline.asp?SYEAR=115&SEM=1&CrsDat=DO595&Crsname=海洋有機地球化學,,,False,海科碩,DO595,0,不分班,"海洋有機地球化學
MARINE ORGANIC GEOCHEMISTRY",3,期,False,50,0,0,50,洪慶章,"四3,4,B(海MA 2009)","['', '', '', '34B', '', '', '']",《講授類》,[],True
https://selcrs.nsysu.edu.tw/menu5/showoutline.asp?SYEAR=115&SEM=1&CrsDat=DO614&Crsname=海洋觀測與調查,,,False,海科碩,DO614,0,不分班,"海洋觀測與調查
OCEAN OBSERVATION AND INVESTIGATION",3,期,False,50,0,0,50,簡國童,"四8,6,7(海MA 2042)","['', '', '', '678', '', '', '']","《講授類》
與DO324併班上課。",[],False
https://selcrs.nsysu.edu.tw/menu5/showoutline.asp?SYEAR=115&SEM=1&CrsDat=DO625&Crsname=古氣候學概論,,,False,海科碩,DO625,0,不分班,"古氣候學概論
INTRODUCTION TO PALEOCLIMATOLOGY",2,期,False,50,0,0,50,張詠斌,"五3,4(海MA 2009)","['', '', '', '', '34', '', '']","《講授類》
與DO431併班上課。",[],False
https://selcrs.nsysu.edu.tw/menu5/showoutline.asp?SYEAR=115&SEM=1&CrsDat=DO643&Crsname=中等物理海洋學,,,False,海科碩,DO643,0,不分班,"中等物理海洋學
INTERMEDIATE PHYSICAL OCEANOGRAPHY",2,期,False,50,0,0,50,方盈智,"三3,4(海MA 3040)","['', '', '34', '', '', '', '']","《講授類》
與DO445併班上課。",[],True
https://selcrs.nsysu.edu.tw/menu5/showoutline.asp?SYEAR=115&SEM=1&CrsDat=DO647&Crsname=現場觀測與資料分析,,,False,海科碩,DO647,0,不分班,"現場觀測與資料分析
FIELD OBSERVATIONS AND DATA ANALYSIS",3,期,False,50,0,0,50,李逸環,"二8,6,7(海MA 2042)","['', '678', '', '', '', '', '']",《講授類》,[],False
https://selcrs.nsysu.edu.tw/menu5/showoutline.asp?SYEAR=115&SEM=1&CrsDat=DO667&Crsname=海洋生物專題研究（一）,,,False,海科碩,DO667,1,不分班,"海洋生物專題研究（一）
INDEPENDENT STUDIES IN MARINE BIOLOGY（I）",3,期,True,50,0,0,50,,,"['', '', '', '', '', '', '']",《獨立研究》,[],False
https://selcrs.nsysu.edu.tw/menu5/showoutline.asp?SYEAR=115&SEM=1&CrsDat=DO669&Crsname=海洋生物專題研究（三）,,,False,海科碩,DO669,2,不分班,"海洋生物專題研究（三）
INDEPENDENT STUDIES IN MARINE BIOLOGY（III）",3,期,True,50,0,0,50,"塗子萱,廖德裕,待聘,托星豪,熊寶兒,王志騰,陳慶能","二C,D,E()","['', 'CDE', '', '', '', '', '']",《獨立研究》,[],False
https://selcrs.nsysu.edu.tw/menu5/showoutline.asp?SYEAR=115&SEM=1&CrsDat=DO671&Crsname=海洋地質及生地化學專題研究（一）,,,False,海科碩,DO671,0,不分班,"海洋地質及生地化學專題研究（一）
INDEPENDENT STUDIES IN MARINE GEOLOGY AND BIOGEOCHEMISTRY(I)",3,期,False,50,0,0,50,"張瑜峻,張詠斌,待聘,林玉詩,洪慶章,簡國童,雷漢杰,黃蔚人","四C,D,E()","['', '', '', 'CDE', '', '', '']",《獨立研究》,[],False
https://selcrs.nsysu.edu.tw/menu5/showoutline.asp?SYEAR=115&SEM=1&CrsDat=DO684&Crsname=海洋生物專題討論（一）,,,False,海科碩,DO684,1,不分班,"海洋生物專題討論（一）
SEMINAR IN MARINE BIOLOGY (I)",1,期,True,50,0,0,50,塗子萱,三6(海MA 2009),"['', '', '6', '', '', '', '']",《研討類》,[],True
https://selcrs.nsysu.edu.tw/menu5/showoutline.asp?SYEAR=115&SEM=1&CrsDat=DO686&Crsname=海洋生物專題討論（三）,,,False,海科碩,DO686,0,不分班,"海洋生物專題討論（三）
SEMINAR IN MARINE BIOLOGY (III)",1,期,False,50,0,0,50,待聘,三7(海MA 2009),"['', '', '7', '', '', '', '']",《研討類》,[],True
https://selcrs.nsysu.edu.tw/menu5/showoutline.asp?SYEAR=115&SEM=1&CrsDat=DO692&Crsname=物理海洋專題討論（一）,,,False,海科碩,DO692,0,不分班,"物理海洋專題討論（一）
SEMINAR IN PHYSICAL OCEANOGRAPHY (I)",1,期,False,50,0,0,50,陳冠宇,三6(),"['', '', '6', '', '', '', '']",《研討類》,[],False
https://selcrs.nsysu.edu.tw/menu5/showoutline.asp?SYEAR=115&SEM=1&CrsDat=DO694&Crsname=物理海洋專題討論（三）,,,False,海科碩,DO694,0,不分班,"物理海洋專題討論（三）
SEMINAR IN PHYSICAL OCEANOGRAPHY (III)",1,期,False,50,0,0,50,方盈智,三7(),"['', '', '7', '', '', '', '']",《研討類》,[],False
https://selcrs.nsysu.edu.tw/menu5/showoutline.asp?SYEAR=115&SEM=1&CrsDat=DO696&Crsname=高等物理海洋學（一）,,,False,海科碩,DO696,0,不分班,"高等物理海洋學（一）
ADVANCED PHYSICAL OCEANOGRAPHY (I)",2,期,False,50,0,0,50,陳冠宇,"五5,6(海MA 2009)","['', '', '', '', '56', '', '']",《講授類》,[],False
https://selcrs.nsysu.edu.tw/menu5/showoutline.asp?SYEAR=115&SEM=1&CrsDat=DO698&Crsname=物理海洋專題研究（一）,,,False,海科碩,DO698,0,不分班,"物理海洋專題研究（一）
INDEPENDENT STUDIES IN PHYSICAL OCEANOGRAPHY(I)",3,期,False,50,0,0,50,"方盈智,李逸環,陳冠宇","五C,D,E()","['', '', '', '', 'CDE', '', '']",《獨立研究》,[],False
https://selcrs.nsysu.edu.tw/menu5/showoutline.asp?SYEAR=115&SEM=1&CrsDat=DO714&Crsname=海洋環境影響評估,,,False,海科碩,DO714,0,不分班,"海洋環境影響評估
MARINE ENVIRONMENTAL IMPACT ASSESSMENT",3,期,False,50,0,0,50,塗子萱,"四8,6,7(海MB 1009)","['', '', '', '678', '', '', '']","《講授類》
與DO404併班上課。",[],False
https://selcrs.nsysu.edu.tw/menu5/showoutline.asp?SYEAR=115&SEM=1&CrsDat=DO717&Crsname=海洋基礎生產力,,,False,海科碩,DO717,0,不分班,"海洋基礎生產力
MARINE PRIMARY PRODUCTIVITY",2,期,False,50,0,0,50,托星豪,"四3,4(海MA 2022)","['', '', '', '34', '', '', '']",《講授類》,[],True
https://selcrs.nsysu.edu.tw/menu5/showoutline.asp?SYEAR=115&SEM=1&CrsDat=DO718&Crsname=應用統計學（一）,,,False,海科碩,DO718,0,不分班,"應用統計學（一）
APPLIED STATISTICS (I)",2,期,False,50,0,0,50,托星豪,"一1,2(海MA 2022)","['12', '', '', '', '', '', '']","《講授類》
1. 選修「應用統計學(一)」課程需同時選修「應用統計學實習(一)」課程。 2. 與DO206併班上課。",[],False
https://selcrs.nsysu.edu.tw/menu5/showoutline.asp?SYEAR=115&SEM=1&CrsDat=DO719&Crsname=應用統計學實習（一）,,,False,海科碩,DO719,0,不分班,"應用統計學實習（一）
APPLIED STATISTICS PRACTICE (I)",1,期,False,50,0,0,50,吳淑娟,"一5,6,7(圖IL PC02)(實驗)","['567', '', '', '', '', '', '']","《實習類》
1. 選修「應用統計學實習(一)」課程需同時選修「應用統計學(一)」課程。 2.  與DO207併班上課。",[],False
https://selcrs.nsysu.edu.tw/menu5/showoutline.asp?SYEAR=115&SEM=1&CrsDat=DO720&Crsname=機器學習概論及其在海洋科學的應用,,,False,海科碩,DO720,0,不分班,"機器學習概論及其在海洋科學的應用
INTRODUCTORY MACHINE LEARNING AND ITS APPLICATION IN MARINE SCIENCES",3,期,False,50,0,0,50,王敬湧,"四2,3,4(海ME 3004)","['', '', '', '234', '', '', '']","《講授類》
與DO354併班上課。",[],True
https://selcrs.nsysu.edu.tw/menu5/showoutline.asp?SYEAR=115&SEM=1&CrsDat=DO723&Crsname=海洋GIS資料實作,,,False,海科碩,DO723,0,不分班,"海洋GIS資料實作
PRACTICE OF MARINE GIS DATA",2,期,False,50,0,0,50,林玉詩,"一5,6(海MA 3040)","['56', '', '', '', '', '', '']","《講授類》
與DO408併班上課。",[],True
https://selcrs.nsysu.edu.tw/menu5/showoutline.asp?SYEAR=115&SEM=1&CrsDat=DO724&Crsname=科學倫理導論,,,False,海科碩,DO724,0,不分班,"科學倫理導論
INTRODUCTION TO SCIENCE ETHICS",2,期,False,50,0,0,50,熊寶兒,"二6,7(海MA 2022)","['', '67', '', '', '', '', '']","《講授類》
與DO409併班上課。",[],True
https://selcrs.nsysu.edu.tw/menu5/showoutline.asp?SYEAR=115&SEM=1&CrsDat=DO725&Crsname=海岸與海洋地質災害,,,False,海科碩,DO725,0,不分班,"海岸與海洋地質災害
COASTAL AND MARINE GEOHAZARDS",2,期,False,50,0,0,50,張瑜峻,"三3,4(海MA 2009)","['', '', '34', '', '', '', '']","《講授類》
與DO437併班上課。",[],True
https://selcrs.nsysu.edu.tw/menu5/showoutline.asp?SYEAR=115&SEM=1&CrsDat=DO726&Crsname=地球化學,,,False,海科碩,DO726,0,不分班,"地球化學
GEOCHEMISTRY",2,期,False,50,0,0,50,林玉詩,"一3,4(海MA 3040)","['34', '', '', '', '', '', '']","《講授類》
與DO332併班上課。",[],False
https://selcrs.nsysu.edu.tw/menu5/showoutline.asp?SYEAR=115&SEM=1&CrsDat=DO727&Crsname=生物資訊學,,,False,海科碩,DO727,0,不分班,"生物資訊學
BIOINFORMATICS",3,期,False,50,0,0,50,王敬湧,"二2,3,4(海MB 2020)","['', '234', '', '', '', '', '']","《講授類》
與DO451併班上課。",[],True
https://selcrs.nsysu.edu.tw/menu5/showoutline.asp?SYEAR=115&SEM=1&CrsDat=UT502&Crsname=海上實習（一）,,,False,海下科技碩,UT502,0,不分班,"海上實習（一）
CRUISE PRACTICE (I)",1,期,False,50,0,0,50,周佑誠,"五8,9(海MA 2052)(實驗)","['', '', '', '', '89', '', '']","《實習類》
本課程限海下科技研究所碩士班研究生及已取得海下科技研究所五學年學碩士資格之大學部學生選修。",[],False
https://selcrs.nsysu.edu.tw/menu5/showoutline.asp?SYEAR=115&SEM=1&CrsDat=UT508&Crsname=工程聲學,,,False,海下科技碩,UT508,0,不分班,"工程聲學
ENGINEERING ACOUSTICS",3,期,False,50,0,0,50,魏瑞昌,"三5,6,7(海MA 2052)","['', '', '567', '', '', '', '']",《講授類》,[],False
https://selcrs.nsysu.edu.tw/menu5/showoutline.asp?SYEAR=115&SEM=1&CrsDat=UT514&Crsname=數值方法與軟體應用,,,False,海下科技碩,UT514,0,不分班,"數值方法與軟體應用
NUMERICAL METHODS WITH MATLAB",3,期,False,50,0,0,50,陳信宏,"三2,3,4(海MA 2052)","['', '', '234', '', '', '', '']",《講授類》,[],True
https://selcrs.nsysu.edu.tw/menu5/showoutline.asp?SYEAR=115&SEM=1&CrsDat=UT520&Crsname=訊號與系統,,,False,海下科技碩,UT520,0,不分班,"訊號與系統
SIGNALS AND SYSTEMS",3,期,False,50,0,0,50,魏瑞昌,"二8,6,7(海MA 2052)","['', '678', '', '', '', '', '']",《講授類》,[],False
https://selcrs.nsysu.edu.tw/menu5/showoutline.asp?SYEAR=115&SEM=1&CrsDat=UT530&Crsname=海下科技研討（一）,,,False,海下科技碩,UT530,1,不分班,"海下科技研討（一）
SEMINAR IN UNDERSEA TECHNOLOGY (I)",2,期,True,50,0,0,50,周佑誠,"五6,7(海MA 2052)","['', '', '', '', '67', '', '']",《研討類》,[],False
https://selcrs.nsysu.edu.tw/menu5/showoutline.asp?SYEAR=115&SEM=1&CrsDat=UT534&Crsname=海下科技研討（三）,,,False,海下科技碩,UT534,0,不分班,"海下科技研討（三）
SEMINAR IN UNDERSEA TECHNOLOGY (III)",2,期,False,50,0,0,50,魏瑞昌,"五6,7(海MA 1020)","['', '', '', '', '67', '', '']",《研討類》,[],False
https://selcrs.nsysu.edu.tw/menu5/showoutline.asp?SYEAR=115&SEM=1&CrsDat=UT542&Crsname=水下光電,,,False,海下科技碩,UT542,0,不分班,"水下光電
UNDERWATER OPTOELECTRONICS",3,期,False,50,0,0,50,謝孟璋,"五2,3,4(海MA 2052)","['', '', '', '', '234', '', '']",《講授類》,[],True
https://selcrs.nsysu.edu.tw/menu5/showoutline.asp?SYEAR=115&SEM=1&CrsDat=UT543&Crsname=模糊邏輯控制與水下載具應用,,,False,海下科技碩,UT543,0,不分班,"模糊邏輯控制與水下載具應用
FUZZY LOGIC CONTROL AND ITS APPLICATION TO UNDERWATER VEHICLES",3,期,False,50,0,0,50,周佑誠,"四2,3,4(海MA 2052)","['', '', '', '234', '', '', '']",《講授類》,[],True
https://selcrs.nsysu.edu.tw/menu5/showoutline.asp?SYEAR=115&SEM=1&CrsDat=UT632&Crsname=水中聲學專題研究（一）,,,False,海下科技碩,UT632,0,不分班,"水中聲學專題研究（一）
INDEPENDENT STUDIES IN UNDERWATER ACOUSTICS (I)",2,期,False,50,0,0,50,"周佑誠,謝孟璋,邱永盛,陳信宏,魏瑞昌","一3,4(海MA 2052)","['34', '', '', '', '', '', '']",《獨立研究》,[],False
https://selcrs.nsysu.edu.tw/menu5/showoutline.asp?SYEAR=115&SEM=1&CrsDat=UT633&Crsname=水下機電專題研究（一）,,,False,海下科技碩,UT633,0,不分班,"水下機電專題研究（一）
INDEPENDENT STUDIES IN UNDERWATER MECHATRONICS (I)",2,期,False,50,0,0,50,"周佑誠,謝孟璋,邱永盛,陳信宏,魏瑞昌","一1,2(海MA 2052)","['12', '', '', '', '', '', '']",《獨立研究》,[],False
https://selcrs.nsysu.edu.tw/menu5/showoutline.asp?SYEAR=115&SEM=1&CrsDat=MEC501&Crsname=海洋生態與保育專題討論（一）,,,False,海生保育碩,MEC501,1,不分班,"海洋生態與保育專題討論（一）
SEMINAR IN MARINE ECOLOGY AND CONSERVATION（I）",1,期,True,30,0,0,30,"李宗賢,李欣",五4(海MA 2042),"['', '', '', '', '4', '', '']",《研討類》,[],True
https://selcrs.nsysu.edu.tw/menu5/showoutline.asp?SYEAR=115&SEM=1&CrsDat=MEC503&Crsname=海洋生態與保育專題研究（一）,,,False,海生保育碩,MEC503,2,不分班,"海洋生態與保育專題研究（一）
INDEPENDENT STUDIES IN MARINE ECOLOGY AND CONSERVATION（I）",3,期,True,20,0,0,20,"劉叔秋,徐華遜,李宗賢,李欣,林梅芳,林裕䕒,黃奕臻","一C,D,E(海MA 2009)","['CDE', '', '', '', '', '', '']",《獨立研究》,[],True
https://selcrs.nsysu.edu.tw/menu5/showoutline.asp?SYEAR=115&SEM=1&CrsDat=MEC506&Crsname=海上實習,,,False,海生保育碩,MEC506,0,不分班,"海上實習
OCEANOGRAPHIC CRUISE",1,期,False,50,0,0,50,"塗子萱,李逸環,洪慶章","一6,7(海MA 2009)(實驗)","['67', '', '', '', '', '', '']","《實習類》
1.修課學生須取得海科院舉辦之水域活動安全與自救訓練講習證明，始得參與水域活動(含上實習航次)。2.與DO502併班",[],True
https://selcrs.nsysu.edu.tw/menu5/showoutline.asp?SYEAR=115&SEM=1&CrsDat=MEC507&Crsname=海洋學導論,,,False,海生保育碩,MEC507,0,不分班,"海洋學導論
INTRODUCTION TO OCEANOGRAPHY",3,期,False,50,0,0,50,"張詠斌,待聘,李逸環,雷漢杰","一2,3,4(海MA 2009)","['234', '', '', '', '', '', '']","《講授類》
與海科系DO501併班。",[],False
https://selcrs.nsysu.edu.tw/menu5/showoutline.asp?SYEAR=115&SEM=1&CrsDat=MEC508&Crsname=海洋生態與保育專題討論（三）,,,False,海生保育碩,MEC508,0,不分班,"海洋生態與保育專題討論（三）
SEMINAR IN MARINE ECOLOGY AND CONSERVATION（III）",1,期,False,20,0,0,20,"李宗賢,李欣",五3(海MA 2042),"['', '', '', '', '3', '', '']",《研討類》,[],True
https://selcrs.nsysu.edu.tw/menu5/showoutline.asp?SYEAR=115&SEM=1&CrsDat=MEC511&Crsname=海洋環境影響評估,,,True,海生保育碩,MEC511,1,不分班,"海洋環境影響評估
MARINE ENVIRONMENTAL IMPACT ASSESSMENT",3,期,True,30,0,0,30,塗子萱,"四8,6,7(海MB 1009)","['', '', '', '678', '', '', '']",《講授類》,[],False
https://selcrs.nsysu.edu.tw/menu5/showoutline.asp?SYEAR=115&SEM=1&CrsDat=MEC513&Crsname=海洋生物多樣性與保育（一）,,,True,海生保育碩,MEC513,1,不分班,"海洋生物多樣性與保育（一）
MARINE BIODIVERSITY AND CONSERVATION （1）",2,期,True,50,0,0,50,劉商隱,"三3,4(海MB 2016)","['', '', '34', '', '', '', '']","《講授類》
與MBR592併班",[],True
https://selcrs.nsysu.edu.tw/menu5/showoutline.asp?SYEAR=115&SEM=1&CrsDat=MEC513A&Crsname=海洋生物多樣性與保育（一）,,,False,海生保育碩,MEC513A,0,不分班,"海洋生物多樣性與保育（一）
MARINE BIODIVERSITY AND CONSERVATION （1）",2,期,False,30,0,0,30,李欣,"三3,4(海生館 第二研究大樓R 2002)","['', '', '34', '', '', '', '']","《講授類》
請注意上課地點在海生館，與海資系 MBR592A併班。",[],True
https://selcrs.nsysu.edu.tw/menu5/showoutline.asp?SYEAR=115&SEM=1&CrsDat=MEC514&Crsname=海洋保育個案研析,,,False,海生保育碩,MEC514,1,不分班,"海洋保育個案研析
CASE STUDIES IN MARINE CONSERVATION",3,期,True,30,0,0,30,"李宗賢,李欣","三5,6,7(海MB 3010)","['', '', '567', '', '', '', '']",《研討類》,[],True
https://selcrs.nsysu.edu.tw/menu5/showoutline.asp?SYEAR=115&SEM=1&CrsDat=MEC520&Crsname=生物統計,,,True,海生保育碩,MEC520,1,不分班,"生物統計
BIOSTATISTICS",3,期,True,30,0,0,30,"李宗賢,陳德豪","四2,3,4()","['', '', '', '234', '', '', '']","《講授類》
請注意上課地點在海生館。",[],True
https://selcrs.nsysu.edu.tw/menu5/showoutline.asp?SYEAR=115&SEM=1&CrsDat=OWP501&Crsname=離岸風電概論,,,False,離岸風電碩,OWP501,1,不分班,"離岸風電概論
INTRODUCTION TO OFFSHORE WIND ENERGY",3,期,False,50,0,0,50,王右仁,"四3,4,B(海ME 2001)","['', '', '', '34B', '', '', '']",《講授類》,[],False
https://selcrs.nsysu.edu.tw/menu5/showoutline.asp?SYEAR=115&SEM=1&CrsDat=OWP502&Crsname=離岸風電書報討論（一）,,,False,離岸風電碩,OWP502,1,不分班,"離岸風電書報討論（一）
SEMINAR IN OFFSHORE WIND POWER (Ⅰ)",2,期,False,50,0,0,50,李政賢,"四6,7(海ME 3002)","['', '', '', '67', '', '', '']",《演講/參訪》,[],False
https://selcrs.nsysu.edu.tw/menu5/showoutline.asp?SYEAR=115&SEM=1&CrsDat=OWP504&Crsname=離岸風電書報討論（三）,,,False,離岸風電碩,OWP504,2,不分班,"離岸風電書報討論（三）
SEMINAR IN OFFSHORE WIND POWER (Ⅲ)",2,期,False,50,0,0,50,林巧雯,"四6,7()","['', '', '', '67', '', '', '']",《演講/參訪》,[],False
https://selcrs.nsysu.edu.tw/menu5/showoutline.asp?SYEAR=115&SEM=1&CrsDat=OWP513&Crsname=離岸浮式構造物工程導論,,,False,離岸風電碩,OWP513,1,不分班,"離岸浮式構造物工程導論
INTRODUCTION TO MARITIME AND OCEAN ENGINEERING OF FLOATING OFFSHORE STRUCTURES",3,期,False,50,0,0,50,林俊宏,"三2,3,4(海ME 3005)","['', '', '234', '', '', '', '']",《講授類》,[],False
https://selcrs.nsysu.edu.tw/menu5/showoutline.asp?SYEAR=115&SEM=1&CrsDat=IPS501&Crsname=台灣政府與政治,,,False,政治碩,IPS501,0,不分班,"台灣政府與政治
TAIWAN GOVERNMENT  AND POLITICS",3,期,False,40,0,0,40,張晉赫,"五2,3,4(社SS 3010-2)","['', '', '', '', '234', '', '']",《講授類》,[],True
https://selcrs.nsysu.edu.tw/menu5/showoutline.asp?SYEAR=115&SEM=1&CrsDat=IPS506&Crsname=厚數據與意義探勘,,,False,政治碩,IPS506,0,不分班,"厚數據與意義探勘
THICK DATA AND INTERPRETATION",1,期,False,50,0,0,50,黃韋豪,,"['', '234567', '234567', '234567', '', '', '']","《講授類》
限暑假已參與課程之學生選修",[],False
https://selcrs.nsysu.edu.tw/menu5/showoutline.asp?SYEAR=115&SEM=1&CrsDat=IPS507&Crsname=社會科學方法論,,,False,政治碩,IPS507,1,不分班,"社會科學方法論
SOCIAL SCIENCE METHODOLOGY",3,期,True,40,0,0,40,陳宗巖,"一2,3,4(社SS 3010-2)","['234', '', '', '', '', '', '']",《講授類》,[],False
https://selcrs.nsysu.edu.tw/menu5/showoutline.asp?SYEAR=115&SEM=1&CrsDat=IPS508&Crsname=資料分析方法入門,,,False,政治碩,IPS508,0,不分班,"資料分析方法入門
INTRODUCTION TO DATA ANALYSIS METHODS",3,期,False,40,0,0,40,黃韋豪,"三2,3,4(社SS 3010-2)","['', '', '234', '', '', '', '']",《講授類》,[],False
https://selcrs.nsysu.edu.tw/menu5/showoutline.asp?SYEAR=115&SEM=1&CrsDat=IPS518&Crsname=政治理論與思想史,,,True,政治碩,IPS518,1,不分班,"政治理論與思想史
POLITICAL
THEORY AND
HISTORY OF
POLITICAL
THOUGHT",3,期,True,40,0,0,40,楊尚儒,"二5,6,7(社SS 3010-2)","['', '567', '', '', '', '', '']",《講授類》,[],False
https://selcrs.nsysu.edu.tw/menu5/showoutline.asp?SYEAR=115&SEM=1&CrsDat=IPS520&Crsname=國家理論與憲政,,,False,政治碩,IPS520,0,不分班,"國家理論與憲政
THEORY OF STATE AND CONSTITUTIONALISM",3,期,False,50,0,0,50,楊尚儒,"四5,6,7(社SS 3008)","['', '', '', '567', '', '', '']",《研討類》,[],False
https://selcrs.nsysu.edu.tw/menu5/showoutline.asp?SYEAR=115&SEM=1&CrsDat=IPS531&Crsname=國際關係,,,True,政治碩,IPS531,1,不分班,"國際關係
INTERNATIONAL RELATIONS",3,期,True,40,0,0,40,陳宗巖,"一5,6,7(社SS 3010-2)","['567', '', '', '', '', '', '']",《講授類》,[],False
https://selcrs.nsysu.edu.tw/menu5/showoutline.asp?SYEAR=115&SEM=1&CrsDat=IPS539&Crsname=變動時代中的全球化,,,False,政治碩,IPS539,0,不分班,"變動時代中的全球化
GLOBALIZATION IN A TIME OF TRANSITION",3,期,False,20,0,0,20,辛翠玲,"三2,3,4(社SS 3005)","['', '', '234', '', '', '', '']",《講授類》,[],True
https://selcrs.nsysu.edu.tw/menu5/showoutline.asp?SYEAR=115&SEM=1&CrsDat=IPS540&Crsname=全球政治,,,False,政治碩,IPS540,0,不分班,"全球政治
GLOBAL POLITICS",3,期,False,20,0,0,20,方志恒,"二8,6,7(社SS 4001)","['', '678', '', '', '', '', '']",《講授類》,[],True
https://selcrs.nsysu.edu.tw/menu5/showoutline.asp?SYEAR=115&SEM=1&CrsDat=IPS602&Crsname=專題研究（一）,,,False,政治碩,IPS602,0,不分班,"專題研究（一）
INDEPENDENT STUDIES(I)",3,期,False,50,0,0,50,陳宗巖,"五2,3,4()","['', '', '', '', '234', '', '']","《獨立研究》
限政治所博碩士生經所屬指導教授同意後選修",[],False
https://selcrs.nsysu.edu.tw/menu5/showoutline.asp?SYEAR=115&SEM=1&CrsDat=IPS602A&Crsname=專題研究（一）,,,False,政治碩,IPS602A,0,不分班,"專題研究（一）
INDEPENDENT STUDIES(I)",3,期,False,50,0,0,50,黃韋豪,"五2,3,4()","['', '', '', '', '234', '', '']","《獨立研究》
限政治所博碩士生經所屬指導教授同意後選修",[],False
https://selcrs.nsysu.edu.tw/menu5/showoutline.asp?SYEAR=115&SEM=1&CrsDat=IPS611&Crsname=女性主義與政治,,,False,政治碩,IPS611,0,不分班,"女性主義與政治
FEMINISM AND POLITICS",3,期,False,40,0,0,40,林婉萍,"三5,6,7(社SS 3010-2)","['', '', '567', '', '', '', '']",《講授類》,[],True
https://selcrs.nsysu.edu.tw/menu5/showoutline.asp?SYEAR=115&SEM=1&CrsDat=IPS652&Crsname=民意與政治行為研究,,,False,政治碩,IPS652,0,不分班,"民意與政治行為研究
PUBLIC OPINION AND POLITICAL BEHAVIOR",3,期,False,40,0,0,40,劉正山,"二2,3,4(社SS 3010-2)","['', '234', '', '', '', '', '']","《講授類》
修習過至少一門研究方法/政經大數據分析微學程相關課程",[],False
https://selcrs.nsysu.edu.tw/menu5/showoutline.asp?SYEAR=115&SEM=1&CrsDat=IPS654&Crsname=當代民主政治的延續與變遷,異動,更換時間6/25,False,政治碩,IPS654,0,不分班,"當代民主政治的延續與變遷
CONTINUITY AND CHANGE IN THE POLITICS OF CONTEMPORARY DEMOCRACIES",3,期,False,40,0,0,40,張晉赫,"五8,6,7(社SS 3010-2)","['', '', '', '', '678', '', '']",《講授類》,[],True
https://selcrs.nsysu.edu.tw/menu5/showoutline.asp?SYEAR=115&SEM=1&CrsDat=IPS672&Crsname=學門跨域專題講座(一),,,False,政治碩,IPS672,0,不分班,"學門跨域專題講座(一)
SPECIAL LECTURES ON THE DISCIPLINE AND BEYOND(I)",1,期,False,40,0,0,40,黃韋豪,三B(社SS 3010-2),"['', '', 'B', '', '', '', '']",《演講/參訪》,[],False
https://selcrs.nsysu.edu.tw/menu5/showoutline.asp?SYEAR=115&SEM=1&CrsDat=ECON501&Crsname=個體經濟學（一）,,,False,經濟碩,ECON501,1,不分班,"個體經濟學（一）
MICROECONOMICS (I)",3,期,True,50,0,0,50,童永年,"二2,3,4(社SS 3002-1)","['', '234', '', '', '', '', '']",《講授類》,[],True
https://selcrs.nsysu.edu.tw/menu5/showoutline.asp?SYEAR=115&SEM=1&CrsDat=ECON502&Crsname=計量經濟學（一）,,,False,經濟碩,ECON502,1,不分班,"計量經濟學（一）
ECONOMETRICS (I)",3,期,True,50,0,0,50,李慶男,"一2,3,4(社SS 3002-1)","['234', '', '', '', '', '', '']",《講授類》,[],False
https://selcrs.nsysu.edu.tw/menu5/showoutline.asp?SYEAR=115&SEM=1&CrsDat=ECON503&Crsname=總體經濟學（一）,,,False,經濟碩,ECON503,1,不分班,"總體經濟學（一）
MACROECONOMICS (I)",3,期,True,50,0,0,50,陳冠任,"四2,3,4(社SS 3002-1)","['', '', '', '234', '', '', '']",《講授類》,[],False
https://selcrs.nsysu.edu.tw/menu5/showoutline.asp?SYEAR=115&SEM=1&CrsDat=ECON510&Crsname=數理經濟學,,,False,經濟碩,ECON510,1,不分班,"數理經濟學
MATHEMATICAL ECONOMICS",3,期,True,50,0,0,50,許嘉麟,"三5,6,7(社SS 3002-1)","['', '', '567', '', '', '', '']",《講授類》,[],True
https://selcrs.nsysu.edu.tw/menu5/showoutline.asp?SYEAR=115&SEM=1&CrsDat=ECON601&Crsname=空間計量經濟學,,,False,經濟碩,ECON601,2,不分班,"空間計量經濟學
SPATIAL ECONOMETRICS",3,期,False,50,0,0,50,陳孟瑋,"三5,6,7(社SS 2003-2)","['', '', '567', '', '', '', '']",《講授類》,[],True
https://selcrs.nsysu.edu.tw/menu5/showoutline.asp?SYEAR=115&SEM=1&CrsDat=ECON611&Crsname=景氣循環理論,,,False,經濟碩,ECON611,2,不分班,"景氣循環理論
BUSINESS CYCLE THEORY",3,期,False,50,0,0,50,陳冠任,"一8,6,7(社SS 3002-1)","['678', '', '', '', '', '', '']",《講授類》,[],True
https://selcrs.nsysu.edu.tw/menu5/showoutline.asp?SYEAR=115&SEM=1&CrsDat=ECON619&Crsname=書報討論（三）,,,False,經濟碩,ECON619,2,不分班,"書報討論（三）
PAPER READINGS IN ECONOMICS (3)",1,期,False,50,0,0,50,陳冠任,二6(社SS 3002-1),"['', '6', '', '', '', '', '']",《演講/參訪》,[],False
https://selcrs.nsysu.edu.tw/menu5/showoutline.asp?SYEAR=115&SEM=1&CrsDat=ECON622&Crsname=財務計量應用,,,False,經濟碩,ECON622,2,不分班,"財務計量應用
APPLICATIONS OF FINANNCIAL ECONOMETRICS",3,期,False,50,0,0,50,鄭子長,"四8,6,7(社SS 2003-2)","['', '', '', '678', '', '', '']",《講授類》,[],True
https://selcrs.nsysu.edu.tw/menu5/showoutline.asp?SYEAR=115&SEM=1&CrsDat=ECON682A&Crsname=專題研究（三）,,,False,經濟碩,ECON682A,2,不分班,"專題研究（三）
INDEPENDENT STUDIES(III)",3,期,False,50,0,0,50,童永年,"四8,6,7(社SS 1014)","['', '', '', '678', '', '', '']",《獨立研究》,[],False
https://selcrs.nsysu.edu.tw/menu5/showoutline.asp?SYEAR=115&SEM=1&CrsDat=ECON682B&Crsname=專題研究（三）,,,False,經濟碩,ECON682B,2,不分班,"專題研究（三）
INDEPENDENT STUDIES(III)",3,期,False,50,0,0,50,陳冠任,"四8,6,7(社SS 3002-1)","['', '', '', '678', '', '', '']",《獨立研究》,[],False
https://selcrs.nsysu.edu.tw/menu5/showoutline.asp?SYEAR=115&SEM=1&CrsDat=ECON682C&Crsname=專題研究（三）,,,False,經濟碩,ECON682C,2,不分班,"專題研究（三）
INDEPENDENT STUDIES(III)",3,期,False,50,0,0,50,鄭宜玲,"五8,6,7(社SS 2003-2)","['', '', '', '', '678', '', '']",《獨立研究》,[],False
https://selcrs.nsysu.edu.tw/menu5/showoutline.asp?SYEAR=115&SEM=1&CrsDat=ECON682D&Crsname=專題研究（三）,,,False,經濟碩,ECON682D,2,不分班,"專題研究（三）
INDEPENDENT STUDIES(III)",3,期,False,50,0,0,50,李慶男,"三5,6,7(社SS 1014)","['', '', '567', '', '', '', '']",《獨立研究》,[],False
https://selcrs.nsysu.edu.tw/menu5/showoutline.asp?SYEAR=115&SEM=1&CrsDat=ECON682E&Crsname=專題研究（三）,,,False,經濟碩,ECON682E,2,不分班,"專題研究（三）
INDEPENDENT STUDIES(III)",3,期,False,50,0,0,50,許嘉麟,"五8,6,7(社SS 1014)","['', '', '', '', '678', '', '']",《獨立研究》,[],False
https://selcrs.nsysu.edu.tw/menu5/showoutline.asp?SYEAR=115&SEM=1&CrsDat=ECON682F&Crsname=專題研究（三）,,,False,經濟碩,ECON682F,2,不分班,"專題研究（三）
INDEPENDENT STUDIES(III)",3,期,False,50,0,0,50,陳孟瑋,"二3,4,B(社SS 2003-2)","['', '34B', '', '', '', '', '']",《獨立研究》,[],False
https://selcrs.nsysu.edu.tw/menu5/showoutline.asp?SYEAR=115&SEM=1&CrsDat=ECON682G&Crsname=專題研究（三）,,,False,經濟碩,ECON682G,2,不分班,"專題研究（三）
INDEPENDENT STUDIES(III)",3,期,False,50,0,0,50,鄭子長,"二2,3,4(社SS 1014)","['', '234', '', '', '', '', '']",《獨立研究》,[],False
https://selcrs.nsysu.edu.tw/menu5/showoutline.asp?SYEAR=115&SEM=1&CrsDat=IOE505&Crsname=教育統計學研究,,,False,教育碩,IOE505,0,不分班,"教育統計學研究
STUDIES IN EDUCATIONAL STATISTICS",3,期,False,50,0,0,50,施慶麟,"三2,3,4(社SS 3006)","['', '', '234', '', '', '', '']",《講授類》,[],False
https://selcrs.nsysu.edu.tw/menu5/showoutline.asp?SYEAR=115&SEM=1&CrsDat=IOE512&Crsname=比較教育研究,,,False,教育碩,IOE512,0,不分班,"比較教育研究
STUDIES IN COMPARATIVE EDUCATION",3,期,False,50,0,0,50,紀博善,"三2,3,4(社SS 2002-2)","['', '', '234', '', '', '', '']",《講授類》,[],True
https://selcrs.nsysu.edu.tw/menu5/showoutline.asp?SYEAR=115&SEM=1&CrsDat=IOE513&Crsname=教育政策分析,,,False,教育碩,IOE513,0,不分班,"教育政策分析
ANALYSES ON EDUCATIONAL POLICIES",3,期,False,30,0,0,30,林靜慧,"一B,5,6(社SS 2002-2)","['B56', '', '', '', '', '', '']",《講授類》,[],False
https://selcrs.nsysu.edu.tw/menu5/showoutline.asp?SYEAR=115&SEM=1&CrsDat=IOE528&Crsname=創意思考與教學研究,異動,更換教室6/30,False,教育碩,IOE528,0,不分班,"創意思考與教學研究
STUDIES IN CREATIVE THINKING AND TEACHING",3,期,False,30,0,0,30,游銘仁,"四3(西SW 1003 ) 四2,4(西SW 1003)","['', '', '', '234', '', '', '']",《講授類》,[],False
https://selcrs.nsysu.edu.tw/menu5/showoutline.asp?SYEAR=115&SEM=1&CrsDat=IOE540&Crsname=質性研究法,,,False,教育碩,IOE540,0,不分班,"質性研究法
QUALITATIVE RESEARCH METHODS",3,期,False,50,0,0,50,莊雪華,"四B,5,6(社SS 2005)","['', '', '', 'B56', '', '', '']",《講授類》,[],False
https://selcrs.nsysu.edu.tw/menu5/showoutline.asp?SYEAR=115&SEM=1&CrsDat=IOE554&Crsname=專題研討（一）,,,False,教育碩,IOE554,1,不分班,"專題研討（一）
SEMINAR IN EDUCATIONAL RESEARCH",1,期,True,30,0,0,30,鄭雯,二5(社SS 2001),"['', '5', '', '', '', '', '']",《研討類》,[],False
https://selcrs.nsysu.edu.tw/menu5/showoutline.asp?SYEAR=115&SEM=1&CrsDat=IOE584&Crsname=永續發展教育研究,,,False,教育碩,IOE584,0,不分班,"永續發展教育研究
EDUCATION FOR SUSTAINABLE DEVELOPMENT RESEARCH",3,期,False,20,0,0,20,謝百淇,"四2,3,4(社SS 2002-2)","['', '', '', '234', '', '', '']",《講授類》,[],True
https://selcrs.nsysu.edu.tw/menu5/showoutline.asp?SYEAR=115&SEM=1&CrsDat=IOE590&Crsname=行為科學實驗法,,,False,教育碩,IOE590,0,不分班,"行為科學實驗法
EXPERIMENTAL RESEARCH IN BEHAVIORAL SCIENCES",3,期,False,20,0,0,20,馮雅群,"一8,6,7(社SS 2005)","['678', '', '', '', '', '', '']",《講授類》,[],False
https://selcrs.nsysu.edu.tw/menu5/showoutline.asp?SYEAR=115&SEM=1&CrsDat=IOE593&Crsname=大學生學習發展,,,False,教育碩,IOE593,0,不分班,"大學生學習發展
STUDENT DEVELOPMENT IN HIGHER EDUCATION",3,期,False,30,0,0,30,陳威霖,"四8,6,7(社SS 2006)","['', '', '', '678', '', '', '']",《講授類》,[],True
https://selcrs.nsysu.edu.tw/menu5/showoutline.asp?SYEAR=115&SEM=1&CrsDat=IOE601&Crsname=人工智慧教育,,,False,教育碩,IOE601,0,不分班,"人工智慧教育
ARTIFICIAL INTELLIGENCE IN EDUCATION",3,期,False,30,0,0,30,陳菁徽,"四2,3,4(社SS 2002-1)","['', '', '', '234', '', '', '']",《講授類》,[],True
https://selcrs.nsysu.edu.tw/menu5/showoutline.asp?SYEAR=115&SEM=1&CrsDat=IOE604&Crsname=教育專題研究（一）,,,False,教育碩,IOE604,2,不分班,"教育專題研究（一）
INDEPENDENT STUDIES IN EDUCATION (Ｉ)",1,期,True,50,0,0,50,周珮儀,六1(),"['', '', '', '', '', '1', '']",《獨立研究》,[],False
https://selcrs.nsysu.edu.tw/menu5/showoutline.asp?SYEAR=115&SEM=1&CrsDat=IOE617&Crsname=教育創新管理,,,False,教育碩,IOE617,0,不分班,"教育創新管理
MANAGEMENT OF INNOVATION IN EDUCATION",3,期,False,30,0,0,30,艾玲,"五2,3,4(社SS 2002-1)","['', '', '', '', '234', '', '']",《講授類》,[],True
https://selcrs.nsysu.edu.tw/menu5/showoutline.asp?SYEAR=115&SEM=1&CrsDat=IOE618&Crsname=學習分析,,,False,教育碩,IOE618,0,不分班,"學習分析
LEARNING ANALYTICS",3,期,False,30,0,0,30,艾玲,"四8,6,7(社SS 2002-1)","['', '', '', '678', '', '', '']",《講授類》,[],True
https://selcrs.nsysu.edu.tw/menu5/showoutline.asp?SYEAR=115&SEM=1&CrsDat=IOE619&Crsname=高等教育校務研究專題,,,False,教育碩,IOE619,0,不分班,"高等教育校務研究專題
THE FOUNDATIONS OF INSTITUTIONAL RESEARCH",3,期,False,30,0,0,30,林靜慧,"三B,5,6(社SS 2004-3)","['', '', 'B56', '', '', '', '']",《講授類》,[],True
https://selcrs.nsysu.edu.tw/menu5/showoutline.asp?SYEAR=115&SEM=1&CrsDat=IOE629&Crsname=學習科學：理論與實踐,,,False,教育碩,IOE629,0,不分班,"學習科學：理論與實踐
LEARNING SCIENCES: THEORY AND PRACTICE",3,期,False,30,0,0,30,張宇慧,"一5,6,7(社SS 3006)","['567', '', '', '', '', '', '']",《講授類》,[],True
https://selcrs.nsysu.edu.tw/menu5/showoutline.asp?SYEAR=115&SEM=1&CrsDat=IOE650&Crsname=個體知識論教育研究,,,False,教育碩,IOE650,0,不分班,"個體知識論教育研究
RESEARCH ON PERSONAL EPISTEMOLOGY IN THE CLASSROOM",3,期,False,30,0,0,30,張至慶,"四8,6,7(社SS 2002-2)","['', '', '', '678', '', '', '']",《講授類》,[],True
https://selcrs.nsysu.edu.tw/menu5/showoutline.asp?SYEAR=115&SEM=1&CrsDat=IOE653&Crsname=發展心理學研究,,,False,教育碩,IOE653,0,不分班,"發展心理學研究
STUDIES IN DEVELOPMENTAL PSYCHOLOGY",3,期,False,15,0,0,15,宋呈澔,"二2,3,4(社SS 2006)","['', '234', '', '', '', '', '']",《講授類》,[],True
https://selcrs.nsysu.edu.tw/menu5/showoutline.asp?SYEAR=115&SEM=1&CrsDat=CAPS537&Crsname=政治學研究方法,,,True,亞太碩,CAPS537,1,不分班,"政治學研究方法
POLITICAL SCIENCE RESEARCH METHODS",3,期,True,50,0,0,50,郭育仁,"二8,6,7(社SS 2011)","['', '678', '', '', '', '', '']",《講授類》,[],False
https://selcrs.nsysu.edu.tw/menu5/showoutline.asp?SYEAR=115&SEM=1&CrsDat=CAPS539&Crsname=法學研究方法,,,True,亞太碩,CAPS539,1,不分班,"法學研究方法
COMPARATIVE LEGAL RESEARCH METHODOLOGY",3,期,True,50,0,0,50,楊健弘,"四8,6,7(社SS 2009-1)","['', '', '', '678', '', '', '']",《講授類》,[],False
https://selcrs.nsysu.edu.tw/menu5/showoutline.asp?SYEAR=115&SEM=1&CrsDat=CAPS541&Crsname=東南亞政府與政治,,,False,亞太碩,CAPS541,1,不分班,"東南亞政府與政治
GOVERNMENTS AND POLITICS IN SOUTHEAST ASIA",3,期,False,50,0,0,50,劉奇峯,"四8,6,7(社SS 4005)","['', '', '', '678', '', '', '']",《講授類》,[],False
https://selcrs.nsysu.edu.tw/menu5/showoutline.asp?SYEAR=115&SEM=1&CrsDat=CAPS551&Crsname=ＷＴＯ與兩岸經貿關係,,,False,亞太碩,CAPS551,1,不分班,"ＷＴＯ與兩岸經貿關係
WTO AND THE CROSS-STRAIT ECONOMIC RELATIONS",3,期,False,50,0,0,50,張顯超,"二8,6,7(社SS 2009-1)","['', '678', '', '', '', '', '']",《講授類》,[],False
https://selcrs.nsysu.edu.tw/menu5/showoutline.asp?SYEAR=115&SEM=1&CrsDat=CAPS569&Crsname=中國政府與政治,,,False,亞太碩,CAPS569,1,不分班,"中國政府與政治
GOVERNMENT AND POLITICS OF CHINA",3,期,False,50,0,0,50,林文程,"五2,3,4(社SS 2011)","['', '', '', '', '234', '', '']",《講授類》,[],False
https://selcrs.nsysu.edu.tw/menu5/showoutline.asp?SYEAR=115&SEM=1&CrsDat=CAPS593&Crsname=行政理論與行政法制,,,False,亞太碩,CAPS593,2,不分班,"行政理論與行政法制
VERWALTUNGSLEHRE UND VERWALTUNGSRECHT",3,期,False,50,0,0,50,張道義,"五2,3,4(社SS 2009-1)","['', '', '', '', '234', '', '']",《講授類》,[],False
https://selcrs.nsysu.edu.tw/menu5/showoutline.asp?SYEAR=115&SEM=1&CrsDat=CAPS594&Crsname=總體經濟學（一）,,,False,亞太碩,CAPS594,1,不分班,"總體經濟學（一）
MACROECONOMICS I",3,期,False,50,0,0,50,林雅淇,"三5,6,7(社SS 2007)","['', '', '567', '', '', '', '']",《講授類》,[],True
https://selcrs.nsysu.edu.tw/menu5/showoutline.asp?SYEAR=115&SEM=1&CrsDat=CAPS596&Crsname=中國經貿體制研究,,,False,亞太碩,CAPS596,2,不分班,"中國經貿體制研究
STUDIES IN CHINESE ECONOMIC AND TRADE SYSTEM",3,期,False,50,0,0,50,林德昌,"二2,3,4(社SS 2009-1)","['', '234', '', '', '', '', '']",《講授類》,[],False
https://selcrs.nsysu.edu.tw/menu5/showoutline.asp?SYEAR=115&SEM=1&CrsDat=CAPS601&Crsname=危機處理與美中臺關係,,,False,亞太碩,CAPS601,2,不分班,"危機處理與美中臺關係
CRISIS MANAGEMENT AND US-CHINA-TAIWAN RELATIONS",3,期,False,50,0,0,50,林正義,"四3,4,B(社SS 2011)","['', '', '', '34B', '', '', '']",《講授類》,[],False
https://selcrs.nsysu.edu.tw/menu5/showoutline.asp?SYEAR=115&SEM=1&CrsDat=CAPS602&Crsname=社會問題法律個案分析,,,False,亞太碩,CAPS602,1,不分班,"社會問題法律個案分析
LAW ANALYSIS FOR THE SOCIAL PROBLEM-CASE STUDY",3,期,False,50,0,0,50,陳盈雪,"一5,6,7(社SS 2011)","['567', '', '', '', '', '', '']",《講授類》,[],False
https://selcrs.nsysu.edu.tw/menu5/showoutline.asp?SYEAR=115&SEM=1&CrsDat=CAPS628&Crsname=美國法律與制度,,,False,亞太碩,CAPS628,2,不分班,"美國法律與制度
LAW AND LEGAL SYSTEM OF THE UNITED STATES",3,期,False,50,0,0,50,楊健弘,"五5,6,7(社SS 2009-1)","['', '', '', '', '567', '', '']",《講授類》,[],True
https://selcrs.nsysu.edu.tw/menu5/showoutline.asp?SYEAR=115&SEM=1&CrsDat=CAPS633&Crsname=銀行與金融科技,,,False,亞太碩,CAPS633,1,不分班,"銀行與金融科技
FINTECH AND BANKING SERVICES",3,期,False,10,0,0,10,陳珮芬,"五2,3,4(社SS 1004)","['', '', '', '', '234', '', '']","《講授類》
本課程不開放博士生選修",[],True
https://selcrs.nsysu.edu.tw/menu5/showoutline.asp?SYEAR=115&SEM=1&CrsDat=CAPS647&Crsname=國際政治經濟學,,,True,亞太碩,CAPS647,1,不分班,"國際政治經濟學
INTERNATIONAL POLITICAL ECONOMY",3,期,True,50,0,0,50,蔡書瑋,"一2,3,4(社SS 2011)","['234', '', '', '', '', '', '']",《講授類》,[],False
https://selcrs.nsysu.edu.tw/menu5/showoutline.asp?SYEAR=115&SEM=1&CrsDat=CAPS668&Crsname=專題研究（一),,,False,亞太碩,CAPS668,2,不分班,"專題研究（一)
INDEPENDENT STUDIES(I)",3,期,False,50,0,0,50,林雅淇,"二5,6,7(社SS 2008)","['', '567', '', '', '', '', '']",《獨立研究》,[],False
https://selcrs.nsysu.edu.tw/menu5/showoutline.asp?SYEAR=115&SEM=1&CrsDat=CAPS668A&Crsname=專題研究（一),,,False,亞太碩,CAPS668A,2,不分班,"專題研究（一)
INDEPENDENT STUDIES(I)",3,期,False,50,0,0,50,蔡書瑋,"三2,3,4(社SS 2008)","['', '', '234', '', '', '', '']",《獨立研究》,[],False
https://selcrs.nsysu.edu.tw/menu5/showoutline.asp?SYEAR=115&SEM=1&CrsDat=CAPS668B&Crsname=專題研究（一),,,False,亞太碩,CAPS668B,2,不分班,"專題研究（一)
INDEPENDENT STUDIES(I)",3,期,False,50,0,0,50,楊健弘,"一2,3,4(社SS 2007)","['234', '', '', '', '', '', '']",《獨立研究》,[],False
https://selcrs.nsysu.edu.tw/menu5/showoutline.asp?SYEAR=115&SEM=1&CrsDat=CAPS668C&Crsname=專題研究（一),,,False,亞太碩,CAPS668C,2,不分班,"專題研究（一)
INDEPENDENT STUDIES(I)",3,期,False,50,0,0,50,陳盈雪,"一2,3,4(社SS 2008)","['234', '', '', '', '', '', '']",《獨立研究》,[],False
https://selcrs.nsysu.edu.tw/menu5/showoutline.asp?SYEAR=115&SEM=1&CrsDat=SOC501&Crsname=社會學經典,,,False,社會碩,SOC501,1,不分班,"社會學經典
SOCIOLOGICAL CLASSIC",3,期,True,50,0,0,50,林傳凱,"二2,3,4(社SS 3004-2)","['', '234', '', '', '', '', '']",《講授類》,[],False
https://selcrs.nsysu.edu.tw/menu5/showoutline.asp?SYEAR=115&SEM=1&CrsDat=SOC509&Crsname=南方社會議題（一）,,,False,社會碩,SOC509,1,不分班,"南方社會議題（一）
ISSUES OF SOUTH SOCIETY(Ⅰ)",1,期,True,50,0,0,50,李馨慈,三5(社SS 3004-2),"['', '', '5', '', '', '', '']",《講授類》,[],False
https://selcrs.nsysu.edu.tw/menu5/showoutline.asp?SYEAR=115&SEM=1&CrsDat=SOC516&Crsname=文化社會學,異動,更換授課方式7/3,False,社會碩,SOC516,1,不分班,"文化社會學
THE SOCIOLOGY OF CULTURE",3,期,False,50,0,0,50,戴昀,"五2,3,4(社SS 3004-2)","['', '', '', '', '234', '', '']",《講授類》,[],True
https://selcrs.nsysu.edu.tw/menu5/showoutline.asp?SYEAR=115&SEM=1&CrsDat=SOC533&Crsname=文化人類學,,,False,社會碩,SOC533,1,不分班,"文化人類學
CULTURAL ANTHROPOLOGY",3,期,False,50,0,0,50,趙恩潔,"二8,6,7(社SS 3004-2)","['', '678', '', '', '', '', '']",《講授類》,[],False
https://selcrs.nsysu.edu.tw/menu5/showoutline.asp?SYEAR=115&SEM=1&CrsDat=SOC570&Crsname=科技與民主,,,False,社會碩,SOC570,1,不分班,"科技與民主
SCIENCE, TECHNOLOGY AND DEMOCRACY",3,期,False,50,0,0,50,李宛儒,"三2,3,4(社SS 3004-2)","['', '', '234', '', '', '', '']",《講授類》,[],False
https://selcrs.nsysu.edu.tw/menu5/showoutline.asp?SYEAR=115&SEM=1&CrsDat=SOC607&Crsname=南方社會議題（三）,,,False,社會碩,SOC607,2,不分班,"南方社會議題（三）
ISSUES OF SOUTH SOCIETY (III)",1,期,True,50,0,0,50,李馨慈,三6(社SS 3004-2),"['', '', '6', '', '', '', '']",《講授類》,[],False
https://selcrs.nsysu.edu.tw/menu5/showoutline.asp?SYEAR=115&SEM=1&CrsDat=SOC651&Crsname=國際遷徙專題,,,False,社會碩,SOC651,2,不分班,"國際遷徙專題
INDEPENDENT STUDIES IN INTERNATIONAL MIGRATION",3,期,False,50,0,0,50,"楊靜利,陳美華","五8,6,7(社SS 3004-1)","['', '', '', '', '678', '', '']","《獨立研究》
本課程為學位論文指導課程，限本系同學選修",[],False
https://selcrs.nsysu.edu.tw/menu5/showoutline.asp?SYEAR=115&SEM=1&CrsDat=SOC653&Crsname=亞洲社會學專題,,,False,社會碩,SOC653,2,不分班,"亞洲社會學專題
INDEPENDENT STUDIES IN SOCIOLOGY OF ASIAN SOCIETY",3,期,False,50,0,0,50,"李宛儒,陳美華","五2,3,4(社SS 1003)","['', '', '', '', '234', '', '']","《獨立研究》
本課程為學位論文指導課程，限本系同學選修",[],False
https://selcrs.nsysu.edu.tw/menu5/showoutline.asp?SYEAR=115&SEM=1&CrsDat=SOC655&Crsname=環境與政治專題,,,False,社會碩,SOC655,2,不分班,"環境與政治專題
INDEPENDENT STUDIES IN ENVIRONMENT AND POLITICS",3,期,False,50,0,0,50,邱花妹,"五2,3,4(社SS 3004-1)","['', '', '', '', '234', '', '']","《獨立研究》
本課程為學位論文指導課程，限本系同學選修",[],False
https://selcrs.nsysu.edu.tw/menu5/showoutline.asp?SYEAR=115&SEM=1&CrsDat=MAPA501&Crsname=社會科學研究方法,,,False,亞太英語碩程,MAPA501,1,不分班,"社會科學研究方法
RESEARCH METHODS IN SOCIAL SCIENCE",3,期,True,50,0,0,50,希家玹,"一8,6,7(社SS 4005)","['678', '', '', '', '', '', '']",《講授類》,[],True
https://selcrs.nsysu.edu.tw/menu5/showoutline.asp?SYEAR=115&SEM=1&CrsDat=MAPA503&Crsname=碩士論文,,,False,亞太英語碩程,MAPA503,2,不分班,"碩士論文
THESIS",3,期,True,50,0,0,50,"劉奇峯,希家玹","二2,3,4(社SS 4005)","['', '234', '', '', '', '', '']",《獨立研究》,[],True
https://selcrs.nsysu.edu.tw/menu5/showoutline.asp?SYEAR=115&SEM=1&CrsDat=MAPA514&Crsname=日本政府與政治,,,False,亞太英語碩程,MAPA514,1,不分班,"日本政府與政治
POLITICS AND GOVERNMENT OF JAPAN",3,期,False,50,0,0,50,希家玹,"三2,3,4(社SS 4005)","['', '', '234', '', '', '', '']",《講授類》,[],True
https://selcrs.nsysu.edu.tw/menu5/showoutline.asp?SYEAR=115&SEM=1&CrsDat=MAPA519&Crsname=東北亞的戰略安全與外交關係,,,False,亞太英語碩程,MAPA519,1,不分班,"東北亞的戰略安全與外交關係
NORTHEAST ASIA STRATEGIC SECURITY AND DIPLOMATIC RELATIONS",3,期,False,50,0,0,50,希家玹,"一2,3,4(社SS 4005)","['234', '', '', '', '', '', '']",《講授類》,[],True
https://selcrs.nsysu.edu.tw/menu5/showoutline.asp?SYEAR=115&SEM=1&CrsDat=MAPA532&Crsname=兩岸關係與亞太安全,,,False,亞太英語碩程,MAPA532,1,不分班,"兩岸關係與亞太安全
CROSS-STRAIT RELATIONS AND ASIA-PACIFIC SECURITY",3,期,False,50,0,0,50,林正義,"四5,6,7(社SS 4005)","['', '', '', '567', '', '', '']",《講授類》,[],True
https://selcrs.nsysu.edu.tw/menu5/showoutline.asp?SYEAR=115&SEM=1&CrsDat=MAPA534&Crsname=韓國公共外交政策,,,False,亞太英語碩程,MAPA534,1,不分班,"韓國公共外交政策
PUBLIC DIPLOMACY IN KOREAN PERSPECTIVES",3,期,False,50,0,0,50,郭育仁,"四2,3,4(社SS 4005)","['', '', '', '234', '', '', '']",《講授類》,[],True
https://selcrs.nsysu.edu.tw/menu5/showoutline.asp?SYEAR=115&SEM=1&CrsDat=MAPA537&Crsname=印太地區的政治與安全,,,False,亞太英語碩程,MAPA537,1,不分班,"印太地區的政治與安全
POLITICS AND SECURITY IN THE INDO-PACIFIC",3,期,False,50,0,0,50,劉奇峯,"三5,6,7(社SS 4005)","['', '', '567', '', '', '', '']",《講授類》,[],True
https://selcrs.nsysu.edu.tw/menu5/showoutline.asp?SYEAR=115&SEM=1&CrsDat=MAPA541&Crsname=國家安全與危機處理,,,False,亞太英語碩程,MAPA541,1,不分班,"國家安全與危機處理
NATIONAL SECURITY AND CRISIS MANAGEMENT",3,期,False,50,0,0,50,林文程,"五8,6,7(社SS 4005)","['', '', '', '', '678', '', '']",《講授類》,[],True
https://selcrs.nsysu.edu.tw/menu5/showoutline.asp?SYEAR=115&SEM=1&CrsDat=MAPA542&Crsname=科技與國際關係：理論與方法,,,False,亞太英語碩程,MAPA542,1,不分班,"科技與國際關係：理論與方法
TECHNOLOGY AND INTERNATIONAL RELATIONS: THEORIES AND METHODS",3,期,False,50,0,0,50,劉奇峯,"二8,6,7(社SS 4005)","['', '678', '', '', '', '', '']",《講授類》,[],True
https://selcrs.nsysu.edu.tw/menu5/showoutline.asp?SYEAR=115&SEM=1&CrsDat=IGPE503&Crsname=教育統計學研究,,,False,教人全英碩,IGPE503,0,不分班,"教育統計學研究
STUDIES IN EDUCATIONAL STATISTICS",3,期,False,20,0,0,20,艾玲,"四2,3,4(社SS 3006)","['', '', '', '234', '', '', '']",《講授類》,[],True
https://selcrs.nsysu.edu.tw/menu5/showoutline.asp?SYEAR=115&SEM=1&CrsDat=IGPE505&Crsname=比較教育研究,,,False,教人全英碩,IGPE505,0,不分班,"比較教育研究
STUDIES IN COMPARATIVE EDUCATION",3,期,False,20,0,0,20,紀博善,"三2,3,4(社SS 2002-2)","['', '', '234', '', '', '', '']",《講授類》,[],True
https://selcrs.nsysu.edu.tw/menu5/showoutline.asp?SYEAR=115&SEM=1&CrsDat=IGPE516&Crsname=教育創新管理,,,False,教人全英碩,IGPE516,0,不分班,"教育創新管理
MANAGEMENT OF INNOVATION IN EDUCATION",3,期,False,20,0,0,20,艾玲,"五2,3,4(社SS 2002-1)","['', '', '', '', '234', '', '']",《講授類》,[],True
https://selcrs.nsysu.edu.tw/menu5/showoutline.asp?SYEAR=115&SEM=1&CrsDat=IGPE529&Crsname=大學生學習發展,,,False,教人全英碩,IGPE529,0,不分班,"大學生學習發展
STUDENT DEVELOPMENT IN HIGHER EDUCATION",3,期,False,20,0,0,20,陳威霖,"四8,6,7(社SS 2006)","['', '', '', '678', '', '', '']",《講授類》,[],True
https://selcrs.nsysu.edu.tw/menu5/showoutline.asp?SYEAR=115&SEM=1&CrsDat=IGPE537&Crsname=學習分析,,,False,教人全英碩,IGPE537,0,不分班,"學習分析
LEARNING ANALYTICS",3,期,False,20,0,0,20,艾玲,"四8,6,7(社SS 2002-1)","['', '', '', '678', '', '', '']",《講授類》,[],True
https://selcrs.nsysu.edu.tw/menu5/showoutline.asp?SYEAR=115&SEM=1&CrsDat=IGPE540&Crsname=學習科學：理論與實踐,,,False,教人全英碩,IGPE540,0,不分班,"學習科學：理論與實踐
LEARNING SCIENCES: THEORY AND PRACTICE",3,期,False,20,0,0,20,張宇慧,"一5,6,7(社SS 3006)","['567', '', '', '', '', '', '']",《講授類》,[],True
https://selcrs.nsysu.edu.tw/menu5/showoutline.asp?SYEAR=115&SEM=1&CrsDat=IGPE558&Crsname=發展心理學研究,,,False,教人全英碩,IGPE558,0,不分班,"發展心理學研究
RESEARCH IN DEVELOPMENTAL PSYCHOLOGY",3,期,False,20,0,0,20,宋呈澔,"二2,3,4(社SS 2006)","['', '234', '', '', '', '', '']",《講授類》,[],True
https://selcrs.nsysu.edu.tw/menu5/showoutline.asp?SYEAR=115&SEM=1&CrsDat=IGPE559&Crsname=個體知識論教育研究,,,False,教人全英碩,IGPE559,0,不分班,"個體知識論教育研究
RESEARCH ON PERSONAL EPISTEMOLOGY IN THE CLASSROOM",3,期,False,20,0,0,20,張至慶,"四8,6,7(社SS 2002-2)","['', '', '', '678', '', '', '']",《講授類》,[],True
https://selcrs.nsysu.edu.tw/menu5/showoutline.asp?SYEAR=115&SEM=1&CrsDat=IGPE560&Crsname=人工智慧教育,,,False,教人全英碩,IGPE560,0,不分班,"人工智慧教育
ARTIFICIAL INTELLIGENCE IN EDUCATION",3,期,False,20,0,0,20,陳菁徽,"四2,3,4(社SS 2002-1)","['', '', '', '234', '', '', '']",《講授類》,[],True
https://selcrs.nsysu.edu.tw/menu5/showoutline.asp?SYEAR=115&SEM=1&CrsDat=IGPE601&Crsname=獨立研究,,,False,教人全英碩,IGPE601,2,不分班,"獨立研究
INDEPENDENT STUDIES",3,期,True,10,0,0,10,鄭雯,一A() 二A() 三A(),"['A', 'A', 'A', '', '', '', '']",《獨立研究》,[],True
https://selcrs.nsysu.edu.tw/menu5/showoutline.asp?SYEAR=115&SEM=1&CrsDat=GCMA001&Crsname=全球研究方法實作,,,False,全球公民碩程,GCMA001,1,不分班,"全球研究方法實作
DOING GLOBAL RESEARCH",3,期,True,50,0,0,50,"戴昀,莊雪華,陳美華","四5,6,7(社SS 1004)","['', '', '', '567', '', '', '']",《講授類》,[],True
https://selcrs.nsysu.edu.tw/menu5/showoutline.asp?SYEAR=115&SEM=1&CrsDat=GCMA002&Crsname=全球公民權：理論與實踐,,,False,全球公民碩程,GCMA002,1,不分班,"全球公民權：理論與實踐
CITIZENSHIP: THEORY AND GLOBAL PRACTICES",3,期,True,50,0,0,50,"莊雪華,萬毓澤","五2,3,4(社SS 2002-2)","['', '', '', '', '234', '', '']",《講授類》,[],True
https://selcrs.nsysu.edu.tw/menu5/showoutline.asp?SYEAR=115&SEM=1&CrsDat=GCMA003&Crsname=全球地緣政治經濟,,,False,全球公民碩程,GCMA003,1,全英班,"全球地緣政治經濟
GLOBAL GEOPOLITICAL ECONOMY",3,期,False,50,0,0,50,"劉奇峯,方志恒","二2,3,4(社SS 2004-3)","['', '234', '', '', '', '', '']",《講授類》,[],True
https://selcrs.nsysu.edu.tw/menu5/showoutline.asp?SYEAR=115&SEM=1&CrsDat=GCMA004&Crsname=永續轉型與環境行動主義,,,False,全球公民碩程,GCMA004,1,全英班,"永續轉型與環境行動主義
SUSTAINABILITY TRANSITION AND ENVIRONMENTAL ACTIVISM",3,期,False,50,0,0,50,"賴慧玲,邱花妹","二8,6,7(社SS 1004)","['', '678', '', '', '', '', '']",《講授類》,[],True
https://selcrs.nsysu.edu.tw/menu5/showoutline.asp?SYEAR=115&SEM=1&CrsDat=GCMA005&Crsname=全球研究與全球學習,,,False,全球公民碩程,GCMA005,1,全英班,"全球研究與全球學習
GLOBAL STUDIES AND GLOBAL LEARNING",3,期,False,50,0,0,50,"宋呈澔,紀博善,莊雪華","三5,6,7(社SS 2002-1)","['', '', '567', '', '', '', '']",《講授類》,[],True
https://selcrs.nsysu.edu.tw/menu5/showoutline.asp?SYEAR=115&SEM=1&CrsDat=GCMA101&Crsname=專題研究 ( 一 ),,,False,全球公民碩程,GCMA101,1,不分班,"專題研究 ( 一 )
INDEPENDENT STUDIES",3,期,True,50,0,0,50,"莊雪華,萬毓澤,邱花妹,陳美華","一5,6,7(社SS 4004-2)","['567', '', '', '', '', '', '']",《獨立研究》,[],True
https://selcrs.nsysu.edu.tw/menu5/showoutline.asp?SYEAR=115&SEM=1&CrsDat=GCMA102&Crsname=專題研究 ( 二 ),,,False,全球公民碩程,GCMA102,1,不分班,"專題研究 ( 二 )
INDEPENDENT STUDIES",3,期,True,50,0,0,50,陳美華,"四2,3,4(社SS 4002-2)","['', '', '', '234', '', '', '']",《獨立研究》,[],True
https://selcrs.nsysu.edu.tw/menu5/showoutline.asp?SYEAR=115&SEM=1&CrsDat=ISI503&Crsname=社會創新創業與永續治理,,,False,社會創新所,ISI503,0,不分班,"社會創新創業與永續治理
SEMINAR IN SOCIAL INNOVATION，ENTREPRENEUR SHIP,AND SUSTAINABLE GOVERNANCE",3,期,False,12,0,0,12,伊藤佳代,,"['12345678', '12345678', '234567', '234567', '', '', '12345678']","《講授類》
限社創所學生修習課程(名單已確認)",[],False
https://selcrs.nsysu.edu.tw/menu5/showoutline.asp?SYEAR=115&SEM=1&CrsDat=ISI515&Crsname=鄉村議題與區域發展,,,False,社會創新所,ISI515,0,不分班,"鄉村議題與區域發展
RURAL ISSUES AND REGIONAL DEVELOPMENT",3,期,False,30,0,0,30,陳德容,"二5,6,7(西SW 1003)","['', '567', '', '', '', '', '']",《講授類》,[],False
https://selcrs.nsysu.edu.tw/menu5/showoutline.asp?SYEAR=115&SEM=1&CrsDat=ISI520&Crsname=社會創新批判與重構,,,False,社會創新所,ISI520,0,不分班,"社會創新批判與重構
PHILOSOPHY OF SOCIAL INNOVATION",3,期,False,30,0,0,30,楊士奇,"三5,6,7(西SW 1004)","['', '', '567', '', '', '', '']",《講授類》,[],False
https://selcrs.nsysu.edu.tw/menu5/showoutline.asp?SYEAR=115&SEM=1&CrsDat=ISI521&Crsname=創造力與團隊發展,,,False,社會創新所,ISI521,1,不分班,"創造力與團隊發展
CREATIVITY AND TEAM DEVELOPMENT",3,期,True,30,0,0,30,游銘仁,"五8,6,7(西SW 1004)","['', '', '', '', '678', '', '']",《講授類》,[],False
https://selcrs.nsysu.edu.tw/menu5/showoutline.asp?SYEAR=115&SEM=1&CrsDat=ISI522&Crsname=全球與在地永續發展議題探討,,,False,社會創新所,ISI522,1,不分班,"全球與在地永續發展議題探討
SUSTAINABLE DEVELOPMENT ISSUES IN THE CONTEXT OF GLOBALIZATION",3,期,True,30,0,0,30,"張楊家豪,賴慧玲","四2,3,4(西SW 1004)","['', '', '', '234', '', '', '']",《講授類》,[],False
https://selcrs.nsysu.edu.tw/menu5/showoutline.asp?SYEAR=115&SEM=1&CrsDat=ISI524&Crsname=社會不平等與教育議題探究,,,False,社會創新所,ISI524,0,不分班,"社會不平等與教育議題探究
SOCIAL INEQUALITY AND EDUCATIONAL ISSUES",3,期,False,30,0,0,30,王啟仲,"一5,6,7(西SW 1003)","['567', '', '', '', '', '', '']",《講授類》,[],False
https://selcrs.nsysu.edu.tw/menu5/showoutline.asp?SYEAR=115&SEM=1&CrsDat=ISI623&Crsname=社會創新專題研究（一）,,,False,社會創新所,ISI623,2,不分班,"社會創新專題研究（一）
INDEPENDENT STUDIES IN SOCIAL INNOVATION（I）",3,期,True,10,0,0,10,游銘仁,"五2,3,4(西SW 1004)","['', '', '', '', '234', '', '']",《獨立研究》,[],False
https://selcrs.nsysu.edu.tw/menu5/showoutline.asp?SYEAR=115&SEM=1&CrsDat=ISI623A&Crsname=社會創新專題研究（一）,,,False,社會創新所,ISI623A,2,不分班,"社會創新專題研究（一）
INDEPENDENT STUDIES IN SOCIAL INNOVATION（I）",3,期,True,10,0,0,10,楊士奇,"二2,3,4(西SW 1003)","['', '234', '', '', '', '', '']",《獨立研究》,[],False
https://selcrs.nsysu.edu.tw/menu5/showoutline.asp?SYEAR=115&SEM=1&CrsDat=ISI623B&Crsname=社會創新專題研究（一）,,,False,社會創新所,ISI623B,2,不分班,"社會創新專題研究（一）
INDEPENDENT STUDIES IN SOCIAL INNOVATION（I）",3,期,True,10,0,0,10,賴慧玲,"三2,3,4(西SW 1003)","['', '', '234', '', '', '', '']",《獨立研究》,[],False
https://selcrs.nsysu.edu.tw/menu5/showoutline.asp?SYEAR=115&SEM=1&CrsDat=ISI623C&Crsname=社會創新專題研究（一）,,,False,社會創新所,ISI623C,2,不分班,"社會創新專題研究（一）
INDEPENDENT STUDIES IN SOCIAL INNOVATION（I）",3,期,True,10,0,0,10,陳德容,"三2,3,4(西SW 1004)","['', '', '234', '', '', '', '']",《獨立研究》,[],False
https://selcrs.nsysu.edu.tw/menu5/showoutline.asp?SYEAR=115&SEM=1&CrsDat=ISI623D&Crsname=社會創新專題研究（一）,,,False,社會創新所,ISI623D,2,不分班,"社會創新專題研究（一）
INDEPENDENT STUDIES IN SOCIAL INNOVATION（I）",3,期,True,10,0,0,10,洪世謙,"二2,3,4(西SW 1004)","['', '234', '', '', '', '', '']",《獨立研究》,[],False
https://selcrs.nsysu.edu.tw/menu5/showoutline.asp?SYEAR=115&SEM=1&CrsDat=IBMS501&Crsname=創意生物醫學研究方法,,,False,生醫碩,IBMS501,1,不分班,"創意生物醫學研究方法
INNOVATIVE METHODS IN BIOMEDICINE RESEARCH",2,期,True,20,0,0,20,"張玉泉,戴明泓,楊仁豪,許晉銓,鄭光宏","一3,4(國IR 5001)","['34', '', '', '', '', '', '']",《講授類》,[],False
https://selcrs.nsysu.edu.tw/menu5/showoutline.asp?SYEAR=115&SEM=1&CrsDat=IBMS503&Crsname=細胞生物與轉譯醫學,,,False,生醫碩,IBMS503,0,不分班,"細胞生物與轉譯醫學
CELL BIOLOGY IN TRANSLATION MEDICINE",3,期,False,20,0,0,20,許晉銓,"四2,3,4(國IR 5005)","['', '', '', '234', '', '', '']",《講授類》,[],False
https://selcrs.nsysu.edu.tw/menu5/showoutline.asp?SYEAR=115&SEM=1&CrsDat=IBMS508&Crsname=幹細胞生物學,,,False,生醫碩,IBMS508,0,不分班,"幹細胞生物學
STEM CELL BIOLOGY",3,期,False,20,0,0,20,鄭光宏,"二2,3,4(國IR 5001)","['', '234', '', '', '', '', '']",《講授類》,[],True
https://selcrs.nsysu.edu.tw/menu5/showoutline.asp?SYEAR=115&SEM=1&CrsDat=IBMS509&Crsname=書報討論（一）,,,False,生醫碩,IBMS509,1,不分班,"書報討論（一）
SEMINAR(I)",1,期,True,20,0,0,20,鄭光宏,一5(國IR 5001),"['5', '', '', '', '', '', '']",《講授類》,[],True
https://selcrs.nsysu.edu.tw/menu5/showoutline.asp?SYEAR=115&SEM=1&CrsDat=IBMS510&Crsname=書報討論（三）,,,False,生醫碩,IBMS510,2,不分班,"書報討論（三）
SEMINAR (III)",1,期,True,20,0,0,20,楊仁豪,一5(國IR 5004),"['5', '', '', '', '', '', '']",《講授類》,[],True
https://selcrs.nsysu.edu.tw/menu5/showoutline.asp?SYEAR=115&SEM=1&CrsDat=IBMS512&Crsname=抗癌藥物研發專題研究（一）,,,False,生醫碩,IBMS512,0,不分班,"抗癌藥物研發專題研究（一）
INDEPENDENT STUDIES IN ANTI-CANCER DRUG DEVELOPMENT(I)",3,期,False,10,0,0,10,許晉銓,"二5,6,7(國IR 5004)","['', '567', '', '', '', '', '']",《獨立研究》,[],False
https://selcrs.nsysu.edu.tw/menu5/showoutline.asp?SYEAR=115&SEM=1&CrsDat=IBMS513&Crsname=新陳代謝專題研究（一）,,,False,生醫碩,IBMS513,0,不分班,"新陳代謝專題研究（一）
SPECIAL TOPICS ON METABOLISM(I)",3,期,False,10,0,0,10,戴明泓,"五5,6,7(國IR 6017-1)","['', '', '', '', '567', '', '']",《獨立研究》,[],False
https://selcrs.nsysu.edu.tw/menu5/showoutline.asp?SYEAR=115&SEM=1&CrsDat=IBMS515&Crsname=癌症專題研究（一）,,,False,生醫碩,IBMS515,0,不分班,"癌症專題研究（一）
INDEPENDENT STUDIES IN CANCER (I)",3,期,False,10,0,0,10,張玉泉,"一8,9,7(國IR 5004)","['789', '', '', '', '', '', '']",《獨立研究》,[],False
https://selcrs.nsysu.edu.tw/menu5/showoutline.asp?SYEAR=115&SEM=1&CrsDat=IBMS516&Crsname=基因專題研究（一）,,,False,生醫碩,IBMS516,0,不分班,"基因專題研究（一）
INDEPENDENT STUDIES IN GENES(I)",3,期,False,10,0,0,10,楊仁豪,"五8,6,7(國IR 5005)","['', '', '', '', '678', '', '']",《獨立研究》,[],False
https://selcrs.nsysu.edu.tw/menu5/showoutline.asp?SYEAR=115&SEM=1&CrsDat=IBMS517&Crsname=癌症幹細胞生物學專題研究（一）,,,False,生醫碩,IBMS517,0,不分班,"癌症幹細胞生物學專題研究（一）
SPECIAL TOPICS IN CANCER AND STEM CELL(I)",3,期,False,20,0,0,20,鄭光宏,"五8,6,7(國IR 5001)","['', '', '', '', '678', '', '']",《獨立研究》,[],False
https://selcrs.nsysu.edu.tw/menu5/showoutline.asp?SYEAR=115&SEM=1&CrsDat=IBMS535&Crsname=基因工程,,,False,生醫碩,IBMS535,0,不分班,"基因工程
GENE ENGINEERING",3,期,False,25,0,0,25,戴明泓,"三2,3,4(國IR 5005)","['', '', '234', '', '', '', '']",《講授類》,[],False
https://selcrs.nsysu.edu.tw/menu5/showoutline.asp?SYEAR=115&SEM=1&CrsDat=IBMS628&Crsname=細胞遷移與疾病,,,False,生醫碩,IBMS628,0,不分班,"細胞遷移與疾病
CELL MIGRATION AND DISEASES",3,期,False,20,0,0,20,張玉泉,"五2,3,4(國IR 5001)","['', '', '', '', '234', '', '']",《講授類》,[],False
https://selcrs.nsysu.edu.tw/menu5/showoutline.asp?SYEAR=115&SEM=1&CrsDat=IBMS629&Crsname=RNA分子生物學及RNA技術應用,,,False,生醫碩,IBMS629,0,不分班,"RNA分子生物學及RNA技術應用
RNA MOLECULAR BIOLOGY, METHODOLOGIES, AND APPLICATIONS",3,期,False,20,0,0,20,楊仁豪,"五2,3,4(國IR 5004)","['', '', '', '', '234', '', '']",《講授類》,[],True
https://selcrs.nsysu.edu.tw/menu5/showoutline.asp?SYEAR=115&SEM=1&CrsDat=IMST501&Crsname=書報討論（一）,,,False,醫科碩,IMST501,1,不分班,"書報討論（一）
SEMINAR（I）",1,期,True,20,0,0,20,莊承鑫,三6(國IR 5002),"['', '', '6', '', '', '', '']",《研討類》,[],False
https://selcrs.nsysu.edu.tw/menu5/showoutline.asp?SYEAR=115&SEM=1&CrsDat=IMST505&Crsname=細胞分子生物學,,,False,醫科碩,IMST505,1,不分班,"細胞分子生物學
CELL MOLECULAR BIOLOGY",3,期,True,20,0,0,20,廖子嫻,"二2,3,4(國IR 1006-1)","['', '234', '', '', '', '', '']",《講授類》,[],False
https://selcrs.nsysu.edu.tw/menu5/showoutline.asp?SYEAR=115&SEM=1&CrsDat=IMST512&Crsname=醫療法規與倫理特論,,,False,醫科碩,IMST512,0,不分班,"醫療法規與倫理特論
SPECIAL TOPICS IN MEDICAL LAWS AND MEDICAL ETHICS",3,期,False,15,0,0,15,廖子嫻,"二B,5,6(國IR 1006-1)","['', 'B56', '', '', '', '', '']",《講授類》,[],False
https://selcrs.nsysu.edu.tw/menu5/showoutline.asp?SYEAR=115&SEM=1&CrsDat=IMST518&Crsname=生物資訊學,,,False,醫科碩,IMST518,0,不分班,"生物資訊學
BIOINFORMATICS",3,期,False,15,0,0,15,陳志杰,"一2,3,4(國IR 1006-1)","['234', '', '', '', '', '', '']",《講授類》,[],False
https://selcrs.nsysu.edu.tw/menu5/showoutline.asp?SYEAR=115&SEM=1&CrsDat=IMST522&Crsname=奈米材料專題研究（一）,,,False,醫科碩,IMST522,0,不分班,"奈米材料專題研究（一）
INDEPENDENT STUDIES IN NANOMATERIALS （I）",3,期,False,10,0,0,10,廖子嫻,"一5,6,7(國IR 1006-1)","['567', '', '', '', '', '', '']",《獨立研究》,[],False
https://selcrs.nsysu.edu.tw/menu5/showoutline.asp?SYEAR=115&SEM=1&CrsDat=IMST526&Crsname=計算生物專題研究（一）,,,False,醫科碩,IMST526,0,不分班,"計算生物專題研究（一）
INDEPENDENT STUDIES IN COMPUTATIONAL BIOLOGY （I）",3,期,False,10,0,0,10,陳志杰,"五8,6,7(國IR 1006-1)","['', '', '', '', '678', '', '']",《獨立研究》,[],False
https://selcrs.nsysu.edu.tw/menu5/showoutline.asp?SYEAR=115&SEM=1&CrsDat=IMST535&Crsname=神經人因工程專題研究（一）,,,False,醫科碩,IMST535,0,不分班,"神經人因工程專題研究（一）
INDEPENDENT STUDIES IN NEUROERGONOMICS （I）",3,期,False,20,0,0,20,林遠彬,"一5,6,7(國IR 5002)","['567', '', '', '', '', '', '']",《獨立研究》,[],False
https://selcrs.nsysu.edu.tw/menu5/showoutline.asp?SYEAR=115&SEM=1&CrsDat=IMST538&Crsname=腦機介面理論及實務,,,False,醫科碩,IMST538,1,不分班,"腦機介面理論及實務
BRAIN-COMPUTER INTERFACE : PRINCIPLES AND PRACTICE",3,期,True,30,0,0,30,林遠彬,"五2,3,4(國IR 5002)","['', '', '', '', '234', '', '']",《講授類》,[],True
https://selcrs.nsysu.edu.tw/menu5/showoutline.asp?SYEAR=115&SEM=1&CrsDat=IMST539&Crsname=臨床毒理學專題研究（一）,,,False,醫科碩,IMST539,0,不分班,"臨床毒理學專題研究（一）
INDEPENDENT STUDIES IN CLINICAL TOXICOLOGY (I)",3,期,False,10,0,0,10,李啟偉,"五4,B,5(國IR 1006-1)","['', '', '', '', '4B5', '', '']",《獨立研究》,[],False
https://selcrs.nsysu.edu.tw/menu5/showoutline.asp?SYEAR=115&SEM=1&CrsDat=IMST541&Crsname=化工材料,,,False,醫科碩,IMST541,0,不分班,"化工材料
CHEMICAL ENGINEERING MATERIALS",3,期,False,20,0,0,20,陳玟帆,"一5,6,7(國IR 5003)","['567', '', '', '', '', '', '']",《講授類》,[],True
https://selcrs.nsysu.edu.tw/menu5/showoutline.asp?SYEAR=115&SEM=1&CrsDat=IMST543&Crsname=病理學,,,False,醫科碩,IMST543,1,不分班,"病理學
PATHOLOGY",3,期,True,50,0,0,50,李啟偉,"五8,6,7(國IR 5002)","['', '', '', '', '678', '', '']",《講授類》,[],True
https://selcrs.nsysu.edu.tw/menu5/showoutline.asp?SYEAR=115&SEM=1&CrsDat=IMST549&Crsname=內科學導論,,,False,醫科碩,IMST549,0,不分班,"內科學導論
INTRODUCTION TO INTERNAL MEDICINE",3,期,False,50,0,0,50,李啟偉,"四8,6,7(國IR 5002)","['', '', '', '678', '', '', '']",《講授類》,[],True
https://selcrs.nsysu.edu.tw/menu5/showoutline.asp?SYEAR=115&SEM=1&CrsDat=IMST551&Crsname=3D列印應用實作,,,False,醫科碩,IMST551,0,不分班,"3D列印應用實作
3D PRINTING APPLICATIONS AND PRACTICES",3,期,False,40,0,0,40,陳玟帆,"二2,3,4(國IR 5002)","['', '234', '', '', '', '', '']",《講授類》,[],False
https://selcrs.nsysu.edu.tw/menu5/showoutline.asp?SYEAR=115&SEM=1&CrsDat=IMST555&Crsname=多功能材料專題研究（一）,,,False,醫科碩,IMST555,0,不分班,"多功能材料專題研究（一）
INDEPENDENT STUDIES IN FUNCTIONAL MATERIALS (I)",3,期,False,10,0,0,10,陳玟帆,"五1,2,3(國IR 1006-1)","['', '', '', '', '123', '', '']",《獨立研究》,[],False
https://selcrs.nsysu.edu.tw/menu5/showoutline.asp?SYEAR=115&SEM=1&CrsDat=IMST573&Crsname=微奈米感測專題研究（一）,,,False,醫科碩,IMST573,0,不分班,"微奈米感測專題研究（一）
INDEPENDENT STUDY IN MICRO/NANO SENSING TECHNOLOGY (I)",3,期,False,20,0,0,20,莊承鑫,"五2,3,4(國IR 5003)","['', '', '', '', '234', '', '']",《獨立研究》,[],False
https://selcrs.nsysu.edu.tw/menu5/showoutline.asp?SYEAR=115&SEM=1&CrsDat=IMST583&Crsname=實驗動物模式與人類疾病特論,,,False,醫科碩,IMST583,0,不分班,"實驗動物模式與人類疾病特論
ANIMAL MODELS FOR HUMAN DISEASE",2,期,False,20,0,0,20,儲天輝,"二5,6(國IR 5003)","['', '56', '', '', '', '', '']",《講授類》,[],False
https://selcrs.nsysu.edu.tw/menu5/showoutline.asp?SYEAR=115&SEM=1&CrsDat=IMST601&Crsname=書報討論（三）,,,False,醫科碩,IMST601,2,不分班,"書報討論（三）
SEMINAR (III)",1,期,True,20,0,0,20,莊承鑫,三7(國IR 5002),"['', '', '7', '', '', '', '']",《研討類》,[],False
https://selcrs.nsysu.edu.tw/menu5/showoutline.asp?SYEAR=115&SEM=1&CrsDat=IMST604&Crsname=結構生物學,,,False,醫科碩,IMST604,0,不分班,"結構生物學
STRUCTURAL BIOLOGY",3,期,False,10,0,0,10,陳志杰,"四2,3,4(國IR 1006-1)","['', '', '', '234', '', '', '']",《講授類》,[],False
https://selcrs.nsysu.edu.tw/menu5/showoutline.asp?SYEAR=115&SEM=1&CrsDat=IMST605&Crsname=智慧長照書報討論（一）,,,False,醫科碩,IMST605,1,不分班,"智慧長照書報討論（一）
SEMINAR IN LONG-TERM CARE (I)",1,期,True,20,0,0,20,柯朝元,三5(國IR 5003),"['', '', '5', '', '', '', '']",《研討類》,[],False
https://selcrs.nsysu.edu.tw/menu5/showoutline.asp?SYEAR=115&SEM=1&CrsDat=IMST606&Crsname=智慧長期照護專論,,,False,醫科碩,IMST606,1,不分班,"智慧長期照護專論
SPECIAL TOPICS IN INTELLIGENT LONG-TERM CARE",2,期,True,20,0,0,20,"鄒綉菊,金憲國","三3,4(國IR 5003)","['', '', '34', '', '', '', '']",《講授類》,[],False
https://selcrs.nsysu.edu.tw/menu5/showoutline.asp?SYEAR=115&SEM=1&CrsDat=IMST607&Crsname=長照智慧科技實務應用（一）,,,False,醫科碩,IMST607,1,不分班,"長照智慧科技實務應用（一）
APPLICATION OF INTELLIGENT ASSISTANCE TECHNOLOGIES IN LONG-TERM CARE SERVICES(Ⅰ)",2,期,True,15,0,0,15,"呂睿騰,巫常誠","四5,6(國IR 1006-1)","['', '', '', '56', '', '', '']",《講授類》,[],False
https://selcrs.nsysu.edu.tw/menu5/showoutline.asp?SYEAR=115&SEM=1&CrsDat=IMST608&Crsname=長期照護技術特論,,,False,醫科碩,IMST608,1,不分班,"長期照護技術特論
SPECIAL TOPICS IN TECHNOLOGY FOR LONG-TERM CARE",2,期,True,15,0,0,15,"李柏群,袁建漢","四8,7(國IR 1006-1)","['', '', '', '78', '', '', '']",《講授類》,[],False
https://selcrs.nsysu.edu.tw/menu5/showoutline.asp?SYEAR=115&SEM=1&CrsDat=IMST611&Crsname=高齡AI睡眠及聽損,,,False,醫科碩,IMST611,0,不分班,"高齡AI睡眠及聽損
THE ARTIFICIAL INTELLIGENCE APPLICATION FOR SLEEP AND HEARING LOSS IN THE ELDERLY",2,期,False,10,0,0,10,曾崇智,"四3,4(國IR 4005)","['', '', '', '34', '', '', '']",《講授類》,[],False
https://selcrs.nsysu.edu.tw/menu5/showoutline.asp?SYEAR=115&SEM=1&CrsDat=IBPS501&Crsname=書報討論（一）,,,False,生技醫藥碩,IBPS501,1,不分班,"書報討論（一）
SEMINAR（I）",1,期,True,50,0,0,50,"施柏漳,賴至人",三3(國IR 5002),"['', '', '3', '', '', '', '']",《講授類》,[],True
https://selcrs.nsysu.edu.tw/menu5/showoutline.asp?SYEAR=115&SEM=1&CrsDat=IBPS503&Crsname=生技醫藥智財與法規,,,False,生技醫藥碩,IBPS503,0,不分班,"生技醫藥智財與法規
THE INTELLECTUAL PROPERTY AND REGULATION IN BIOPHARMACEUTICALS",2,期,False,50,0,0,50,施柏漳,"五3,4(國IR 5005)","['', '', '', '', '34', '', '']",《講授類》,[],True
https://selcrs.nsysu.edu.tw/menu5/showoutline.asp?SYEAR=115&SEM=1&CrsDat=IBPS508&Crsname=毒理學,,,False,生技醫藥碩,IBPS508,0,不分班,"毒理學
TOXIC RESPONSES OF ORGANS",3,期,False,50,0,0,50,施柏漳,"二8,6,7(國IR 6017-1)","['', '678', '', '', '', '', '']",《講授類》,[],True
https://selcrs.nsysu.edu.tw/menu5/showoutline.asp?SYEAR=115&SEM=1&CrsDat=IBPS518&Crsname=醫藥研究動物模式與技術,,,False,生技醫藥碩,IBPS518,0,不分班,"醫藥研究動物模式與技術
THE ANIMAL MODEL AND TECHNOLOGY IN BIOPHARMACEUTICAL RESEARCH",2,期,False,50,0,0,50,孫羽佑,"四6,7(國IR 5004)","['', '', '', '67', '', '', '']",《講授類》,[],False
https://selcrs.nsysu.edu.tw/menu5/showoutline.asp?SYEAR=115&SEM=1&CrsDat=IBPS521&Crsname=癌症細胞自噬專題研究（一）,,,False,生技醫藥碩,IBPS521,0,不分班,"癌症細胞自噬專題研究（一）
INDEPENDENT STUDIES IN CANCER AUTOPHAGY (I)",3,期,False,50,0,0,50,徐志文,"一2,3,4(國IR 5003)","['234', '', '', '', '', '', '']",《獨立研究》,[],False
https://selcrs.nsysu.edu.tw/menu5/showoutline.asp?SYEAR=115&SEM=1&CrsDat=IBPS523&Crsname=生醫晶片專題研究（一）,,,False,生技醫藥碩,IBPS523,0,不分班,"生醫晶片專題研究（一）
INDEPENDENT STUDIES IN BIOSENSORS (I)",3,期,False,50,0,0,50,余靈珊,"一2,3,4(國IR 6017-1)","['234', '', '', '', '', '', '']",《獨立研究》,[],False
https://selcrs.nsysu.edu.tw/menu5/showoutline.asp?SYEAR=115&SEM=1&CrsDat=IBPS525&Crsname=腫瘤分子生物學,,,False,生技醫藥碩,IBPS525,0,不分班,"腫瘤分子生物學
TUMOR MOLECULAR BIOLOGY",3,期,False,50,0,0,50,徐志文,"四5,6,7(國IR 5003)","['', '', '', '567', '', '', '']",《講授類》,[],True
https://selcrs.nsysu.edu.tw/menu5/showoutline.asp?SYEAR=115&SEM=1&CrsDat=IBPS527&Crsname=生物資訊學及其應用,,,False,生技醫藥碩,IBPS527,0,不分班,"生物資訊學及其應用
BIOINFORMATICS AND APPLICATIONS",3,期,False,50,0,0,50,余靈珊,"五5,6,7(國IR 5004)","['', '', '', '', '567', '', '']",《講授類》,[],True
https://selcrs.nsysu.edu.tw/menu5/showoutline.asp?SYEAR=115&SEM=1&CrsDat=IBPS528&Crsname=神經疾病與藥物開發特論,,,False,生技醫藥碩,IBPS528,0,不分班,"神經疾病與藥物開發特論
DRUG DEVELOPMENT IN CENTRAL NERVOUS SYSTEM (CNS) DISORDERS",3,期,False,50,0,0,50,孫羽佑,"二2,3,4(國IR 6017-1)","['', '234', '', '', '', '', '']",《講授類》,[],True
https://selcrs.nsysu.edu.tw/menu5/showoutline.asp?SYEAR=115&SEM=1&CrsDat=IBPS529&Crsname=藥物開發通論,,,False,生技醫藥碩,IBPS529,0,不分班,"藥物開發通論
GENERAL THEORY OF DRUG DISCOVERY",2,期,False,50,0,0,50,"余靈珊,孫羽佑,徐志文,施柏漳,賴至人,黃建智","一8,7(醫IL 3015)","['78', '', '', '', '', '', '']",《講授類》,[],True
https://selcrs.nsysu.edu.tw/menu5/showoutline.asp?SYEAR=115&SEM=1&CrsDat=IBPS530&Crsname=腦缺氧專題研究（一）,,,False,生技醫藥碩,IBPS530,0,不分班,"腦缺氧專題研究（一）
INDEPENDENT STUDIES IN CEREBRAL ISCHEMIA (I)",3,期,False,50,0,0,50,孫羽佑,"三5,6,7(國IR 6017-1)","['', '', '567', '', '', '', '']",《獨立研究》,[],False
https://selcrs.nsysu.edu.tw/menu5/showoutline.asp?SYEAR=115&SEM=1&CrsDat=IBPS534&Crsname=抗癌藥物開發專題研究（一）,,,False,生技醫藥碩,IBPS534,0,不分班,"抗癌藥物開發專題研究（一）
INDEPENDENT STUDIES IN ANTICANCER DRUG DISCOVERY（Ｉ）",3,期,False,50,0,0,50,黃建智,"三1,2,3(國IR 4005)","['', '', '123', '', '', '', '']",《獨立研究》,[],False
https://selcrs.nsysu.edu.tw/menu5/showoutline.asp?SYEAR=115&SEM=1&CrsDat=IBPS538&Crsname=蛋白質降解藥物開發特論 (一),,,False,生技醫藥碩,IBPS538,0,不分班,"蛋白質降解藥物開發特論 (一)
TARGETED PROTEIN DEGRADATION BASED DRUG DEVELOPMENT（I）",3,期,False,50,0,0,50,施柏漳,"三5,6,7(國IR 6017-2)","['', '', '567', '', '', '', '']",《講授類》,[],True
https://selcrs.nsysu.edu.tw/menu5/showoutline.asp?SYEAR=115&SEM=1&CrsDat=IBPS541&Crsname=雙功能分子藥物開發專題研究（一）,,,False,生技醫藥碩,IBPS541,0,不分班,"雙功能分子藥物開發專題研究（一）
INDEPENDENT STUDIES IN BIFUNCTIONAL MOLECULE DRUG DISCOVERY（I）",3,期,False,50,0,0,50,施柏漳,"二2,3,4(國IR 5005)","['', '234', '', '', '', '', '']",《獨立研究》,[],False
https://selcrs.nsysu.edu.tw/menu5/showoutline.asp?SYEAR=115&SEM=1&CrsDat=IBPS544&Crsname=疫苗開發專題研究（一）,,,False,生技醫藥碩,IBPS544,0,不分班,"疫苗開發專題研究（一）
INDEPENDENT STUDY IN VACCINE DEVELOPMENT（I）",3,期,False,50,0,0,50,賴至人,"三5,6,7(國IR 5004)","['', '', '567', '', '', '', '']",《獨立研究》,[],False
https://selcrs.nsysu.edu.tw/menu5/showoutline.asp?SYEAR=115&SEM=1&CrsDat=IBPS545&Crsname=血管新生與癌症轉移治療,,,False,生技醫藥碩,IBPS545,0,不分班,"血管新生與癌症轉移治療
INVESTIGATION OF ANGIOGENESIS AND METASTASIS FOR CANCER THERAPY",3,期,False,50,0,0,50,賴至人,"五5,6,7(國IR 6017-2)","['', '', '', '', '567', '', '']",《講授類》,[],True
https://selcrs.nsysu.edu.tw/menu5/showoutline.asp?SYEAR=115&SEM=1&CrsDat=IBPS548&Crsname=RNA疫苗概論與設計,,,False,生技醫藥碩,IBPS548,0,不分班,"RNA疫苗概論與設計
PRINCIPLE AND DESIGN OF RNA VACCINES",2,期,False,50,0,0,50,賴至人,"一3,4(國IR 6017-2)","['34', '', '', '', '', '', '']",《講授類》,[],False
https://selcrs.nsysu.edu.tw/menu5/showoutline.asp?SYEAR=115&SEM=1&CrsDat=IBPS552&Crsname=專題研究（一）,,,False,生技醫藥碩,IBPS552,0,不分班,"專題研究（一）
INDEPENDENT STUDIES (I)",3,期,False,50,0,0,50,"王文宏,甘祐瑜,陳亮傑","一2,3,4(國IR 6017-2)","['234', '', '', '', '', '', '']",《獨立研究》,[],False
https://selcrs.nsysu.edu.tw/menu5/showoutline.asp?SYEAR=115&SEM=1&CrsDat=IBPS601&Crsname=書報討論（三）,,,False,生技醫藥碩,IBPS601,2,不分班,"書報討論（三）
SEMINAR（III）",1,期,True,50,0,0,50,"孫羽佑,黃建智",三4(國IR 5002),"['', '', '4', '', '', '', '']",《講授類》,[],True
https://selcrs.nsysu.edu.tw/menu5/showoutline.asp?SYEAR=115&SEM=1&CrsDat=IBPS603&Crsname=科技論文寫作,,,False,生技醫藥碩,IBPS603,0,不分班,"科技論文寫作
SCIENTIFIC WRITING",2,期,False,50,0,0,50,余靈珊,"四3,4(國IR 5001)","['', '', '', '34', '', '', '']",《講授類》,[],True
https://selcrs.nsysu.edu.tw/menu5/showoutline.asp?SYEAR=115&SEM=1&CrsDat=IPM501&Crsname=書報討論（一）,,,False,精準醫學碩,IPM501,1,不分班,"書報討論（一）
SEMINAR(I)",1,期,True,50,0,0,50,"于松桓,楊佳寧",三5(國IR 5001),"['', '', '5', '', '', '', '']",《講授類》,[],True
https://selcrs.nsysu.edu.tw/menu5/showoutline.asp?SYEAR=115&SEM=1&CrsDat=IPM505&Crsname=生醫資訊處理實務,,,False,精準醫學碩,IPM505,0,不分班,"生醫資訊處理實務
PROCESSING BIOMEDICAL INFORMATION",3,期,False,50,0,0,50,馮已榕,"四2,3,4(國IR 6017-1)","['', '', '', '234', '', '', '']",《講授類》,[],False
https://selcrs.nsysu.edu.tw/menu5/showoutline.asp?SYEAR=115&SEM=1&CrsDat=IPM506&Crsname=進階生物醫學統計學,,,False,精準醫學碩,IPM506,0,不分班,"進階生物醫學統計學
ADVANCED BIOMEDICAL STATISTICS",3,期,False,50,0,0,50,馮已榕,"二2,3,4(國IR 5004)","['', '234', '', '', '', '', '']",《講授類》,[],True
https://selcrs.nsysu.edu.tw/menu5/showoutline.asp?SYEAR=115&SEM=1&CrsDat=IPM507&Crsname=分子元件設計概論,,,False,精準醫學碩,IPM507,0,不分班,"分子元件設計概論
MOLECULAR DEVICE DESIGN",2,期,False,50,0,0,50,楊佳寧,"二5,6(國IR 5001)","['', '56', '', '', '', '', '']",《講授類》,[],False
https://selcrs.nsysu.edu.tw/menu5/showoutline.asp?SYEAR=115&SEM=1&CrsDat=IPM508&Crsname=蛋白質分子模擬專題研究（一）,,,False,精準醫學碩,IPM508,0,不分班,"蛋白質分子模擬專題研究（一）
INDEPENDENT STUDIES IN SIMULATIONS ON PROTEIN DYNAMICS (I)",3,期,False,50,0,0,50,楊佳寧,"四5,6,7(國IR 6017-1)","['', '', '', '567', '', '', '']",《獨立研究》,[],False
https://selcrs.nsysu.edu.tw/menu5/showoutline.asp?SYEAR=115&SEM=1&CrsDat=IPM511&Crsname=醫療數據分析專題研究（一）,,,False,精準醫學碩,IPM511,0,不分班,"醫療數據分析專題研究（一）
INDEPENDENT STUDIES IN REAL-WORLD HEALTH DATA (I)",3,期,False,50,0,0,50,馮已榕,"一5,6,7(國IR 4005)","['567', '', '', '', '', '', '']",《獨立研究》,[],False
https://selcrs.nsysu.edu.tw/menu5/showoutline.asp?SYEAR=115&SEM=1&CrsDat=IPM513&Crsname=創新精準醫學導論,,,False,精準醫學碩,IPM513,1,不分班,"創新精準醫學導論
INTRODUCTION TO INNOVATIVE PRECISION MEDICINE",3,期,True,50,0,0,50,"李豪嶧,陳俊朝,馮已榕","三2,3,4(國IR 5001)","['', '', '234', '', '', '', '']",《講授類》,[],True
https://selcrs.nsysu.edu.tw/menu5/showoutline.asp?SYEAR=115&SEM=1&CrsDat=IPM515&Crsname=生物資訊學,,,False,精準醫學碩,IPM515,0,不分班,"生物資訊學
BIOINFORMATICS",3,期,False,50,0,0,50,于松桓,"五2,3,4(國IR 6017-1)","['', '', '', '', '234', '', '']",《講授類》,[],True
https://selcrs.nsysu.edu.tw/menu5/showoutline.asp?SYEAR=115&SEM=1&CrsDat=IPM516&Crsname=多體學資料分析專題研究（一）,,,False,精準醫學碩,IPM516,0,不分班,"多體學資料分析專題研究（一）
INDEPENDENT STUDIES IN MULTI-OMICS DATA ANALYSIS (I)",3,期,False,50,0,0,50,于松桓,"二5,6,7(國IR 4005)","['', '567', '', '', '', '', '']",《獨立研究》,[],False
https://selcrs.nsysu.edu.tw/menu5/showoutline.asp?SYEAR=115&SEM=1&CrsDat=IPM524&Crsname=蛋白質體學,,,False,精準醫學碩,IPM524,0,不分班,"蛋白質體學
PROTEOMICS",2,期,False,50,0,0,50,于松桓,"五5,6(國IR 5034)","['', '', '', '', '56', '', '']",《講授類》,[],False
https://selcrs.nsysu.edu.tw/menu5/showoutline.asp?SYEAR=115&SEM=1&CrsDat=IPM528&Crsname=生化與分子生物學,,,False,精準醫學碩,IPM528,0,不分班,"生化與分子生物學
BIOCHEMISTRY AND MOLECULAR BIOLOGY",3,期,False,50,0,0,50,陳俊朝,"一2,3,4(國IR 5002)","['234', '', '', '', '', '', '']",《講授類》,[],True
https://selcrs.nsysu.edu.tw/menu5/showoutline.asp?SYEAR=115&SEM=1&CrsDat=IPM538&Crsname=纖維化及癌症治療策略專題研究（一）,,,False,精準醫學碩,IPM538,0,不分班,"纖維化及癌症治療策略專題研究（一）
INDEPENDENT STUDIES IN THERAPEUTIC STRATEGIES FOR FIBROSIS AND CANCER (I)",3,期,False,50,0,0,50,李佶珉,"四5,6,7(國IR 4005)","['', '', '', '567', '', '', '']",《獨立研究》,[],False
https://selcrs.nsysu.edu.tw/menu5/showoutline.asp?SYEAR=115&SEM=1&CrsDat=IPM540&Crsname=蛋白質工程,,,False,精準醫學碩,IPM540,0,不分班,"蛋白質工程
PROTEIN ENGINEERING",3,期,False,50,0,0,50,陳俊朝,"一5,6,7(國IR 6017-1)","['567', '', '', '', '', '', '']",《講授類》,[],True
https://selcrs.nsysu.edu.tw/menu5/showoutline.asp?SYEAR=115&SEM=1&CrsDat=IPM543&Crsname=藥物基因體學,,,False,精準醫學碩,IPM543,0,不分班,"藥物基因體學
PHARMACOGENOMICS",3,期,False,50,0,0,50,李佶珉,"二2,3,4(國IR 4005)","['', '234', '', '', '', '', '']",《講授類》,[],False
https://selcrs.nsysu.edu.tw/menu5/showoutline.asp?SYEAR=115&SEM=1&CrsDat=IPM547&Crsname=DNA修復機制在癌症發展與治療中的作用,,,False,精準醫學碩,IPM547,0,不分班,"DNA修復機制在癌症發展與治療中的作用
DNA REPAIR MECHANISMS IN CANCER DEVELOPMENT AND THERAPY",3,期,False,50,0,0,50,李豪嶧,"二5,6,7(國IR 5005)","['', '567', '', '', '', '', '']",《講授類》,[],True
https://selcrs.nsysu.edu.tw/menu5/showoutline.asp?SYEAR=115&SEM=1&CrsDat=IPM548&Crsname=腫瘤分子生物學專題研究（一）,,,False,精準醫學碩,IPM548,0,不分班,"腫瘤分子生物學專題研究（一）
INDEPENDENT STUDIES IN MOLECULAR ONCOLOGY (I)",3,期,False,50,0,0,50,李豪嶧,"四2,3,4(國IR 5002)","['', '', '', '234', '', '', '']",《獨立研究》,[],False
https://selcrs.nsysu.edu.tw/menu5/showoutline.asp?SYEAR=115&SEM=1&CrsDat=IPM551&Crsname=基因與行為專題研究（一）,,,False,精準醫學碩,IPM551,0,不分班,"基因與行為專題研究（一）
INDEPENDENT STUDIES IN GENE AND BEHAVIOR (I)",3,期,False,50,0,0,50,"林萱文,陳俊朝","二5,6,7(國IR 6017-2)","['', '567', '', '', '', '', '']",《獨立研究》,[],False
https://selcrs.nsysu.edu.tw/menu5/showoutline.asp?SYEAR=115&SEM=1&CrsDat=IPM554&Crsname=分子細胞生物學實驗原理,,,False,精準醫學碩,IPM554,0,不分班,"分子細胞生物學實驗原理
PRINCIPLE OF MOLECULAR AND CELLULAR BIOLOGY EXPERIMENTS",3,期,False,50,0,0,50,李豪嶧,"四5,6,7(國IR 5005)","['', '', '', '567', '', '', '']",《講授類》,[],True
https://selcrs.nsysu.edu.tw/menu5/showoutline.asp?SYEAR=115&SEM=1&CrsDat=IPM556&Crsname=臨床精準醫學專題研究（一）,,,False,精準醫學碩,IPM556,0,不分班,"臨床精準醫學專題研究（一）
INDEPENDENT STUDIES IN CLINICAL PRECISION MEDICINE (I)",3,期,False,50,0,0,50,"趙敏吾,鄭雅勻","五2,3,4(國IR 6017-2)","['', '', '', '', '234', '', '']",《獨立研究》,[],False
https://selcrs.nsysu.edu.tw/menu5/showoutline.asp?SYEAR=115&SEM=1&CrsDat=IPM601&Crsname=書報討論（三）,,,False,精準醫學碩,IPM601,2,不分班,"書報討論（三）
SEMINAR(III)",1,期,True,50,0,0,50,"李佶珉,馮已榕",三6(國IR 5001),"['', '', '6', '', '', '', '']",《講授類》,[],True
https://selcrs.nsysu.edu.tw/menu5/showoutline.asp?SYEAR=115&SEM=1&CrsDat=ASPT510&Crsname=應用力學與材料力學,,,False,半導體封測所,ASPT510,1,不分班,"應用力學與材料力學
APPLIED MECHANICS AND MECHANICS OF MATERIALS",3,期,False,32,0,0,32,潘正堂,"一5,6,7(工EN 3021)","['567', '', '', '', '', '', '']","《講授類》
網路選課期間先以先進半導體封測所學生修課為優先，外院、電子零組件所及半導體製造所的學生於選課異常處理期間進行紙本加簽選修。",[],True
https://selcrs.nsysu.edu.tw/menu5/showoutline.asp?SYEAR=115&SEM=1&CrsDat=ASPT520&Crsname=材料科學,,,False,半導體封測所,ASPT520,1,不分班,"材料科學
MATERIALS SCIENCE",3,期,False,5,0,0,5,林瑞欽,"五2,3,4(國IR 6002K)","['', '', '', '', '234', '', '']","《講授類》
網路選課期間先以先進半導體封測所學生修課為優先，外院、電子零組件所及半導體製造所的學生於選課異常處理期間進行紙本加簽選修。",[],True
https://selcrs.nsysu.edu.tw/menu5/showoutline.asp?SYEAR=115&SEM=1&CrsDat=ASPT530A&Crsname=高分子材料,,,False,半導體封測所,ASPT530A,1,不分班,"高分子材料
POLYMER MATERIALS",3,期,False,32,0,0,32,郭紹偉,"二2,3,4(國IR 4002)","['', '234', '', '', '', '', '']","《講授類》
網路選課期間先以先進半導體封測所學生修課為優先，外院、電子零組件所及半導體製造所的學生於選課異常處理期間進行紙本加簽選修。",[],False
https://selcrs.nsysu.edu.tw/menu5/showoutline.asp?SYEAR=115&SEM=1&CrsDat=ASPT535&Crsname=先進封裝製程與異質整合封裝技術,,,False,半導體封測所,ASPT535,1,不分班,"先進封裝製程與異質整合封裝技術
ADVANCED PACKAGING PROCESS AND HETEROGENEOUS INTEGRATION PACKAGING TECHNOLOGY",3,期,False,32,0,0,32,蔡潤波,"四2,3,4(國IR 4002)","['', '', '', '234', '', '', '']","《講授類》
網路選課期間先以先進半導體封測所學生修課為優先，外院、電子零組件所及半導體製造所的學生於選課異常處理期間進行紙本加簽選修。",[],True
https://selcrs.nsysu.edu.tw/menu5/showoutline.asp?SYEAR=115&SEM=1&CrsDat=ASPT545&Crsname=先進高分子構裝材料,,,False,半導體封測所,ASPT545,1,不分班,"先進高分子構裝材料
ADVANCED POLYMER-BASED ELECTRONIC PACKAGING MATERIALS",3,期,False,32,0,0,32,王志逢,"三2,3,4(國IR 4002)","['', '', '234', '', '', '', '']","《講授類》
網路選課期間先以先進半導體封測所學生修課為優先，外院、電子零組件所及半導體製造所的學生於選課異常處理期間進行紙本加簽選修。",[],True
https://selcrs.nsysu.edu.tw/menu5/showoutline.asp?SYEAR=115&SEM=1&CrsDat=ASPT548&Crsname=半導體可靠度工程,,,False,半導體封測所,ASPT548,1,不分班,"半導體可靠度工程
SEMICONDUCTOR RELIABILITY ENGINEERING",3,期,False,5,0,0,5,林明德,"四2,3,4(國IR 6002J)","['', '', '', '234', '', '', '']","《講授類》
網路選課期間先以先進半導體封測所學生修課為優先，外院、電子零組件所及半導體製造所的學生於選課異常處理期間進行紙本加簽選修。",[],True
https://selcrs.nsysu.edu.tw/menu5/showoutline.asp?SYEAR=115&SEM=1&CrsDat=ASPT563A&Crsname=光電子元件,,,False,半導體封測所,ASPT563A,1,不分班,"光電子元件
OPTOELECTRONICS AND DEVICES",3,期,False,32,0,0,32,陳信助,"二2,3,4(國IR 6002K)","['', '234', '', '', '', '', '']","《講授類》
網路選課期間先以先進半導體封測所學生修課為優先，外院、電子零組件所及半導體製造所的學生於選課異常處理期間進行紙本加簽選修。",[],False
https://selcrs.nsysu.edu.tw/menu5/showoutline.asp?SYEAR=115&SEM=1&CrsDat=ASPT567A&Crsname=雷射微加工於電子封裝之應用,,,False,半導體封測所,ASPT567A,1,不分班,"雷射微加工於電子封裝之應用
APPLICATION OF LASER MICRO-MICROMACHINING IN ELECTRONIC PACKAGING",3,期,False,32,0,0,32,黃仲平,"一5,6,7(國IR 6002K)","['567', '', '', '', '', '', '']","《講授類》
網路選課期間先以先進半導體封測所學生修課為優先，外院、電子零組件所及半導體製造所的學生於選課異常處理期間進行紙本加簽選修。",[],True
https://selcrs.nsysu.edu.tw/menu5/showoutline.asp?SYEAR=115&SEM=1&CrsDat=ASPT569&Crsname=半導體封裝工程,,,True,半導體封測所,ASPT569,1,不分班,"半導體封裝工程
SEMICONDUCTOR PACKAGING ENGINEERING",3,期,True,45,0,0,45,陳信助,"五2,3,4(國IR 1001)","['', '', '', '', '234', '', '']","《講授類》
網路選課期間先以先進半導體封測所學生修課為優先，外院、電子零組件所及半導體製造所的學生於選課異常處理期間進行紙本加簽選修。",[],False
https://selcrs.nsysu.edu.tw/menu5/showoutline.asp?SYEAR=115&SEM=1&CrsDat=ASPT575&Crsname=電子封裝結構設計與製程技術,,,True,半導體封測所,ASPT575,1,不分班,"電子封裝結構設計與製程技術
STRUCTURAL DESIGN AND PROCESS OF ELECTRONIC PACKAGING TECHNOLOGY",3,期,True,45,0,0,45,林勇志,"二5,6,7(國IR 1001)","['', '567', '', '', '', '', '']","《講授類》
網路選課期間先以先進半導體封測所學生修課為優先，外院、電子零組件所及半導體製造所的學生於選課異常處理期間進行紙本加簽選修。",[],True
https://selcrs.nsysu.edu.tw/menu5/showoutline.asp?SYEAR=115&SEM=1&CrsDat=ASPT577&Crsname=先進微影科技理論與實務,,,False,半導體封測所,ASPT577,1,不分班,"先進微影科技理論與實務
ADVANCED SEMICONDUCTOR LITHOGRAPHY TECHNOLOGY",3,期,False,5,0,0,5,王俊明,"一2,3,4(國IR 6002J)","['234', '', '', '', '', '', '']","《講授類》
網路選課期間先以先進半導體封測所學生修課為優先，外院、電子零組件所及半導體製造所的學生於選課異常處理期間進行紙本加簽選修。",[],True
https://selcrs.nsysu.edu.tw/menu5/showoutline.asp?SYEAR=115&SEM=1&CrsDat=ASPT579&Crsname=半導體晶圓鍵合技術與應用,,,False,半導體封測所,ASPT579,1,不分班,"半導體晶圓鍵合技術與應用
SEMICONDUCTOR WAFER BONDING TECHNOLOGY AND APPLICATION",3,期,False,32,0,0,32,林勇志,"四5,6,7(國IR 6002K)","['', '', '', '567', '', '', '']","《講授類》
網路選課期間先以先進半導體封測所學生修課為優先，外院、電子零組件所及半導體製造所的學生於選課異常處理期間進行紙本加簽選修。",[],True
https://selcrs.nsysu.edu.tw/menu5/showoutline.asp?SYEAR=115&SEM=1&CrsDat=ASPT580&Crsname=智慧製造與控制實務,,,False,半導體封測所,ASPT580,1,不分班,"智慧製造與控制實務
INTELLIGENT MANUFACTURING AND CONTROL PRACTICES",3,期,False,32,0,0,32,"汪正祺,王郁仁","一2,3,4(工EC 3006)","['234', '', '', '', '', '', '']","《講授類》
網路選課期間先以先進半導體封測所學生修課為優先，外院、電子零組件所及半導體製造所的學生於選課異常處理期間進行紙本加簽選修。",[],False
https://selcrs.nsysu.edu.tw/menu5/showoutline.asp?SYEAR=115&SEM=1&CrsDat=ASPT585&Crsname=統計製程管制概論,,,True,半導體封測所,ASPT585,2,不分班,"統計製程管制概論
INTRODUCTION TO STATISTICAL PROCESS CONTROL",3,期,True,85,0,0,85,林裕修,"四1,2,3,4(日月光廠區)(實驗)","['', '', '', '1234', '', '', '']","《企業實習》
限先進半導體封測所學生修課。",[],False
https://selcrs.nsysu.edu.tw/menu5/showoutline.asp?SYEAR=115&SEM=1&CrsDat=ASPT585A&Crsname=統計製程管制概論,,,True,半導體封測所,ASPT585A,2,不分班,"統計製程管制概論
INTRODUCTION TO STATISTICAL PROCESS CONTROL",3,期,True,30,0,0,30,孫家彬,"一8,5,6,7(穎崴廠區)(實驗)","['5678', '', '', '', '', '', '']","《企業實習》
限先進半導體封測所學生修課。",[],False
https://selcrs.nsysu.edu.tw/menu5/showoutline.asp?SYEAR=115&SEM=1&CrsDat=ASPT585B&Crsname=統計製程管制概論,,,True,半導體封測所,ASPT585B,2,不分班,"統計製程管制概論
INTRODUCTION TO STATISTICAL PROCESS CONTROL",3,期,True,5,0,0,5,王金保,"四1,2,3,4(華泰廠區)(實驗)","['', '', '', '1234', '', '', '']","《企業實習》
限先進半導體封測所學生修課。",[],False
https://selcrs.nsysu.edu.tw/menu5/showoutline.asp?SYEAR=115&SEM=1&CrsDat=ASPT586&Crsname=專業課程與應用（一）【專業教學】,,,True,半導體封測所,ASPT586,2,不分班,"專業課程與應用（一）【專業教學】
PROFESSIONAL COURSES AND APPLICATIONS (LEVEL 1)–PROFESSIONAL TEACHING",3,期,True,85,0,0,85,林挺生,"一8,5,6,7(日月光廠區)(實驗)","['5678', '', '', '', '', '', '']","《企業實習》
限先進半導體封測所學生修課。",[],False
https://selcrs.nsysu.edu.tw/menu5/showoutline.asp?SYEAR=115&SEM=1&CrsDat=ASPT586A&Crsname=專業課程與應用（一）【專業教學】,,,True,半導體封測所,ASPT586A,2,不分班,"專業課程與應用（一）【專業教學】
PROFESSIONAL COURSES AND APPLICATIONS (LEVEL 1)–PROFESSIONAL TEACHING",3,期,True,25,0,0,25,孫家彬,"二8,5,6,7(穎崴廠區)(實驗)","['', '5678', '', '', '', '', '']","《企業實習》
限先進半導體封測所學生修課。",[],False
https://selcrs.nsysu.edu.tw/menu5/showoutline.asp?SYEAR=115&SEM=1&CrsDat=ASPT586B&Crsname=專業課程與應用（一）【專業教學】,,,True,半導體封測所,ASPT586B,2,不分班,"專業課程與應用（一）【專業教學】
PROFESSIONAL COURSES AND APPLICATIONS (LEVEL 1)–PROFESSIONAL TEACHING",3,期,True,5,0,0,5,王金保,"四8,5,6,7(華泰廠區)(實驗)","['', '', '', '5678', '', '', '']","《企業實習》
限先進半導體封測所學生修課。",[],False
https://selcrs.nsysu.edu.tw/menu5/showoutline.asp?SYEAR=115&SEM=1&CrsDat=ASPT590A&Crsname=系統層級靜電與電磁干擾,,,False,半導體封測所,ASPT590A,1,不分班,"系統層級靜電與電磁干擾
SYSTEM-LEVEL STATIC ELECTRICITY AND ELECTROMAGNETIC INTERFERENCE",3,期,False,32,0,0,32,蔡潤波,"二2,3,4(國IR 6002J)","['', '234', '', '', '', '', '']","《講授類》
網路選課期間先以先進半導體封測所學生修課為優先，外院、電子零組件所及半導體製造所的學生於選課異常處理期間進行紙本加簽選修。",[],False
https://selcrs.nsysu.edu.tw/menu5/showoutline.asp?SYEAR=115&SEM=1&CrsDat=ASPT592&Crsname=專題報告【驗收與規劃A】,,,True,半導體封測所,ASPT592,3,不分班,"專題報告【驗收與規劃A】
PROJECT REPORTING - ACCEPTANCE AND PLANNING （A）",3,期,True,85,0,0,85,賴逸少,"一2,3,4(日月光廠區)(實驗)","['234', '', '', '', '', '', '']","《企業實習》
限先進半導體封測所學生修課。",[],False
https://selcrs.nsysu.edu.tw/menu5/showoutline.asp?SYEAR=115&SEM=1&CrsDat=ASPT592C&Crsname=專題報告【驗收與規劃A】,,,True,半導體封測所,ASPT592C,3,不分班,"專題報告【驗收與規劃A】
PROJECT REPORTING - ACCEPTANCE AND PLANNING （A）",3,期,True,35,0,0,35,王金保,"二2,3,4(華泰廠區)(實驗)","['', '234', '', '', '', '', '']","《企業實習》
限先進半導體封測所學生修課。",[],False
https://selcrs.nsysu.edu.tw/menu5/showoutline.asp?SYEAR=115&SEM=1&CrsDat=ASPT592D&Crsname=專題報告【驗收與規劃A】,,,True,半導體封測所,ASPT592D,3,不分班,"專題報告【驗收與規劃A】
PROJECT REPORTING - ACCEPTANCE AND PLANNING （A）",3,期,True,35,0,0,35,孫家彬,"二2,3,4(穎崴廠區)(實驗)","['', '234', '', '', '', '', '']","《企業實習》
限先進半導體封測所學生修課。",[],False
https://selcrs.nsysu.edu.tw/menu5/showoutline.asp?SYEAR=115&SEM=1&CrsDat=ASPT593A&Crsname=專題報告【驗收與規劃B】,,,True,半導體封測所,ASPT593A,3,不分班,"專題報告【驗收與規劃B】
PROJECT REPORTING - ACCEPTANCE AND PLANNING （B）",3,期,False,35,0,0,35,賴逸少,"四5,6,7(日月光廠區)(實驗)","['', '', '', '567', '', '', '']","《企業實習》
限先進半導體封測所學生修課。",[],False
https://selcrs.nsysu.edu.tw/menu5/showoutline.asp?SYEAR=115&SEM=1&CrsDat=ASPT593B&Crsname=專題報告【驗收與規劃B】,,,True,半導體封測所,ASPT593B,3,不分班,"專題報告【驗收與規劃B】
PROJECT REPORTING - ACCEPTANCE AND PLANNING （B）",3,期,False,10,0,0,10,王金保,"二5,6,7(華泰廠區)(實驗)","['', '567', '', '', '', '', '']","《企業實習》
限先進半導體封測所學生修課。",[],False
https://selcrs.nsysu.edu.tw/menu5/showoutline.asp?SYEAR=115&SEM=1&CrsDat=ASPT593C&Crsname=專題報告【驗收與規劃B】,,,True,半導體封測所,ASPT593C,3,不分班,"專題報告【驗收與規劃B】
PROJECT REPORTING - ACCEPTANCE AND PLANNING （B）",3,期,False,50,0,0,50,孫家彬,"一2,3,4(穎崴廠區)(實驗)","['234', '', '', '', '', '', '']","《企業實習》
限先進半導體封測所學生修課。",[],False
https://selcrs.nsysu.edu.tw/menu5/showoutline.asp?SYEAR=115&SEM=1&CrsDat=ASPT596&Crsname=專題技術報告（一）,,,False,半導體封測所,ASPT596,2,不分班,"專題技術報告（一）
SPECIAL TOPICS & TECHNICAL REPORTS IN ADVANCED SEMICONDUCTOR PACKAGING AND TESTING (I)",0,期,True,85,0,0,85,"林勇志,王志逢,蔡潤波,陳信助,黃仲平","五8,6,7(國IR 6002K)","['', '', '', '', '678', '', '']","《獨立研究》
限先進半導體封測所學生修課。",[],False
https://selcrs.nsysu.edu.tw/menu5/showoutline.asp?SYEAR=115&SEM=1&CrsDat=ASPT598&Crsname=專題技術報告（三）,,,False,半導體封測所,ASPT598,3,不分班,"專題技術報告（三）
SPECIAL TOPICS & TECHNICAL REPORTS IN ADVANCED SEMICONDUCTOR PACKAGING AND TESTING (III)",0,期,True,85,0,0,85,"吳松茂,張美濙,施孟鎧,林勇志,汪正祺,潘正堂,王志逢,蔡崇煒,蔡潤波,郭紹偉,陳信助,魏家博,黃仲平","六2,3,4(教授研究室)","['', '', '', '', '', '234', '']","《獨立研究》
限先進半導體封測所學生修課",[],False
https://selcrs.nsysu.edu.tw/menu5/showoutline.asp?SYEAR=115&SEM=1&CrsDat=ASPT599&Crsname=專題技術報告（四）,,,False,半導體封測所,ASPT599,3,不分班,"專題技術報告（四）
SPECIAL TOPICS & TECHNICAL REPORTS IN ADVANCED SEMICONDUCTOR PACKAGING AND TESTING (IV)",0,期,False,30,0,0,30,"林勇志,王志逢,蔡潤波,陳信助,黃仲平","六8,6,7(教授研究室)","['', '', '', '', '', '678', '']","《獨立研究》
限先進半導體封測所學生修課。",[],False
https://selcrs.nsysu.edu.tw/menu5/showoutline.asp?SYEAR=115&SEM=1&CrsDat=ISM520&Crsname=半導體元件與物理,,,False,半導體製造碩,ISM520,1,不分班,"半導體元件與物理
SEMICONDUCTOR DEVICES AND PHYSICS",3,期,True,50,0,0,50,馬誠佑,"一8,6,7(工EC 3006)","['678', '', '', '', '', '', '']","《講授類》
網路選課期間先以創新半導體製造所學生修課為優先，外院、材料機電所及半導體封測所的學生於選課異常處理期間進行紙本加簽選修。",[],False
https://selcrs.nsysu.edu.tw/menu5/showoutline.asp?SYEAR=115&SEM=1&CrsDat=ISM545&Crsname=人工智慧理論與應用,,,False,半導體製造碩,ISM545,1,不分班,"人工智慧理論與應用
ARTIFICIAL INTELLIGENCE THEORY AND APPLICATIONS",3,期,False,9,0,0,9,蔡崇煒,"四8,6,7(工EC 1006)","['', '', '', '678', '', '', '']","《講授類》
網路選課期間先以創新半導體製造所學生修課為優先，外院、材料機電所及半導體封測所的學生於選課異常處理期間進行紙本加簽選修。",[],False
https://selcrs.nsysu.edu.tw/menu5/showoutline.asp?SYEAR=115&SEM=1&CrsDat=ISM546&Crsname=半導體可靠度工程,,,False,半導體製造碩,ISM546,1,不分班,"半導體可靠度工程
SEMICONDUCTOR RELIABILITY ENGINEERING",3,期,False,9,0,0,9,林明德,"四2,3,4(國IR 6002J)","['', '', '', '234', '', '', '']","《講授類》
網路選課期間先以創新半導體製造所學生修課為優先，外院、材料機電所及半導體封測所的學生於選課異常處理期間進行紙本加簽選修。",[],True
https://selcrs.nsysu.edu.tw/menu5/showoutline.asp?SYEAR=115&SEM=1&CrsDat=ISM550&Crsname=半導體製程整合技術,,,False,半導體製造碩,ISM550,1,不分班,"半導體製程整合技術
SEMICONDUCTOR MANUFACTURING TECHNOLOGY",3,期,True,40,0,0,40,黃義佑,"二8,6,7(國IR 6002K)","['', '678', '', '', '', '', '']","《講授類》
網路選課期間先以創新半導體製造所學生修課為優先，外院、材料機電所及半導體封測所的學生於選課異常處理期間進行紙本加簽選修。",[],False
https://selcrs.nsysu.edu.tw/menu5/showoutline.asp?SYEAR=115&SEM=1&CrsDat=ISM560&Crsname=光電半導體科技,,,False,半導體製造碩,ISM560,1,不分班,"光電半導體科技
OPTOELECTRONICS SEMICONDUCTOR TECHNOLOGY",3,期,False,9,0,0,9,洪勇智,"二2,3,4(工EC 4039)","['', '234', '', '', '', '', '']","《講授類》
網路選課期間先以創新半導體製造所學生修課為優先，外院、材料機電所及半導體封測所的學生於選課異常處理期間進行紙本加簽選修。",[],True
https://selcrs.nsysu.edu.tw/menu5/showoutline.asp?SYEAR=115&SEM=1&CrsDat=ISM563&Crsname=奈米電子元件及製程,,,False,半導體製造碩,ISM563,1,不分班,"奈米電子元件及製程
NANOELECTRONIC DEVICES AND PROCESSES",3,期,False,9,0,0,9,邱奎霖,"四8,6,7(國IR 6002J)","['', '', '', '678', '', '', '']","《講授類》
網路選課期間先以創新半導體製造所學生修課為優先，外院、材料機電所及半導體封測所的學生於選課異常處理期間進行紙本加簽選修。",[],True
https://selcrs.nsysu.edu.tw/menu5/showoutline.asp?SYEAR=115&SEM=1&CrsDat=ISM570&Crsname=微系統製程技術,,,False,半導體製造碩,ISM570,1,不分班,"微系統製程技術
MICROSYSTEM TECHNOLOGIES",3,期,False,9,0,0,9,謝佳旭,"五2,3,4(國IR 6002J)","['', '', '', '', '234', '', '']","《講授類》
網路選課期間先以創新半導體製造所學生修課為優先，外院、材料機電所及半導體封測所的學生於選課異常處理期間進行紙本加簽選修。",[],False
https://selcrs.nsysu.edu.tw/menu5/showoutline.asp?SYEAR=115&SEM=1&CrsDat=ISM575&Crsname=先進半導體科技,,,False,半導體製造碩,ISM575,1,不分班,"先進半導體科技
ADVANCED SEMICONDUCTOR TECHNOLOGY",3,期,False,9,0,0,9,謝佳旭,"三2,3,4(國IR 6002J)","['', '', '234', '', '', '', '']","《講授類》
網路選課期間先以創新半導體製造所學生修課為優先，外院、材料機電所及半導體封測所的學生於選課異常處理期間進行紙本加簽選修。",[],True
https://selcrs.nsysu.edu.tw/menu5/showoutline.asp?SYEAR=115&SEM=1&CrsDat=ISM577&Crsname=先進微影科技理論與實務,,,False,半導體製造碩,ISM577,1,不分班,"先進微影科技理論與實務
ADVANCED SEMICONDUCTOR LITHOGRAPHY TECHNOLOGY",3,期,False,9,0,0,9,王俊明,"一2,3,4(國IR 6002J)","['234', '', '', '', '', '', '']","《講授類》
網路選課期間先以創新半導體製造所學生修課為優先，外院、材料機電所及半導體封測所的學生於選課異常處理期間進行紙本加簽選修。",[],True
https://selcrs.nsysu.edu.tw/menu5/showoutline.asp?SYEAR=115&SEM=1&CrsDat=ISM579&Crsname=半導體晶圓鍵合技術與應用,,,False,半導體製造碩,ISM579,1,不分班,"半導體晶圓鍵合技術與應用
SEMICONDUCTOR WAFER BONDING TECHNOLOGY AND APPLICATION",3,期,False,5,0,0,5,林勇志,"四5,6,7(國IR 6002K)","['', '', '', '567', '', '', '']","《講授類》
網路選課期間先以創新半導體製造所學生修課為優先，外院、材料機電所及半導體封測所的學生於選課異常處理期間進行紙本加簽選修。",[],True
https://selcrs.nsysu.edu.tw/menu5/showoutline.asp?SYEAR=115&SEM=1&CrsDat=EMM611&Crsname=應用力學與材料力學,,,False,材料機電所,EMM611,1,不分班,"應用力學與材料力學
APPLIED MECHANICS AND MECHANICS OF MATERIALS",3,期,False,5,0,0,5,潘正堂,"一5,6,7(工EN 3021)","['567', '', '', '', '', '', '']","《講授類》
網路選課期間先以電子材料與機電整合研究所學生修課為優先，其他系所學生於選課異常處理期間進行紙本加簽選修。",[],True
https://selcrs.nsysu.edu.tw/menu5/showoutline.asp?SYEAR=115&SEM=1&CrsDat=EMM620&Crsname=材料科學,,,False,材料機電所,EMM620,1,不分班,"材料科學
MATERIALS SCIENCE",3,期,True,30,0,0,30,林瑞欽,"五2,3,4(國IR 6002K)","['', '', '', '', '234', '', '']","《講授類》
網路選課期間先以電子材料與機電整合研究所學生修課為優先，其他系所學生於選課異常處理期間進行紙本加簽選修。",[],True
https://selcrs.nsysu.edu.tw/menu5/showoutline.asp?SYEAR=115&SEM=1&CrsDat=EMM625&Crsname=電子陶瓷,,,False,材料機電所,EMM625,1,不分班,"電子陶瓷
ELECTRONIC CERAMICS",3,期,False,17,0,0,17,林瑞欽,"二8,6,7(國IR 6002J)","['', '678', '', '', '', '', '']","《講授類》
網路選課期間先以電子材料與機電整合研究所學生修課為優先，其他系所學生於選課異常處理期間進行紙本加簽選修。",[],False
https://selcrs.nsysu.edu.tw/menu5/showoutline.asp?SYEAR=115&SEM=1&CrsDat=EMM630&Crsname=高分子材料,,,False,材料機電所,EMM630,1,不分班,"高分子材料
POLYMER MATERIALS",3,期,False,5,0,0,5,郭紹偉,"二2,3,4(國IR 4002)","['', '234', '', '', '', '', '']","《講授類》
網路選課期間先以電子材料與機電整合研究所學生修課為優先，其他系所學生於選課異常處理期間進行紙本加簽選修。",[],False
https://selcrs.nsysu.edu.tw/menu5/showoutline.asp?SYEAR=115&SEM=1&CrsDat=EMM650&Crsname=能源材料及元件,,,False,材料機電所,EMM650,1,不分班,"能源材料及元件
ENERGY MATERIALS AND DEVICES",3,期,False,17,0,0,17,鍾秀瑩,"四2,3,4(國IR 6002K)","['', '', '', '234', '', '', '']","《講授類》
網路選課期間先以電子材料與機電整合研究所學生修課為優先，其他系所學生於選課異常處理期間進行紙本加簽選修。",[],True
https://selcrs.nsysu.edu.tw/menu5/showoutline.asp?SYEAR=115&SEM=1&CrsDat=EMM655&Crsname=奈米材料與分析,,,False,材料機電所,EMM655,1,不分班,"奈米材料與分析
NANOMATERIALS AND ANALYSIS",3,期,False,17,0,0,17,鍾秀瑩,"一2,3,4(國IR 6002K)","['234', '', '', '', '', '', '']","《講授類》
網路選課期間先以電子材料與機電整合研究所學生修課為優先，其他系所學生於選課異常處理期間進行紙本加簽選修。",[],False
https://selcrs.nsysu.edu.tw/menu5/showoutline.asp?SYEAR=115&SEM=1&CrsDat=EMM665&Crsname=薄膜工程與檢測技術,,,False,材料機電所,EMM665,1,不分班,"薄膜工程與檢測技術
THIN-FILM ENGINEERING AND CHARACTERIZATION",3,期,False,17,0,0,17,黃仲平,"三2,3,4(國IR 6002K)","['', '', '234', '', '', '', '']","《講授類》
網路選課期間先以電子材料與機電整合研究所學生修課為優先，其他系所學生於選課異常處理期間進行紙本加簽選修。",[],True
https://selcrs.nsysu.edu.tw/menu5/showoutline.asp?SYEAR=115&SEM=1&CrsDat=EMM666&Crsname=LTCC製程實現LC諧振電路簡介,,,True,材料機電所,EMM666,2,不分班,"LTCC製程實現LC諧振電路簡介
INTERNSHIP IN INTRODUCTION OF LC RESONANCE CIRCUIT BY LTCC PROCESS",3,期,True,5,0,0,5,李俊德,"四1,2,3,4(國巨廠區)(實驗)","['', '', '', '1234', '', '', '']","《企業實習》
限電子材料與機電整合研究所-甲組學生修課",[],False
https://selcrs.nsysu.edu.tw/menu5/showoutline.asp?SYEAR=115&SEM=1&CrsDat=EMM667&Crsname=MLCC製程概要與實習（一）,,,True,材料機電所,EMM667,2,不分班,"MLCC製程概要與實習（一）
INTERNSHIP IN INTRODUCTION OF MLCC MANUFACTURE PROCESS - PART 1",3,期,True,5,0,0,5,徐豐麒,"四8,5,6,7(國巨廠區)(實驗)","['', '', '', '5678', '', '', '']","《企業實習》
限電子材料與機電整合研究所-甲組學生修課",[],False
https://selcrs.nsysu.edu.tw/menu5/showoutline.asp?SYEAR=115&SEM=1&CrsDat=EMM679&Crsname=進階企業實習（一）,,,True,材料機電所,EMM679,2,不分班,"進階企業實習（一）
ADVANCED CORPORATE INTERNSHIP（I）",3,期,True,5,0,0,5,熊學毅,"四1,2,3,4(雷科廠區)(實驗)","['', '', '', '1234', '', '', '']","《企業實習》
限電子材料與機電整合研究所-乙組學生修課",[],False
https://selcrs.nsysu.edu.tw/menu5/showoutline.asp?SYEAR=115&SEM=1&CrsDat=EMM679A&Crsname=進階企業實習（一）,,,True,材料機電所,EMM679A,2,不分班,"進階企業實習（一）
ADVANCED CORPORATE INTERNSHIP（I）",3,期,True,5,0,0,5,陳南誠,"四1,2,3,4(穎崴廠區)(實驗)","['', '', '', '1234', '', '', '']","《企業實習》
限電子材料與機電整合研究所-乙組學生修課",[],False
https://selcrs.nsysu.edu.tw/menu5/showoutline.asp?SYEAR=115&SEM=1&CrsDat=EMM679B&Crsname=進階企業實習（一）,,,True,材料機電所,EMM679B,2,不分班,"進階企業實習（一）
ADVANCED CORPORATE INTERNSHIP（I）",3,期,True,5,0,0,5,林震,"四1,2,3,4(台虹廠區)(實驗)","['', '', '', '1234', '', '', '']","《企業實習》
限電子材料與機電整合研究所-乙組學生修課",[],False
https://selcrs.nsysu.edu.tw/menu5/showoutline.asp?SYEAR=115&SEM=1&CrsDat=EMM679C&Crsname=進階企業實習（一）,,,True,材料機電所,EMM679C,2,不分班,"進階企業實習（一）
ADVANCED CORPORATE INTERNSHIP（I）",3,期,True,5,0,0,5,待聘,"四1,2,3,4(鈦昇廠區)(實驗)","['', '', '', '1234', '', '', '']","《企業實習》
限電子材料與機電整合研究所-乙組學生修課",[],False
https://selcrs.nsysu.edu.tw/menu5/showoutline.asp?SYEAR=115&SEM=1&CrsDat=EMM680&Crsname=進階企業實習（二）,,,True,材料機電所,EMM680,2,不分班,"進階企業實習（二）
ADVANCED CORPORATE INTERNSHIP（II）",3,期,True,5,0,0,5,熊學毅,"四8,5,6,7(雷科廠區)(實驗)","['', '', '', '5678', '', '', '']","《企業實習》
限電子材料與機電整合研究所-乙組學生修課",[],False
https://selcrs.nsysu.edu.tw/menu5/showoutline.asp?SYEAR=115&SEM=1&CrsDat=EMM680A&Crsname=進階企業實習（二）,,,True,材料機電所,EMM680A,2,不分班,"進階企業實習（二）
ADVANCED CORPORATE INTERNSHIP（II）",3,期,True,5,0,0,5,陳南誠,"四8,5,6,7(穎崴廠區)(實驗)","['', '', '', '5678', '', '', '']","《企業實習》
限電子材料與機電整合研究所-乙組學生修課",[],False
https://selcrs.nsysu.edu.tw/menu5/showoutline.asp?SYEAR=115&SEM=1&CrsDat=EMM680B&Crsname=進階企業實習（二）,,,True,材料機電所,EMM680B,2,不分班,"進階企業實習（二）
ADVANCED CORPORATE INTERNSHIP（II）",3,期,True,5,0,0,5,林震,"四8,5,6,7(台虹廠區)(實驗)","['', '', '', '5678', '', '', '']","《企業實習》
限電子材料與機電整合研究所-乙組學生修課",[],False
https://selcrs.nsysu.edu.tw/menu5/showoutline.asp?SYEAR=115&SEM=1&CrsDat=EMM680C&Crsname=進階企業實習（二）,,,True,材料機電所,EMM680C,2,不分班,"進階企業實習（二）
ADVANCED CORPORATE INTERNSHIP（II）",3,期,True,5,0,0,5,待聘,"四8,5,6,7(鈦昇廠區)(實驗)","['', '', '', '5678', '', '', '']","《企業實習》
限電子材料與機電整合研究所-乙組學生修課",[],False
https://selcrs.nsysu.edu.tw/menu5/showoutline.asp?SYEAR=115&SEM=1&CrsDat=EMM688&Crsname=高階企業實習（一）,,,True,材料機電所,EMM688,3,不分班,"高階企業實習（一）
SENIOR CORPORATE INTERNSHIP（I）",3,期,True,5,0,0,5,熊學毅,"三2,3,4(雷科廠區)(實驗)","['', '', '234', '', '', '', '']","《企業實習》
限電子材料與機電整合研究所-乙組學生修課",[],False
https://selcrs.nsysu.edu.tw/menu5/showoutline.asp?SYEAR=115&SEM=1&CrsDat=EMM688A&Crsname=高階企業實習（一）,,,True,材料機電所,EMM688A,3,不分班,"高階企業實習（一）
SENIOR CORPORATE INTERNSHIP（I）",3,期,True,5,0,0,5,陳南誠,"二5,6,7(穎崴廠區)(實驗)","['', '567', '', '', '', '', '']","《企業實習》
限電子材料與機電整合研究所-乙組學生修課",[],False
https://selcrs.nsysu.edu.tw/menu5/showoutline.asp?SYEAR=115&SEM=1&CrsDat=EMM688B&Crsname=高階企業實習（一）,,,True,材料機電所,EMM688B,3,不分班,"高階企業實習（一）
SENIOR CORPORATE INTERNSHIP（I）",3,期,True,5,0,0,5,林震,"三2,3,4(台虹廠區)(實驗)","['', '', '234', '', '', '', '']","《企業實習》
限電子材料與機電整合研究所-乙組學生修課",[],False
https://selcrs.nsysu.edu.tw/menu5/showoutline.asp?SYEAR=115&SEM=1&CrsDat=EMM688C&Crsname=高階企業實習（一）,,,True,材料機電所,EMM688C,3,不分班,"高階企業實習（一）
SENIOR CORPORATE INTERNSHIP（I）",3,期,True,5,0,0,5,謝明哲,"二2,3,4(台郡廠區)(實驗)","['', '234', '', '', '', '', '']","《企業實習》
限電子材料與機電整合研究所-乙組學生修課",[],False
https://selcrs.nsysu.edu.tw/menu5/showoutline.asp?SYEAR=115&SEM=1&CrsDat=EMM692&Crsname=積層陶瓷電容微結構與缺陷分析實務,,,True,材料機電所,EMM692,3,不分班,"積層陶瓷電容微結構與缺陷分析實務
INTERNSHIP IN ANALYSIS OF MICROSTRUCTURE AND DEFECTS OF MULTI-LAYER CERAMIC CAPACITORS",3,期,True,5,0,0,5,楊凱勛,"三2,3,4(國巨廠區)(實驗)","['', '', '234', '', '', '', '']","《企業實習》
限電子材料與機電整合研究所-甲組學生修課",[],False
https://selcrs.nsysu.edu.tw/menu5/showoutline.asp?SYEAR=115&SEM=1&CrsDat=EMM696&Crsname=專題技術報告（一）,,,False,材料機電所,EMM696,2,不分班,"專題技術報告（一）
SEMMIAL TOPICS & TECHNICAL REPORTS IN PRECISION ELECTRONIC COMPONENTS (I)",0,期,True,10,0,0,10,"林瑞欽,鍾秀瑩","五5,6,7(國IR 6002J、教授研究室)","['', '', '', '', '567', '', '']","《獨立研究》
限電子材料與機電整合研究所學生修課",[],False
https://selcrs.nsysu.edu.tw/menu5/showoutline.asp?SYEAR=115&SEM=1&CrsDat=EMM698&Crsname=專題技術報告（三）,,,False,材料機電所,EMM698,3,不分班,"專題技術報告（三）
SEMMIAL TOPICS & TECHNICAL REPORTS IN PRECISION ELECTRONIC COMPONENTS (III)",0,期,True,15,0,0,15,"李英杰,林瑞欽,林震,楊凱勛,蔡崇煒,蔡潤波,謝明哲,鍾秀瑩","六2,3,4(教授研究室)","['', '', '', '', '', '234', '']","《獨立研究》
限電子材料與機電整合研究所學生修課",[],False
https://selcrs.nsysu.edu.tw/menu5/showoutline.asp?SYEAR=115&SEM=1&CrsDat=SBF501&Crsname=量化投資與演算法,,,True,國際資產所,SBF501,1,不分班,"量化投資與演算法
QUANTITATIVE INVESTMENT & ALGORITHM",3,期,True,70,0,0,70,彭聰敏,,"['', '', '', '567', '', '', '']","《講授類》
本課程限國資所(一般組)學生加選。",[],True
https://selcrs.nsysu.edu.tw/menu5/showoutline.asp?SYEAR=115&SEM=1&CrsDat=SBF501A&Crsname=量化投資與演算法,,,True,國際資產所,SBF501A,1,不分班,"量化投資與演算法
QUANTITATIVE INVESTMENT & ALGORITHM",3,期,True,70,0,0,70,彭聰敏,,"['', '', '', '', '', 'B56', '']","《講授類》
本課程限國資所(企業組)學生加選。",[],True
https://selcrs.nsysu.edu.tw/menu5/showoutline.asp?SYEAR=115&SEM=1&CrsDat=SBF502&Crsname=總體經濟分析與投資組合,,,True,國際資產所,SBF502,1,不分班,"總體經濟分析與投資組合
MACROECONOMIC ANALYSIS & PORTFOLIO MANAGEMENT",3,期,True,70,0,0,70,艾西亞,,"['', '', '', '', '', 'B56', '']","《講授類》
本課程限國資所(一般組)學生加選。",[],True
https://selcrs.nsysu.edu.tw/menu5/showoutline.asp?SYEAR=115&SEM=1&CrsDat=SBF502A&Crsname=總體經濟分析與投資組合,,,True,國際資產所,SBF502A,1,不分班,"總體經濟分析與投資組合
MACROECONOMIC ANALYSIS & PORTFOLIO MANAGEMENT",3,期,True,70,0,0,70,艾西亞,,"['', '', '', '', '', '789', '']","《講授類》
本課程限國資所(企業組)學生加選。",[],True
https://selcrs.nsysu.edu.tw/menu5/showoutline.asp?SYEAR=115&SEM=1&CrsDat=SBF503&Crsname=創新商業模式實作（一）,,,False,國際資產所,SBF503,1,不分班,"創新商業模式實作（一）
INDEPENDENT STUDIES IN INNOVATIVE BUSINESS MODELS-1",1,期,True,70,0,0,70,"王昭文,郭志文",,"['', '', '', '', '8', '', '']","《獨立研究》
本課程限國資所學生加選。",[],False
https://selcrs.nsysu.edu.tw/menu5/showoutline.asp?SYEAR=115&SEM=1&CrsDat=SBF508&Crsname=另類投資實務,,,False,國際資產所,SBF508,2,不分班,"另類投資實務
ALTERNATIVE INVESTMENT IN PRACTICE",2,期,False,70,0,0,70,待聘,"二6,7(文FA 3011)","['', '67', '', '', '', '', '']",《講授類》,[],True
https://selcrs.nsysu.edu.tw/menu5/showoutline.asp?SYEAR=115&SEM=1&CrsDat=SBF509&Crsname=高資產客戶投資理財實務分享,,,False,國際資產所,SBF509,2,不分班,"高資產客戶投資理財實務分享
CASE STUDY OF HNW INVESTMENT MANAGEMENT",2,期,False,70,0,0,70,賈安霈,,"['', '', '', '', '', '78', '']","《講授類》
本課程優先開放國際金融研究學院學生加選，隨後依名額開放予大學部三年級(含)以上學生申請加選。",[],True
https://selcrs.nsysu.edu.tw/menu5/showoutline.asp?SYEAR=115&SEM=1&CrsDat=SBF550&Crsname=國際金融交易商務談判,,,False,國際資產所,SBF550,2,不分班,"國際金融交易商務談判
NEGOTIATION IN INTERNATIONAL FINANCIAL TRANSACTIONS",2,期,True,70,0,0,70,Bryan Low Yi Teng,,"['', '', '', '', '', '34', '']","《講授類》
本課程優先開放國資所學生加選。",[],True
https://selcrs.nsysu.edu.tw/menu5/showoutline.asp?SYEAR=115&SEM=1&CrsDat=SBF551&Crsname=創新商業模式實作（三）,,,False,國際資產所,SBF551,2,不分班,"創新商業模式實作（三）
INDEPENDENT STUDIES IN INNOVATIVE BUSINESS MODELS-3",1,期,True,70,0,0,70,"王昭文,郭志文",,"['', '', '', '', '8', '', '']","《獨立研究》
本課程限國資所學生加選。",[],False
https://selcrs.nsysu.edu.tw/menu5/showoutline.asp?SYEAR=115&SEM=1&CrsDat=SBF556&Crsname=銀行治理,,,False,國際資產所,SBF556,2,不分班,"銀行治理
MANAGEMENT OF FINANCIAL INSTITUTIONS",2,期,False,70,0,0,70,"呂桔誠,竹下誠二郎",,"['', '', '', '', '67', '', '']","《講授類》
本課程優先開放國際金融研究學院學生加選，隨後依名額開放予大學部三年級(含)以上學生申請加選。",[],True
https://selcrs.nsysu.edu.tw/menu5/showoutline.asp?SYEAR=115&SEM=1&CrsDat=SBF564&Crsname=商用英文實務,,,False,國際資產所,SBF564,1,不分班,"商用英文實務
ENGLISH FOR BUSINESS",1,期,False,120,0,0,120,李汀洧,,"['', '', '', 'D', '', '', '']","《講授類》
本課程限國資所學生加選。",[],True
https://selcrs.nsysu.edu.tw/menu5/showoutline.asp?SYEAR=115&SEM=1&CrsDat=SBF570&Crsname=地緣政治、政策與投資決策,,,False,國際資產所,SBF570,2,不分班,"地緣政治、政策與投資決策
HOW POWER SHAPES MARKETS: GEOPOLITICS, POLICY AND INVESTMENT DECISIONS",2,期,False,50,0,0,50,張綺真,,"['', '', '', '', '', '9C', '']","《講授類》
本課程優先開放國際金融研究學院學生加選，隨後依名額開放予大學部三年級(含)以上學生申請加選。",[],True
https://selcrs.nsysu.edu.tw/menu5/showoutline.asp?SYEAR=115&SEM=1&CrsDat=SBF571&Crsname=專題研究（一）,,,False,國際資產所,SBF571,2,不分班,"專題研究（一）
INDEPENDENT STUDIES (I)",3,期,False,50,0,0,50,彭聰敏,,"['', '', '', '89C', '', '', '']","《獨立研究》
本課程限國際金融研究學院學生加選。",[],True
https://selcrs.nsysu.edu.tw/menu5/showoutline.asp?SYEAR=115&SEM=1&CrsDat=SBF571A&Crsname=專題研究（一）,,,False,國際資產所,SBF571A,2,不分班,"專題研究（一）
INDEPENDENT STUDIES (I)",3,期,False,50,0,0,50,待聘,"五2,3,4(文FA 3011)","['', '', '', '', '234', '', '']",《獨立研究》,[],True
https://selcrs.nsysu.edu.tw/menu5/showoutline.asp?SYEAR=115&SEM=1&CrsDat=DSF501&Crsname=數位金融與數位轉型導論,,,False,數位金融所,DSF501,1,不分班,"數位金融與數位轉型導論
INTRODUCTION TO DIGITAL FINANCE AND DIGITAL TRANSFORMATION",3,期,True,70,0,0,70,王可言,,"['', '', '', '', '234', '', '']","《講授類》
本課程優先開放數金所學生加選。",[],True
https://selcrs.nsysu.edu.tw/menu5/showoutline.asp?SYEAR=115&SEM=1&CrsDat=DSF502&Crsname=永續金融導論,,,False,數位金融所,DSF502,1,不分班,"永續金融導論
INTRODUCTION TO SUSTAINABLE FINANCE",3,期,True,70,0,0,70,貝賽峰,,"['', '', '', '', '', '789', '']","《講授類》
本課程優先開放數金所學生加選。",[],True
https://selcrs.nsysu.edu.tw/menu5/showoutline.asp?SYEAR=115&SEM=1&CrsDat=DSF503&Crsname=創新商業模式實作（一）,,,False,數位金融所,DSF503,1,不分班,"創新商業模式實作（一）
IMPLEMENTATION OF INNOVATIVE BUSINESS MODELS (I)",1,期,True,70,0,0,70,"王昭文,郭志文",,"['', '', '', '', '8', '', '']","《獨立研究》
本課程限數金所學生加選。",[],False
https://selcrs.nsysu.edu.tw/menu5/showoutline.asp?SYEAR=115&SEM=1&CrsDat=DSF508&Crsname=環境、社會與治理(ESG),,,False,數位金融所,DSF508,2,不分班,"環境、社會與治理(ESG)
ENVIRONMENTAL, SOCIAL AND GOVERNANCE (ESG)",3,期,True,70,0,0,70,黃正忠,,"['', '', '', '', '', '56C', '']","《講授類》
本課程優先開放數金所學生加選，實際上課時間另行公告。",[],True
https://selcrs.nsysu.edu.tw/menu5/showoutline.asp?SYEAR=115&SEM=1&CrsDat=DSF509&Crsname=創新商業模式實作（三）,,,False,數位金融所,DSF509,2,不分班,"創新商業模式實作（三）
IMPLEMENTATION OF INNOVATIVE BUSINESS MODELS (III)",1,期,True,70,0,0,70,"王昭文,郭志文",,"['', '', '', '', '8', '', '']","《獨立研究》
本課程限數金所學生加選。",[],False
https://selcrs.nsysu.edu.tw/menu5/showoutline.asp?SYEAR=115&SEM=1&CrsDat=DSF551&Crsname=碳匯和綠色金融工具,,,False,數位金融所,DSF551,1,不分班,"碳匯和綠色金融工具
CARBON SINKS AND GREEN FINANCIAL INSTRUMENTS",2,期,False,70,0,0,70,蔡宏政,,"['', '', '', '', '', '56', '']","《講授類》
本課程優先開放國際金融研究學院學生加選，隨後依名額開放予大學部三年級(含)以上學生申請加選。",[],True
https://selcrs.nsysu.edu.tw/menu5/showoutline.asp?SYEAR=115&SEM=1&CrsDat=DSF552&Crsname=財務風險與永續金融,,,False,數位金融所,DSF552,1,不分班,"財務風險與永續金融
FINANCIAL RISK AND SUSTAINABLE FINANCE",2,期,False,70,0,0,70,Dan Galai,,"['', '', '', '', '56', '', '']","《講授類》
本課程優先開放國際金融研究學院學生加選，隨後依名額開放予大學部三年級(含)以上學生申請加選。",[],True
https://selcrs.nsysu.edu.tw/menu5/showoutline.asp?SYEAR=115&SEM=1&CrsDat=DSF559&Crsname=商用英文實務（三）,,,False,數位金融所,DSF559,0,不分班,"商用英文實務（三）
ENGLISH FOR BUSINESS (III)",1,期,False,120,0,0,120,李汀洧,,"['', '', '', 'E', '', '', '']","《講授類》
本課程限數金所學生加選。",[],True
https://selcrs.nsysu.edu.tw/menu5/showoutline.asp?SYEAR=115&SEM=1&CrsDat=DSF561&Crsname=數位金融領域的監管合規科技,,,False,數位金融所,DSF561,2,不分班,"數位金融領域的監管合規科技
REGULATORY COMPLIANCE TECHNOLOGY IN DIGITAL",2,期,False,70,0,0,70,饒永華,,"['', '', '', '', '67', '', '']","《講授類》
本課程優先開放國際金融研究學院學生加選，隨後依名額開放予大學部三年級(含)以上學生申請加選。",[],True
https://selcrs.nsysu.edu.tw/menu5/showoutline.asp?SYEAR=115&SEM=1&CrsDat=DSF565&Crsname=金融機構數位轉型的策略與實務,,,False,數位金融所,DSF565,2,不分班,"金融機構數位轉型的策略與實務
STRATEGIES AND IMPLEMENTATION OFDIGITAL TRANSFORMATION OF FINANCIAL INSTITUTIONS",2,期,False,70,0,0,70,王可言,,"['', '', '', '', '', '34', '']","《講授類》
本課程優先開放國際金融研究學院學生加選，隨後依名額開放予大學部三年級(含)以上學生申請加選。",[],True
https://selcrs.nsysu.edu.tw/menu5/showoutline.asp?SYEAR=115&SEM=1&CrsDat=BIOS901&Crsname=進階生物學,,,False,生科碩專,BIOS901,1,不分班,"進階生物學
ADVANCED BIOLOGY",3,期,True,50,0,0,50,"江友中,汪海晏,高資棟","四C,D,E(理BI 2002)","['', '', '', 'CDE', '', '', '']",《講授類》,[],False
https://selcrs.nsysu.edu.tw/menu5/showoutline.asp?SYEAR=115&SEM=1&CrsDat=BIOS902&Crsname=碩士論文,,,False,生科碩專,BIOS902,2,不分班,"碩士論文
MASTER THESIS",3,期,True,50,0,0,50,指導教授,"六8,9,C()","['', '', '', '', '', '89C', '']",《研討類》,[],False
https://selcrs.nsysu.edu.tw/menu5/showoutline.asp?SYEAR=115&SEM=1&CrsDat=BIOS910&Crsname=書報討論（一）,,,False,生科碩專,BIOS910,1,不分班,"書報討論（一）
SEMINAR (I)",2,期,True,50,0,0,50,李昆澤,"三D,E(理BI 2002)","['', '', 'DE', '', '', '', '']",《演講/參訪》,[],False
https://selcrs.nsysu.edu.tw/menu5/showoutline.asp?SYEAR=115&SEM=1&CrsDat=BIOS912&Crsname=書報討論（三）,,,False,生科碩專,BIOS912,2,不分班,"書報討論（三）
SEMINAR III",2,期,True,50,0,0,50,陳俊霖,"三D,E(理BI 3001)","['', '', 'DE', '', '', '', '']",《演講/參訪》,[],False
https://selcrs.nsysu.edu.tw/menu5/showoutline.asp?SYEAR=115&SEM=1&CrsDat=BIOS998&Crsname=專題研究（一）,,,False,生科碩專,BIOS998,2,不分班,"專題研究（一）
INDEPENDENT STUDIES(I)",3,期,False,50,0,0,50,"劉勃佑,夏燦風","六D,E,F()","['', '', '', '', '', 'DEF', '']",《獨立研究》,[],False
https://selcrs.nsysu.edu.tw/menu5/showoutline.asp?SYEAR=115&SEM=1&CrsDat=ENVE923&Crsname=碩士論文,,,False,環工碩專,ENVE923,2,不分班,"碩士論文
MASTER THESIS",3,期,True,50,0,0,50,指導教授,"日C,D,E(工EV 4024)","['', '', '', '', '', '', 'CDE']",《研討類》,[],False
https://selcrs.nsysu.edu.tw/menu5/showoutline.asp?SYEAR=115&SEM=1&CrsDat=ENVE924&Crsname=專題演講（一）,,,False,環工碩專,ENVE924,1,不分班,"專題演講（一）
SEMINAR （I）",1,期,True,50,0,0,50,彭彥彬,"日3,4(工EV 4024)","['', '', '', '', '', '', '34']",《演講/參訪》,[],False
https://selcrs.nsysu.edu.tw/menu5/showoutline.asp?SYEAR=115&SEM=1&CrsDat=ENVE924A&Crsname=專題演講（一）,,,False,環工碩專,ENVE924A,2,不分班,"專題演講（一）
SEMINAR （I）",1,期,True,50,0,0,50,陳則綸,"日3,4(工EV 4024)","['', '', '', '', '', '', '34']",《演講/參訪》,[],False
https://selcrs.nsysu.edu.tw/menu5/showoutline.asp?SYEAR=115&SEM=1&CrsDat=ENVE933&Crsname=理化處理,,,False,環工碩專,ENVE933,0,不分班,"理化處理
PHYSICAL－CHEMICAL TREATMENTS",3,期,False,50,0,0,50,黑正明,"六5,6,7(工EV 4024)","['', '', '', '', '', '567', '']",《講授類》,[],False
https://selcrs.nsysu.edu.tw/menu5/showoutline.asp?SYEAR=115&SEM=1&CrsDat=ENVE961&Crsname=空氣污染工程學,,,False,環工碩專,ENVE961,0,不分班,"空氣污染工程學
AIR POLLUTION CONTROL",3,期,False,50,0,0,50,林勳佑,"六2,3,4(工EV 4024)","['', '', '', '', '', '234', '']",《講授類》,[],False
https://selcrs.nsysu.edu.tw/menu5/showoutline.asp?SYEAR=115&SEM=1&CrsDat=CSE9004&Crsname=人工智慧理論與應用,,,False,科技偵查碩專,CSE9004,0,不分班,"人工智慧理論與應用
ARTIFICIAL INTELLIGENCE THEORY AND APPLICATIONS",3,期,False,10,0,0,10,蔡崇煒,"四8,6,7(工EC 1006)","['', '', '', '678', '', '', '']",《講授類》,[],False
https://selcrs.nsysu.edu.tw/menu5/showoutline.asp?SYEAR=115&SEM=1&CrsDat=CSE9011&Crsname=駭客攻防與電腦鑑識技術,,,False,科技偵查碩專,CSE9011,0,不分班,"駭客攻防與電腦鑑識技術
HACK TECHNOLOGY & COMPUTER FORENSIC",3,期,False,10,0,0,10,王智弘,"五2,3,4(圖IL PC03)","['', '', '', '', '234', '', '']",《講授類》,[],False
https://selcrs.nsysu.edu.tw/menu5/showoutline.asp?SYEAR=115&SEM=1&CrsDat=CSE9015&Crsname=碩士論文（二）,,,False,科技偵查碩專,CSE9015,2,不分班,"碩士論文（二）
SPECIAL TOPICS IN MASTER THESIS (II)",2,期,True,10,0,0,10,指導教授,"五C,D(工EC 5000)","['', '', '', '', 'CD', '', '']",《研討類》,[],False
https://selcrs.nsysu.edu.tw/menu5/showoutline.asp?SYEAR=115&SEM=1&CrsDat=MIS901&Crsname=管理資訊系統,,,False,資管碩專,MIS901,1,不分班,"管理資訊系統
MANAGEMENT IFFORMATION SYSTEM",3,期,True,50,0,0,50,林東清,"一C,D,E(管CM 2016)","['CDE', '', '', '', '', '', '']","《講授類》
限資管碩專學生選修",[],False
https://selcrs.nsysu.edu.tw/menu5/showoutline.asp?SYEAR=115&SEM=1&CrsDat=MIS902&Crsname=碩士論文,,,False,資管碩專,MIS902,2,不分班,"碩士論文
MASTER THESIS",3,期,True,50,0,0,50,指導教授,"日1,2,3(管CM 2016)","['', '', '', '', '', '', '123']","《研討類》
限資管碩專學生選修",[],False
https://selcrs.nsysu.edu.tw/menu5/showoutline.asp?SYEAR=115&SEM=1&CrsDat=MIS911&Crsname=系統分析與設計,,,False,資管碩專,MIS911,2,不分班,"系統分析與設計
SYSTEMS ANALYSIS AND DESIGN",3,期,True,50,0,0,50,,,"['', '', '', '', '', '', '']",《講授類》,[],False
https://selcrs.nsysu.edu.tw/menu5/showoutline.asp?SYEAR=115&SEM=1&CrsDat=MIS918&Crsname=電子商務,,,False,資管碩專,MIS918,1,不分班,"電子商務
SOCIAL MEDIA ANALYSIS",3,期,True,50,0,0,50,邱兆民,"二C,D,E(管CM 2016)","['', 'CDE', '', '', '', '', '']","《講授類》
限資管碩專學生選修",[],False
https://selcrs.nsysu.edu.tw/menu5/showoutline.asp?SYEAR=115&SEM=1&CrsDat=MIS952&Crsname=統計基礎及R語言應用,,,False,資管碩專,MIS952,1,不分班,"統計基礎及R語言應用
INTRODUCTION TO STATISTICS: WITH APPLICATIONS IN R",3,期,True,50,0,0,50,李捷,"三D,E,F(管CM 2016)","['', '', 'DEF', '', '', '', '']","《講授類》
限資管碩專學生選修",[],False
https://selcrs.nsysu.edu.tw/menu5/showoutline.asp?SYEAR=115&SEM=1&CrsDat=MIS961&Crsname=書報討論（一）,,,False,資管碩專,MIS961,1,不分班,"書報討論（一）
SEMINAR IN MIS (I)",3,期,True,50,0,0,50,李捷,"六1,2,3()","['', '', '', '', '', '123', '']","《講授類》
限資管碩專學生選修",[],False
https://selcrs.nsysu.edu.tw/menu5/showoutline.asp?SYEAR=115&SEM=1&CrsDat=FM902&Crsname=金融市場理論與實務,,,False,財管碩專,FM902,1,不分班,"金融市場理論與實務
FINANCIAL MARKETS THEORY AND PRACTICE",3,期,False,50,0,0,50,陳俐聿,"一C,D,E(管CM 1023)","['CDE', '', '', '', '', '', '']",《講授類》,[],False
https://selcrs.nsysu.edu.tw/menu5/showoutline.asp?SYEAR=115&SEM=1&CrsDat=FM903&Crsname=財務報表分析,,,False,財管碩專,FM903,1,不分班,"財務報表分析
FINANCIAL STATEMENT ANALYSIS",3,期,False,50,0,0,50,"羅勝議,陳妙玲","四C,D,E(管CM 1023)","['', '', '', 'CDE', '', '', '']",《講授類》,[],False
https://selcrs.nsysu.edu.tw/menu5/showoutline.asp?SYEAR=115&SEM=1&CrsDat=FM904&Crsname=財務管理理論與實務,,,False,財管碩專,FM904,1,不分班,"財務管理理論與實務
FINANCIAL MANAGEMENT THEORIES AND PRACTICES",3,期,False,50,0,0,50,廖源星,"二C,D,E(管CM 3015)","['', 'CDE', '', '', '', '', '']",《講授類》,[],False
https://selcrs.nsysu.edu.tw/menu5/showoutline.asp?SYEAR=115&SEM=1&CrsDat=FM909&Crsname=碩士論文（一）,,,False,財管碩專,FM909,2,不分班,"碩士論文（一）
MASTER THESIS（一）",3,期,True,50,0,0,50,指導教授,"六C,D,E(管CM 1025)","['', '', '', '', '', 'CDE', '']",《研討類》,[],False
https://selcrs.nsysu.edu.tw/menu5/showoutline.asp?SYEAR=115&SEM=1&CrsDat=FM913&Crsname=產業經濟學,,,False,財管碩專,FM913,2,不分班,"產業經濟學
INDUSTRIAL ECONOMICS",3,期,False,50,0,0,50,張世賢,"二C,D,E(管CM 1023)","['', 'CDE', '', '', '', '', '']",《講授類》,[],False
https://selcrs.nsysu.edu.tw/menu5/showoutline.asp?SYEAR=115&SEM=1&CrsDat=FM915&Crsname=財務資訊與實證,,,False,財管碩專,FM915,2,不分班,"財務資訊與實證
FINANCIAL INFORMATION AND EMPIRICS",3,期,False,50,0,0,50,翁培師,"一C,D,E(管CM 3015)","['CDE', '', '', '', '', '', '']",《講授類》,[],False
https://selcrs.nsysu.edu.tw/menu5/showoutline.asp?SYEAR=115&SEM=1&CrsDat=FM918&Crsname=行為財務學的應用,,,False,財管碩專,FM918,2,不分班,"行為財務學的應用
APPLICATIONS OF BEHAVIORAL FINANCE",3,期,False,50,0,0,50,蔡佳芬,"三D,E,F(管CM 3015)","['', '', 'DEF', '', '', '', '']",《講授類》,[],False
https://selcrs.nsysu.edu.tw/menu5/showoutline.asp?SYEAR=115&SEM=1&CrsDat=PAM905&Crsname=研究方法,,,False,公事碩專,PAM905,1,不分班,"研究方法
RESEARCH METHODOLOGY",3,期,True,50,0,0,50,謝政勳,,"['', '', '', '', '', '234B56789', '']","《講授類》
限公事所碩專生",[],False
https://selcrs.nsysu.edu.tw/menu5/showoutline.asp?SYEAR=115&SEM=1&CrsDat=PAM905A&Crsname=研究方法,,,False,公事碩專,PAM905A,1,乙班,"研究方法
RESEARCH METHODOLOGY",3,期,True,50,0,0,50,謝政勳,,"['', '', '', '', '', '', '234B56789']","《講授類》
限公事所碩專生",[],False
https://selcrs.nsysu.edu.tw/menu5/showoutline.asp?SYEAR=115&SEM=1&CrsDat=PAM907&Crsname=公共政策分析,,,False,公事碩專,PAM907,1,不分班,"公共政策分析
PUBLIC POLICY ANALYSIS",3,期,False,50,0,0,50,謝旭昇,"五C,D,E(管CM 1020)","['', '', '', '', 'CDE', '', '']",《講授類》,[],False
https://selcrs.nsysu.edu.tw/menu5/showoutline.asp?SYEAR=115&SEM=1&CrsDat=PAM907A&Crsname=公共政策分析,,,False,公事碩專,PAM907A,1,乙班,"公共政策分析
PUBLIC POLICY ANALYSIS",3,期,False,50,0,0,50,蔡錦昌,,"['', '', '', '', '', '234B56789', '']","《講授類》
限公事所碩專生",[],False
https://selcrs.nsysu.edu.tw/menu5/showoutline.asp?SYEAR=115&SEM=1&CrsDat=PAM908&Crsname=碩士論文,,,False,公事碩專,PAM908,2,不分班,"碩士論文
MASTER THESIS",3,期,True,50,0,0,50,指導教授,"六C,D,E(管CM 1035)","['', '', '', '', '', 'CDE', '']",《研討類》,[],False
https://selcrs.nsysu.edu.tw/menu5/showoutline.asp?SYEAR=115&SEM=1&CrsDat=PAM940&Crsname=新興公共議題研討,,,False,公事碩專,PAM940,2,不分班,"新興公共議題研討
SEMINAR IN EMERGING PUBLIC ISSUES",1,期,False,50,0,0,50,"張瓊婷,彭渰雯,謝旭昇",,"['', '', '', '', '', '', 'CDE']","《研討類》
限公事所碩專生",[],False
https://selcrs.nsysu.edu.tw/menu5/showoutline.asp?SYEAR=115&SEM=1&CrsDat=PAM941&Crsname=計畫評估,,,False,公事碩專,PAM941,2,不分班,"計畫評估
PROGRAMME EVALUATION",3,期,False,50,0,0,50,張瓊婷,"三D,E,F(管CM 1020)","['', '', 'DEF', '', '', '', '']",《講授類》,[],False
https://selcrs.nsysu.edu.tw/menu5/showoutline.asp?SYEAR=115&SEM=1&CrsDat=PAM985&Crsname=公共管理實務個案研討（一）,,,False,公事碩專,PAM985,1,不分班,"公共管理實務個案研討（一）
CASE STUDIES IN PUBLIC MANAGEMENT PRACTICE（I）",2,期,False,50,0,0,50,謝政勳,,"['', '', '', '', '1234B56789CD', '1234B56789CD', '1234B56789CD']","《研討類》
限公事所碩專生",[],False
https://selcrs.nsysu.edu.tw/menu5/showoutline.asp?SYEAR=115&SEM=1&CrsDat=PAM988&Crsname=公共事務與管理,,,False,公事碩專,PAM988,1,不分班,"公共事務與管理
PUBLIC AFFAIRS AND MANAGEMENT",3,期,True,50,0,0,50,"蔡錦昌,黃奕臻","一C,D,E(管CM 1020)","['CDE', '', '', '', '', '', '']",《講授類》,[],False
https://selcrs.nsysu.edu.tw/menu5/showoutline.asp?SYEAR=115&SEM=1&CrsDat=PAM988A&Crsname=公共事務與管理,,,False,公事碩專,PAM988A,1,乙班,"公共事務與管理
PUBLIC AFFAIRS AND MANAGEMENT",3,期,True,50,0,0,50,吳偉寧,,"['', '', '', '', '', '', '234B56789']","《講授類》
限公事所碩專生",[],False
https://selcrs.nsysu.edu.tw/menu5/showoutline.asp?SYEAR=115&SEM=1&CrsDat=HRM901&Crsname=碩士論文,,,False,人管碩專,HRM901,2,不分班,"碩士論文
MASTER THESIS",3,期,True,50,0,0,50,指導教授,"二C,D,E()","['', 'CDE', '', '', '', '', '']",《研討類》,[],False
https://selcrs.nsysu.edu.tw/menu5/showoutline.asp?SYEAR=115&SEM=1&CrsDat=HRM911&Crsname=組織理論與管理,,,False,人管碩專,HRM911,0,不分班,"組織理論與管理
ORGANIZATION THEORY AND MANAGEMENT",3,期,False,28,0,0,28,陳旻男,"四C,D,E(管CM 3043)","['', '', '', 'CDE', '', '', '']","《講授類》
限人管所修",[],False
https://selcrs.nsysu.edu.tw/menu5/showoutline.asp?SYEAR=115&SEM=1&CrsDat=HRM912&Crsname=組織行為,,,False,人管碩專,HRM912,0,不分班,"組織行為
ORGANIZATIONAL BEHAVIOR",3,期,False,28,0,0,28,王豫萱,"日2,3,4(管CM 3043)","['', '', '', '', '', '', '234']","《講授類》
限人管所修",[],False
https://selcrs.nsysu.edu.tw/menu5/showoutline.asp?SYEAR=115&SEM=1&CrsDat=HRM913&Crsname=人力資源管理,,,False,人管碩專,HRM913,1,不分班,"人力資源管理
HUMAN RESOURCE MANAGEMENT",3,期,False,28,0,0,28,謝慧賢,"六5,6,7(管CM 3043)","['', '', '', '', '', '567', '']","《講授類》
限人管所修",[],False
https://selcrs.nsysu.edu.tw/menu5/showoutline.asp?SYEAR=115&SEM=1&CrsDat=HRM914&Crsname=人力資源研究方法,,,False,人管碩專,HRM914,0,不分班,"人力資源研究方法
RESEARCH METHODOLOGY IN HUMAN RESOURCE MANAGEMENT",3,期,False,50,0,0,50,紀乃文,"三A,1,B(管CM 3044)","['', '', 'A1B', '', '', '', '']","《講授類》
限人管所修",[],False
https://selcrs.nsysu.edu.tw/menu5/showoutline.asp?SYEAR=115&SEM=1&CrsDat=HRM922&Crsname=員工意向調查,,,False,人管碩專,HRM922,0,不分班,"員工意向調查
SURVEY OF EMPLOYEES' OPINION",3,期,False,40,0,0,40,王豫萱,"五C,D,E(管CM 3051)","['', '', '', '', 'CDE', '', '']","《講授類》
限人管所修",[],False
https://selcrs.nsysu.edu.tw/menu5/showoutline.asp?SYEAR=115&SEM=1&CrsDat=HRM977&Crsname=機器學習，測驗應用與數據分析,,,False,人管碩專,HRM977,2,不分班,"機器學習，測驗應用與數據分析
MACHINE LEARNING, APPLICATION OF MEASUREMENT, AND DATA ANALYSES",3,期,False,15,0,0,15,鄭怡玲,"六2,3,4(管CM 3043)","['', '', '', '', '', '234', '']","《講授類》
限人管所修；乙組優先選修",[],False
https://selcrs.nsysu.edu.tw/menu5/showoutline.asp?SYEAR=115&SEM=1&CrsDat=HRM996&Crsname=薪酬管理,,,False,人管碩專,HRM996,0,不分班,"薪酬管理
COMPENSATION MANAGEMENT",3,期,False,28,0,0,28,劉念琪,"六C,D,E(管CM 3043)","['', '', '', '', '', 'CDE', '']","《講授類》
限人管所修",[],False
https://selcrs.nsysu.edu.tw/menu5/showoutline.asp?SYEAR=115&SEM=1&CrsDat=ICM905&Crsname=媒體，文化，與社會,,,False,行傳碩專,ICM905,0,不分班,"媒體，文化，與社會
MEDIA,CULTURE,AND SOCIETY",3,期,False,50,0,0,50,譚躍,"二C,D,E(管CM 2029)","['', 'CDE', '', '', '', '', '']",《講授類》,[],False
https://selcrs.nsysu.edu.tw/menu5/showoutline.asp?SYEAR=115&SEM=1&CrsDat=ICM909&Crsname=碩士論文,,,False,行傳碩專,ICM909,2,不分班,"碩士論文
MASTER THESIS",3,期,True,50,0,0,50,指導教授,"六C,D,E(管CM 2032)","['', '', '', '', '', 'CDE', '']",《研討類》,[],False
https://selcrs.nsysu.edu.tw/menu5/showoutline.asp?SYEAR=115&SEM=1&CrsDat=ICM912&Crsname=企業傳播與實務,,,False,行傳碩專,ICM912,0,不分班,"企業傳播與實務
CORPORATE COMMUNICATION AND PRACTICE",1,期,False,50,0,0,50,王紹蓉,六5(管CM 2032),"['', '', '', '', '', '5', '']","《講授類》
限行傳所碩專班學生選修",[],True
https://selcrs.nsysu.edu.tw/menu5/showoutline.asp?SYEAR=115&SEM=1&CrsDat=PAM902&Crsname=公共經濟與管理,,,False,公碩專(澎),PAM902,1,不分班,"公共經濟與管理
PUBLIC ECONOMICS AND MANAGEMENT",3,期,True,50,0,0,50,,,"['', '', '', '', '', '', '']",《講授類》,[],False
https://selcrs.nsysu.edu.tw/menu5/showoutline.asp?SYEAR=115&SEM=1&CrsDat=MIS983&Crsname=電子商務,,,False,資電碩專,MIS983,1,不分班,"電子商務
ELECTRONIC COMMERCE",3,期,True,50,0,0,50,邱兆民,"二C,D,E(管CM 2016)","['', 'CDE', '', '', '', '', '']","《講授類》
限資電碩專學生選修",[],False
https://selcrs.nsysu.edu.tw/menu5/showoutline.asp?SYEAR=115&SEM=1&CrsDat=MIS984&Crsname=統計基礎及R語言應用,,,False,資電碩專,MIS984,1,不分班,"統計基礎及R語言應用
INTRODUCTION TO STATISTICS: WITH APPLICATIONS IN R",3,期,True,50,0,0,50,李捷,"三D,E,F(管CM 2016)","['', '', 'DEF', '', '', '', '']","《講授類》
限資電碩專學生選修",[],False
https://selcrs.nsysu.edu.tw/menu5/showoutline.asp?SYEAR=115&SEM=1&CrsDat=MIS986&Crsname=碩士論文（一）,,,False,資電碩專,MIS986,2,不分班,"碩士論文（一）
MASTER THESIS（I）",3,期,True,50,0,0,50,指導教授,"日1,2,3()","['', '', '', '', '', '', '123']","《講授類》
限資電碩專學生選修",[],False
https://selcrs.nsysu.edu.tw/menu5/showoutline.asp?SYEAR=115&SEM=1&CrsDat=MIS989&Crsname=金融科技,,,False,資電碩專,MIS989,2,不分班,"金融科技
FINTECH",3,期,True,50,0,0,50,楊淯程,"四C,D,E(管CM 2016)","['', '', '', 'CDE', '', '', '']","《講授類》
限資電碩專學生選修",[],False
https://selcrs.nsysu.edu.tw/menu5/showoutline.asp?SYEAR=115&SEM=1&CrsDat=MIS993&Crsname=商業分析專題演講,,,False,資電碩專,MIS993,1,不分班,"商業分析專題演講
SEMINAR IN BUSINESS ANALYTICS",3,期,True,50,0,0,50,李捷,"日C,D,E()","['', '', '', '', '', '', 'CDE']","《演講/參訪》
限資電碩專學生選修",[],False
https://selcrs.nsysu.edu.tw/menu5/showoutline.asp?SYEAR=115&SEM=1&CrsDat=MIS994&Crsname=管理資訊系統,,,False,資電碩專,MIS994,1,不分班,"管理資訊系統
MANAGEMENT IFFORMATION SYSTEM",3,期,True,50,0,0,50,林東清,"一C,D,E(管CM 2016)","['CDE', '', '', '', '', '', '']","《講授類》
限資電碩專學生選修",[],False
https://selcrs.nsysu.edu.tw/menu5/showoutline.asp?SYEAR=115&SEM=1&CrsDat=HRMA901&Crsname=碩士論文,,,False,策略人才碩專,HRMA901,2,不分班,"碩士論文
MASTER THESIS",3,期,True,50,0,0,50,指導教授,"二C,D,E()","['', 'CDE', '', '', '', '', '']",《講授類》,[],False
https://selcrs.nsysu.edu.tw/menu5/showoutline.asp?SYEAR=115&SEM=1&CrsDat=HRMA911&Crsname=組織理論與管理,,,False,策略人才碩專,HRMA911,0,不分班,"組織理論與管理
ORGANIZATION THEORY & MANAGEMENT",3,期,False,30,0,0,30,葉致微,"四C,D,E(管CM 1036)","['', '', '', 'CDE', '', '', '']","《講授類》
限人管所修",[],False
https://selcrs.nsysu.edu.tw/menu5/showoutline.asp?SYEAR=115&SEM=1&CrsDat=HRMA912&Crsname=組織行為,,,False,策略人才碩專,HRMA912,0,不分班,"組織行為
ORGANIZATIONAL BEHAVIOR",3,期,False,30,0,0,30,"王豫萱,鄭怡玲","一C,D,E(管CM 1036)","['CDE', '', '', '', '', '', '']","《講授類》
限人管所修",[],False
https://selcrs.nsysu.edu.tw/menu5/showoutline.asp?SYEAR=115&SEM=1&CrsDat=HRMA946&Crsname=科技管理,,,False,策略人才碩專,HRMA946,0,不分班,"科技管理
MANAGEMENT OF TECHNOLOGY",3,期,False,40,0,0,40,陳旻男,"三D,E,F(管CM 3022)","['', '', 'DEF', '', '', '', '']","《講授類》
限人管所修",[],False
https://selcrs.nsysu.edu.tw/menu5/showoutline.asp?SYEAR=115&SEM=1&CrsDat=HRMA983&Crsname=策略管理,,,False,策略人才碩專,HRMA983,0,不分班,"策略管理
STRATEGIC MANAGEMENT",3,期,False,40,0,0,40,陳寶蓮,"日5,6,7(管CM 1032)","['', '', '', '', '', '', '567']","《講授類》
限人管所修",[],False
https://selcrs.nsysu.edu.tw/menu5/showoutline.asp?SYEAR=115&SEM=1&CrsDat=HRMA986&Crsname=新興科技事業發展策略,,,False,策略人才碩專,HRMA986,0,不分班,"新興科技事業發展策略
STRATEGIC PLANNING FOR TECHNOLOGY-DRIVEN EMERGING BUSINESS",3,期,False,40,0,0,40,陳寶蓮,"日2,3,4(管CM 1032)","['', '', '', '', '', '', '234']","《講授類》
限人管所修",[],False
https://selcrs.nsysu.edu.tw/menu5/showoutline.asp?SYEAR=115&SEM=1&CrsDat=EMBA9005&Crsname=國際企業管理,,,True,EMBA碩專,EMBA9005,1,不分班,"國際企業管理
INTERNATIONAL BUSINESS MANAGEMENT",1.5,期,True,50,0,0,50,"林杏娥,陳寶蓮","三E,F(台北)","['', '', 'EF', '', '', '', '']",《講授類》,[],False
https://selcrs.nsysu.edu.tw/menu5/showoutline.asp?SYEAR=115&SEM=1&CrsDat=EMBA907B&Crsname=資訊科技與競爭優勢,,,True,EMBA碩專,EMBA907B,1,不分班,"資訊科技與競爭優勢
INFORMATION TECHNOLOGY AND COMPETITIVE ADVANTAGE",1.5,期,True,50,0,0,50,"徐士傑,黃三益","日9,C(台北)","['', '', '', '', '', '', '9C']",《講授類》,[],False
https://selcrs.nsysu.edu.tw/menu5/showoutline.asp?SYEAR=115&SEM=1&CrsDat=EMBA908&Crsname=企業經營策略,,,True,EMBA碩專,EMBA908,1,不分班,"企業經營策略
BUSINESS POLICY AND STRATEGY",3,期,True,80,0,0,80,林豪傑,"三D,E,F(圖資中信廳)","['', '', 'DEF', '', '', '', '']",《講授類》,[],False
https://selcrs.nsysu.edu.tw/menu5/showoutline.asp?SYEAR=115&SEM=1&CrsDat=EMBA920&Crsname=企業研究方法,,,True,EMBA碩專,EMBA920,2,不分班,"企業研究方法
BUSINESS RESEARCH METHODS",2,期,True,50,0,0,50,"王致遠,葉淑娟,陳旻男","二D,E(台北)","['', 'DE', '', '', '', '', '']",《講授類》,[],False
https://selcrs.nsysu.edu.tw/menu5/showoutline.asp?SYEAR=115&SEM=1&CrsDat=EMBA922&Crsname=網路科技策略運用,,,True,EMBA碩專,EMBA922,2,不分班,"網路科技策略運用
WEB TECHNOLOGY STRATEGY APPLICATION",1.5,期,True,80,0,0,80,"張榮華,李家瑩,李雅靖","日5,6(圖資博士廳)","['', '', '', '', '', '', '56']",《講授類》,[],False
https://selcrs.nsysu.edu.tw/menu5/showoutline.asp?SYEAR=115&SEM=1&CrsDat=EMBA922B&Crsname=網路科技策略運用,,,True,EMBA碩專,EMBA922B,2,不分班,"網路科技策略運用
WEB TECHNOLOGY STRATEGY APPLICATION",1.5,期,True,50,0,0,50,"張榮華,李家瑩,李雅靖","五E,F(台北)","['', '', '', '', 'EF', '', '']",《講授類》,[],False
https://selcrs.nsysu.edu.tw/menu5/showoutline.asp?SYEAR=115&SEM=1&CrsDat=EMBA927&Crsname=策略行銷管理,,,True,EMBA碩專,EMBA927,1,不分班,"策略行銷管理
STRATEGIC MARKETING MANAGEMENT",3,期,True,80,0,0,80,"張純端,黃明新","五A,1,2(圖資中信廳)","['', '', '', '', 'A12', '', '']",《講授類》,[],False
https://selcrs.nsysu.edu.tw/menu5/showoutline.asp?SYEAR=115&SEM=1&CrsDat=EMBA934&Crsname=管理經濟學,,,True,EMBA碩專,EMBA934,1,不分班,"管理經濟學
MANAGERIAL ECONOMICS",3,期,True,80,0,0,80,吳基逞,"五D,E,F(圖資中信廳)","['', '', '', '', 'DEF', '', '']",《講授類》,[],False
https://selcrs.nsysu.edu.tw/menu5/showoutline.asp?SYEAR=115&SEM=1&CrsDat=EMBA934B&Crsname=管理經濟學,,,True,EMBA碩專,EMBA934B,2,不分班,"管理經濟學
MANAGERIAL ECONOMICS",2,期,True,50,0,0,50,吳基逞,"六5,6(台北)","['', '', '', '', '', '56', '']",《講授類》,[],False
https://selcrs.nsysu.edu.tw/menu5/showoutline.asp?SYEAR=115&SEM=1&CrsDat=EMBA940A&Crsname=管理會計與財報分析,,,True,EMBA碩專,EMBA940A,1,不分班,"管理會計與財報分析
MANAGEMENT ACCOUNTING AND FINANCIAL STATEMENT ANALYSIS",2,期,True,50,0,0,50,陳安琳,"六A,1(台北)","['', '', '', '', '', 'A1', '']",《講授類》,[],False
https://selcrs.nsysu.edu.tw/menu5/showoutline.asp?SYEAR=115&SEM=1&CrsDat=EMBA947&Crsname=企業家精神與社會責任,,,True,EMBA碩專,EMBA947,2,不分班,"企業家精神與社會責任
ENTERPRENEURSHIP AND SOCIAL RESPONSIBILITIES",2,期,True,50,0,0,50,蔡佳芬,"四E,F(台北)","['', '', '', 'EF', '', '', '']",《講授類》,[],False
https://selcrs.nsysu.edu.tw/menu5/showoutline.asp?SYEAR=115&SEM=1&CrsDat=EMBA974&Crsname=企業研究方法,,,True,EMBA碩專,EMBA974,2,不分班,"企業研究方法
BUSINESS RESEARCH METHODS",2,期,True,80,0,0,80,"王致遠,葉淑娟,鄭安授","三E,F(圖資博士廳)","['', '', 'EF', '', '', '', '']",《講授類》,[],False
https://selcrs.nsysu.edu.tw/menu5/showoutline.asp?SYEAR=115&SEM=1&CrsDat=EMBA975&Crsname=金融機構與資本市場,,,True,EMBA碩專,EMBA975,2,不分班,"金融機構與資本市場
FINANCIAL INSTITUTIONS AND CAPITAL MARKETS",1.5,期,True,80,0,0,80,王昭文,"二A,1(圖資博士廳)","['', 'A1', '', '', '', '', '']",《講授類》,[],False
https://selcrs.nsysu.edu.tw/menu5/showoutline.asp?SYEAR=115&SEM=1&CrsDat=EMBA980B&Crsname=企業經營策略,,,True,EMBA碩專,EMBA980B,1,不分班,"企業經營策略
BUSINESS POLICY AND STRATEGY",3,期,True,50,0,0,50,林豪傑,"五D,E,F(台北)","['', '', '', '', 'DEF', '', '']",《講授類》,[],False
https://selcrs.nsysu.edu.tw/menu5/showoutline.asp?SYEAR=115&SEM=1&CrsDat=EMBA981B&Crsname=策略行銷管理,,,True,EMBA碩專,EMBA981B,1,不分班,"策略行銷管理
STRATEGIC MARKETING MANAGEMENT",3,期,True,50,0,0,50,"張榮華,張純端,黃明新","日2,3,4(台北)","['', '', '', '', '', '', '234']",《講授類》,[],False
https://selcrs.nsysu.edu.tw/menu5/showoutline.asp?SYEAR=115&SEM=1&CrsDat=EMBA984A&Crsname=企業倫理與公司治理,,,True,EMBA碩專,EMBA984A,2,不分班,"企業倫理與公司治理
BUSINESS ETHICS AND CORPORATE GOVERNANCE",2,期,True,80,0,0,80,蔡佳芬,"四C,D(圖資博士廳)","['', '', '', 'CD', '', '', '']",《講授類》,[],False
https://selcrs.nsysu.edu.tw/menu5/showoutline.asp?SYEAR=115&SEM=1&CrsDat=EMBA992&Crsname=企業法律與公共事務,,,True,EMBA碩專,EMBA992,2,不分班,"企業法律與公共事務
BUSINESS LAW AND PUBLIC POLICY",2,期,True,80,0,0,80,"彭渰雯,盧憶","日E,F(圖資博士廳)","['', '', '', '', '', '', 'EF']",《講授類》,[],False
https://selcrs.nsysu.edu.tw/menu5/showoutline.asp?SYEAR=115&SEM=1&CrsDat=EMBA996&Crsname=管理會計與財報分析,,,True,EMBA碩專,EMBA996,1,不分班,"管理會計與財報分析
MANAGEMENT ACCOUNTING AND FINANCIAL STATEMENT ANALYSIS",2,期,True,80,0,0,80,陳安琳,"六8,9(圖資中信廳)","['', '', '', '', '', '89', '']",《講授類》,[],False
https://selcrs.nsysu.edu.tw/menu5/showoutline.asp?SYEAR=115&SEM=1&CrsDat=EMBA997&Crsname=全球經貿環境分析,,,True,EMBA碩專,EMBA997,2,不分班,"全球經貿環境分析
ANALYSIS IN GLOBAL ECONOMY AND TRADE",1.5,期,True,50,0,0,50,陳旻男,"一E,F(台北)","['EF', '', '', '', '', '', '']",《講授類》,[],False
https://selcrs.nsysu.edu.tw/menu5/showoutline.asp?SYEAR=115&SEM=1&CrsDat=CS904&Crsname=碩士論文,,,True,中山同濟EMBA,CS904,2,不分班,"碩士論文
MASTER THESIS",3,期,True,50,0,0,50,指導教授,,"['', '', '', '', '', '', '']",《講授類》,[],False
https://selcrs.nsysu.edu.tw/menu5/showoutline.asp?SYEAR=115&SEM=1&CrsDat=CS905&Crsname=高階經營分析,,,True,中山同濟EMBA,CS905,2,不分班,"高階經營分析
ANALYSIS OF EXECUTIVE MANAGEMENT",3,期,True,50,0,0,50,待聘,,"['', '', '', '', '', '', '']",《講授類》,[],False
https://selcrs.nsysu.edu.tw/menu5/showoutline.asp?SYEAR=115&SEM=1&CrsDat=CS906&Crsname=高階財務管理,,,True,中山同濟EMBA,CS906,1,不分班,"高階財務管理
EXECUTIVE FINANCIAL MANAGEMENT",2,期,True,50,0,0,50,待聘,,"['', '', '', '', '', '', '']",《講授類》,[],False
https://selcrs.nsysu.edu.tw/menu5/showoutline.asp?SYEAR=115&SEM=1&CrsDat=CS907&Crsname=資訊科技與競爭優勢,,,True,中山同濟EMBA,CS907,1,不分班,"資訊科技與競爭優勢
INFORMATION TECHNOLOGY AND COMPETITIVE ADVANTAGE",3,期,True,50,0,0,50,待聘,,"['', '', '', '', '', '', '']",《講授類》,[],False
https://selcrs.nsysu.edu.tw/menu5/showoutline.asp?SYEAR=115&SEM=1&CrsDat=CS907A&Crsname=資訊科技與競爭優勢,,,True,中山同濟EMBA,CS907A,2,不分班,"資訊科技與競爭優勢
INFORMATION TECHNOLOGY AND COMPETITIVE ADVANTAGE",3,期,True,50,0,0,50,待聘,,"['', '', '', '', '', '', '']",《講授類》,[],False
https://selcrs.nsysu.edu.tw/menu5/showoutline.asp?SYEAR=115&SEM=1&CrsDat=CS921&Crsname=創新與創業管理,,,True,中山同濟EMBA,CS921,1,不分班,"創新與創業管理
MANAGEMENT OF INNOVATION AND ENTREPRENEURSHIP",2,期,True,50,0,0,50,待聘,,"['', '', '', '', '', '', '']",《講授類》,[],False
https://selcrs.nsysu.edu.tw/menu5/showoutline.asp?SYEAR=115&SEM=1&CrsDat=CS921A&Crsname=創新與創業管理,,,True,中山同濟EMBA,CS921A,2,不分班,"創新與創業管理
MANAGEMENT OF INNOVATION AND ENTREPRENEURSHIP",2,期,True,50,0,0,50,待聘,,"['', '', '', '', '', '', '']",《講授類》,[],False
https://selcrs.nsysu.edu.tw/menu5/showoutline.asp?SYEAR=115&SEM=1&CrsDat=CS924&Crsname=領導學,,,True,中山同濟EMBA,CS924,2,不分班,"領導學
LEADERSHIP",2,期,True,50,0,0,50,待聘,,"['', '', '', '', '', '', '']",《講授類》,[],False
https://selcrs.nsysu.edu.tw/menu5/showoutline.asp?SYEAR=115&SEM=1&CrsDat=CS927&Crsname=策略行銷管理,,,True,中山同濟EMBA,CS927,1,不分班,"策略行銷管理
STRATEGIC MARKETING MANAGEMENT",2,期,True,50,0,0,50,待聘,,"['', '', '', '', '', '', '']",《講授類》,[],False
https://selcrs.nsysu.edu.tw/menu5/showoutline.asp?SYEAR=115&SEM=1&CrsDat=CS933&Crsname=市場經濟理論與實踐,,,True,中山同濟EMBA,CS933,1,不分班,"市場經濟理論與實踐
THEORY AND PRACTICE OF MARKET ECONOMY",2,期,True,50,0,0,50,待聘,,"['', '', '', '', '', '', '']",《講授類》,[],False
https://selcrs.nsysu.edu.tw/menu5/showoutline.asp?SYEAR=115&SEM=1&CrsDat=CS933A&Crsname=市場經濟理論與實踐,,,True,中山同濟EMBA,CS933A,2,不分班,"市場經濟理論與實踐
THEORY AND PRACTICE OF MARKET ECONOMY",2,期,True,50,0,0,50,待聘,,"['', '', '', '', '', '', '']",《講授類》,[],False
https://selcrs.nsysu.edu.tw/menu5/showoutline.asp?SYEAR=115&SEM=1&CrsDat=CS940&Crsname=管理會計與財報分析,,,True,中山同濟EMBA,CS940,1,不分班,"管理會計與財報分析
MANAGERIAL ACCOUNTING AND FINANCIAL STATEMENT ANALYSIS",3,期,True,50,0,0,50,待聘,,"['', '', '', '', '', '', '']",《講授類》,[],False
https://selcrs.nsysu.edu.tw/menu5/showoutline.asp?SYEAR=115&SEM=1&CrsDat=IPS907&Crsname=碩士論文,,,False,政治碩專,IPS907,2,不分班,"碩士論文
MASTER THESIS",3,期,True,50,0,0,50,指導教授,"五C,D,E()","['', '', '', '', 'CDE', '', '']",《研討類》,[],False
https://selcrs.nsysu.edu.tw/menu5/showoutline.asp?SYEAR=115&SEM=1&CrsDat=IPS923&Crsname=產業與城市轉型,,,False,政治碩專,IPS923,2,不分班,"產業與城市轉型
BUSINESS AND CITY TRANSITION",3,期,False,50,0,0,50,沈明璁,"六2,3,4(社SS 3010-2)","['', '', '', '', '', '234', '']",《講授類》,[],False
https://selcrs.nsysu.edu.tw/menu5/showoutline.asp?SYEAR=115&SEM=1&CrsDat=IPS931&Crsname=科技與治理,,,False,政治碩專,IPS931,1,不分班,"科技與治理
INFORMATION TECHNOLOGY AND GOVERNANCE",3,期,False,50,0,0,50,黃韋豪,"三D,E,F(社SS 3010-2)","['', '', 'DEF', '', '', '', '']",《講授類》,[],False
https://selcrs.nsysu.edu.tw/menu5/showoutline.asp?SYEAR=115&SEM=1&CrsDat=IPS933&Crsname=國際政經情勢,,,False,政治碩專,IPS933,1,不分班,"國際政經情勢
INTERNATIONAL POLITICAL AND ECONOMIC DYNAMICS",3,期,False,50,0,0,50,林婉萍,"四C,D,E(社SS 3010-2)","['', '', '', 'CDE', '', '', '']",《講授類》,[],False
https://selcrs.nsysu.edu.tw/menu5/showoutline.asp?SYEAR=115&SEM=1&CrsDat=IPS934&Crsname=民意與選舉,,,False,政治碩專,IPS934,2,不分班,"民意與選舉
PUBLIC OPINION AND ELECTORAL BEHAVIOR",3,期,False,50,0,0,50,黃志呈,"二C,D,E(社SS 3010-2)","['', 'CDE', '', '', '', '', '']",《講授類》,[],False
https://selcrs.nsysu.edu.tw/menu5/showoutline.asp?SYEAR=115&SEM=1&CrsDat=IPS951&Crsname=議題的發掘與方法,,,False,政治碩專,IPS951,1,不分班,"議題的發掘與方法
SUBJECT EXPLORTATION AND METHODS",3,期,True,50,0,0,50,林婉萍,"一C,D,E(社SS 3010-2)","['CDE', '', '', '', '', '', '']",《講授類》,[],False
https://selcrs.nsysu.edu.tw/menu5/showoutline.asp?SYEAR=115&SEM=1&CrsDat=ECON902&Crsname=總體經濟,,,False,經濟碩專,ECON902,2,不分班,"總體經濟
MACROECONOMICS",3,期,True,50,0,0,50,鄭宜玲,"二C,D,E(社SS 2003-2)","['', 'CDE', '', '', '', '', '']",《講授類》,[],False
https://selcrs.nsysu.edu.tw/menu5/showoutline.asp?SYEAR=115&SEM=1&CrsDat=ECON906&Crsname=碩士論文,,,False,經濟碩專,ECON906,2,不分班,"碩士論文
MASTER THESIS",3,期,True,50,0,0,50,指導教授,"六C,D,E(社SS 3002-1)","['', '', '', '', '', 'CDE', '']",《研討類》,[],False
https://selcrs.nsysu.edu.tw/menu5/showoutline.asp?SYEAR=115&SEM=1&CrsDat=ECON913&Crsname=商用統計,,,False,經濟碩專,ECON913,1,不分班,"商用統計
STATISTICS FOR BUSINESS",3,期,False,50,0,0,50,陳孟瑋,"二C,D,E(社SS 3002-1)","['', 'CDE', '', '', '', '', '']",《講授類》,[],False
https://selcrs.nsysu.edu.tw/menu5/showoutline.asp?SYEAR=115&SEM=1&CrsDat=ECON921&Crsname=國際金融,,,False,經濟碩專,ECON921,2,不分班,"國際金融
INTERNATIONAL FINANCE",3,期,False,50,0,0,50,翁銘章,"四C,D,E(社SS 3002-1)","['', '', '', 'CDE', '', '', '']",《講授類》,[],False
https://selcrs.nsysu.edu.tw/menu5/showoutline.asp?SYEAR=115&SEM=1&CrsDat=ECON931&Crsname=財務理論與實務,,,False,經濟碩專,ECON931,1,不分班,"財務理論與實務
FINANCIAL THEORY AND PRACTICE",3,期,False,50,0,0,50,李國榮,"三D,E,F(社SS 3002-1)","['', '', 'DEF', '', '', '', '']",《講授類》,[],False
https://selcrs.nsysu.edu.tw/menu5/showoutline.asp?SYEAR=115&SEM=1&CrsDat=ECON935&Crsname=實證公司理財,,,False,經濟碩專,ECON935,2,不分班,"實證公司理財
EMPIRICAL CORPORATE FINANCE",3,期,False,50,0,0,50,鄭子長,"五C,D,E(社SS 3002-1)","['', '', '', '', 'CDE', '', '']",《講授類》,[],False
https://selcrs.nsysu.edu.tw/menu5/showoutline.asp?SYEAR=115&SEM=1&CrsDat=CAPS907&Crsname=碩士論文專題研究,,,True,亞太碩專,CAPS907,2,不分班,"碩士論文專題研究
INDEPENDENT STUDIES IN MASTER THESIS",3,期,True,50,0,0,50,指導教授,"六C,D,E(社SS 2008)","['', '', '', '', '', 'CDE', '']",《獨立研究》,[],False
https://selcrs.nsysu.edu.tw/menu5/showoutline.asp?SYEAR=115&SEM=1&CrsDat=CAPS909&Crsname=社會科學研究方法,,,False,亞太碩專,CAPS909,1,不分班,"社會科學研究方法
RESEARCH METHODS IN SOCIAL SCIENCE",3,期,True,50,0,0,50,郭育仁,"二C,D,E(社SS 2011)","['', 'CDE', '', '', '', '', '']",《講授類》,[],False
https://selcrs.nsysu.edu.tw/menu5/showoutline.asp?SYEAR=115&SEM=1&CrsDat=CAPS921&Crsname=中國國家與社會關係研究,,,False,亞太碩專,CAPS921,2,不分班,"中國國家與社會關係研究
THE STATE-SOCIETY RELATIONS IN CONTEMPORARY CHINA",3,期,False,50,0,0,50,蔡書瑋,"一C,D,E(社SS 2007)","['CDE', '', '', '', '', '', '']",《講授類》,[],False
https://selcrs.nsysu.edu.tw/menu5/showoutline.asp?SYEAR=115&SEM=1&CrsDat=CAPS927&Crsname=資源經濟學,,,False,亞太碩專,CAPS927,1,不分班,"資源經濟學
RESOURCE ECONOMICS",3,期,False,50,0,0,50,林雅淇,"四C,D,E(社SS 2007)","['', '', '', 'CDE', '', '', '']",《講授類》,[],False
https://selcrs.nsysu.edu.tw/menu5/showoutline.asp?SYEAR=115&SEM=1&CrsDat=CAPS931&Crsname=國際關係理論與國際法實踐,,,False,亞太碩專,CAPS931,2,不分班,"國際關係理論與國際法實踐
INTERNATIONAL LAW AND INTERNATIONAL RELATIONS : BRIDGING THEORY AND PRACTICE",3,期,False,50,0,0,50,待聘,"五C,D,E(社SS 2008)","['', '', '', '', 'CDE', '', '']",《講授類》,[],False
https://selcrs.nsysu.edu.tw/menu5/showoutline.asp?SYEAR=115&SEM=1&CrsDat=SOC901&Crsname=社會學,,,False,社會原碩專,SOC901,1,不分班,"社會學
SOCIOLOGY",3,期,True,50,0,0,50,"李宛儒,萬毓澤,邱花妹","六8,9,7(社SS 3004-2)","['', '', '', '', '', '789', '']",《講授類》,[],False
https://selcrs.nsysu.edu.tw/menu5/showoutline.asp?SYEAR=115&SEM=1&CrsDat=SOC903&Crsname=當代原住民族議題（一）,,,False,社會原碩專,SOC903,1,不分班,"當代原住民族議題（一）
CONTEMPORARY ISSUES OF INDIGENOUS PEOPLES（I）",3,期,True,50,0,0,50,"李馨慈,王宏仁","六B,5,6(社SS 3004-2)","['', '', '', '', '', 'B56', '']",《講授類》,[],False
https://selcrs.nsysu.edu.tw/menu5/showoutline.asp?SYEAR=115&SEM=1&CrsDat=SOC905&Crsname=環境、科技與社會,,,False,社會原碩專,SOC905,1,不分班,"環境、科技與社會
ENVIRONMENT, SCIENCE, TECHNOLOGY AND SOCIETY",3,期,False,50,0,0,50,李馨慈,"六2,3,4(社SS 3004-2)","['', '', '', '', '', '234', '']",《講授類》,[],False
https://selcrs.nsysu.edu.tw/menu5/showoutline.asp?SYEAR=115&SEM=1&CrsDat=IOE901&Crsname=教育統計學研究,,,False,教育碩專,IOE901,0,不分班,"教育統計學研究
STUDIES IN EDUCATIONAL STATISTICS",3,期,False,30,0,0,30,施慶麟,"三D,E,F(社SS 3006)","['', '', 'DEF', '', '', '', '']",《講授類》,[],False
https://selcrs.nsysu.edu.tw/menu5/showoutline.asp?SYEAR=115&SEM=1&CrsDat=IOE905&Crsname=發展心理學研究,,,False,教育碩專,IOE905,0,不分班,"發展心理學研究
STUDIES IN DEVELOPMENTAL PSYCHOLOGY",3,期,False,30,0,0,30,邱文彬,"一C,D,E(社SS 2005)","['CDE', '', '', '', '', '', '']",《講授類》,[],False
https://selcrs.nsysu.edu.tw/menu5/showoutline.asp?SYEAR=115&SEM=1&CrsDat=IOE964&Crsname=性別教育研究,,,False,教育碩專,IOE964,0,不分班,"性別教育研究
THE STUDY OF GENDER EDUCATION",3,期,False,30,0,0,30,宋呈澔,"二C,D,E(社SS 2005)","['', 'CDE', '', '', '', '', '']",《講授類》,[],False
https://selcrs.nsysu.edu.tw/menu5/showoutline.asp?SYEAR=115&SEM=1&CrsDat=IOE971&Crsname=比較教育研究,,,False,教育碩專,IOE971,0,不分班,"比較教育研究
STUDIES IN COMPARATIVE EDUCATION",3,期,False,30,0,0,30,陳修平,"六2,3,4(社SS 2005)","['', '', '', '', '', '234', '']",《講授類》,[],False
https://selcrs.nsysu.edu.tw/menu5/showoutline.asp?SYEAR=115&SEM=1&CrsDat=IOE975&Crsname=碩士論文,,,False,教育碩專,IOE975,2,不分班,"碩士論文
MASTER THESIS",1,期,True,50,0,0,50,指導教授,六C(),"['', '', '', '', '', 'C', '']",《獨立研究》,[],False
https://selcrs.nsysu.edu.tw/menu5/showoutline.asp?SYEAR=115&SEM=1&CrsDat=IOE993&Crsname=跨領域對話教育研究,,,False,教育碩專,IOE993,0,不分班,"跨領域對話教育研究
RESEARCH ON INTERDISCIPLINARY DIALOGIC EDUCATION",3,期,False,30,0,0,30,張至慶,"四C,D,E(社SS 2005)","['', '', '', 'CDE', '', '', '']",《講授類》,[],False
https://selcrs.nsysu.edu.tw/menu5/showoutline.asp?SYEAR=115&SEM=1&CrsDat=EMPP913&Crsname=研究方法,,,False,EMPP碩專,EMPP913,2,不分班,"研究方法
RESEARCH METHODOLOGY",3,期,True,50,0,0,50,邱文彬,,"['', '', '', '', '', '234567', '']",《講授類》,[],False
https://selcrs.nsysu.edu.tw/menu5/showoutline.asp?SYEAR=115&SEM=1&CrsDat=EMPP930&Crsname=國家政策專題講座,,,False,EMPP碩專,EMPP930,1,不分班,"國家政策專題講座
LECTURES ON NATIONAL POLICY",1,期,True,50,0,0,50,,,"['', '', '', '', '', '', '']",《研討類》,[],False
https://selcrs.nsysu.edu.tw/menu5/showoutline.asp?SYEAR=115&SEM=1&CrsDat=EMPP931&Crsname=組織治理專題講座,,,False,EMPP碩專,EMPP931,2,不分班,"組織治理專題講座
LECTURES ON ORGANIZATIONAL GOVERNANCE",1,期,True,50,0,0,50,陳美華,,"['', '', '', '', '', '89CD', '']",《講授類》,[],False
https://selcrs.nsysu.edu.tw/menu5/showoutline.asp?SYEAR=115&SEM=1&CrsDat=EMPP934&Crsname=組織與管理經濟學,,,False,EMPP碩專,EMPP934,2,不分班,"組織與管理經濟學
ORGANIZATIONAL AND MANAGERIAL ECONOMICS",3,期,True,50,0,0,50,王俊傑,,"['', '', '', '', '', '', '234567']",《講授類》,[],False
https://selcrs.nsysu.edu.tw/menu5/showoutline.asp?SYEAR=115&SEM=1&CrsDat=EMPP936&Crsname=公私協力個案研究,,,False,EMPP碩專,EMPP936,1,不分班,"公私協力個案研究
PUBLIC POLICY CASE STUDIES",3,期,True,50,0,0,50,,,"['', '', '', '', '', '', '']",《講授類》,[],False
https://selcrs.nsysu.edu.tw/menu5/showoutline.asp?SYEAR=115&SEM=1&CrsDat=EMPP940&Crsname=公共政策與立法,,,False,EMPP碩專,EMPP940,1,不分班,"公共政策與立法
PUBLIC POLICY AND LEGISLATION",3,期,True,50,0,0,50,,,"['', '', '', '', '', '', '']",《講授類》,[],False
https://selcrs.nsysu.edu.tw/menu5/showoutline.asp?SYEAR=115&SEM=1&CrsDat=EMPP941&Crsname=全球化與在地治理,,,False,EMPP碩專,EMPP941,1,不分班,"全球化與在地治理
GLOBALIZATION AND LOCAL GOVERNANCE",3,期,True,50,0,0,50,,,"['', '', '', '', '', '', '']",《講授類》,[],False
https://selcrs.nsysu.edu.tw/menu5/showoutline.asp?SYEAR=115&SEM=1&CrsDat=EMPP942&Crsname=永續發展與公正轉型,,,False,EMPP碩專,EMPP942,1,不分班,"永續發展與公正轉型
SUSTAINABLE DEVELOPMENT AND JUST TRANSITION",3,期,True,50,0,0,50,,,"['', '', '', '', '', '', '']",《講授類》,[],False
https://selcrs.nsysu.edu.tw/menu5/showoutline.asp?SYEAR=115&SEM=1&CrsDat=CL780&Crsname=漢學英文（一）,,,False,中文博,CL780,0,不分班,"漢學英文（一）
ENGLISH FOR SINOLOGICAL READING(I)",3,期,False,50,0,0,50,謝薇娜,"一5,6,7(文LA 4013)","['567', '', '', '', '', '', '']",《講授類》,[],True
https://selcrs.nsysu.edu.tw/menu5/showoutline.asp?SYEAR=115&SEM=1&CrsDat=CL809&Crsname=當代莊子學討論,,,False,中文博,CL809,0,不分班,"當代莊子學討論
CONTEMPORARY STUDIES ON CHUANG-TZU",3,期,False,50,0,0,50,賴錫三,"二8,6,7(文LA 4013)","['', '678', '', '', '', '', '']",《講授類》,[],False
https://selcrs.nsysu.edu.tw/menu5/showoutline.asp?SYEAR=115&SEM=1&CrsDat=DFLL708&Crsname=喬依斯,,,False,外文博,DFLL708,0,不分班,"喬依斯
JAMES JOYCE",3,期,False,50,0,0,50,賴怡芃,"四2,3,4(文LA 3018)","['', '', '', '234', '', '', '']",《講授類》,[],False
https://selcrs.nsysu.edu.tw/menu5/showoutline.asp?SYEAR=115&SEM=1&CrsDat=DFLL713&Crsname=敘事學,,,False,外文博,DFLL713,0,不分班,"敘事學
NARRATOLOGY",3,期,False,50,0,0,50,盧家達,"四5,6,7(文LA 3018)","['', '', '', '567', '', '', '']",《講授類》,[],True
https://selcrs.nsysu.edu.tw/menu5/showoutline.asp?SYEAR=115&SEM=1&CrsDat=DFLL810&Crsname=專題研究,,,True,外文博,DFLL810,2,不分班,"專題研究
INDEPENDENT STUDIES",3,期,True,50,0,0,50,白士禮,"五5,6,7()","['', '', '', '', '567', '', '']",《獨立研究》,[],True
https://selcrs.nsysu.edu.tw/menu5/showoutline.asp?SYEAR=115&SEM=1&CrsDat=PHIL803&Crsname=哲學與藝術實踐,,,False,哲學博,PHIL803,0,不分班,"哲學與藝術實踐
PHILOSOPHY AND ART PRACTICE",3,期,False,50,0,0,50,楊婉儀,"四8,6,7(文LA 2009)","['', '', '', '678', '', '', '']",《講授類》,[],False
https://selcrs.nsysu.edu.tw/menu5/showoutline.asp?SYEAR=115&SEM=1&CrsDat=PHIL804&Crsname=圖像的現象學,,,False,哲學博,PHIL804,0,不分班,"圖像的現象學
PHENOMENOLOGY OF IMAGES",3,期,False,50,0,0,50,宋灝,"二2,3,4(文LA 2009)","['', '234', '', '', '', '', '']",《講授類》,[],False
https://selcrs.nsysu.edu.tw/menu5/showoutline.asp?SYEAR=115&SEM=1&CrsDat=BIOS701&Crsname=細胞與分子生物學,,,True,生科博,BIOS701,1,不分班,"細胞與分子生物學
CELL AND MOLECULAR BIOLOGY",3,期,True,50,0,0,50,"傅瀚儀,汪海晏,黃明德","四2,3,4(理BI 2002)","['', '', '', '234', '', '', '']","《講授類》
1.乙組必修 2.與碩一併班上課。",[],False
https://selcrs.nsysu.edu.tw/menu5/showoutline.asp?SYEAR=115&SEM=1&CrsDat=BIOS710&Crsname=分子與細胞生物學書報討論（一）,,,True,生科博,BIOS710,1,不分班,"分子與細胞生物學書報討論（一）
MOLECULAR AND CELL BIOLOGY SEMINAR (I)",1,期,True,50,0,0,50,李昆澤,四8(理BI 3001),"['', '', '', '8', '', '', '']","《演講/參訪》
出席學術演講報告於學期考試週之前完成繳交",[],False
https://selcrs.nsysu.edu.tw/menu5/showoutline.asp?SYEAR=115&SEM=1&CrsDat=BIOS714&Crsname=生物多樣性書報討論（一）,,,True,生科博,BIOS714,1,不分班,"生物多樣性書報討論（一）
BIODIVERSITY SEMINAR(I)",1,期,True,50,0,0,50,"江友中,黃淑萍",四8(理BI 2002),"['', '', '', '8', '', '', '']","《演講/參訪》
出席學術演講報告於學期考試週之前完成繳交",[],False
https://selcrs.nsysu.edu.tw/menu5/showoutline.asp?SYEAR=115&SEM=1&CrsDat=BIOS810&Crsname=分子與細胞生物學書報討論（三）,,,True,生科博,BIOS810,2,不分班,"分子與細胞生物學書報討論（三）
MOLECULAR AND CELL BIOLOGY SEMINAR (III)",1,期,True,50,0,0,50,李昆澤,四8(理BI 3001),"['', '', '', '8', '', '', '']","《演講/參訪》
出席學術演講報告於學期考試週之前完成繳交",[],False
https://selcrs.nsysu.edu.tw/menu5/showoutline.asp?SYEAR=115&SEM=1&CrsDat=BIOS814&Crsname=生物多樣性書報討論（三）,,,True,生科博,BIOS814,2,不分班,"生物多樣性書報討論（三）
BIODIVERSITY SEMINAR(III)",1,期,True,50,0,0,50,"江友中,黃淑萍",四8(理BI 2002),"['', '', '', '8', '', '', '']","《演講/參訪》
出席學術演講報告於學期考試週之前完成繳交",[],False
https://selcrs.nsysu.edu.tw/menu5/showoutline.asp?SYEAR=115&SEM=1&CrsDat=CHEM701&Crsname=書報討論（五）,,,True,化學博,CHEM701,1,不分班,"書報討論（五）
SEMINAR (V)",1,期,True,50,0,0,50,林渝亞,二2(理SC 3001),"['', '2', '', '', '', '', '']","《演講/參訪》
限有機、無機領域",[],True
https://selcrs.nsysu.edu.tw/menu5/showoutline.asp?SYEAR=115&SEM=1&CrsDat=CHEM701A&Crsname=書報討論（五）,,,True,化學博,CHEM701A,1,不分班,"書報討論（五）
SEMINAR (V)",1,期,False,50,0,0,50,范秀芳,二2(理SC 0008),"['', '2', '', '', '', '', '']","《演講/參訪》
限物化、分析領域",[],True
https://selcrs.nsysu.edu.tw/menu5/showoutline.asp?SYEAR=115&SEM=1&CrsDat=CHEM724&Crsname=合成方法專題研究（一）,,,True,化學博,CHEM724,1,不分班,"合成方法專題研究（一）
INDEPENDENT STUDIES IN SYNTHETIC METHODS(I)",3,期,True,50,0,0,50,張均然,"六2,3,4()","['', '', '', '', '', '234', '']",《獨立研究》,[],True
https://selcrs.nsysu.edu.tw/menu5/showoutline.asp?SYEAR=115&SEM=1&CrsDat=CHEM728&Crsname=材料化學專題研究（一）,,,True,化學博,CHEM728,1,不分班,"材料化學專題研究（一）
INDEPENDENT STUDIES IN MATERIALS CHEMISTRY (I)",3,期,True,50,0,0,50,李志聰,"六2,3,4()","['', '', '', '', '', '234', '']",《獨立研究》,[],True
https://selcrs.nsysu.edu.tw/menu5/showoutline.asp?SYEAR=115&SEM=1&CrsDat=CHEM730&Crsname=金屬簇化學專題研究（一）,,,True,化學博,CHEM730,1,不分班,"金屬簇化學專題研究（一）
INDEPENDENT STUDIES IN METAL CLUSTERS (I)",3,期,True,50,0,0,50,梁子輝,"六2,3,4()","['', '', '', '', '', '234', '']",《獨立研究》,[],True
https://selcrs.nsysu.edu.tw/menu5/showoutline.asp?SYEAR=115&SEM=1&CrsDat=CHEM734&Crsname=勻相催化專題研究（一）,,,True,化學博,CHEM734,1,不分班,"勻相催化專題研究（一）
INDEPENDENT STUDIES IN HOMOGENOUS CATALYSIS（I）",3,期,True,50,0,0,50,梁蘭昌,"六2,3,4()","['', '', '', '', '', '234', '']",《獨立研究》,[],True
https://selcrs.nsysu.edu.tw/menu5/showoutline.asp?SYEAR=115&SEM=1&CrsDat=CHEM736&Crsname=觸媒專題研究（一）,,,True,化學博,CHEM736,1,不分班,"觸媒專題研究（一）
INDEPENDENT STUDIES IN CATALYSIS (I)",3,期,True,50,0,0,50,劉柏宏,"六2,3,4()","['', '', '', '', '', '234', '']",《獨立研究》,[],True
https://selcrs.nsysu.edu.tw/menu5/showoutline.asp?SYEAR=115&SEM=1&CrsDat=CHEM738&Crsname=計算化學專題研究（一）,,,True,化學博,CHEM738,1,不分班,"計算化學專題研究（一）
INDEPENDENT STUDIES IN COMPUTATIONAL CHEMISTRY (I)",3,期,True,50,0,0,50,邱政超,"六2,3,4()","['', '', '', '', '', '234', '']",《獨立研究》,[],True
https://selcrs.nsysu.edu.tw/menu5/showoutline.asp?SYEAR=115&SEM=1&CrsDat=CHEM742&Crsname=生物系統固態核磁共振專題研究（一）,,,True,化學博,CHEM742,1,不分班,"生物系統固態核磁共振專題研究（一）
INDEPENDENT STUDIES IN SOLID STATE NMR OF BIOLOGICAL SYSTEMS (I)",3,期,True,50,0,0,50,丁尚武,"六2,3,4()","['', '', '', '', '', '234', '']",《獨立研究》,[],True
https://selcrs.nsysu.edu.tw/menu5/showoutline.asp?SYEAR=115&SEM=1&CrsDat=CHEM744&Crsname=奈米力學專題研究（一）,,,True,化學博,CHEM744,1,不分班,"奈米力學專題研究（一）
INDEPENDENT STUDIES IN NANOSCALE FORCE MEASUREMENT (I)",3,期,True,50,0,0,50,謝淑貞,"六2,3,4()","['', '', '', '', '', '234', '']",《獨立研究》,[],True
https://selcrs.nsysu.edu.tw/menu5/showoutline.asp?SYEAR=115&SEM=1&CrsDat=CHEM748&Crsname=有機質譜專題研究（一）,,,True,化學博,CHEM748,1,不分班,"有機質譜專題研究（一）
INDEPENDENT STUDIES IN ORGANIC MASS SPECTROMETRY (I)",3,期,True,50,0,0,50,謝建台,"六2,3,4()","['', '', '', '', '', '234', '']",《獨立研究》,[],True
https://selcrs.nsysu.edu.tw/menu5/showoutline.asp?SYEAR=115&SEM=1&CrsDat=CHEM750&Crsname=微量生物分析專題研究（一）,,,True,化學博,CHEM750,1,不分班,"微量生物分析專題研究（一）
TRACE BIOANALYSIS FOR RESEARCH TRAINING (I)",3,期,True,50,0,0,50,曾韋龍,"六2,3,4()","['', '', '', '', '', '234', '']",《獨立研究》,[],True
https://selcrs.nsysu.edu.tw/menu5/showoutline.asp?SYEAR=115&SEM=1&CrsDat=CHEM752&Crsname=超微奈米藥物生化環境分析專題研究（一）,,,True,化學博,CHEM752,1,不分班,"超微奈米藥物生化環境分析專題研究（一）
INDEPENDENT STUDIES IN ULTRA-MICRO RESEARCH FOR NANO-PARTICLE, DRUG, BIOCHEMISTRY AND ENVIRONMENT(I)",3,期,True,50,0,0,50,吳慧芬,"六2,3,4()","['', '', '', '', '', '234', '']",《獨立研究》,[],True
https://selcrs.nsysu.edu.tw/menu5/showoutline.asp?SYEAR=115&SEM=1&CrsDat=CHEM754&Crsname=無機催化專題研究（一）,,,True,化學博,CHEM754,1,不分班,"無機催化專題研究（一）
INDEPENDENT STUDIES IN INORGANIC CATALYSIS （I）",3,期,True,50,0,0,50,蔡明利,"六2,3,4()","['', '', '', '', '', '234', '']",《獨立研究》,[],True
https://selcrs.nsysu.edu.tw/menu5/showoutline.asp?SYEAR=115&SEM=1&CrsDat=CHEM756&Crsname=氣膠與生醫材料科學專題研究（一）,,,True,化學博,CHEM756,1,不分班,"氣膠與生醫材料科學專題研究（一）
INDEPENDENT STUDIES IN AEROSOLS AND BIOMEDICAL NANOMATERIAL SCIENCES (I)",3,期,True,50,0,0,50,王家蓁,"六2,3,4()","['', '', '', '', '', '234', '']",《獨立研究》,[],True
https://selcrs.nsysu.edu.tw/menu5/showoutline.asp?SYEAR=115&SEM=1&CrsDat=CHEM758&Crsname=化學生物學專題研究（一）,,,True,化學博,CHEM758,1,不分班,"化學生物學專題研究（一）
INDEPENDENT STUDIES IN CHEMICAL BIOLOGY (I)",3,期,True,50,0,0,50,林伯樵,"六2,3,4()","['', '', '', '', '', '234', '']",《獨立研究》,[],True
https://selcrs.nsysu.edu.tw/menu5/showoutline.asp?SYEAR=115&SEM=1&CrsDat=CHEM760&Crsname=奈米材料化學專題研究（一）,,,True,化學博,CHEM760,1,不分班,"奈米材料化學專題研究（一）
INDEPENDENT STUDIES IN CHEMISTRY OF NANOMATERIALS (I)",3,期,True,50,0,0,50,陳軍互,"六2,3,4()","['', '', '', '', '', '234', '']",《獨立研究》,[],True
https://selcrs.nsysu.edu.tw/menu5/showoutline.asp?SYEAR=115&SEM=1&CrsDat=CHEM764&Crsname=合成與生物有機化學專題研究（一）,,,True,化學博,CHEM764,1,不分班,"合成與生物有機化學專題研究（一）
INDEPENDENT STUDIES IN SYNTHESIS AND BIOORGANIC CHEMISTRY (I)",3,期,True,50,0,0,50,林渝亞,"六2,3,4()","['', '', '', '', '', '234', '']",《獨立研究》,[],True
https://selcrs.nsysu.edu.tw/menu5/showoutline.asp?SYEAR=115&SEM=1&CrsDat=CHEM768&Crsname=光譜專題研究（一）,,,True,化學博,CHEM768,1,不分班,"光譜專題研究（一）
INDEPENDENT STUDIES IN SPECTROSCOPICS (I)",3,期,True,50,0,0,50,范秀芳,"六2,3,4()","['', '', '', '', '', '234', '']",《獨立研究》,[],True
https://selcrs.nsysu.edu.tw/menu5/showoutline.asp?SYEAR=115&SEM=1&CrsDat=CHEM770&Crsname=無機反應專題研究（一）,,,True,化學博,CHEM770,1,不分班,"無機反應專題研究（一）
INDEPENDENT STUDIES IN INORGANIC REACTIONS (I)",3,期,True,50,0,0,50,王琢堅,"六2,3,4()","['', '', '', '', '', '234', '']",《獨立研究》,[],True
https://selcrs.nsysu.edu.tw/menu5/showoutline.asp?SYEAR=115&SEM=1&CrsDat=CHEM772&Crsname=雷射化學專題研究（一）,,,True,化學博,CHEM772,1,不分班,"雷射化學專題研究（一）
INDEPENDENT STUDIES IN LASER CHEMISTRY (I)",3,期,True,50,0,0,50,張元賓,"六2,3,4()","['', '', '', '', '', '234', '']",《獨立研究》,[],True
https://selcrs.nsysu.edu.tw/menu5/showoutline.asp?SYEAR=115&SEM=1&CrsDat=CHEM774&Crsname=有機合成專題研究（一）,,,True,化學博,CHEM774,1,不分班,"有機合成專題研究（一）
ORGANIC SYNTHESIS",3,期,True,50,0,0,50,廖軒宏,"六2,3,4()","['', '', '', '', '', '234', '']",《獨立研究》,[],True
https://selcrs.nsysu.edu.tw/menu5/showoutline.asp?SYEAR=115&SEM=1&CrsDat=CHEM776&Crsname=顯微影像分析專題研究（一）,,,True,化學博,CHEM776,1,不分班,"顯微影像分析專題研究（一）
INDEPENDENT STUDIES IN MICROSCOPIC IMAGE ANALYSIS(I)",3,期,True,50,0,0,50,張柏齡,"六2,3,4()","['', '', '', '', '', '234', '']",《獨立研究》,[],True
https://selcrs.nsysu.edu.tw/menu5/showoutline.asp?SYEAR=115&SEM=1&CrsDat=CHEM801&Crsname=書報討論（七）,,,True,化學博,CHEM801,2,不分班,"書報討論（七）
SEMINAR (VII)",1,期,True,50,0,0,50,范秀芳,二2(理SC 0008),"['', '2', '', '', '', '', '']","《演講/參訪》
限物化、分析領域",[],True
https://selcrs.nsysu.edu.tw/menu5/showoutline.asp?SYEAR=115&SEM=1&CrsDat=CHEM801A&Crsname=書報討論（七）,,,True,化學博,CHEM801A,2,不分班,"書報討論（七）
SEMINAR (VII)",1,期,False,50,0,0,50,林渝亞,二2(理SC 3001),"['', '2', '', '', '', '', '']","《演講/參訪》
限有機、無機領域",[],True
https://selcrs.nsysu.edu.tw/menu5/showoutline.asp?SYEAR=115&SEM=1&CrsDat=PHYS701&Crsname=專題研討（一）,,,False,物理博,PHYS701,1,不分班,"專題研討（一）
STUDIES IN SELECTED RESEARCH TOPICS (I)",2,期,True,50,0,0,50,莊豐權,"四8,9(理PH 5008)","['', '', '', '89', '', '', '']",《研討類》,[],True
https://selcrs.nsysu.edu.tw/menu5/showoutline.asp?SYEAR=115&SEM=1&CrsDat=PHYS805&Crsname=薄膜物理議題研討（一）,,,False,物理博,PHYS805,2,不分班,"薄膜物理議題研討（一）
SPECIAL TOPICS IN THIN FILM PHYSICS (I)",3,期,False,50,0,0,50,周雄,"三A,1,B(理PH 7008)","['', '', 'A1B', '', '', '', '']",《研討類》,[],True
https://selcrs.nsysu.edu.tw/menu5/showoutline.asp?SYEAR=115&SEM=1&CrsDat=PHYS814&Crsname=半導體專題（一）,,,False,物理博,PHYS814,2,不分班,"半導體專題（一）
INDEPENDENT STUDIES IN SEMICONDUCTOR (I)",3,期,False,50,0,0,50,余健文,"三A,1,B(理PH 3001)","['', '', 'A1B', '', '', '', '']",《獨立研究》,[],True
https://selcrs.nsysu.edu.tw/menu5/showoutline.asp?SYEAR=115&SEM=1&CrsDat=PHYS824&Crsname=自旋物理專題研究（一）,,,False,物理博,PHYS824,2,不分班,"自旋物理專題研究（一）
INDEPENDENT STUDIES IN SPIN PHYSICS (I)",3,期,False,50,0,0,50,郭建成,"一A,1,B(理PH 2009)","['A1B', '', '', '', '', '', '']",《獨立研究》,[],True
https://selcrs.nsysu.edu.tw/menu5/showoutline.asp?SYEAR=115&SEM=1&CrsDat=MATH701&Crsname=統計書報討論（一）,,,True,應數博,MATH701,1,不分班,"統計書報討論（一）
SEMINAR IN STATISTICS(I)",1,期,True,5,0,0,5,林建同,四7(理SC 4009-1),"['', '', '', '7', '', '', '']",《講授類》,[],False
https://selcrs.nsysu.edu.tw/menu5/showoutline.asp?SYEAR=115&SEM=1&CrsDat=MATH726&Crsname=計算書報討論（一）,,,True,應數博,MATH726,1,不分班,"計算書報討論（一）
SEMINAR IN SCIENTIFIC COMPUTING(I)",1,期,True,5,0,0,5,卓建宏,四7(理SC 4011),"['', '', '', '7', '', '', '']",《講授類》,[],False
https://selcrs.nsysu.edu.tw/menu5/showoutline.asp?SYEAR=115&SEM=1&CrsDat=MATH751&Crsname=數學書報討論（一）,,,True,應數博,MATH751,1,不分班,"數學書報討論（一）
SEMINAR IN MATHEMATICS(I)",1,期,True,5,0,0,5,陳志偉,四7(理SC 4013),"['', '', '', '7', '', '', '']",《講授類》,[],True
https://selcrs.nsysu.edu.tw/menu5/showoutline.asp?SYEAR=115&SEM=1&CrsDat=IBMS803A&Crsname=書報討論（三）,,,False,生醫博,IBMS803A,2,不分班,"書報討論（三）
SEMINAR (III)",1,期,True,10,0,0,10,,,"['', '', '', '', '', '', '']",《講授類》,[],False
https://selcrs.nsysu.edu.tw/menu5/showoutline.asp?SYEAR=115&SEM=1&CrsDat=IBMS805A&Crsname=生物醫學專題研究（一）,,,False,生醫博,IBMS805A,2,不分班,"生物醫學專題研究（一）
INDEPENDENT STUDIES IN BIOMEDICAL RESEARCH(I)",3,期,True,5,0,0,5,,,"['', '', '', '', '', '', '']",《獨立研究》,[],False
https://selcrs.nsysu.edu.tw/menu5/showoutline.asp?SYEAR=115&SEM=1&CrsDat=IMST703A&Crsname=書報討論（三）,,,False,醫科博,IMST703A,2,不分班,"書報討論（三）
SEMINAR (III)",1,期,True,50,0,0,50,,,"['', '', '', '', '', '', '']",《研討類》,[],False
https://selcrs.nsysu.edu.tw/menu5/showoutline.asp?SYEAR=115&SEM=1&CrsDat=PPFS720&Crsname=書報討論（一）,,,False,理學博,PPFS720,1,不分班,"書報討論（一）
SEMINAR（I）",1,期,True,50,0,0,50,楊崇鑫,五4(理 SC 0010),"['', '', '', '', '4', '', '']",《研討類》,[],True
https://selcrs.nsysu.edu.tw/menu5/showoutline.asp?SYEAR=115&SEM=1&CrsDat=PPFS722&Crsname=專題研究（一）,,,False,理學博,PPFS722,2,不分班,"專題研究（一）
INDEPENDENT STUDIES（I）",3,期,True,50,0,0,50,楊崇鑫,"一1(理 SC 0010) 二1,2(理 SC 0010)","['1', '12', '', '', '', '', '']",《獨立研究》,[],True
https://selcrs.nsysu.edu.tw/menu5/showoutline.asp?SYEAR=115&SEM=1&CrsDat=PPFS724&Crsname=分子光物理及光化學,,,False,理學博,PPFS724,0,不分班,"分子光物理及光化學
MOLECULAR PHOTOPHYSICS AND PHOTOCHEMISTRY",3,期,False,50,0,0,50,楊崇鑫,"一8,6,7(理 SC 0010)","['678', '', '', '', '', '', '']",《講授類》,[],True
https://selcrs.nsysu.edu.tw/menu5/showoutline.asp?SYEAR=115&SEM=1&CrsDat=DCEM701A&Crsname=書報討論（一）,,,False,臨床醫博學程,DCEM701A,1,不分班,"書報討論（一）
SEMINAR（I）",1,期,True,50,0,0,50,,,"['', '', '', '', '', '', '']",《講授類》,[],False
https://selcrs.nsysu.edu.tw/menu5/showoutline.asp?SYEAR=115&SEM=1&CrsDat=DCEM703A&Crsname=書報討論（三）,,,False,臨床醫博學程,DCEM703A,2,不分班,"書報討論（三）
SEMINAR（III）",1,期,True,50,0,0,50,,,"['', '', '', '', '', '', '']",《講授類》,[],False
https://selcrs.nsysu.edu.tw/menu5/showoutline.asp?SYEAR=115&SEM=1&CrsDat=DCEM705A&Crsname=創新轉譯醫學,,,False,臨床醫博學程,DCEM705A,1,不分班,"創新轉譯醫學
INNOVATION IN TRANSLATIONAL MEDICINE",3,期,True,50,0,0,50,,,"['', '', '', '', '', '', '']",《講授類》,[],False
https://selcrs.nsysu.edu.tw/menu5/showoutline.asp?SYEAR=115&SEM=1&CrsDat=DCEM706A&Crsname=專題研究（一）,,,False,臨床醫博學程,DCEM706A,2,不分班,"專題研究（一）
INDEPENDENT STUDIES（I）",3,期,True,50,0,0,50,,,"['', '', '', '', '', '', '']",《獨立研究》,[],False
https://selcrs.nsysu.edu.tw/menu5/showoutline.asp?SYEAR=115&SEM=1&CrsDat=EE7100&Crsname=書報討論,,,False,電機博,EE7100,1,不分班,"書報討論
SEMINAR",1,期,True,90,0,0,90,謝耀慶,"二6,7(工EC 6019)","['', '67', '', '', '', '', '']","《研討類》
碩、博併班上課",[],False
https://selcrs.nsysu.edu.tw/menu5/showoutline.asp?SYEAR=115&SEM=1&CrsDat=EE7503&Crsname=高等電磁波傳播理論,,,False,電機博,EE7503,0,不分班,"高等電磁波傳播理論
ADVANCED THEORY ON ELECTROMAGNETIC WAVE PROPAGATION",3,期,False,50,0,0,50,林根煌,"三2,3,4(工EC 7040)","['', '', '234', '', '', '', '']",《講授類》,[],False
https://selcrs.nsysu.edu.tw/menu5/showoutline.asp?SYEAR=115&SEM=1&CrsDat=MEME701&Crsname=書報討論,,,False,機電博,MEME701,1,不分班,"書報討論
SEMINAR",1,期,True,50,0,0,50,許聖彥,"四6,7(工EC 1001)","['', '', '', '67', '', '', '']","《演講/參訪》
碩、博士班併班上課",[],False
https://selcrs.nsysu.edu.tw/menu5/showoutline.asp?SYEAR=115&SEM=1&CrsDat=MEME707&Crsname=工程英文寫作,,,False,機電博,MEME707,1,不分班,"工程英文寫作
ENGLISH WRITING FOR ENGINEERS",3,期,False,50,0,0,50,吳美玲,"三5,6,7(工EN 4055-2)","['', '', '567', '', '', '', '']","《講授類》
建議與""可靠度工程與應用""課程一併修課",[],True
https://selcrs.nsysu.edu.tw/menu5/showoutline.asp?SYEAR=115&SEM=1&CrsDat=ENVE721&Crsname=書報討論,,,False,環工博,ENVE721,1,不分班,"書報討論
SEMINAR",1,期,True,50,0,0,50,張耿崚,"三6,7(工EV 4024)","['', '', '67', '', '', '', '']",《演講/參訪》,[],False
https://selcrs.nsysu.edu.tw/menu5/showoutline.asp?SYEAR=115&SEM=1&CrsDat=ENVE721A&Crsname=書報討論,,,False,環工博,ENVE721A,2,不分班,"書報討論
SEMINAR",1,期,True,50,0,0,50,張耿崚,"三6,7(工EV 4024)","['', '', '67', '', '', '', '']",《演講/參訪》,[],False
https://selcrs.nsysu.edu.tw/menu5/showoutline.asp?SYEAR=115&SEM=1&CrsDat=ENVE721B&Crsname=書報討論,,,False,環工博,ENVE721B,3,不分班,"書報討論
SEMINAR",1,期,True,50,0,0,50,張耿崚,"三6,7(工EV 4024)","['', '', '67', '', '', '', '']",《演講/參訪》,[],False
https://selcrs.nsysu.edu.tw/menu5/showoutline.asp?SYEAR=115&SEM=1&CrsDat=ENVE722&Crsname=有害廢棄物管理與處理,,,False,環工博,ENVE722,0,不分班,"有害廢棄物管理與處理
HAZARDOUS WASTE MANAGEMENT AND TREATMENT",3,期,False,50,0,0,50,陳威翔,"一8,6,7(工EC 1004)","['678', '', '', '', '', '', '']",《講授類》,[],True
https://selcrs.nsysu.edu.tw/menu5/showoutline.asp?SYEAR=115&SEM=1&CrsDat=CSE706&Crsname=書報討論（一）,,,False,資工博,CSE706,1,不分班,"書報討論（一）
SEMINAR I",1,期,True,50,0,0,50,陳嘉平,五6(工EC 2011),"['', '', '', '', '6', '', '']",《演講/參訪》,[],False
https://selcrs.nsysu.edu.tw/menu5/showoutline.asp?SYEAR=115&SEM=1&CrsDat=ICE701&Crsname=書報討論,,,False,通訊博,ICE701,1,不分班,"書報討論
SEMINAR",1,期,True,50,0,0,50,吳孝純,"二6,7(工EC 2002)","['', '67', '', '', '', '', '']","《演講/參訪》
與ICE501、ICE501A併班上課",[],False
https://selcrs.nsysu.edu.tw/menu5/showoutline.asp?SYEAR=115&SEM=1&CrsDat=EO7139&Crsname=書報討論（一）,,,False,光電博,EO7139,1,不分班,"書報討論（一）
SEMINAR(I)",1,期,True,50,0,0,50,洪裕涵,"一8,6,7(工EN 2028)","['678', '', '', '', '', '', '']",《講授類》,[],False
https://selcrs.nsysu.edu.tw/menu5/showoutline.asp?SYEAR=115&SEM=1&CrsDat=MOES702&Crsname=書報討論,,,False,材光博,MOES702,1,不分班,"書報討論
SEMINAR",1,期,True,50,0,0,50,李廣輝,"三6,7(工EN 2028)","['', '', '67', '', '', '', '']",《研討類》,[],False
https://selcrs.nsysu.edu.tw/menu5/showoutline.asp?SYEAR=115&SEM=1&CrsDat=MOES702A&Crsname=書報討論,,,False,材光博,MOES702A,2,不分班,"書報討論
SEMINAR",1,期,True,50,0,0,50,李廣輝,"三6,7(工EN 2028)","['', '', '67', '', '', '', '']",《研討類》,[],False
https://selcrs.nsysu.edu.tw/menu5/showoutline.asp?SYEAR=115&SEM=1&CrsDat=CSE711&Crsname=駭客攻防與電腦鑑識技術,,,False,資工資安博,CSE711,2,不分班,"駭客攻防與電腦鑑識技術
HACK TECHNOLOGY AND COMPUTER FORENSIC",3,期,True,50,0,0,50,王智弘,"五2,3,4(圖IL PC03)","['', '', '', '', '234', '', '']",《講授類》,[],False
https://selcrs.nsysu.edu.tw/menu5/showoutline.asp?SYEAR=115&SEM=1&CrsDat=CSE712&Crsname=密碼學,,,False,資工資安博,CSE712,1,不分班,"密碼學
CRYPTOGRAPHY",3,期,True,50,0,0,50,克拉迪,"四2,3,4(工EC 9031)","['', '', '', '234', '', '', '']",《講授類》,[],True
https://selcrs.nsysu.edu.tw/menu5/showoutline.asp?SYEAR=115&SEM=1&CrsDat=CSE714&Crsname=數位簽章機制與應用,,,False,資工資安博,CSE714,2,不分班,"數位簽章機制與應用
DIGITAL SIGNATURE SCHEMES AND APPLICATIONS",3,期,True,50,0,0,50,克拉迪,"一8,6,7(工EC 5012)","['678', '', '', '', '', '', '']",《講授類》,[],True
https://selcrs.nsysu.edu.tw/menu5/showoutline.asp?SYEAR=115&SEM=1&CrsDat=CSE715&Crsname=計算機結構,,,False,資工資安博,CSE715,1,不分班,"計算機結構
COMPUTER ARCHITECTURES",3,期,True,50,0,0,50,李淑敏,"三5,6,7(EC 1006)","['', '', '567', '', '', '', '']",《講授類》,[],True
https://selcrs.nsysu.edu.tw/menu5/showoutline.asp?SYEAR=115&SEM=1&CrsDat=CSE717&Crsname=書報討論（一）,,,False,資工資安博,CSE717,1,不分班,"書報討論（一）
SEMINAR I",1,期,True,50,0,0,50,陳嘉平,五6(工EC 2011),"['', '', '', '', '6', '', '']",《演講/參訪》,[],False
https://selcrs.nsysu.edu.tw/menu5/showoutline.asp?SYEAR=115&SEM=1&CrsDat=CSE722&Crsname=資訊安全理論與實務,,,False,資工資安博,CSE722,2,不分班,"資訊安全理論與實務
INFORMATION SECURITY THEORY AND PRACTICE",3,期,True,50,0,0,50,徐瑞壕,"三2,3,4(工EC 9031)","['', '', '234', '', '', '', '']",《講授類》,[],False
https://selcrs.nsysu.edu.tw/menu5/showoutline.asp?SYEAR=115&SEM=1&CrsDat=BM705&Crsname=個體經濟分析,,,False,企管博,BM705,1,不分班,"個體經濟分析
MICROECONOMIC ANALYSIS",3,期,True,50,0,0,50,佘健源,"四2,3,4(管CM 2025)","['', '', '', '234', '', '', '']","《講授類》
企業管理組;",[],True
https://selcrs.nsysu.edu.tw/menu5/showoutline.asp?SYEAR=115&SEM=1&CrsDat=BM710&Crsname=高等創業管理研究,新增,7/7,False,企管博,BM710,0,不分班,"高等創業管理研究
RESEARCH IN ADVANCED ENTREPRENEURIAL MANAGEMENT",3,期,False,50,0,0,50,王致遠,"三5,6,7(管CM 1032)","['', '', '567', '', '', '', '']","《講授類》
企業管理組;",[],False
https://selcrs.nsysu.edu.tw/menu5/showoutline.asp?SYEAR=115&SEM=1&CrsDat=BM711&Crsname=高等數量方法（一）,,,False,企管博,BM711,1,不分班,"高等數量方法（一）
ADVANCED QUANTITATIVE METHODS(I)",3,期,True,50,0,0,50,彭聖翔,"四5,6,7(管CM 2025)","['', '', '', '567', '', '', '']","《講授類》
企業管理組;
併班醫管博高等統計分析(一)",[],True
https://selcrs.nsysu.edu.tw/menu5/showoutline.asp?SYEAR=115&SEM=1&CrsDat=BM725&Crsname=高等策略管理理論,,,False,企管博,BM725,0,不分班,"高等策略管理理論
ADVANCED STRATEGIC MANAGEMENT THEORY",3,期,False,50,0,0,50,蔡宗霖,"一2,3,4(管CM 2025)","['234', '', '', '', '', '', '']","《講授類》
企業管理組;",[],True
https://selcrs.nsysu.edu.tw/menu5/showoutline.asp?SYEAR=115&SEM=1&CrsDat=BM729&Crsname=調查研究（一）,,,False,企管博,BM729,0,不分班,"調查研究（一）
SURVEY RESEARCH(I)",3,期,False,50,0,0,50,葉淑娟,"四8,6,7(管CM 2021)","['', '', '', '678', '', '', '']","《講授類》
企業管理組;",[],False
https://selcrs.nsysu.edu.tw/menu5/showoutline.asp?SYEAR=115&SEM=1&CrsDat=BM732&Crsname=高等個體經濟分析(一),,,False,企管博,BM732,0,不分班,"高等個體經濟分析(一)
SPECIAL TOPICS IN ADVANCED ECONOMICS",3,期,False,50,0,0,50,吳基逞,"五2,3,4(管CM 3035)","['', '', '', '', '234', '', '']","《講授類》
企業管理組;",[],False
https://selcrs.nsysu.edu.tw/menu5/showoutline.asp?SYEAR=115&SEM=1&CrsDat=BM736&Crsname=消費者行為,,,False,企管博,BM736,0,不分班,"消費者行為
CONSUMER BEHAVIOR",3,期,False,50,0,0,50,張純端,"一2,3,4(管CM 3035)","['234', '', '', '', '', '', '']","《講授類》
企業管理組;",[],True
https://selcrs.nsysu.edu.tw/menu5/showoutline.asp?SYEAR=115&SEM=1&CrsDat=BM759&Crsname=學術論文寫作,,,False,企管博,BM759,0,不分班,"學術論文寫作
ACADEMIC ESSAY WRITING",3,期,False,50,0,0,50,林杏娥,"五2,3,4(管CM 2036)","['', '', '', '', '234', '', '']","《講授類》
經營管理組;
限DBA",[],False
https://selcrs.nsysu.edu.tw/menu5/showoutline.asp?SYEAR=115&SEM=1&CrsDat=BM781&Crsname=高等管理理論,,,False,企管博,BM781,1,不分班,"高等管理理論
ADVANCED MANAGEMENT THEORY",3,期,True,50,0,0,50,黃明新,"二8,6,7(管CM 2036)","['', '678', '', '', '', '', '']","《講授類》
經營管理組;
限DBA",[],False
https://selcrs.nsysu.edu.tw/menu5/showoutline.asp?SYEAR=115&SEM=1&CrsDat=BM782&Crsname=量化研究,,限DBA,False,企管博,BM782,1,不分班,"量化研究
QUANTITATIVE STUDY",3,期,True,50,0,0,50,吳基逞,"二2,3,4(管CM 2036)","['', '234', '', '', '', '', '']","《講授類》
經營管理組;
限DBA",[],False
https://selcrs.nsysu.edu.tw/menu5/showoutline.asp?SYEAR=115&SEM=1&CrsDat=BM787&Crsname=產業研究（二）,,,False,企管博,BM787,0,不分班,"產業研究（二）
INDUSTRY STUDIES (II)",3,期,False,50,0,0,50,張純端,"六2,3,4(管CM 2036)","['', '', '', '', '', '234', '']","《講授類》
經營管理組;
限DBA",[],False
https://selcrs.nsysu.edu.tw/menu5/showoutline.asp?SYEAR=115&SEM=1&CrsDat=BM819&Crsname=企業管理專題研討（一）,,,False,企管博,BM819,0,不分班,"企業管理專題研討（一）
SEMINAR IN BUSINESS MANAGEMENT (Ⅰ)",2,期,False,50,0,0,50,黃鋒樟,"三B,5(管CM 3022)","['', '', 'B5', '', '', '', '']","《研討類》
企業管理組;",[],True
https://selcrs.nsysu.edu.tw/menu5/showoutline.asp?SYEAR=115&SEM=1&CrsDat=BM830&Crsname=國際企業理論與研究,,,False,企管博,BM830,0,不分班,"國際企業理論與研究
INTERNATIONAL BUSINESS STUDY",3,期,False,50,0,0,50,林晉禾,"四8,6,7(管CM 2036)","['', '', '', '678', '', '', '']","《講授類》
經營管理組;
限DBA",[],False
https://selcrs.nsysu.edu.tw/menu5/showoutline.asp?SYEAR=115&SEM=1&CrsDat=BM831&Crsname=行銷研究方法,,,False,企管博,BM831,0,不分班,"行銷研究方法
MARKETING RESEARCH METHOD",3,期,False,50,0,0,50,黃明新,"三2,3,4(管CM 3022)","['', '', '234', '', '', '', '']","《講授類》
企業管理組;
企業管理組",[],False
https://selcrs.nsysu.edu.tw/menu5/showoutline.asp?SYEAR=115&SEM=1&CrsDat=BM843&Crsname=科技管理專題研討（一）,,,False,企管博,BM843,0,不分班,"科技管理專題研討（一）
INDEPENDENT STUDIES IN TECHNOLOGY MANAGEMENT (I)",3,期,False,50,0,0,50,彭聖翔,"四C,D,E(管CM 3022)","['', '', '', 'CDE', '', '', '']","《研討類》
企業管理組;",[],True
https://selcrs.nsysu.edu.tw/menu5/showoutline.asp?SYEAR=115&SEM=1&CrsDat=BM844&Crsname=企業管理專題研討（三）,,,False,企管博,BM844,0,不分班,"企業管理專題研討（三）
SEMINAR IN BUSINESS MANAGEMENT (III)",2,期,False,50,0,0,50,黃鋒樟,"三6,7(管CM 3022)","['', '', '67', '', '', '', '']","《研討類》
企業管理組;",[],True
https://selcrs.nsysu.edu.tw/menu5/showoutline.asp?SYEAR=115&SEM=1&CrsDat=BM847&Crsname=產業經濟學專題研討,,,False,企管博,BM847,0,不分班,"產業經濟學專題研討
SPECIAL TOPICS IN INDUSTRIAL ECONOMICS",3,期,False,50,0,0,50,吳基逞,"一C,D,E(管CM 2036)","['CDE', '', '', '', '', '', '']","《研討類》
經營管理組;
限DBA",[],False
https://selcrs.nsysu.edu.tw/menu5/showoutline.asp?SYEAR=115&SEM=1&CrsDat=BM852&Crsname=科技創新策略專題討論,,,False,企管博,BM852,0,不分班,"科技創新策略專題討論
SEMINAR IN TECHNOLOGY INNOVATION STRATEGY",3,期,False,50,0,0,50,林杏娥,"四C,D,E(管CM 2025)","['', '', '', 'CDE', '', '', '']","《獨立研究》
企業管理組;",[],False
https://selcrs.nsysu.edu.tw/menu5/showoutline.asp?SYEAR=115&SEM=1&CrsDat=BM857&Crsname=文化雙融管理專題研討,,,False,企管博,BM857,0,不分班,"文化雙融管理專題研討
SEMINAR IN AMBICULTURAL MANAGEMENT",3,期,False,50,0,0,50,林豪傑,"二2,3,4(管CM 2021)","['', '234', '', '', '', '', '']","《研討類》
企業管理組;",[],False
https://selcrs.nsysu.edu.tw/menu5/showoutline.asp?SYEAR=115&SEM=1&CrsDat=MIS701&Crsname=管理資訊系統研究,,,False,資管博,MIS701,1,不分班,"管理資訊系統研究
MANAGEMENT INFORMATION SYSTEMS RESEARCH",3,期,True,50,0,0,50,徐士傑,"日A,1,2()","['', '', '', '', '', '', 'A12']",《講授類》,[],False
https://selcrs.nsysu.edu.tw/menu5/showoutline.asp?SYEAR=115&SEM=1&CrsDat=MIS702&Crsname=研究方法（一）,,,False,資管博,MIS702,1,不分班,"研究方法（一）
RESEARCH METHODOLOGY(I)",3,期,True,50,0,0,50,李家瑩,"二2,3,4(管CM 4069)","['', '234', '', '', '', '', '']",《講授類》,[],False
https://selcrs.nsysu.edu.tw/menu5/showoutline.asp?SYEAR=115&SEM=1&CrsDat=MIS704&Crsname=高等資管專題研討（一）,,,False,資管博,MIS704,1,不分班,"高等資管專題研討（一）
SEMINAR IN ADVANCED INFORMATION SYSTEMS (I)",1,期,True,50,0,0,50,"林耕霈,羅珮綺,韓毅,黃三益","四6,7(管CM 2016)","['', '', '', '67', '', '', '']",《研討類》,[],False
https://selcrs.nsysu.edu.tw/menu5/showoutline.asp?SYEAR=115&SEM=1&CrsDat=MIS706&Crsname=高等資管專題研討（三）,,,False,資管博,MIS706,2,不分班,"高等資管專題研討（三）
SEMINAR IN ADVANCED INFORMATION SYSTEMS (III)",1,期,True,50,0,0,50,"林耕霈,羅珮綺,韓毅,黃三益","四6,7(管CM 2016)","['', '', '', '67', '', '', '']",《研討類》,[],False
https://selcrs.nsysu.edu.tw/menu5/showoutline.asp?SYEAR=115&SEM=1&CrsDat=FM702&Crsname=財務數理,,,False,財管博,FM702,2,不分班,"財務數理
MATHEMATICAL FINANCE",3,期,False,50,0,0,50,蔡維哲,"五8,6,7(管CM 2020)","['', '', '', '', '678', '', '']",《講授類》,[],False
https://selcrs.nsysu.edu.tw/menu5/showoutline.asp?SYEAR=115&SEM=1&CrsDat=FM703&Crsname=財務經濟學（一）,,,False,財管博,FM703,1,不分班,"財務經濟學（一）
FINANCIAL ECONOMICS (I)",3,期,False,50,0,0,50,郭照榮,"五8,9,7(管CM 2026)","['', '', '', '', '789', '', '']",《講授類》,[],False
https://selcrs.nsysu.edu.tw/menu5/showoutline.asp?SYEAR=115&SEM=1&CrsDat=FM704&Crsname=計量經濟學（一）,,,False,財管博,FM704,1,不分班,"計量經濟學（一）
ECONOMETRICS (I)",3,期,False,50,0,0,50,佘博文,"五B,5,6(管CM 1025)","['', '', '', '', 'B56', '', '']",《講授類》,[],False
https://selcrs.nsysu.edu.tw/menu5/showoutline.asp?SYEAR=115&SEM=1&CrsDat=FM705&Crsname=財金專題評析（一）,異動,更換時間6/29,False,財管博,FM705,1,不分班,"財金專題評析（一）
FINANCIAL STUDIES REVIEW (I)",1,期,True,50,0,0,50,封之遠,三3(管CM 2020),"['', '', '3', '', '', '', '']",《講授類》,[],False
https://selcrs.nsysu.edu.tw/menu5/showoutline.asp?SYEAR=115&SEM=1&CrsDat=FM801&Crsname=財金專題評析（三）,異動,更換時間6/29,False,財管博,FM801,1,不分班,"財金專題評析（三）
FIANNACIAL STUDIES REVIEW (III)",1,期,False,50,0,0,50,封之遠,三4(管CM 2020),"['', '', '4', '', '', '', '']",《講授類》,[],False
https://selcrs.nsysu.edu.tw/menu5/showoutline.asp?SYEAR=115&SEM=1&CrsDat=PAM702&Crsname=高等研究方法,,,False,公事博,PAM702,1,不分班,"高等研究方法
ADVANCED RESEARCH METHODOLOGY",3,期,True,50,0,0,50,"彭渰雯,謝旭昇","四8,6,7(管CM 1020)","['', '', '', '678', '', '', '']",《講授類》,[],False
https://selcrs.nsysu.edu.tw/menu5/showoutline.asp?SYEAR=115&SEM=1&CrsDat=HRM702&Crsname=高等人力資源管理,,,False,人管博,HRM702,1,不分班,"高等人力資源管理
ADVANCED HUMAN RESOURCE MANAGEMENT",3,期,True,30,0,0,30,紀乃文,"四8,6,7(管CM 1036)","['', '', '', '678', '', '', '']",《講授類》,[],False
https://selcrs.nsysu.edu.tw/menu5/showoutline.asp?SYEAR=115&SEM=1&CrsDat=HRM703&Crsname=高等研究方法（一）,,,False,人管博,HRM703,1,不分班,"高等研究方法（一）
ADVANCED RESEARCH METHODS (I)",3,期,True,30,0,0,30,謝慧賢,"一8,6,7(管CM 1036)","['678', '', '', '', '', '', '']","《講授類》
限人管所修",[],False
https://selcrs.nsysu.edu.tw/menu5/showoutline.asp?SYEAR=115&SEM=1&CrsDat=HRM705&Crsname=專案研究,,,False,人管博,HRM705,2,不分班,"專案研究
INDEPENDENT STUDIES",3,期,False,50,0,0,50,"何佳澔,葉致微,鄭怡玲","三A,1,B(管CM 3044)","['', '', 'A1B', '', '', '', '']","《講授類》
限人管所修",[],False
https://selcrs.nsysu.edu.tw/menu5/showoutline.asp?SYEAR=115&SEM=1&CrsDat=HRM747&Crsname=創新管理,,,False,人管博,HRM747,2,不分班,"創新管理
INNOVATION MANAGEMENT",3,期,False,30,0,0,30,陳旻男,"三2,3,4(管CM 1036)","['', '', '234', '', '', '', '']",《講授類》,[],True
https://selcrs.nsysu.edu.tw/menu5/showoutline.asp?SYEAR=115&SEM=1&CrsDat=HRM759&Crsname=職場壓力與健康研討,,,False,人管博,HRM759,0,不分班,"職場壓力與健康研討
SEMINAR IN WORKPLACE STRESS AND HEALTH",3,期,False,50,0,0,50,謝慧賢,"二2,3,4(管CM 3044)","['', '234', '', '', '', '', '']","《研討類》
限人管所修",[],False
https://selcrs.nsysu.edu.tw/menu5/showoutline.asp?SYEAR=115&SEM=1&CrsDat=HCM702&Crsname=高等統計分析（一）,,,False,企醫管博,HCM702,1,不分班,"高等統計分析（一）
ADVANCED STATISTICAL ANALYSIS (I)",3,期,True,50,0,0,50,彭聖翔,"四5,6,7(管CM 2025)","['', '', '', '567', '', '', '']","《講授類》
併班企管博高等數量方法（一）",[],True
https://selcrs.nsysu.edu.tw/menu5/showoutline.asp?SYEAR=115&SEM=1&CrsDat=HCM705&Crsname=高等醫療經濟,,,False,企醫管博,HCM705,1,不分班,"高等醫療經濟
ADVANCED HEALTH ECONOMICS",3,期,True,50,0,0,50,黃俊智,"四2,3,4(管CM 2021)","['', '', '', '234', '', '', '']",《講授類》,[],False
https://selcrs.nsysu.edu.tw/menu5/showoutline.asp?SYEAR=115&SEM=1&CrsDat=HCM706&Crsname=醫護學術論文發表實務與倫理,,,False,企醫管博,HCM706,0,不分班,"醫護學術論文發表實務與倫理
PRACTICE AND ETHICS IN MEDICAL ACADEMIC PUBLISHING",3,期,False,50,0,0,50,李英俊,"三2,3,4(管CM 3035)","['', '', '234', '', '', '', '']",《研討類》,[],False
https://selcrs.nsysu.edu.tw/menu5/showoutline.asp?SYEAR=115&SEM=1&CrsDat=MBR701&Crsname=海洋生物科技專題研討（五）,,,True,海資博,MBR701,1,不分班,"海洋生物科技專題研討（五）
SEMINAR IN MARINE BIOTECHNOLOGY (V)",2,期,True,50,0,0,50,李澤民,"一6,7(海MB 2020)","['67', '', '', '', '', '', '']","《研討類》
碩博士班併班上課。",[],False
https://selcrs.nsysu.edu.tw/menu5/showoutline.asp?SYEAR=115&SEM=1&CrsDat=MBR703&Crsname=海洋生態專題研討（五）,,,True,海資博,MBR703,1,不分班,"海洋生態專題研討（五）
SEMINAR IN MARINE ECOLOGY (V)",2,期,True,50,0,0,50,林秀瑾,"一6,7(海MB 3013)","['67', '', '', '', '', '', '']","《研討類》
碩博士班併班上課。",[],False
https://selcrs.nsysu.edu.tw/menu5/showoutline.asp?SYEAR=115&SEM=1&CrsDat=MBR707&Crsname=海洋化學資源專題研討（五）,,,True,海資博,MBR707,1,不分班,"海洋化學資源專題研討（五）
SEMINAR IN MARINE CHEMICAL RESOURCES (V)",2,期,True,50,0,0,50,廖志中,"一6,7(海MB 2014)","['67', '', '', '', '', '', '']","《研討類》
碩博士班併班上課。",[],False
https://selcrs.nsysu.edu.tw/menu5/showoutline.asp?SYEAR=115&SEM=1&CrsDat=MBR716&Crsname=水生生態專題研究（五）,,,False,海資博,MBR716,1,不分班,"水生生態專題研究（五）
INDEPENDENT STUDIES IN AQUATIC ECOLOGY (５)",2,期,False,50,0,0,50,"劉商隱,張桂祥,林梅芳,林秀瑾,水晶","四A,1()","['', '', '', 'A1', '', '', '']",《獨立研究》,[],False
https://selcrs.nsysu.edu.tw/menu5/showoutline.asp?SYEAR=115&SEM=1&CrsDat=MBR726&Crsname=海洋化學生物學專題研究（五）,,,False,海資博,MBR726,1,不分班,"海洋化學生物學專題研究（五）
INDEPENDENT STUDIES IN MARINE CHEMICAL BIOLOGY (V)",2,期,False,50,0,0,50,"廖志中,李益銘,翁靖如,鄭源斌","四A,1()","['', '', '', 'A1', '', '', '']",《獨立研究》,[],False
https://selcrs.nsysu.edu.tw/menu5/showoutline.asp?SYEAR=115&SEM=1&CrsDat=MBR734&Crsname=海洋資源與生物科技專題,,,False,海資博,MBR734,1,不分班,"海洋資源與生物科技專題
SPECIAL TOPICS ON MARINE RESOURCES AND BIOTECHNOLOGY",3,期,False,50,0,0,50,"廖志中,廖睿妘,林梅芳,林秀瑾,王敬湧","四5,6,7(海MB 3013)","['', '', '', '567', '', '', '']",《講授類》,[],True
https://selcrs.nsysu.edu.tw/menu5/showoutline.asp?SYEAR=115&SEM=1&CrsDat=MBR737&Crsname=海洋生物科技專題研究（五）,,,False,海資博,MBR737,1,不分班,"海洋生物科技專題研究（五）
INDEPENDENT STUDIES IN MARINE BIOTECHNOLOGY(V)",2,期,False,50,0,0,50,"廖睿妘,張鈞涵,李景欽,李澤民,王亮鈞","四A,1()","['', '', '', 'A1', '', '', '']",《獨立研究》,[],False
https://selcrs.nsysu.edu.tw/menu5/showoutline.asp?SYEAR=115&SEM=1&CrsDat=MBR801&Crsname=海洋生物科技專題研討（七）,,,True,海資博,MBR801,2,不分班,"海洋生物科技專題研討（七）
SEMINAR IN MARINE BIOTECHNOLOGY (VII)",2,期,True,50,0,0,50,李澤民,"一6,7(海MB 2020)","['67', '', '', '', '', '', '']","《研討類》
碩博士班併班上課。",[],False
https://selcrs.nsysu.edu.tw/menu5/showoutline.asp?SYEAR=115&SEM=1&CrsDat=MBR803&Crsname=海洋生態專題研討（七）,,,True,海資博,MBR803,2,不分班,"海洋生態專題研討（七）
SEMINAR IN MARINE ECOLOGY (VII)",2,期,True,50,0,0,50,林秀瑾,"一6,7(海MB 3013)","['67', '', '', '', '', '', '']","《研討類》
碩博士班併班上課。",[],False
https://selcrs.nsysu.edu.tw/menu5/showoutline.asp?SYEAR=115&SEM=1&CrsDat=MBR807&Crsname=海洋化學資源專題研討（七）,,,True,海資博,MBR807,2,不分班,"海洋化學資源專題研討（七）
SEMINAR IN MARINE CHEMICAL RESOURCES (VII)",2,期,True,50,0,0,50,廖志中,"一6,7(海MB 2014)","['67', '', '', '', '', '', '']","《研討類》
碩博士班併班上課。",[],False
https://selcrs.nsysu.edu.tw/menu5/showoutline.asp?SYEAR=115&SEM=1&CrsDat=MBR813&Crsname=水生生態專題研究（七）,,,False,海資博,MBR813,2,不分班,"水生生態專題研究（七）
INDEPENDENT STUDIES IN AQUATIC ECOLOGY (７)",2,期,False,50,0,0,50,"劉商隱,張桂祥,林梅芳,林秀瑾,水晶","五8,9()","['', '', '', '', '89', '', '']",《獨立研究》,[],False
https://selcrs.nsysu.edu.tw/menu5/showoutline.asp?SYEAR=115&SEM=1&CrsDat=MBR821&Crsname=海洋化學生物學專題研究（七）,,,False,海資博,MBR821,2,不分班,"海洋化學生物學專題研究（七）
INDEPENDENT STUDIES IN MARINE CHEMICAL BIOLOGY (VII)",2,期,False,50,0,0,50,"廖志中,李益銘,翁靖如,鄭源斌","五8,9()","['', '', '', '', '89', '', '']",《獨立研究》,[],False
https://selcrs.nsysu.edu.tw/menu5/showoutline.asp?SYEAR=115&SEM=1&CrsDat=MBR823&Crsname=海洋生物科技專題研究（七）,,,False,海資博,MBR823,2,不分班,"海洋生物科技專題研究（七）
INDEPENDENT STUDIES IN MARINE BIOTECHNOLOGY (VII)",2,期,False,50,0,0,50,"廖睿妘,張鈞涵,李景欽,李澤民,王亮鈞","五8,9()","['', '', '', '', '89', '', '']",《獨立研究》,[],False
https://selcrs.nsysu.edu.tw/menu5/showoutline.asp?SYEAR=115&SEM=1&CrsDat=MAEV721&Crsname=高等波浪理論（一）,,,False,海工博,MAEV721,1,不分班,"高等波浪理論（一）
ADVANCED WAVE THEORY(I)",3,期,False,50,0,0,50,許弘莒,"二8,6,7(海ME 3005)","['', '678', '', '', '', '', '']",《講授類》,[],False
https://selcrs.nsysu.edu.tw/menu5/showoutline.asp?SYEAR=115&SEM=1&CrsDat=DO752&Crsname=海洋生物專題研究（三）,,,False,海科博,DO752,0,不分班,"海洋生物專題研究（三）
INDEPENDENT STUDIES IN MARINE BIOLOGY (III)",3,期,False,50,0,0,50,指導教授,"五C,D,E()","['', '', '', '', 'CDE', '', '']",《獨立研究》,[],False
https://selcrs.nsysu.edu.tw/menu5/showoutline.asp?SYEAR=115&SEM=1&CrsDat=DO754&Crsname=海洋生物專題討論（一）,,,False,海科博,DO754,0,不分班,"海洋生物專題討論（一）
SEMINAR IN MARINE BIOLOGY (I)",1,期,False,50,0,0,50,熊寶兒,三6(),"['', '', '6', '', '', '', '']",《研討類》,[],True
https://selcrs.nsysu.edu.tw/menu5/showoutline.asp?SYEAR=115&SEM=1&CrsDat=DO756&Crsname=海洋生物專題討論（三）,,,False,海科博,DO756,0,不分班,"海洋生物專題討論（三）
SEMINAR IN MARINE BIOLOGY (III)",1,期,False,50,0,0,50,熊寶兒,三7(),"['', '', '7', '', '', '', '']",《研討類》,[],True
https://selcrs.nsysu.edu.tw/menu5/showoutline.asp?SYEAR=115&SEM=1&CrsDat=IGPM701&Crsname=專題討論（一）,,,False,海科全英博,IGPM701,0,不分班,"專題討論（一）
SEMINAR (I)",1,期,False,50,0,0,50,"待聘,王敬湧",三6(海MB 1005),"['', '', '6', '', '', '', '']",《研討類》,[],True
https://selcrs.nsysu.edu.tw/menu5/showoutline.asp?SYEAR=115&SEM=1&CrsDat=IGPM703&Crsname=專題討論（三）,,,False,海科全英博,IGPM703,0,不分班,"專題討論（三）
SEMINAR (III)",1,期,False,50,0,0,50,"待聘,王敬湧",三7(海MB 1005),"['', '', '7', '', '', '', '']",《研討類》,[],True
https://selcrs.nsysu.edu.tw/menu5/showoutline.asp?SYEAR=115&SEM=1&CrsDat=IGPM705&Crsname=專題研究（一）,,,False,海科全英博,IGPM705,0,不分班,"專題研究（一）
INDEPENDENT STUDY (I)",3,期,False,50,0,0,50,"張桂祥,待聘,王敬湧","二5,6,7(各研究室)","['', '567', '', '', '', '', '']",《獨立研究》,[],True
https://selcrs.nsysu.edu.tw/menu5/showoutline.asp?SYEAR=115&SEM=1&CrsDat=IGPM707&Crsname=進階浮游植物生態學研究（一）,,,False,海科全英博,IGPM707,0,不分班,"進階浮游植物生態學研究（一）
ADVANCED STUDIES IN PHYTOPLANKTON ECOLOGY (I)",2,期,False,50,0,0,50,張桂祥,"二2,3(海MB 1005)","['', '23', '', '', '', '', '']",《講授類》,[],True
https://selcrs.nsysu.edu.tw/menu5/showoutline.asp?SYEAR=115&SEM=1&CrsDat=IPS701&Crsname=政治學方法論,,,False,政治博,IPS701,1,不分班,"政治學方法論
METHODOLOGY OF POLITICAL SCIENCE",3,期,True,50,0,0,50,劉正山,"一2,3,4(社SS 3010-1)","['234', '', '', '', '', '', '']",《講授類》,[],True
https://selcrs.nsysu.edu.tw/menu5/showoutline.asp?SYEAR=115&SEM=1&CrsDat=IOE706&Crsname=比較教育研究,,,False,教育博,IOE706,0,不分班,"比較教育研究
STUIES IN COMPARATIVE EDUCATION",3,期,False,50,0,0,50,紀博善,"三2,3,4(社SS 2002-2)","['', '', '234', '', '', '', '']",《講授類》,[],True
https://selcrs.nsysu.edu.tw/menu5/showoutline.asp?SYEAR=115&SEM=1&CrsDat=IOE714&Crsname=教育統計學研究,,,False,教育博,IOE714,0,不分班,"教育統計學研究
STUDIES IN EDUCATIONAL STATISTICS",3,期,False,50,0,0,50,施慶麟,"三2,3,4(社SS 3006)","['', '', '234', '', '', '', '']",《講授類》,[],False
https://selcrs.nsysu.edu.tw/menu5/showoutline.asp?SYEAR=115&SEM=1&CrsDat=IOE719&Crsname=教育政策分析,,,False,教育博,IOE719,0,不分班,"教育政策分析
ANALYSES ON EDUCATIONAL POLICIES",3,期,False,30,0,0,30,林靜慧,"一B,5,6(社SS 2002-2)","['B56', '', '', '', '', '', '']",《講授類》,[],False
https://selcrs.nsysu.edu.tw/menu5/showoutline.asp?SYEAR=115&SEM=1&CrsDat=IOE732&Crsname=發展心理學研究,,,False,教育博,IOE732,0,不分班,"發展心理學研究
RESEARCH IN DEVELOPMENTAL PSYCHOLOGY",3,期,False,15,0,0,15,宋呈澔,"二2,3,4(社SS 2006)","['', '234', '', '', '', '', '']",《講授類》,[],True
https://selcrs.nsysu.edu.tw/menu5/showoutline.asp?SYEAR=115&SEM=1&CrsDat=IOE735&Crsname=質性研究法,,,False,教育博,IOE735,0,不分班,"質性研究法
QUALITATIVE RESEARCH METHOD",3,期,False,50,0,0,50,莊雪華,"四B,5,6(社SS 2005)","['', '', '', 'B56', '', '', '']",《講授類》,[],False
https://selcrs.nsysu.edu.tw/menu5/showoutline.asp?SYEAR=115&SEM=1&CrsDat=IOE749&Crsname=專題研討（一）,,,False,教育博,IOE749,1,不分班,"專題研討（一）
SEMINAR IN EDUCATIONAL RESEARCH",1,期,True,20,0,0,20,鄭雯,二5(社SS 2001),"['', '5', '', '', '', '', '']",《研討類》,[],False
https://selcrs.nsysu.edu.tw/menu5/showoutline.asp?SYEAR=115&SEM=1&CrsDat=IOE773&Crsname=紮根理論研究法,,,False,教育博,IOE773,0,不分班,"紮根理論研究法
GROUNDED THEORY METHOD",3,期,False,30,0,0,30,陳利銘,"一8,6,7(社SS 2004-3)","['678', '', '', '', '', '', '']",《講授類》,[],False
https://selcrs.nsysu.edu.tw/menu5/showoutline.asp?SYEAR=115&SEM=1&CrsDat=IOE778&Crsname=永續發展教育研究,,,False,教育博,IOE778,0,不分班,"永續發展教育研究
EDUCATION FOR SUSTAINABLE DEVELOPMENT RESEARCH",3,期,False,20,0,0,20,謝百淇,"四2,3,4(社SS 2002-2)","['', '', '', '234', '', '', '']",《講授類》,[],True
https://selcrs.nsysu.edu.tw/menu5/showoutline.asp?SYEAR=115&SEM=1&CrsDat=IOE783&Crsname=行為科學實驗法,,,False,教育博,IOE783,0,不分班,"行為科學實驗法
EXPERIMENTAL RESEARCH IN BEHAVIORAL SCIENCES",3,期,False,20,0,0,20,馮雅群,"一8,6,7(社SS 2005)","['678', '', '', '', '', '', '']",《講授類》,[],False
https://selcrs.nsysu.edu.tw/menu5/showoutline.asp?SYEAR=115&SEM=1&CrsDat=IOE785&Crsname=大學生學習發展,,,False,教育博,IOE785,0,不分班,"大學生學習發展
STUDENT DEVELOPMENT IN HIGHER EDUCATION",3,期,False,30,0,0,30,陳威霖,"四8,6,7(社SS 2006)","['', '', '', '678', '', '', '']",《講授類》,[],True
https://selcrs.nsysu.edu.tw/menu5/showoutline.asp?SYEAR=115&SEM=1&CrsDat=IOE791&Crsname=人工智慧教育,,,False,教育博,IOE791,0,不分班,"人工智慧教育
ARTIFICIAL INTELLIGENCE IN EDUCATION",3,期,False,50,0,0,50,陳菁徽,"四2,3,4(社SS 2002-1)","['', '', '', '234', '', '', '']",《講授類》,[],True
https://selcrs.nsysu.edu.tw/menu5/showoutline.asp?SYEAR=115&SEM=1&CrsDat=IOE801&Crsname=教育學方法論研究,,,False,教育博,IOE801,2,不分班,"教育學方法論研究
SPECIAL TOPICS IN METHODOLOGY OF EDUCATIONAL STUDIES",3,期,True,20,0,0,20,邱文彬,"二8,9,7(社SS 2005)","['', '789', '', '', '', '', '']","《講授類》
一般組：教育學方法論研究、研究方法論(英語授課)，二擇一修習。",[],False
https://selcrs.nsysu.edu.tw/menu5/showoutline.asp?SYEAR=115&SEM=1&CrsDat=IOE802&Crsname=獨立研究（一）,,,False,教育博,IOE802,2,不分班,"獨立研究（一）
INDEPENDENT STUDIES",3,期,True,50,0,0,50,施慶麟,"六2,3,4()","['', '', '', '', '', '234', '']",《獨立研究》,[],False
https://selcrs.nsysu.edu.tw/menu5/showoutline.asp?SYEAR=115&SEM=1&CrsDat=IOE804&Crsname=專題研討（三）,,,False,教育博,IOE804,2,不分班,"專題研討（三）
SEMINAR IN EDUCATIONAL RESEARCH",1,期,True,30,0,0,30,鄭雯,二5(社SS 2001),"['', '5', '', '', '', '', '']",《研討類》,[],False
https://selcrs.nsysu.edu.tw/menu5/showoutline.asp?SYEAR=115&SEM=1&CrsDat=IOE818&Crsname=高等教育校務研究專題,,,False,教育博,IOE818,0,不分班,"高等教育校務研究專題
THE FOUNDATIONS OF INSTITUTIONAL RESEARCH",3,期,False,50,0,0,50,林靜慧,"三B,5,6(社SS 2004-3)","['', '', 'B56', '', '', '', '']",《講授類》,[],True
https://selcrs.nsysu.edu.tw/menu5/showoutline.asp?SYEAR=115&SEM=1&CrsDat=IOE823&Crsname=教育創新管理,,,False,教育博,IOE823,0,不分班,"教育創新管理
MANAGEMENT OF INNOVATION IN EDUCATION",3,期,False,50,0,0,50,艾玲,"五2,3,4(社SS 2002-1)","['', '', '', '', '234', '', '']",《講授類》,[],True
https://selcrs.nsysu.edu.tw/menu5/showoutline.asp?SYEAR=115&SEM=1&CrsDat=IOE824&Crsname=學習分析,,,False,教育博,IOE824,0,不分班,"學習分析
LEARNING ANALYTICS",3,期,False,50,0,0,50,艾玲,"四8,6,7(社SS 2002-1)","['', '', '', '678', '', '', '']",《講授類》,[],True
https://selcrs.nsysu.edu.tw/menu5/showoutline.asp?SYEAR=115&SEM=1&CrsDat=IOE825&Crsname=研究方法論,,,False,教育博,IOE825,2,不分班,"研究方法論
RESEARCH METHODOLOGY",3,期,True,20,0,0,20,邱文彬,"二2,3,4(社SS 2005)","['', '234', '', '', '', '', '']",《講授類》,[],True
https://selcrs.nsysu.edu.tw/menu5/showoutline.asp?SYEAR=115&SEM=1&CrsDat=IOE838&Crsname=學習科學：理論與實踐,,,False,教育博,IOE838,0,不分班,"學習科學：理論與實踐
LEARNING SCIENCES: THEORY AND PRACTICE",3,期,False,30,0,0,30,張宇慧,"一5,6,7(社SS 3006)","['567', '', '', '', '', '', '']",《講授類》,[],True
https://selcrs.nsysu.edu.tw/menu5/showoutline.asp?SYEAR=115&SEM=1&CrsDat=IOE857&Crsname=個體知識論教育研究,,,False,教育博,IOE857,0,不分班,"個體知識論教育研究
RESEARCH ON PERSONAL EPISTEMOLOGY IN THE CLASSROOM",3,期,False,30,0,0,30,張至慶,"四8,6,7(社SS 2002-2)","['', '', '', '678', '', '', '']",《講授類》,[],True
https://selcrs.nsysu.edu.tw/menu5/showoutline.asp?SYEAR=115&SEM=1&CrsDat=CAPS747&Crsname=政治學研究方法,,,True,亞太博,CAPS747,1,不分班,"政治學研究方法
POLITICAL SCIENCE RESEARCH METHODS",3,期,True,50,0,0,50,郭育仁,"二2,3,4(社SS 2008)","['', '234', '', '', '', '', '']",《講授類》,[],True
https://selcrs.nsysu.edu.tw/menu5/showoutline.asp?SYEAR=115&SEM=1&CrsDat=CAPS749&Crsname=法學研究方法,,,True,亞太博,CAPS749,1,不分班,"法學研究方法
COMPARATIVE LEGAL RESEARCH METHODOLOGY",3,期,True,50,0,0,50,楊健弘,"四8,6,7(社SS 2009-1)","['', '', '', '678', '', '', '']",《講授類》,[],False
https://selcrs.nsysu.edu.tw/menu5/showoutline.asp?SYEAR=115&SEM=1&CrsDat=CAPS750&Crsname=美國外交政策,,,True,亞太博,CAPS750,1,不分班,"美國外交政策
AMERICAN FOREIGN POLICY",3,期,True,50,0,0,50,黎寶文,"六2,3,4(社SS 2009-1)","['', '', '', '', '', '234', '']",《講授類》,[],True
https://selcrs.nsysu.edu.tw/menu5/showoutline.asp?SYEAR=115&SEM=1&CrsDat=CAPS776&Crsname=亞太國家憲政發展,,,True,亞太博,CAPS776,1,不分班,"亞太國家憲政發展
CONSTITUTIONAL DEVELOPMENT OF ASIA-PACIFIC COUNTRIES",3,期,True,50,0,0,50,陳盈雪,"二2,3,4(社SS 2007)","['', '234', '', '', '', '', '']",《講授類》,[],True
https://selcrs.nsysu.edu.tw/menu5/showoutline.asp?SYEAR=115&SEM=1&CrsDat=CAPS779&Crsname=國際經濟趨勢分析,,,True,亞太博,CAPS779,1,不分班,"國際經濟趨勢分析
ANALYSIS OF INTERNATIONAL ECONOMIC TRENDS",3,期,True,50,0,0,50,陳珮芬,"一5,6,7(社SS 2007)","['567', '', '', '', '', '', '']",《講授類》,[],False
https://selcrs.nsysu.edu.tw/menu5/showoutline.asp?SYEAR=115&SEM=1&CrsDat=IGPE701&Crsname=研究方法論,,,False,教人全英博,IGPE701,2,不分班,"研究方法論
RESEARCH METHODOLOGY",3,期,True,20,0,0,20,邱文彬,"二2,3,4(社SS 2005)","['', '234', '', '', '', '', '']",《講授類》,[],True
https://selcrs.nsysu.edu.tw/menu5/showoutline.asp?SYEAR=115&SEM=1&CrsDat=IGPE703&Crsname=教育統計學研究,,,False,教人全英博,IGPE703,0,不分班,"教育統計學研究
STUDIES IN EDUCATIONAL STATISTICS",3,期,False,30,0,0,30,艾玲,"四2,3,4(社SS 3006)","['', '', '', '234', '', '', '']",《講授類》,[],True
https://selcrs.nsysu.edu.tw/menu5/showoutline.asp?SYEAR=115&SEM=1&CrsDat=IGPE704&Crsname=永續發展教育研究,,,False,教人全英博,IGPE704,0,不分班,"永續發展教育研究
EDUCATION FOR SUSTAINABLE DEVELOPMENT RESEARCH",3,期,False,15,0,0,15,謝百淇,"四2,3,4(社SS 2002-2)","['', '', '', '234', '', '', '']",《講授類》,[],True
https://selcrs.nsysu.edu.tw/menu5/showoutline.asp?SYEAR=115&SEM=1&CrsDat=IGPE707&Crsname=比較教育研究,,,False,教人全英博,IGPE707,0,不分班,"比較教育研究
STUDIES IN COMPARATIVE EDUCATION",3,期,False,20,0,0,20,紀博善,"三2,3,4(社SS 2002-2)","['', '', '234', '', '', '', '']",《講授類》,[],True
https://selcrs.nsysu.edu.tw/menu5/showoutline.asp?SYEAR=115&SEM=1&CrsDat=IGPE729&Crsname=高等教育校務研究專題,,,False,教人全英博,IGPE729,0,不分班,"高等教育校務研究專題
THE FOUNDATIONS OF INSTITUTIONAL RESEARCH",3,期,False,30,0,0,30,林靜慧,"三B,5,6(社SS 2004-3)","['', '', 'B56', '', '', '', '']",《講授類》,[],True
https://selcrs.nsysu.edu.tw/menu5/showoutline.asp?SYEAR=115&SEM=1&CrsDat=IGPE739&Crsname=學習分析,,,False,教人全英博,IGPE739,0,不分班,"學習分析
LEARNING ANALYTICS",3,期,False,20,0,0,20,艾玲,"四8,6,7(社SS 2002-1)","['', '', '', '678', '', '', '']",《講授類》,[],True
https://selcrs.nsysu.edu.tw/menu5/showoutline.asp?SYEAR=115&SEM=1&CrsDat=IGPE745&Crsname=教育創新管理,,,False,教人全英博,IGPE745,0,不分班,"教育創新管理
MANAGEMENT OF INNOVATION IN EDUCATION",3,期,False,20,0,0,20,艾玲,"五2,3,4(社SS 2002-1)","['', '', '', '', '234', '', '']",《講授類》,[],True
https://selcrs.nsysu.edu.tw/menu5/showoutline.asp?SYEAR=115&SEM=1&CrsDat=IGPE749&Crsname=大學生學習發展,,,False,教人全英博,IGPE749,0,不分班,"大學生學習發展
STUDENT DEVELOPMENT IN HIGHER EDUCATION",3,期,False,20,0,0,20,陳威霖,"四8,6,7(社SS 2006)","['', '', '', '678', '', '', '']",《講授類》,[],True
https://selcrs.nsysu.edu.tw/menu5/showoutline.asp?SYEAR=115&SEM=1&CrsDat=IGPE753&Crsname=學習科學：理論與實踐,,,False,教人全英博,IGPE753,0,不分班,"學習科學：理論與實踐
LEARNING SCIENCES: THEORY AND PRACTICE",3,期,False,30,0,0,30,張宇慧,"一5,6,7(社SS 3006)","['567', '', '', '', '', '', '']",《講授類》,[],True
https://selcrs.nsysu.edu.tw/menu5/showoutline.asp?SYEAR=115&SEM=1&CrsDat=IGPE770&Crsname=人工智慧教育,,,False,教人全英博,IGPE770,0,不分班,"人工智慧教育
ARTIFICIAL INTELLIGENCE IN EDUCATION",3,期,False,30,0,0,30,陳菁徽,"四2,3,4(社SS 2002-1)","['', '', '', '234', '', '', '']",《講授類》,[],True
https://selcrs.nsysu.edu.tw/menu5/showoutline.asp?SYEAR=115&SEM=1&CrsDat=IGPE771&Crsname=發展心理學研究,,,False,教人全英博,IGPE771,0,不分班,"發展心理學研究
RESEARCH IN DEVELOPMENTAL PSYCHOLOGY",3,期,False,20,0,0,20,宋呈澔,"二2,3,4(社SS 2006)","['', '234', '', '', '', '', '']",《講授類》,[],True
https://selcrs.nsysu.edu.tw/menu5/showoutline.asp?SYEAR=115&SEM=1&CrsDat=IGPE772&Crsname=個體知識論教育研究,,,False,教人全英博,IGPE772,0,不分班,"個體知識論教育研究
RESEARCH ON PERSONAL EPISTEMOLOGY IN THE CLASSROOM",3,期,False,20,0,0,20,張至慶,"四8,6,7(社SS 2002-2)","['', '', '', '678', '', '', '']",《講授類》,[],True
https://selcrs.nsysu.edu.tw/menu5/showoutline.asp?SYEAR=115&SEM=1&CrsDat=IGPE801&Crsname=獨立研究,,,False,教人全英博,IGPE801,0,不分班,"獨立研究
INDEPENDENT STUDIES",3,期,False,10,0,0,10,鄭雯,一A() 二A() 三A(),"['A', 'A', 'A', '', '', '', '']",《獨立研究》,[],True
https://selcrs.nsysu.edu.tw/menu5/showoutline.asp?SYEAR=115&SEM=1&CrsDat=IBMS703&Crsname=書報討論（一）,,,False,生醫博,IBMS703,1,不分班,"書報討論（一）
SEMINARS (I)",1,期,True,10,0,0,10,張玉泉,一5(國IR 5005),"['5', '', '', '', '', '', '']",《講授類》,[],True
https://selcrs.nsysu.edu.tw/menu5/showoutline.asp?SYEAR=115&SEM=1&CrsDat=IBMS803&Crsname=書報討論（三）,,,False,生醫博,IBMS803,2,不分班,"書報討論（三）
SEMINAR (III)",1,期,True,10,0,0,10,"戴明泓,許晉銓",一6(國IR 5005),"['6', '', '', '', '', '', '']",《講授類》,[],True
https://selcrs.nsysu.edu.tw/menu5/showoutline.asp?SYEAR=115&SEM=1&CrsDat=IBMS805&Crsname=生物醫學專題研究（一）,,,False,生醫博,IBMS805,2,不分班,"生物醫學專題研究（一）
INDEPENDENT STUDIES IN BIOMEDICAL RESEARCH(I)",3,期,True,10,0,0,10,柯瓊媛,"四2,3,4(國IR 6017-1)","['', '', '', '234', '', '', '']",《獨立研究》,[],False
https://selcrs.nsysu.edu.tw/menu5/showoutline.asp?SYEAR=115&SEM=1&CrsDat=IBMS807&Crsname=創新轉譯醫學,,,False,生醫博,IBMS807,1,不分班,"創新轉譯醫學
INNOVATION IN TRANSLATINAL MEDICINE",3,期,True,10,0,0,10,"張玉泉,戴明泓,楊仁豪,許晉銓,鄭光宏","一2,3,4(國IR 5005)","['234', '', '', '', '', '', '']",《講授類》,[],True
https://selcrs.nsysu.edu.tw/menu5/showoutline.asp?SYEAR=115&SEM=1&CrsDat=IMST701&Crsname=書報討論（一）,,,False,醫科博,IMST701,1,不分班,"書報討論（一）
SEMINAR（I）",1,期,True,10,0,0,10,莊承鑫,三B(國IR 5002),"['', '', 'B', '', '', '', '']",《研討類》,[],False
https://selcrs.nsysu.edu.tw/menu5/showoutline.asp?SYEAR=115&SEM=1&CrsDat=IMST703&Crsname=書報討論（三）,,,False,醫科博,IMST703,2,不分班,"書報討論（三）
SEMINAR (III)",1,期,True,10,0,0,10,莊承鑫,三5(國IR 5002),"['', '', '5', '', '', '', '']",《研討類》,[],False
https://selcrs.nsysu.edu.tw/menu5/showoutline.asp?SYEAR=115&SEM=1&CrsDat=IMST705&Crsname=高等醫學科技,,,False,醫科博,IMST705,1,不分班,"高等醫學科技
ADVANCED BIOMEDICAL TECHNOLOGY",3,期,True,10,0,0,10,陳玟帆,"三2,3,4(國IR 1006-1)","['', '', '234', '', '', '', '']",《講授類》,[],False
https://selcrs.nsysu.edu.tw/menu5/showoutline.asp?SYEAR=115&SEM=1&CrsDat=IBPS701&Crsname=書報討論（一）,,,False,生技醫藥博,IBPS701,1,不分班,"書報討論（一）
SEMINAR (I)",1,期,True,50,0,0,50,余靈珊,三1(國IR 5002),"['', '', '1', '', '', '', '']",《研討類》,[],True
https://selcrs.nsysu.edu.tw/menu5/showoutline.asp?SYEAR=115&SEM=1&CrsDat=IBPS703&Crsname=書報討論（三）,,,False,生技醫藥博,IBPS703,2,不分班,"書報討論（三）
SEMINAR (III)",1,期,True,50,0,0,50,徐志文,三2(國IR 5002),"['', '', '2', '', '', '', '']",《研討類》,[],True
https://selcrs.nsysu.edu.tw/menu5/showoutline.asp?SYEAR=115&SEM=1&CrsDat=IPM701&Crsname=書報討論（一）,,,False,精準醫學博,IPM701,1,不分班,"書報討論（一）
SEMINAR(I)",1,期,True,50,0,0,50,"李豪嶧,陳俊朝",三6(國IR 5003),"['', '', '6', '', '', '', '']",《講授類》,[],True
https://selcrs.nsysu.edu.tw/menu5/showoutline.asp?SYEAR=115&SEM=1&CrsDat=IPM703&Crsname=創新精準醫學,,,False,精準醫學博,IPM703,1,不分班,"創新精準醫學
INNOVATIVE PRECISION MEDICINE",3,期,True,50,0,0,50,"于松桓,李佶珉,楊佳寧","三2,3,4(國IR 6017-1)","['', '', '234', '', '', '', '']",《講授類》,[],True
https://selcrs.nsysu.edu.tw/menu5/showoutline.asp?SYEAR=115&SEM=1&CrsDat=IPM801&Crsname=書報討論（三）,,,False,精準醫學博,IPM801,2,不分班,"書報討論（三）
SEMINAR(III)",1,期,True,50,0,0,50,"李豪嶧,陳俊朝",三7(國IR 5003),"['', '', '7', '', '', '', '']",《講授類》,[],True
https://selcrs.nsysu.edu.tw/menu5/showoutline.asp?SYEAR=115&SEM=1&CrsDat=IPM803&Crsname=精準醫學專題研究（一）,,,False,精準醫學博,IPM803,2,不分班,"精準醫學專題研究（一）
INDEPENDENT STUDIES IN BIOMEDICAL RESEARCH(I)",3,期,True,50,0,0,50,"于松桓,薛佑玲,馮已榕","一2,3,4(國IR 4005)","['234', '', '', '', '', '', '']",《獨立研究》,[],True
https://selcrs.nsysu.edu.tw/menu5/showoutline.asp?SYEAR=115&SEM=1&CrsDat=DCEM701&Crsname=書報討論（一）,,,False,臨床醫博學程,DCEM701,1,不分班,"書報討論（一）
SEMINAR（I）",1,期,True,50,0,0,50,楊仁豪,三3(國IR 5004),"['', '', '3', '', '', '', '']",《講授類》,[],True
https://selcrs.nsysu.edu.tw/menu5/showoutline.asp?SYEAR=115&SEM=1&CrsDat=DCEM703&Crsname=書報討論（三）,,,False,臨床醫博學程,DCEM703,2,不分班,"書報討論（三）
SEMINAR（III）",1,期,True,50,0,0,50,簡志彦,三B(4002),"['', '', 'B', '', '', '', '']",《講授類》,[],True
https://selcrs.nsysu.edu.tw/menu5/showoutline.asp?SYEAR=115&SEM=1&CrsDat=DCEM705&Crsname=創新轉譯醫學,,,False,臨床醫博學程,DCEM705,1,不分班,"創新轉譯醫學
INNOVATION IN TRANSLATIONAL MEDICINE",3,期,True,50,0,0,50,簡志彦,"三5,6,7(國IR 5005)","['', '', '567', '', '', '', '']",《講授類》,[],True
https://selcrs.nsysu.edu.tw/menu5/showoutline.asp?SYEAR=115&SEM=1&CrsDat=DCEM706&Crsname=專題研究（一）,,,False,臨床醫博學程,DCEM706,2,不分班,"專題研究（一）
INDEPENDENT STUDIES（I）",3,期,True,50,0,0,50,"楊仁豪,簡志彦","三2,3,4(國IR 4002)","['', '', '234', '', '', '', '']",《獨立研究》,[],True
https://selcrs.nsysu.edu.tw/menu5/showoutline.asp?SYEAR=115&SEM=1&CrsDat=DCEM720&Crsname=基因調控與疾病發生,,,False,臨床醫博學程,DCEM720,0,不分班,"基因調控與疾病發生
GENETIC REGULATION AND DISEASE OCCURRENCE",2,期,False,50,0,0,50,"簡志彦,莊蕙青","五6,7(國IR 5003)","['', '', '', '', '67', '', '']",《講授類》,[],False
https://selcrs.nsysu.edu.tw/menu5/showoutline.asp?SYEAR=115&SEM=1&CrsDat=DCEM721&Crsname=進階生物醫學統計學,,,False,臨床醫博學程,DCEM721,0,不分班,"進階生物醫學統計學
ADVANCED BIOMEDICAL STATISTICS",3,期,False,50,0,0,50,馮已榕,"二2,3,4(國IR 5004)","['', '234', '', '', '', '', '']",《講授類》,[],True
https://selcrs.nsysu.edu.tw/menu5/showoutline.asp?SYEAR=115&SEM=1&CrsDat=ISM720&Crsname=半導體元件與物理,,,False,半導體製造博,ISM720,1,不分班,"半導體元件與物理
SEMICONDUCTOR DEVICES AND PHYSICS",3,期,False,5,0,0,5,林明德,"二8,6,7(國IR 6002多功能室)","['', '678', '', '', '', '', '']","《講授類》
網路選課期間先以創新半導體製造所學生修課為優先，外院、材料機電所及半導體封測所的學生於選課異常處理期間進行紙本加簽選修。",[],True
https://selcrs.nsysu.edu.tw/menu5/showoutline.asp?SYEAR=115&SEM=1&CrsDat=ISM746&Crsname=半導體可靠度工程,,,False,半導體製造博,ISM746,1,不分班,"半導體可靠度工程
SEMICONDUCTOR RELIABILITY ENGINEERING",3,期,False,5,0,0,5,林明德,"四2,3,4(國IR 6002J)","['', '', '', '234', '', '', '']","《講授類》
網路選課期間先以創新半導體製造所學生修課為優先，外院、材料機電所及半導體封測所的學生於選課異常處理期間進行紙本加簽選修。",[],True
https://selcrs.nsysu.edu.tw/menu5/showoutline.asp?SYEAR=115&SEM=1&CrsDat=ISM760&Crsname=光電半導體科技,,,False,半導體製造博,ISM760,1,不分班,"光電半導體科技
OPTOELECTRONICS SEMICONDUCTOR TECHNOLOGY",3,期,False,5,0,0,5,洪勇智,"二2,3,4(工EC 4039)","['', '234', '', '', '', '', '']","《講授類》
網路選課期間先以創新半導體製造所學生修課為優先，外院、材料機電所及半導體封測所的學生於選課異常處理期間進行紙本加簽選修。",[],True
https://selcrs.nsysu.edu.tw/menu5/showoutline.asp?SYEAR=115&SEM=1&CrsDat=ISM765&Crsname=薄膜工程與檢測技術,,,False,半導體製造博,ISM765,0,不分班,"薄膜工程與檢測技術
THIN-FILM ENGINEERING AND CHARACTERIZATION",3,期,False,5,0,0,5,黃仲平,"三2,3,4(國IR 6002K)","['', '', '234', '', '', '', '']","《講授類》
網路選課期間先以創新半導體製造所學生修課為優先，外院、材料機電所及半導體封測所的學生於選課異常處理期間進行紙本加簽選修。",[],True
https://selcrs.nsysu.edu.tw/menu5/showoutline.asp?SYEAR=115&SEM=1&CrsDat=ISM775&Crsname=先進半導體科技,,,False,半導體製造博,ISM775,1,不分班,"先進半導體科技
ADVANCED SEMICONDUCTOR TECHNOLOGY",3,期,False,5,0,0,5,謝佳旭,"三2,3,4(國IR 6002J)","['', '', '234', '', '', '', '']","《講授類》
網路選課期間先以創新半導體製造所學生修課為優先，外院、材料機電所及半導體封測所的學生於選課異常處理期間進行紙本加簽選修。",[],True
https://selcrs.nsysu.edu.tw/menu5/showoutline.asp?SYEAR=115&SEM=1&CrsDat=ISM777&Crsname=先進微影科技理論與實務,,,False,半導體製造博,ISM777,1,不分班,"先進微影科技理論與實務
ADVANCED SEMICONDUCTOR LITHOGRAPHY TECHNOLOGY",3,期,False,5,0,0,5,王俊明,"一2,3,4(國IR 6002J)","['234', '', '', '', '', '', '']","《講授類》
網路選課期間先以創新半導體製造所學生修課為優先，外院、材料機電所及半導體封測所的學生於選課異常處理期間進行紙本加簽選修。",[],True
https://selcrs.nsysu.edu.tw/menu5/showoutline.asp?SYEAR=115&SEM=1&CrsDat=PHYS121&Crsname=物理演示,,,False,物理系,PHYS121,1,全英班,"物理演示
DEMONSTRATION OF PHYSICS",2,期,False,50,0,0,50,"吳紘丞,嚴祖強","二C,D(理SC 2006)","['', 'CD', '', '', '', '', '']",《講授類》,[],False
https://selcrs.nsysu.edu.tw/menu5/showoutline.asp?SYEAR=115&SEM=1&CrsDat=PHYS201&Crsname=應用數學（一）,,,False,物理系,PHYS201,2,全英班,"應用數學（一）
APPLIED MATHEMATICS (I)",3,期,True,80,0,0,80,黃信銘,"三6(理PH 1008) 四3,4(理PH 1008)","['', '', '6', '34', '', '', '']","《講授類》
此為一般組必修課程，提供全英組學生做為選修課程",[],False
https://selcrs.nsysu.edu.tw/menu5/showoutline.asp?SYEAR=115&SEM=1&CrsDat=PHYS203&Crsname=力學（一）,,,False,物理系,PHYS203,2,全英班,"力學（一）
MACHANICS(I)",3,期,True,50,0,0,50,呂浩宇,"一2,3,4(理PH 1008)","['234', '', '', '', '', '', '']","《講授類》
此為一般組必修課程，提供全英組學生做為選修課程",[],False
https://selcrs.nsysu.edu.tw/menu5/showoutline.asp?SYEAR=115&SEM=1&CrsDat=PHYS216&Crsname=電磁學,,,False,物理系,PHYS216,2,全英班,"電磁學
ELECTROMAGNETISM",3,期,True,50,0,0,50,陳宗緯,"一6,7(理PH 1008) 三3(理PH 1008)","['67', '', '3', '', '', '', '']","《講授類》
本課程與電磁學演習一起規劃課程, 需與電磁學演習一起修習。此為一般組必修課程，提供全英組學生做為選修課程。",[],False
https://selcrs.nsysu.edu.tw/menu5/showoutline.asp?SYEAR=115&SEM=1&CrsDat=PHYS217&Crsname=電磁學演習,,,False,物理系,PHYS217,2,全英班,"電磁學演習
ELECTROMAGNETISM RECITATION",1,期,False,50,0,0,50,陳宗緯,三4(理PH 1008),"['', '', '4', '', '', '', '']","《講授類》
本課程與電磁學一起規劃課程, 需與電磁學一起修習。此為一般組必修課程，提供全英組學生做為選修課程。",[],False
https://selcrs.nsysu.edu.tw/menu5/showoutline.asp?SYEAR=115&SEM=1&CrsDat=PHYS303&Crsname=量子物理（一）,,,False,物理系,PHYS303,3,全英班,"量子物理（一）
QUANTUM PHYSICS (I)",3,期,True,70,0,0,70,朱家誼,"三7(理PH 1009) 五3,4(理PH 1009)","['', '', '7', '', '34', '', '']","《講授類》
此為一般組必修課程，提供全英組學生做為選修課程",[],False
https://selcrs.nsysu.edu.tw/menu5/showoutline.asp?SYEAR=115&SEM=1&CrsDat=PHYS309&Crsname=應用數學（三）,,,False,物理系,PHYS309,3,全英班,"應用數學（三）
APPLIED MATHEMATICS (III)",3,期,False,50,0,0,50,待聘,"二7(理PH 5009) 四2,3(理PH 5009)","['', '7', '', '23', '', '', '']",《講授類》,[],True
https://selcrs.nsysu.edu.tw/menu5/showoutline.asp?SYEAR=115&SEM=1&CrsDat=PHYS315&Crsname=科技專題演講（二）,,,False,物理系,PHYS315,3,全英班,"科技專題演講（二）
COLLOQUIUM ON SCIENCE AND TECHNOLOGY (II)",1,期,False,50,0,0,50,朱家誼,四5(理PH 2006),"['', '', '', '5', '', '', '']",《研討類》,[],False
https://selcrs.nsysu.edu.tw/menu5/showoutline.asp?SYEAR=115&SEM=1&CrsDat=MIS312&Crsname=行銷管理,,,True,資管系,MIS312,3,,"行銷管理
MARKETING MANAGEMENT",3,期,True,50,0,0,50,李家瑩,"二5,6,7(管CM 4069)","['', '567', '', '', '', '', '']",《講授類》,[],False
https://selcrs.nsysu.edu.tw/menu5/showoutline.asp?SYEAR=115&SEM=1&CrsDat=MIS312&Crsname=行銷管理,,,True,資管系,MIS312,3,,"行銷管理
MARKETING MANAGEMENT",3,期,True,50,0,0,50,李家瑩,"二5,6,7(管CM 4069)","['', '567', '', '', '', '', '']",《講授類》,[],False
https://selcrs.nsysu.edu.tw/menu5/showoutline.asp?SYEAR=115&SEM=1&CrsDat=CM411&Crsname=倫理與社會責任的理論與實務,,,False,管理學院,CM411,0,,"倫理與社會責任的理論與實務
THEORY AND PRACTICE OF ETHICS AND SOCIAL",1,期,False,200,0,0,200,"王致遠,謝慧賢,鄭安授,陳世哲",四A(網路大學),"['', '', '', 'A', '', '', '']","《講授類》
『本課程之限修，於加退選2階段開放選修』。限管理學院大學部學生修習(含雙主修、輔系)。 CM411與CM412為同系列課程，學生只能夠就此課程當中選擇一門課進行修習，已經修習過上述任何一個課程者均不得選課。 網大進行之非同步線上課程。",[],False
https://selcrs.nsysu.edu.tw/menu5/showoutline.asp?SYEAR=115&SEM=1&CrsDat=CM411&Crsname=倫理與社會責任的理論與實務,,,False,管理學院,CM411,0,,"倫理與社會責任的理論與實務
THEORY AND PRACTICE OF ETHICS AND SOCIAL",1,期,False,200,0,0,200,"王致遠,謝慧賢,鄭安授,陳世哲",四A(網路大學),"['', '', '', 'A', '', '', '']","《講授類》
『本課程之限修，於加退選2階段開放選修』。限管理學院大學部學生修習(含雙主修、輔系)。 CM411與CM412為同系列課程，學生只能夠就此課程當中選擇一門課進行修習，已經修習過上述任何一個課程者均不得選課。 網大進行之非同步線上課程。",[],False
https://selcrs.nsysu.edu.tw/menu5/showoutline.asp?SYEAR=115&SEM=1&CrsDat=CM411&Crsname=倫理與社會責任的理論與實務,,,False,管理學院,CM411,0,,"倫理與社會責任的理論與實務
THEORY AND PRACTICE OF ETHICS AND SOCIAL",1,期,False,200,0,0,200,"王致遠,謝慧賢,鄭安授,陳世哲",四A(網路大學),"['', '', '', 'A', '', '', '']","《講授類》
『本課程之限修，於加退選2階段開放選修』。限管理學院大學部學生修習(含雙主修、輔系)。 CM411與CM412為同系列課程，學生只能夠就此課程當中選擇一門課進行修習，已經修習過上述任何一個課程者均不得選課。 網大進行之非同步線上課程。",[],False
https://selcrs.nsysu.edu.tw/menu5/showoutline.asp?SYEAR=115&SEM=1&CrsDat=CM412&Crsname=國際商管倫理觀的理論與實務,,,False,管理學院,CM412,0,,"國際商管倫理觀的理論與實務
THE THEORY AND PRACTICE OF ETHICS IN INTERNATIONAL BUSINESS MANAGEMENT",1,期,False,60,0,0,60,"王致遠,王豫萱,鄭安授",三A(網路大學),"['', '', 'A', '', '', '', '']","《講授類》
『本課程之限修，於加退選2階段開放選修』。限管理學院大學部學生修習(含雙主修、輔系)。 CM411與CM412為同系列課程，學生只能夠就此課程當中選擇一門課進行修習，已經修習過上述任何一個課程者均不得選課。 網大進行之非同步線上課程。",[],True
https://selcrs.nsysu.edu.tw/menu5/showoutline.asp?SYEAR=115&SEM=1&CrsDat=CM412&Crsname=國際商管倫理觀的理論與實務,,,False,管理學院,CM412,0,,"國際商管倫理觀的理論與實務
THE THEORY AND PRACTICE OF ETHICS IN INTERNATIONAL BUSINESS MANAGEMENT",1,期,False,60,0,0,60,"王致遠,王豫萱,鄭安授",三A(網路大學),"['', '', 'A', '', '', '', '']","《講授類》
『本課程之限修，於加退選2階段開放選修』。限管理學院大學部學生修習(含雙主修、輔系)。 CM411與CM412為同系列課程，學生只能夠就此課程當中選擇一門課進行修習，已經修習過上述任何一個課程者均不得選課。 網大進行之非同步線上課程。",[],True
https://selcrs.nsysu.edu.tw/menu5/showoutline.asp?SYEAR=115&SEM=1&CrsDat=CM412&Crsname=國際商管倫理觀的理論與實務,,,False,管理學院,CM412,0,,"國際商管倫理觀的理論與實務
THE THEORY AND PRACTICE OF ETHICS IN INTERNATIONAL BUSINESS MANAGEMENT",1,期,False,60,0,0,60,"王致遠,王豫萱,鄭安授",三A(網路大學),"['', '', 'A', '', '', '', '']","《講授類》
『本課程之限修，於加退選2階段開放選修』。限管理學院大學部學生修習(含雙主修、輔系)。 CM411與CM412為同系列課程，學生只能夠就此課程當中選擇一門課進行修習，已經修習過上述任何一個課程者均不得選課。 網大進行之非同步線上課程。",[],True
https://selcrs.nsysu.edu.tw/menu5/showoutline.asp?SYEAR=115&SEM=1&CrsDat=CM412&Crsname=國際商管倫理觀的理論與實務,,,False,管理學院,CM412,0,,"國際商管倫理觀的理論與實務
THE THEORY AND PRACTICE OF ETHICS IN INTERNATIONAL BUSINESS MANAGEMENT",1,期,False,60,0,0,60,"王致遠,王豫萱,鄭安授",三A(網路大學),"['', '', 'A', '', '', '', '']","《講授類》
『本課程之限修，於加退選2階段開放選修』。限管理學院大學部學生修習(含雙主修、輔系)。 CM411與CM412為同系列課程，學生只能夠就此課程當中選擇一門課進行修習，已經修習過上述任何一個課程者均不得選課。 網大進行之非同步線上課程。",[],True
https://selcrs.nsysu.edu.tw/menu5/showoutline.asp?SYEAR=115&SEM=1&CrsDat=MRSC114&Crsname=海洋基礎科學,,,False,海科院（學）,MRSC114,1,,"海洋基礎科學
BASIC MARINE SCIENCES",2,期,True,150,0,0,150,"林梅芳,陳冠宇,黃蔚人","一6,7(海MA 3021)","['67', '', '', '', '', '', '']","《講授類》
海資系、海工系及海科系大一必修。",[],True
https://selcrs.nsysu.edu.tw/menu5/showoutline.asp?SYEAR=115&SEM=1&CrsDat=BIOS547&Crsname=演化生物學,,,False,生科碩,BIOS547,1,,"演化生物學
EVOLUTIONARY BIOLOGY",3,期,False,50,0,0,50,江友中,"二C,D,E(理SC 3005)","['', 'CDE', '', '', '', '', '']",《講授類》,[],False
https://selcrs.nsysu.edu.tw/menu5/showoutline.asp?SYEAR=115&SEM=1&CrsDat=BIOS548&Crsname=應用解剖學,,,False,生科碩,BIOS548,1,,"應用解剖學
APPLIED ANATOMY",3,期,False,50,0,0,50,汪海晏,"一C,D,E(理BI 3001)","['CDE', '', '', '', '', '', '']",《講授類》,[],False
https://selcrs.nsysu.edu.tw/menu5/showoutline.asp?SYEAR=115&SEM=1&CrsDat=PHYS525&Crsname=半導體材料與物理,,,False,物理碩,PHYS525,1,不分班,"半導體材料與物理
SEMICONDUCTOR MATERIALS AND PHYSICS",3,期,False,50,0,0,50,余健文,"二8,6,7(理PH 5008)","['', '678', '', '', '', '', '']",《講授類》,[],True
https://selcrs.nsysu.edu.tw/menu5/showoutline.asp?SYEAR=115&SEM=1&CrsDat=PHYS525&Crsname=半導體材料與物理,,,False,物理碩,PHYS525,1,全英班,"半導體材料與物理
SEMICONDUCTOR MATERIALS AND PHYSICS",3,期,False,50,0,0,50,余健文,"二8,6,7(理PH 5008)","['', '678', '', '', '', '', '']",《講授類》,[],True
https://selcrs.nsysu.edu.tw/menu5/showoutline.asp?SYEAR=115&SEM=1&CrsDat=EE5310&Crsname=計算機網路,,,False,電機碩,EE5310,0,,"計算機網路
COMPUTER NETWORK",3,期,False,50,0,0,50,許蒼嶺,"三5,6,7(工EC 6010-2)","['', '', '567', '', '', '', '']","《講授類》
開放大三、大四學生選修",[],False
https://selcrs.nsysu.edu.tw/menu5/showoutline.asp?SYEAR=115&SEM=1&CrsDat=EE5722&Crsname=生醫影像研究方法,,,False,電機碩,EE5722,0,,"生醫影像研究方法
BIOMEDICAL IMAGE INVESTIGATION",3,期,False,50,0,0,50,吳珮歆,"一8,6,7(工EC 3014)","['678', '', '', '', '', '', '']","《講授類》
開放大三、大四學生選修",[],False
https://selcrs.nsysu.edu.tw/menu5/showoutline.asp?SYEAR=115&SEM=1&CrsDat=MOES501&Crsname=書報討論,,,False,材光碩,MOES501,1,,"書報討論
SEMINAR",1,期,True,70,0,0,70,李廣輝,"三6,7(工EN 2028 )","['', '', '67', '', '', '', '']","《研討類》
材光系碩一生選修",[],False
https://selcrs.nsysu.edu.tw/menu5/showoutline.asp?SYEAR=115&SEM=1&CrsDat=MOES503&Crsname=Ｘ光繞射學,,,False,材光碩,MOES503,0,,"Ｘ光繞射學
X-RAY DIFFRACTION",3,期,False,50,0,0,50,王致傑,"一8,6,7(工MS 4019)","['678', '', '', '', '', '', '']",《講授類》,[],False
https://selcrs.nsysu.edu.tw/menu5/showoutline.asp?SYEAR=115&SEM=1&CrsDat=MOES504&Crsname=冶金熱力學,,,False,材光碩,MOES504,0,,"冶金熱力學
METALLURGICAL THERMODYNAMICS",3,期,False,20,0,0,20,邱政維,"一C,D,E(工MS 4025)","['CDE', '', '', '', '', '', '']",《講授類》,[],True
https://selcrs.nsysu.edu.tw/menu5/showoutline.asp?SYEAR=115&SEM=1&CrsDat=MOES506&Crsname=固態相變化,,,False,材光碩,MOES506,0,,"固態相變化
PHASE TRANSFORMATION IN SOLIDS",3,期,False,20,0,0,20,張六文,"四3,4(工MS 2001) 五7(工MS 2001)","['', '', '', '34', '7', '', '']",《講授類》,[],False
https://selcrs.nsysu.edu.tw/menu5/showoutline.asp?SYEAR=115&SEM=1&CrsDat=MOES508&Crsname=高分子合成與反應,,,False,材光碩,MOES508,0,,"高分子合成與反應
SYNTHESIS AND REACTIONS OF POLYMERS",3,期,False,32,0,0,32,曼哈迪,"四C,D,E(工MS 4023)","['', '', '', 'CDE', '', '', '']",《講授類》,[],True
https://selcrs.nsysu.edu.tw/menu5/showoutline.asp?SYEAR=115&SEM=1&CrsDat=MOES512&Crsname=半導體物理,,,False,材光碩,MOES512,0,,"半導體物理
PHYSICS OF SEMICONDUCTOR",3,期,False,20,0,0,20,杭大任,"四C,D,E(工MS 4025 )","['', '', '', 'CDE', '', '', '']","《講授類》
初選限研究生選課",[],False
https://selcrs.nsysu.edu.tw/menu5/showoutline.asp?SYEAR=115&SEM=1&CrsDat=MOES513&Crsname=波動光學,,,False,材光碩,MOES513,0,,"波動光學
WAVE OPTICS",3,期,False,60,0,0,60,蘇威宏,"一4(工MS 4019) 四3,4(工MS 4019)","['4', '', '', '34', '', '', '']",《講授類》,[],True
https://selcrs.nsysu.edu.tw/menu5/showoutline.asp?SYEAR=115&SEM=1&CrsDat=MOES515&Crsname=電磁與量子物理,,,False,材光碩,MOES515,0,,"電磁與量子物理
ELECTROMAGNETISM AND QUANTUM PHYSICS",3,期,False,20,0,0,20,杭大任,"三D,E(工MS 2004) 四9(工MS 2004)","['', '', 'DE', '9', '', '', '']","《講授類》
初選限研究生選課",[],True
https://selcrs.nsysu.edu.tw/menu5/showoutline.asp?SYEAR=115&SEM=1&CrsDat=MOES541&Crsname=高分子檢測與分析,,,False,材光碩,MOES541,0,,"高分子檢測與分析
POLYMER CHARACTERIZATION",3,期,False,60,0,0,60,葉昀昇,"四8,6,7(工MS 4019)","['', '', '', '678', '', '', '']",《講授類》,[],True
https://selcrs.nsysu.edu.tw/menu5/showoutline.asp?SYEAR=115&SEM=1&CrsDat=MOES543&Crsname=軟質材料,,,False,材光碩,MOES543,0,,"軟質材料
SOFT MATERIALS",3,期,False,60,0,0,60,郭紹偉,"二8,6,7(工MS 4019 )","['', '678', '', '', '', '', '']",《講授類》,[],True
https://selcrs.nsysu.edu.tw/menu5/showoutline.asp?SYEAR=115&SEM=1&CrsDat=MOES546&Crsname=電子顯微鏡於軟物質研究之應用,,,False,材光碩,MOES546,0,,"電子顯微鏡於軟物質研究之應用
ELECTRON MICROSCOPY FOR SOFT MATERIALS",3,期,False,60,0,0,60,蔣酉旺,"二2,3,4()","['', '234', '', '', '', '', '']",《講授類》,[],True
https://selcrs.nsysu.edu.tw/menu5/showoutline.asp?SYEAR=115&SEM=1&CrsDat=MOES547&Crsname=半導體元件,,,False,材光碩,MOES547,0,,"半導體元件
SEMICONDUCTOR DEVICE",3,期,False,60,0,0,60,蔡宗鳴,"四C,D,E(工MS 4022)","['', '', '', 'CDE', '', '', '']",《講授類》,[],False
https://selcrs.nsysu.edu.tw/menu5/showoutline.asp?SYEAR=115&SEM=1&CrsDat=MOES557&Crsname=材料光譜分析,,,False,材光碩,MOES557,0,,"材料光譜分析
SPECTROSCOPIC METHODS IN MATERIALS CHARACTERIZATION",3,期,False,20,0,0,20,徐瑞鴻,"三2,3,4(工MS 4025)","['', '', '234', '', '', '', '']",《講授類》,[],False
https://selcrs.nsysu.edu.tw/menu5/showoutline.asp?SYEAR=115&SEM=1&CrsDat=MOES561&Crsname=凝態理論,,,False,材光碩,MOES561,0,,"凝態理論
CONDENSED MATTER THEORY",3,期,False,32,0,0,32,林仕鑫,"五1,2,3()","['', '', '', '', '123', '', '']",《講授類》,[],True
https://selcrs.nsysu.edu.tw/menu5/showoutline.asp?SYEAR=115&SEM=1&CrsDat=MOES591&Crsname=材料化學,,,False,材光碩,MOES591,0,,"材料化學
MATERIALS CHEMISTRY",3,期,False,60,0,0,60,王映樵,"二2,3,4(工MS 4019)","['', '234', '', '', '', '', '']",《講授類》,[],True
https://selcrs.nsysu.edu.tw/menu5/showoutline.asp?SYEAR=115&SEM=1&CrsDat=MOES592&Crsname=生醫材料,,,False,材光碩,MOES592,0,,"生醫材料
BIOMATERIALS",3,期,False,20,0,0,20,陳致光,"三D,E(工MS 2001) 四9(工MS 2001)","['', '', 'DE', '9', '', '', '']",《講授類》,[],True
https://selcrs.nsysu.edu.tw/menu5/showoutline.asp?SYEAR=115&SEM=1&CrsDat=MOES597&Crsname=生物與仿生材料,,,False,材光碩,MOES597,0,,"生物與仿生材料
BIOLOGICAL AND BIO-INSPIRED MATERIALS",3,期,False,30,0,0,30,張尹,"四8,6,7(圖IL PC05)","['', '', '', '678', '', '', '']",《講授類》,[],False
https://selcrs.nsysu.edu.tw/menu5/showoutline.asp?SYEAR=115&SEM=1&CrsDat=MIS512&Crsname=資料庫系統,,,False,資管碩,MIS512,0,,"資料庫系統
DATA BASE MANAGEMENT AND SYSTEMS",3,期,False,50,0,0,50,黃三益,"二C,D,E(管CM 4069)","['', 'CDE', '', '', '', '', '']",《講授類》,[],False
https://selcrs.nsysu.edu.tw/menu5/showoutline.asp?SYEAR=115&SEM=1&CrsDat=MIS512&Crsname=資料庫系統,,,False,資管碩,MIS512,0,,"資料庫系統
DATA BASE MANAGEMENT AND SYSTEMS",3,期,False,50,0,0,50,黃三益,"二C,D,E(管CM 4069)","['', 'CDE', '', '', '', '', '']",《講授類》,[],False
https://selcrs.nsysu.edu.tw/menu5/showoutline.asp?SYEAR=115&SEM=1&CrsDat=MIS514&Crsname=生產與作業管理,,,False,資管碩,MIS514,0,,"生產與作業管理
PRODUCTION/OPERATION MANAGEMENT",3,期,False,50,0,0,50,劉賓陽,"三2,3,4(管CM 2016)","['', '', '234', '', '', '', '']",《講授類》,[],False
https://selcrs.nsysu.edu.tw/menu5/showoutline.asp?SYEAR=115&SEM=1&CrsDat=MIS514&Crsname=生產與作業管理,,,False,資管碩,MIS514,0,,"生產與作業管理
PRODUCTION/OPERATION MANAGEMENT",3,期,False,50,0,0,50,劉賓陽,"三2,3,4(管CM 2016)","['', '', '234', '', '', '', '']",《講授類》,[],False
https://selcrs.nsysu.edu.tw/menu5/showoutline.asp?SYEAR=115&SEM=1&CrsDat=MIS526&Crsname=供應鏈管理,,,False,資管碩,MIS526,0,,"供應鏈管理
SUPPLY CHAIN MANAGEMENT",3,期,False,50,0,0,50,李捷,"三2,3,4(管CM 4069)","['', '', '234', '', '', '', '']",《講授類》,[],True
https://selcrs.nsysu.edu.tw/menu5/showoutline.asp?SYEAR=115&SEM=1&CrsDat=MIS526&Crsname=供應鏈管理,,,False,資管碩,MIS526,0,,"供應鏈管理
SUPPLY CHAIN MANAGEMENT",3,期,False,50,0,0,50,李捷,"三2,3,4(管CM 4069)","['', '', '234', '', '', '', '']",《講授類》,[],True
https://selcrs.nsysu.edu.tw/menu5/showoutline.asp?SYEAR=115&SEM=1&CrsDat=MIS526&Crsname=供應鏈管理,,,False,資管碩,MIS526,0,,"供應鏈管理
SUPPLY CHAIN MANAGEMENT",3,期,False,50,0,0,50,李捷,"三2,3,4(管CM 4069)","['', '', '234', '', '', '', '']",《講授類》,[],True
https://selcrs.nsysu.edu.tw/menu5/showoutline.asp?SYEAR=115&SEM=1&CrsDat=MIS526&Crsname=供應鏈管理,,,False,資管碩,MIS526,0,,"供應鏈管理
SUPPLY CHAIN MANAGEMENT",3,期,False,50,0,0,50,李捷,"三2,3,4(管CM 4069)","['', '', '234', '', '', '', '']",《講授類》,[],True
https://selcrs.nsysu.edu.tw/menu5/showoutline.asp?SYEAR=115&SEM=1&CrsDat=MIS559&Crsname=系統模擬與分析,,,False,資管碩,MIS559,0,,"系統模擬與分析
SYSTEM SIMULATION AND ANALYSIS",3,期,False,50,0,0,50,劉賓陽,"三D,E,F(管CM 3051)","['', '', 'DEF', '', '', '', '']",《講授類》,[],False
https://selcrs.nsysu.edu.tw/menu5/showoutline.asp?SYEAR=115&SEM=1&CrsDat=MIS559&Crsname=系統模擬與分析,,,False,資管碩,MIS559,0,,"系統模擬與分析
SYSTEM SIMULATION AND ANALYSIS",3,期,False,50,0,0,50,劉賓陽,"三D,E,F(管CM 3051)","['', '', 'DEF', '', '', '', '']",《講授類》,[],False
https://selcrs.nsysu.edu.tw/menu5/showoutline.asp?SYEAR=115&SEM=1&CrsDat=MIS580&Crsname=金融科技,,,False,資管碩,MIS580,0,,"金融科技
FINTECH",3,期,False,50,0,0,50,楊淯程,"四2,3,4(管CM 4078)","['', '', '', '234', '', '', '']",《講授類》,[],False
https://selcrs.nsysu.edu.tw/menu5/showoutline.asp?SYEAR=115&SEM=1&CrsDat=MIS580&Crsname=金融科技,,,False,資管碩,MIS580,0,,"金融科技
FINTECH",3,期,False,50,0,0,50,楊淯程,"四2,3,4(管CM 4078)","['', '', '', '234', '', '', '']",《講授類》,[],False
https://selcrs.nsysu.edu.tw/menu5/showoutline.asp?SYEAR=115&SEM=1&CrsDat=MIS583&Crsname=深度學習,,,False,資管碩,MIS583,0,,"深度學習
DEEP LEARNING",3,期,False,50,0,0,50,楊惠芳,"四2,3,4(工EC 1001)","['', '', '', '234', '', '', '']",《講授類》,[],False
https://selcrs.nsysu.edu.tw/menu5/showoutline.asp?SYEAR=115&SEM=1&CrsDat=MIS583&Crsname=深度學習,,,False,資管碩,MIS583,0,,"深度學習
DEEP LEARNING",3,期,False,50,0,0,50,楊惠芳,"四2,3,4(工EC 1001)","['', '', '', '234', '', '', '']",《講授類》,[],False
https://selcrs.nsysu.edu.tw/menu5/showoutline.asp?SYEAR=115&SEM=1&CrsDat=MIS590&Crsname=資訊檢索,,,False,資管碩,MIS590,0,,"資訊檢索
INTRODUCTION TO INFORMATION RETRIEVAL",3,期,False,50,0,0,50,羅珮綺,"一8,6,7(管CM 4078)","['678', '', '', '', '', '', '']",《講授類》,[],True
https://selcrs.nsysu.edu.tw/menu5/showoutline.asp?SYEAR=115&SEM=1&CrsDat=MIS590&Crsname=資訊檢索,,,False,資管碩,MIS590,0,,"資訊檢索
INTRODUCTION TO INFORMATION RETRIEVAL",3,期,False,50,0,0,50,羅珮綺,"一8,6,7(管CM 4078)","['678', '', '', '', '', '', '']",《講授類》,[],True
https://selcrs.nsysu.edu.tw/menu5/showoutline.asp?SYEAR=115&SEM=1&CrsDat=FM558&Crsname=成本會計學,,,False,財管碩,FM558,1,,"成本會計學
COST ACCOUNTING",3,期,False,50,0,0,50,陳俐聿,"二2,3,4(管CM 3017)","['', '234', '', '', '', '', '']","《講授類》
開放大學部選修",[],True
https://selcrs.nsysu.edu.tw/menu5/showoutline.asp?SYEAR=115&SEM=1&CrsDat=FM558&Crsname=成本會計學,,,False,財管碩,FM558,1,,"成本會計學
COST ACCOUNTING",3,期,False,50,0,0,50,陳俐聿,"二2,3,4(管CM 3017)","['', '234', '', '', '', '', '']","《講授類》
開放大學部選修",[],True
https://selcrs.nsysu.edu.tw/menu5/showoutline.asp?SYEAR=115&SEM=1&CrsDat=FM601&Crsname=國際財管理論與實務,,,False,財管碩,FM601,1,,"國際財管理論與實務
INTERNATIONAL FINANCIAL MANAGEMENT",3,期,False,50,0,0,50,蔡秉真,"二2,3,4(管CM 4078)","['', '234', '', '', '', '', '']",《講授類》,[],True
https://selcrs.nsysu.edu.tw/menu5/showoutline.asp?SYEAR=115&SEM=1&CrsDat=FM601&Crsname=國際財管理論與實務,,,False,財管碩,FM601,1,,"國際財管理論與實務
INTERNATIONAL FINANCIAL MANAGEMENT",3,期,False,50,0,0,50,蔡秉真,"二2,3,4(管CM 4078)","['', '234', '', '', '', '', '']",《講授類》,[],True
https://selcrs.nsysu.edu.tw/menu5/showoutline.asp?SYEAR=115&SEM=1&CrsDat=CM507&Crsname=倫理與社會責任,,,False,管理學院(碩),CM507,0,,"倫理與社會責任
ETHICS AND SOCIAL RESPONSIBILITY",1,期,False,200,0,0,200,"王致遠,謝慧賢,鄭安授,陳世哲",一A(網路大學),"['A', '', '', '', '', '', '']","《講授類》
『本課程之限修，於加退選2階段開放選修』。網大進行之非同步線上課程(二年級優先選課) 限管理學院研究所學生修習。 CM507與CM511為同系列課程，學生只能夠就此課程當中選擇一門課進行修習，已經修習過上述任何一個課程者均不得選課。",[],False
https://selcrs.nsysu.edu.tw/menu5/showoutline.asp?SYEAR=115&SEM=1&CrsDat=CM507&Crsname=倫理與社會責任,,,False,管理學院(碩),CM507,0,,"倫理與社會責任
ETHICS AND SOCIAL RESPONSIBILITY",1,期,False,200,0,0,200,"王致遠,謝慧賢,鄭安授,陳世哲",一A(網路大學),"['A', '', '', '', '', '', '']","《講授類》
『本課程之限修，於加退選2階段開放選修』。網大進行之非同步線上課程(二年級優先選課) 限管理學院研究所學生修習。 CM507與CM511為同系列課程，學生只能夠就此課程當中選擇一門課進行修習，已經修習過上述任何一個課程者均不得選課。",[],False
https://selcrs.nsysu.edu.tw/menu5/showoutline.asp?SYEAR=115&SEM=1&CrsDat=CM507&Crsname=倫理與社會責任,,,False,管理學院(碩),CM507,0,,"倫理與社會責任
ETHICS AND SOCIAL RESPONSIBILITY",1,期,False,200,0,0,200,"王致遠,謝慧賢,鄭安授,陳世哲",一A(網路大學),"['A', '', '', '', '', '', '']","《講授類》
『本課程之限修，於加退選2階段開放選修』。網大進行之非同步線上課程(二年級優先選課) 限管理學院研究所學生修習。 CM507與CM511為同系列課程，學生只能夠就此課程當中選擇一門課進行修習，已經修習過上述任何一個課程者均不得選課。",[],False
https://selcrs.nsysu.edu.tw/menu5/showoutline.asp?SYEAR=115&SEM=1&CrsDat=CM507&Crsname=倫理與社會責任,,,False,管理學院(碩),CM507,0,,"倫理與社會責任
ETHICS AND SOCIAL RESPONSIBILITY",1,期,False,200,0,0,200,"王致遠,謝慧賢,鄭安授,陳世哲",一A(網路大學),"['A', '', '', '', '', '', '']","《講授類》
『本課程之限修，於加退選2階段開放選修』。網大進行之非同步線上課程(二年級優先選課) 限管理學院研究所學生修習。 CM507與CM511為同系列課程，學生只能夠就此課程當中選擇一門課進行修習，已經修習過上述任何一個課程者均不得選課。",[],False
https://selcrs.nsysu.edu.tw/menu5/showoutline.asp?SYEAR=115&SEM=1&CrsDat=CM507&Crsname=倫理與社會責任,,,False,管理學院(碩),CM507,0,,"倫理與社會責任
ETHICS AND SOCIAL RESPONSIBILITY",1,期,False,200,0,0,200,"王致遠,謝慧賢,鄭安授,陳世哲",一A(網路大學),"['A', '', '', '', '', '', '']","《講授類》
『本課程之限修，於加退選2階段開放選修』。網大進行之非同步線上課程(二年級優先選課) 限管理學院研究所學生修習。 CM507與CM511為同系列課程，學生只能夠就此課程當中選擇一門課進行修習，已經修習過上述任何一個課程者均不得選課。",[],False
https://selcrs.nsysu.edu.tw/menu5/showoutline.asp?SYEAR=115&SEM=1&CrsDat=CM507&Crsname=倫理與社會責任,,,False,管理學院(碩),CM507,0,,"倫理與社會責任
ETHICS AND SOCIAL RESPONSIBILITY",1,期,False,200,0,0,200,"王致遠,謝慧賢,鄭安授,陳世哲",一A(網路大學),"['A', '', '', '', '', '', '']","《講授類》
企業管理組;
『本課程之限修，於加退選2階段開放選修』。網大進行之非同步線上課程(二年級優先選課) 限管理學院研究所學生修習。 CM507與CM511為同系列課程，學生只能夠就此課程當中選擇一門課進行修習，已經修習過上述任何一個課程者均不得選課。",[],False
https://selcrs.nsysu.edu.tw/menu5/showoutline.asp?SYEAR=115&SEM=1&CrsDat=CM507&Crsname=倫理與社會責任,,,False,管理學院(碩),CM507,0,,"倫理與社會責任
ETHICS AND SOCIAL RESPONSIBILITY",1,期,False,200,0,0,200,"王致遠,謝慧賢,鄭安授,陳世哲",一A(網路大學),"['A', '', '', '', '', '', '']","《講授類》
『本課程之限修，於加退選2階段開放選修』。網大進行之非同步線上課程(二年級優先選課) 限管理學院研究所學生修習。 CM507與CM511為同系列課程，學生只能夠就此課程當中選擇一門課進行修習，已經修習過上述任何一個課程者均不得選課。",[],False
https://selcrs.nsysu.edu.tw/menu5/showoutline.asp?SYEAR=115&SEM=1&CrsDat=CM507&Crsname=倫理與社會責任,,,False,管理學院(碩),CM507,0,,"倫理與社會責任
ETHICS AND SOCIAL RESPONSIBILITY",1,期,False,200,0,0,200,"王致遠,謝慧賢,鄭安授,陳世哲",一A(網路大學),"['A', '', '', '', '', '', '']","《講授類》
『本課程之限修，於加退選2階段開放選修』。網大進行之非同步線上課程(二年級優先選課) 限管理學院研究所學生修習。 CM507與CM511為同系列課程，學生只能夠就此課程當中選擇一門課進行修習，已經修習過上述任何一個課程者均不得選課。",[],False
https://selcrs.nsysu.edu.tw/menu5/showoutline.asp?SYEAR=115&SEM=1&CrsDat=CM507&Crsname=倫理與社會責任,,,False,管理學院(碩),CM507,0,,"倫理與社會責任
ETHICS AND SOCIAL RESPONSIBILITY",1,期,False,200,0,0,200,"王致遠,謝慧賢,鄭安授,陳世哲",一A(網路大學),"['A', '', '', '', '', '', '']","《講授類》
『本課程之限修，於加退選2階段開放選修』。網大進行之非同步線上課程(二年級優先選課) 限管理學院研究所學生修習。 CM507與CM511為同系列課程，學生只能夠就此課程當中選擇一門課進行修習，已經修習過上述任何一個課程者均不得選課。",[],False
https://selcrs.nsysu.edu.tw/menu5/showoutline.asp?SYEAR=115&SEM=1&CrsDat=CM507&Crsname=倫理與社會責任,,,False,管理學院(碩),CM507,0,,"倫理與社會責任
ETHICS AND SOCIAL RESPONSIBILITY",1,期,False,200,0,0,200,"王致遠,謝慧賢,鄭安授,陳世哲",一A(網路大學),"['A', '', '', '', '', '', '']","《講授類》
『本課程之限修，於加退選2階段開放選修』。網大進行之非同步線上課程(二年級優先選課) 限管理學院研究所學生修習。 CM507與CM511為同系列課程，學生只能夠就此課程當中選擇一門課進行修習，已經修習過上述任何一個課程者均不得選課。",[],False
https://selcrs.nsysu.edu.tw/menu5/showoutline.asp?SYEAR=115&SEM=1&CrsDat=CM507&Crsname=倫理與社會責任,,,False,管理學院(碩),CM507,0,,"倫理與社會責任
ETHICS AND SOCIAL RESPONSIBILITY",1,期,False,200,0,0,200,"王致遠,謝慧賢,鄭安授,陳世哲",一A(網路大學),"['A', '', '', '', '', '', '']","《講授類》
『本課程之限修，於加退選2階段開放選修』。網大進行之非同步線上課程(二年級優先選課) 限管理學院研究所學生修習。 CM507與CM511為同系列課程，學生只能夠就此課程當中選擇一門課進行修習，已經修習過上述任何一個課程者均不得選課。",[],False
https://selcrs.nsysu.edu.tw/menu5/showoutline.asp?SYEAR=115&SEM=1&CrsDat=CM507&Crsname=倫理與社會責任,,,False,管理學院(碩),CM507,0,,"倫理與社會責任
ETHICS AND SOCIAL RESPONSIBILITY",1,期,False,200,0,0,200,"王致遠,謝慧賢,鄭安授,陳世哲",一A(網路大學),"['A', '', '', '', '', '', '']","《講授類》
『本課程之限修，於加退選2階段開放選修』。網大進行之非同步線上課程(二年級優先選課) 限管理學院研究所學生修習。 CM507與CM511為同系列課程，學生只能夠就此課程當中選擇一門課進行修習，已經修習過上述任何一個課程者均不得選課。",[],False
https://selcrs.nsysu.edu.tw/menu5/showoutline.asp?SYEAR=115&SEM=1&CrsDat=CM507&Crsname=倫理與社會責任,,,False,管理學院(碩),CM507,0,,"倫理與社會責任
ETHICS AND SOCIAL RESPONSIBILITY",1,期,False,200,0,0,200,"王致遠,謝慧賢,鄭安授,陳世哲",一A(網路大學),"['A', '', '', '', '', '', '']","《講授類》
『本課程之限修，於加退選2階段開放選修』。網大進行之非同步線上課程(二年級優先選課) 限管理學院研究所學生修習。 CM507與CM511為同系列課程，學生只能夠就此課程當中選擇一門課進行修習，已經修習過上述任何一個課程者均不得選課。",[],False
https://selcrs.nsysu.edu.tw/menu5/showoutline.asp?SYEAR=115&SEM=1&CrsDat=CM507&Crsname=倫理與社會責任,,,False,管理學院(碩),CM507,0,,"倫理與社會責任
ETHICS AND SOCIAL RESPONSIBILITY",1,期,False,200,0,0,200,"王致遠,謝慧賢,鄭安授,陳世哲",一A(網路大學),"['A', '', '', '', '', '', '']","《講授類》
『本課程之限修，於加退選2階段開放選修』。網大進行之非同步線上課程(二年級優先選課) 限管理學院研究所學生修習。 CM507與CM511為同系列課程，學生只能夠就此課程當中選擇一門課進行修習，已經修習過上述任何一個課程者均不得選課。",[],False
https://selcrs.nsysu.edu.tw/menu5/showoutline.asp?SYEAR=115&SEM=1&CrsDat=CM507&Crsname=倫理與社會責任,,,False,管理學院(碩),CM507,0,,"倫理與社會責任
ETHICS AND SOCIAL RESPONSIBILITY",1,期,False,200,0,0,200,"王致遠,謝慧賢,鄭安授,陳世哲",一A(網路大學),"['A', '', '', '', '', '', '']","《講授類》
『本課程之限修，於加退選2階段開放選修』。網大進行之非同步線上課程(二年級優先選課) 限管理學院研究所學生修習。 CM507與CM511為同系列課程，學生只能夠就此課程當中選擇一門課進行修習，已經修習過上述任何一個課程者均不得選課。",[],False
https://selcrs.nsysu.edu.tw/menu5/showoutline.asp?SYEAR=115&SEM=1&CrsDat=CM511&Crsname=國際商管倫理觀,,,False,管理學院(碩),CM511,0,,"國際商管倫理觀
ETHICS IN INTERNATIONAL BUSINESS MANAGEMENT",1,期,False,60,0,0,60,"王致遠,王豫萱,鄭安授",二A(網路大學),"['', 'A', '', '', '', '', '']","《講授類》
『本課程之限修，於加退選2階段開放選修』。網大進行之非同步線上課程(二年級優先選課) 限管理學院研究所學生修習。 CM507與CM511為同系列課程，學生只能夠就此課程當中選擇一門課進行修習，已經修習過上述任何一個課程者均不得選課。",[],True
https://selcrs.nsysu.edu.tw/menu5/showoutline.asp?SYEAR=115&SEM=1&CrsDat=CM511&Crsname=國際商管倫理觀,,,False,管理學院(碩),CM511,0,,"國際商管倫理觀
ETHICS IN INTERNATIONAL BUSINESS MANAGEMENT",1,期,False,60,0,0,60,"王致遠,王豫萱,鄭安授",二A(網路大學),"['', 'A', '', '', '', '', '']","《講授類》
『本課程之限修，於加退選2階段開放選修』。網大進行之非同步線上課程(二年級優先選課) 限管理學院研究所學生修習。 CM507與CM511為同系列課程，學生只能夠就此課程當中選擇一門課進行修習，已經修習過上述任何一個課程者均不得選課。",[],True
https://selcrs.nsysu.edu.tw/menu5/showoutline.asp?SYEAR=115&SEM=1&CrsDat=CM511&Crsname=國際商管倫理觀,,,False,管理學院(碩),CM511,0,,"國際商管倫理觀
ETHICS IN INTERNATIONAL BUSINESS MANAGEMENT",1,期,False,60,0,0,60,"王致遠,王豫萱,鄭安授",二A(網路大學),"['', 'A', '', '', '', '', '']","《講授類》
『本課程之限修，於加退選2階段開放選修』。網大進行之非同步線上課程(二年級優先選課) 限管理學院研究所學生修習。 CM507與CM511為同系列課程，學生只能夠就此課程當中選擇一門課進行修習，已經修習過上述任何一個課程者均不得選課。",[],True
https://selcrs.nsysu.edu.tw/menu5/showoutline.asp?SYEAR=115&SEM=1&CrsDat=CM511&Crsname=國際商管倫理觀,,,False,管理學院(碩),CM511,0,,"國際商管倫理觀
ETHICS IN INTERNATIONAL BUSINESS MANAGEMENT",1,期,False,60,0,0,60,"王致遠,王豫萱,鄭安授",二A(網路大學),"['', 'A', '', '', '', '', '']","《講授類》
『本課程之限修，於加退選2階段開放選修』。網大進行之非同步線上課程(二年級優先選課) 限管理學院研究所學生修習。 CM507與CM511為同系列課程，學生只能夠就此課程當中選擇一門課進行修習，已經修習過上述任何一個課程者均不得選課。",[],True
https://selcrs.nsysu.edu.tw/menu5/showoutline.asp?SYEAR=115&SEM=1&CrsDat=CM511&Crsname=國際商管倫理觀,,,False,管理學院(碩),CM511,0,,"國際商管倫理觀
ETHICS IN INTERNATIONAL BUSINESS MANAGEMENT",1,期,False,60,0,0,60,"王致遠,王豫萱,鄭安授",二A(網路大學),"['', 'A', '', '', '', '', '']","《講授類》
『本課程之限修，於加退選2階段開放選修』。網大進行之非同步線上課程(二年級優先選課) 限管理學院研究所學生修習。 CM507與CM511為同系列課程，學生只能夠就此課程當中選擇一門課進行修習，已經修習過上述任何一個課程者均不得選課。",[],True
https://selcrs.nsysu.edu.tw/menu5/showoutline.asp?SYEAR=115&SEM=1&CrsDat=CM511&Crsname=國際商管倫理觀,,,False,管理學院(碩),CM511,0,,"國際商管倫理觀
ETHICS IN INTERNATIONAL BUSINESS MANAGEMENT",1,期,False,60,0,0,60,"王致遠,王豫萱,鄭安授",二A(網路大學),"['', 'A', '', '', '', '', '']","《講授類》
『本課程之限修，於加退選2階段開放選修』。網大進行之非同步線上課程(二年級優先選課) 限管理學院研究所學生修習。 CM507與CM511為同系列課程，學生只能夠就此課程當中選擇一門課進行修習，已經修習過上述任何一個課程者均不得選課。",[],True
https://selcrs.nsysu.edu.tw/menu5/showoutline.asp?SYEAR=115&SEM=1&CrsDat=CM511&Crsname=國際商管倫理觀,,,False,管理學院(碩),CM511,0,,"國際商管倫理觀
ETHICS IN INTERNATIONAL BUSINESS MANAGEMENT",1,期,False,60,0,0,60,"王致遠,王豫萱,鄭安授",二A(網路大學),"['', 'A', '', '', '', '', '']","《講授類》
『本課程之限修，於加退選2階段開放選修』。網大進行之非同步線上課程(二年級優先選課) 限管理學院研究所學生修習。 CM507與CM511為同系列課程，學生只能夠就此課程當中選擇一門課進行修習，已經修習過上述任何一個課程者均不得選課。",[],True
https://selcrs.nsysu.edu.tw/menu5/showoutline.asp?SYEAR=115&SEM=1&CrsDat=CM511&Crsname=國際商管倫理觀,,,False,管理學院(碩),CM511,0,,"國際商管倫理觀
ETHICS IN INTERNATIONAL BUSINESS MANAGEMENT",1,期,False,60,0,0,60,"王致遠,王豫萱,鄭安授",二A(網路大學),"['', 'A', '', '', '', '', '']","《講授類》
企業管理組;
『本課程之限修，於加退選2階段開放選修』。網大進行之非同步線上課程(二年級優先選課) 限管理學院研究所學生修習。 CM507與CM511為同系列課程，學生只能夠就此課程當中選擇一門課進行修習，已經修習過上述任何一個課程者均不得選課。",[],True
https://selcrs.nsysu.edu.tw/menu5/showoutline.asp?SYEAR=115&SEM=1&CrsDat=CM511&Crsname=國際商管倫理觀,,,False,管理學院(碩),CM511,0,,"國際商管倫理觀
ETHICS IN INTERNATIONAL BUSINESS MANAGEMENT",1,期,False,60,0,0,60,"王致遠,王豫萱,鄭安授",二A(網路大學),"['', 'A', '', '', '', '', '']","《講授類》
『本課程之限修，於加退選2階段開放選修』。網大進行之非同步線上課程(二年級優先選課) 限管理學院研究所學生修習。 CM507與CM511為同系列課程，學生只能夠就此課程當中選擇一門課進行修習，已經修習過上述任何一個課程者均不得選課。",[],True
https://selcrs.nsysu.edu.tw/menu5/showoutline.asp?SYEAR=115&SEM=1&CrsDat=CM511&Crsname=國際商管倫理觀,,,False,管理學院(碩),CM511,0,,"國際商管倫理觀
ETHICS IN INTERNATIONAL BUSINESS MANAGEMENT",1,期,False,60,0,0,60,"王致遠,王豫萱,鄭安授",二A(網路大學),"['', 'A', '', '', '', '', '']","《講授類》
『本課程之限修，於加退選2階段開放選修』。網大進行之非同步線上課程(二年級優先選課) 限管理學院研究所學生修習。 CM507與CM511為同系列課程，學生只能夠就此課程當中選擇一門課進行修習，已經修習過上述任何一個課程者均不得選課。",[],True
https://selcrs.nsysu.edu.tw/menu5/showoutline.asp?SYEAR=115&SEM=1&CrsDat=CM511&Crsname=國際商管倫理觀,,,False,管理學院(碩),CM511,0,,"國際商管倫理觀
ETHICS IN INTERNATIONAL BUSINESS MANAGEMENT",1,期,False,60,0,0,60,"王致遠,王豫萱,鄭安授",二A(網路大學),"['', 'A', '', '', '', '', '']","《講授類》
『本課程之限修，於加退選2階段開放選修』。網大進行之非同步線上課程(二年級優先選課) 限管理學院研究所學生修習。 CM507與CM511為同系列課程，學生只能夠就此課程當中選擇一門課進行修習，已經修習過上述任何一個課程者均不得選課。",[],True
https://selcrs.nsysu.edu.tw/menu5/showoutline.asp?SYEAR=115&SEM=1&CrsDat=BM504&Crsname=行銷管理與研究,,,False,企企管碩,BM504,0,,"行銷管理與研究
MARKETING MANAGEMENT AND RESEARCH",3,期,False,50,0,0,50,林政佑,"四C,D,E(管CM 4112)","['', '', '', 'CDE', '', '', '']",《講授類》,[],False
https://selcrs.nsysu.edu.tw/menu5/showoutline.asp?SYEAR=115&SEM=1&CrsDat=BM504&Crsname=行銷管理與研究,,,False,企企管碩,BM504,0,,"行銷管理與研究
MARKETING MANAGEMENT AND RESEARCH",3,期,False,50,0,0,50,林政佑,"四C,D,E(管CM 4112)","['', '', '', 'CDE', '', '', '']",《講授類》,[],False
https://selcrs.nsysu.edu.tw/menu5/showoutline.asp?SYEAR=115&SEM=1&CrsDat=BM504&Crsname=行銷管理與研究,,,False,企企管碩,BM504,0,,"行銷管理與研究
MARKETING MANAGEMENT AND RESEARCH",3,期,False,50,0,0,50,林政佑,"四C,D,E(管CM 4112)","['', '', '', 'CDE', '', '', '']","《講授類》
企業管理組;",[],False
https://selcrs.nsysu.edu.tw/menu5/showoutline.asp?SYEAR=115&SEM=1&CrsDat=BM506&Crsname=人力資源管理,,,False,企企管碩,BM506,0,,"人力資源管理
HUMAN RESOURCES MANAGEMENT",3,期,False,50,0,0,50,施欣宜,"一8,6,7(管CM 2037)","['678', '', '', '', '', '', '']","《講授類》
企業管理組;",[],True
https://selcrs.nsysu.edu.tw/menu5/showoutline.asp?SYEAR=115&SEM=1&CrsDat=BM506&Crsname=人力資源管理,,,False,企企管碩,BM506,0,,"人力資源管理
HUMAN RESOURCES MANAGEMENT",3,期,False,50,0,0,50,施欣宜,"一8,6,7(管CM 2037)","['678', '', '', '', '', '', '']",《講授類》,[],True
https://selcrs.nsysu.edu.tw/menu5/showoutline.asp?SYEAR=115&SEM=1&CrsDat=BM506&Crsname=人力資源管理,,,False,企企管碩,BM506,0,,"人力資源管理
HUMAN RESOURCES MANAGEMENT",3,期,False,50,0,0,50,施欣宜,"一8,6,7(管CM 2037)","['678', '', '', '', '', '', '']",《講授類》,[],True
https://selcrs.nsysu.edu.tw/menu5/showoutline.asp?SYEAR=115&SEM=1&CrsDat=BM507&Crsname=管理資訊系統,,,False,企企管碩,BM507,0,,"管理資訊系統
MANAGEMENT INFORMATION SYSTEMS",3,期,False,50,0,0,50,彭聖翔,"五C,D,E(管CM 1037)","['', '', '', '', 'CDE', '', '']","《講授類》
企業管理組;",[],False
https://selcrs.nsysu.edu.tw/menu5/showoutline.asp?SYEAR=115&SEM=1&CrsDat=BM507&Crsname=管理資訊系統,,,False,企企管碩,BM507,0,,"管理資訊系統
MANAGEMENT INFORMATION SYSTEMS",3,期,False,50,0,0,50,彭聖翔,"五C,D,E(管CM 1037)","['', '', '', '', 'CDE', '', '']",《講授類》,[],False
https://selcrs.nsysu.edu.tw/menu5/showoutline.asp?SYEAR=115&SEM=1&CrsDat=BM507&Crsname=管理資訊系統,,,False,企企管碩,BM507,0,,"管理資訊系統
MANAGEMENT INFORMATION SYSTEMS",3,期,False,50,0,0,50,彭聖翔,"五C,D,E(管CM 1037)","['', '', '', '', 'CDE', '', '']",《講授類》,[],False
https://selcrs.nsysu.edu.tw/menu5/showoutline.asp?SYEAR=115&SEM=1&CrsDat=MBR509&Crsname=分子細胞生物學（一）,,,True,海資碩,MBR509,1,,"分子細胞生物學（一）
MOLECULAR CELL BIOLOGY(I)",2,期,True,50,0,0,50,李景欽,"二3,4(海MB 2016)","['', '34', '', '', '', '', '']",《講授類》,[],True
https://selcrs.nsysu.edu.tw/menu5/showoutline.asp?SYEAR=115&SEM=1&CrsDat=MBR509&Crsname=分子細胞生物學（一）,,,True,海資碩,MBR509,1,,"分子細胞生物學（一）
MOLECULAR CELL BIOLOGY(I)",2,期,True,50,0,0,50,李景欽,"二3,4(海MB 2016)","['', '34', '', '', '', '', '']",《講授類》,[],True
https://selcrs.nsysu.edu.tw/menu5/showoutline.asp?SYEAR=115&SEM=1&CrsDat=MBR519&Crsname=珊瑚資源特論,,,False,海資碩,MBR519,1,,"珊瑚資源特論
SPECIAL TOPICS IN CORAL RESOURCES",2,期,False,50,0,0,50,水晶,"二3,4(海MB 2009)","['', '34', '', '', '', '', '']",《講授類》,[],True
https://selcrs.nsysu.edu.tw/menu5/showoutline.asp?SYEAR=115&SEM=1&CrsDat=MBR519&Crsname=珊瑚資源特論,,,False,海資碩,MBR519,1,,"珊瑚資源特論
SPECIAL TOPICS IN CORAL RESOURCES",2,期,False,50,0,0,50,水晶,"二3,4(海MB 2009)","['', '34', '', '', '', '', '']",《講授類》,[],True
https://selcrs.nsysu.edu.tw/menu5/showoutline.asp?SYEAR=115&SEM=1&CrsDat=MBR532&Crsname=生物科學寫作及簡報概論,,,False,海資碩,MBR532,1,,"生物科學寫作及簡報概論
INTRODUCTORY GUIDE TO SCIENTIFIC WRITING AND ORAL PRESENTATION IN BIOLOGICAL RESEARCH",3,期,False,50,0,0,50,王亮鈞,"二5,6,7(海MB 1009)","['', '567', '', '', '', '', '']",《講授類》,[],True
https://selcrs.nsysu.edu.tw/menu5/showoutline.asp?SYEAR=115&SEM=1&CrsDat=MBR532&Crsname=生物科學寫作及簡報概論,,,False,海資碩,MBR532,1,,"生物科學寫作及簡報概論
INTRODUCTORY GUIDE TO SCIENTIFIC WRITING AND ORAL PRESENTATION IN BIOLOGICAL RESEARCH",3,期,False,50,0,0,50,王亮鈞,"二5,6,7(海MB 1009)","['', '567', '', '', '', '', '']",《講授類》,[],True
https://selcrs.nsysu.edu.tw/menu5/showoutline.asp?SYEAR=115&SEM=1&CrsDat=MBR552&Crsname=珊瑚基因體學,,,False,海資碩,MBR552,1,,"珊瑚基因體學
CORAL GENOMICS",2,期,False,50,0,0,50,林梅芳,"四3,4(海MB 2016)","['', '', '', '34', '', '', '']",《講授類》,[],True
https://selcrs.nsysu.edu.tw/menu5/showoutline.asp?SYEAR=115&SEM=1&CrsDat=MBR552&Crsname=珊瑚基因體學,,,False,海資碩,MBR552,1,,"珊瑚基因體學
CORAL GENOMICS",2,期,False,50,0,0,50,林梅芳,"四3,4(海MB 2016)","['', '', '', '34', '', '', '']",《講授類》,[],True
https://selcrs.nsysu.edu.tw/menu5/showoutline.asp?SYEAR=115&SEM=1&CrsDat=MBR554&Crsname=海洋動物演化學,,,False,海資碩,MBR554,1,,"海洋動物演化學
MARINE ANIMAL EVOLUTION",3,期,False,50,0,0,50,林梅芳,"五2,3,4(海MB 2016)","['', '', '', '', '234', '', '']",《講授類》,[],True
https://selcrs.nsysu.edu.tw/menu5/showoutline.asp?SYEAR=115&SEM=1&CrsDat=MBR554&Crsname=海洋動物演化學,,,False,海資碩,MBR554,1,,"海洋動物演化學
MARINE ANIMAL EVOLUTION",3,期,False,50,0,0,50,林梅芳,"五2,3,4(海MB 2016)","['', '', '', '', '234', '', '']",《講授類》,[],True
https://selcrs.nsysu.edu.tw/menu5/showoutline.asp?SYEAR=115&SEM=1&CrsDat=MBR592&Crsname=海洋生物多樣性與保育（一）,,,True,海資碩,MBR592,1,,"海洋生物多樣性與保育（一）
MARINE BIODIVERSITY AND CONSERVATION （1）",2,期,True,50,0,0,50,劉商隱,"三3,4(海MB 2016)","['', '', '34', '', '', '', '']",《講授類》,[],True
https://selcrs.nsysu.edu.tw/menu5/showoutline.asp?SYEAR=115&SEM=1&CrsDat=MBR592&Crsname=海洋生物多樣性與保育（一）,,,True,海資碩,MBR592,1,,"海洋生物多樣性與保育（一）
MARINE BIODIVERSITY AND CONSERVATION （1）",2,期,True,50,0,0,50,劉商隱,"三3,4(海MB 2016)","['', '', '34', '', '', '', '']",《講授類》,[],True
https://selcrs.nsysu.edu.tw/menu5/showoutline.asp?SYEAR=115&SEM=1&CrsDat=MBR597&Crsname=海洋天然物與化學分析（一）,,,True,海資碩,MBR597,1,,"海洋天然物與化學分析（一）
MARINE NATURAL PRODUCTS AND CHEMICAL ANALYSIS I",2,期,True,50,0,0,50,李益銘,"五3,4(海MB 3013)","['', '', '', '', '34', '', '']",《講授類》,[],True
https://selcrs.nsysu.edu.tw/menu5/showoutline.asp?SYEAR=115&SEM=1&CrsDat=MBR597&Crsname=海洋天然物與化學分析（一）,,,True,海資碩,MBR597,1,,"海洋天然物與化學分析（一）
MARINE NATURAL PRODUCTS AND CHEMICAL ANALYSIS I",2,期,True,50,0,0,50,李益銘,"五3,4(海MB 3013)","['', '', '', '', '34', '', '']",《講授類》,[],True
https://selcrs.nsysu.edu.tw/menu5/showoutline.asp?SYEAR=115&SEM=1&CrsDat=MAEV522&Crsname=海洋系統模擬（一）,,,False,海工碩,MAEV522,1,,"海洋系統模擬（一）
MARINE SYSTEM MODELING(I)",3,期,False,50,0,0,50,歐雅森,"二8,6,7(海ME 2002)","['', '678', '', '', '', '', '']",《講授類》,[],True
https://selcrs.nsysu.edu.tw/menu5/showoutline.asp?SYEAR=115&SEM=1&CrsDat=MAEV548&Crsname=離岸結構矩陣分析,,,False,海工碩,MAEV548,1,,"離岸結構矩陣分析
MATRIX ANALYSIS OF OFFSHORE STRUCTURES",3,期,False,50,0,0,50,詹鵬台,"二8,6,7(海ME 2007)","['', '678', '', '', '', '', '']",《講授類》,[],True
https://selcrs.nsysu.edu.tw/menu5/showoutline.asp?SYEAR=115&SEM=1&CrsDat=MAEV5600&Crsname=海洋及森林碳匯與碳權概論,,,False,海工碩,MAEV5600,1,,"海洋及森林碳匯與碳權概論
INTRODUCTION TO MARINE AND FOREST CARBON SINKS AND CARBON CREDITS",3,期,False,50,0,0,50,王右仁,"二8,6,7(海ME 2001)","['', '678', '', '', '', '', '']",《講授類》,[],True
https://selcrs.nsysu.edu.tw/menu5/showoutline.asp?SYEAR=115&SEM=1&CrsDat=MAEV628&Crsname=紊流學,,,False,海工碩,MAEV628,1,,"紊流學
TURBULENCE",3,期,False,50,0,0,50,歐雅森,"三5,6,7(海ME 2002)","['', '', '567', '', '', '', '']",《講授類》,[],True
https://selcrs.nsysu.edu.tw/menu5/showoutline.asp?SYEAR=115&SEM=1&CrsDat=MAEV652&Crsname=水化學,,,False,海工碩,MAEV652,1,,"水化學
WATER CHEMISTRY",3,期,False,50,0,0,50,林巧雯,"三5,6,7(海ME 2007)","['', '', '567', '', '', '', '']",《講授類》,[],True
https://selcrs.nsysu.edu.tw/menu5/showoutline.asp?SYEAR=115&SEM=1&CrsDat=MAEV662&Crsname=應用Python於海洋環境資料分析,,,False,海工碩,MAEV662,1,,"應用Python於海洋環境資料分析
PYTHON FOR MARINE ENVIRONMENTAL DATA ANALYSIS",3,期,False,50,0,0,50,夏沛亞,"一8,6,7(海ME 3004)","['678', '', '', '', '', '', '']",《講授類》,[],True
https://selcrs.nsysu.edu.tw/menu5/showoutline.asp?SYEAR=115&SEM=1&CrsDat=MA629&Crsname=海洋產業經濟理論與實務,,,False,海事碩,MA629,0,,"海洋產業經濟理論與實務
ENVIRONMENTAL TRANSFORMATIONS AND CULTURAL RESPONSES IN OCEANIA",3,期,False,50,0,0,50,劉子銘,"三3,4,B(海MA 2034)","['', '', '34B', '', '', '', '']",《講授類》,[],True
https://selcrs.nsysu.edu.tw/menu5/showoutline.asp?SYEAR=115&SEM=1&CrsDat=MA630&Crsname=海洋環境變遷與南島民族,,,False,海事碩,MA630,0,,"海洋環境變遷與南島民族
ENVIRONMENTAL TRANSFORMATIONS AND CULTURAL RESPONSES IN OCEANIA",3,期,False,50,0,0,50,劉子銘,"三5,6,7(海MA 1020)","['', '', '567', '', '', '', '']",《講授類》,[],True
https://selcrs.nsysu.edu.tw/menu5/showoutline.asp?SYEAR=115&SEM=1&CrsDat=DO518&Crsname=系統分類與演化,,,False,海科碩,DO518,0,,"系統分類與演化
SYSTEMATICS AND EVOLUTION",3,期,False,50,0,0,50,廖德裕,"五8,6,7(海MA 3040)","['', '', '', '', '678', '', '']",《講授類》,[],True
https://selcrs.nsysu.edu.tw/menu5/showoutline.asp?SYEAR=115&SEM=1&CrsDat=DO539&Crsname=海洋生物生理學,,,False,海科碩,DO539,0,,"海洋生物生理學
PHYSIOLOGY OF MARINE ORGANISMS",3,期,False,50,0,0,50,王志騰,"三2,3,4(海MA 2022)","['', '', '234', '', '', '', '']","《講授類》
與DO315併班上課。",[],True
https://selcrs.nsysu.edu.tw/menu5/showoutline.asp?SYEAR=115&SEM=1&CrsDat=DO595&Crsname=海洋有機地球化學,,,False,海科碩,DO595,0,,"海洋有機地球化學
MARINE ORGANIC GEOCHEMISTRY",3,期,False,50,0,0,50,洪慶章,"四3,4,B(海MA 2009)","['', '', '', '34B', '', '', '']",《講授類》,[],True
https://selcrs.nsysu.edu.tw/menu5/showoutline.asp?SYEAR=115&SEM=1&CrsDat=DO643&Crsname=中等物理海洋學,,,False,海科碩,DO643,0,,"中等物理海洋學
INTERMEDIATE PHYSICAL OCEANOGRAPHY",2,期,False,50,0,0,50,方盈智,"三3,4(海MA 3040)","['', '', '34', '', '', '', '']","《講授類》
與DO445併班上課。",[],True
https://selcrs.nsysu.edu.tw/menu5/showoutline.asp?SYEAR=115&SEM=1&CrsDat=DO717&Crsname=海洋基礎生產力,,,False,海科碩,DO717,0,,"海洋基礎生產力
MARINE PRIMARY PRODUCTIVITY",2,期,False,50,0,0,50,托星豪,"四3,4(海MA 2022)","['', '', '', '34', '', '', '']",《講授類》,[],True
https://selcrs.nsysu.edu.tw/menu5/showoutline.asp?SYEAR=115&SEM=1&CrsDat=DO720&Crsname=機器學習概論及其在海洋科學的應用,,,False,海科碩,DO720,0,,"機器學習概論及其在海洋科學的應用
INTRODUCTORY MACHINE LEARNING AND ITS APPLICATION IN MARINE SCIENCES",3,期,False,50,0,0,50,王敬湧,"四2,3,4(海ME 3004)","['', '', '', '234', '', '', '']","《講授類》
與DO354併班上課。",[],True
https://selcrs.nsysu.edu.tw/menu5/showoutline.asp?SYEAR=115&SEM=1&CrsDat=DO723&Crsname=海洋GIS資料實作,,,False,海科碩,DO723,0,,"海洋GIS資料實作
PRACTICE OF MARINE GIS DATA",2,期,False,50,0,0,50,林玉詩,"一5,6(海MA 3040)","['56', '', '', '', '', '', '']","《講授類》
與DO408併班上課。",[],True
https://selcrs.nsysu.edu.tw/menu5/showoutline.asp?SYEAR=115&SEM=1&CrsDat=DO724&Crsname=科學倫理導論,,,False,海科碩,DO724,0,,"科學倫理導論
INTRODUCTION TO SCIENCE ETHICS",2,期,False,50,0,0,50,熊寶兒,"二6,7(海MA 2022)","['', '67', '', '', '', '', '']","《講授類》
與DO409併班上課。",[],True
https://selcrs.nsysu.edu.tw/menu5/showoutline.asp?SYEAR=115&SEM=1&CrsDat=DO725&Crsname=海岸與海洋地質災害,,,False,海科碩,DO725,0,,"海岸與海洋地質災害
COASTAL AND MARINE GEOHAZARDS",2,期,False,50,0,0,50,張瑜峻,"三3,4(海MA 2009)","['', '', '34', '', '', '', '']","《講授類》
與DO437併班上課。",[],True
https://selcrs.nsysu.edu.tw/menu5/showoutline.asp?SYEAR=115&SEM=1&CrsDat=DO727&Crsname=生物資訊學,,,False,海科碩,DO727,0,,"生物資訊學
BIOINFORMATICS",3,期,False,50,0,0,50,王敬湧,"二2,3,4(海MB 2020)","['', '234', '', '', '', '', '']","《講授類》
與DO451併班上課。",[],True
https://selcrs.nsysu.edu.tw/menu5/showoutline.asp?SYEAR=115&SEM=1&CrsDat=UT514&Crsname=數值方法與軟體應用,,,False,海下科技碩,UT514,0,,"數值方法與軟體應用
NUMERICAL METHODS WITH MATLAB",3,期,False,50,0,0,50,陳信宏,"三2,3,4(海MA 2052)","['', '', '234', '', '', '', '']",《講授類》,[],True
https://selcrs.nsysu.edu.tw/menu5/showoutline.asp?SYEAR=115&SEM=1&CrsDat=UT542&Crsname=水下光電,,,False,海下科技碩,UT542,0,,"水下光電
UNDERWATER OPTOELECTRONICS",3,期,False,50,0,0,50,謝孟璋,"五2,3,4(海MA 2052)","['', '', '', '', '234', '', '']",《講授類》,[],True
https://selcrs.nsysu.edu.tw/menu5/showoutline.asp?SYEAR=115&SEM=1&CrsDat=UT543&Crsname=模糊邏輯控制與水下載具應用,,,False,海下科技碩,UT543,0,,"模糊邏輯控制與水下載具應用
FUZZY LOGIC CONTROL AND ITS APPLICATION TO UNDERWATER VEHICLES",3,期,False,50,0,0,50,周佑誠,"四2,3,4(海MA 2052)","['', '', '', '234', '', '', '']",《講授類》,[],True
https://selcrs.nsysu.edu.tw/menu5/showoutline.asp?SYEAR=115&SEM=1&CrsDat=IPS501&Crsname=台灣政府與政治,,,False,政治碩,IPS501,0,,"台灣政府與政治
TAIWAN GOVERNMENT  AND POLITICS",3,期,False,40,0,0,40,張晉赫,"五2,3,4(社SS 3010-2)","['', '', '', '', '234', '', '']",《講授類》,[],True
https://selcrs.nsysu.edu.tw/menu5/showoutline.asp?SYEAR=115&SEM=1&CrsDat=IPS506&Crsname=厚數據與意義探勘,,,False,政治碩,IPS506,0,,"厚數據與意義探勘
THICK DATA AND INTERPRETATION",1,期,False,50,0,0,50,黃韋豪,,"['', '234567', '234567', '234567', '', '', '']","《講授類》
限暑假已參與課程之學生選修",[],False
https://selcrs.nsysu.edu.tw/menu5/showoutline.asp?SYEAR=115&SEM=1&CrsDat=IPS507&Crsname=社會科學方法論,,,False,政治碩,IPS507,1,,"社會科學方法論
SOCIAL SCIENCE METHODOLOGY",3,期,True,40,0,0,40,陳宗巖,"一2,3,4(社SS 3010-2)","['234', '', '', '', '', '', '']",《講授類》,[],False
https://selcrs.nsysu.edu.tw/menu5/showoutline.asp?SYEAR=115&SEM=1&CrsDat=IPS518&Crsname=政治理論與思想史,,,True,政治碩,IPS518,1,,"政治理論與思想史
POLITICAL
THEORY AND
HISTORY OF
POLITICAL
THOUGHT",3,期,True,40,0,0,40,楊尚儒,"二5,6,7(社SS 3010-2)","['', '567', '', '', '', '', '']",《講授類》,[],False
https://selcrs.nsysu.edu.tw/menu5/showoutline.asp?SYEAR=115&SEM=1&CrsDat=IPS520&Crsname=國家理論與憲政,,,False,政治碩,IPS520,0,,"國家理論與憲政
THEORY OF STATE AND CONSTITUTIONALISM",3,期,False,50,0,0,50,楊尚儒,"四5,6,7(社SS 3008)","['', '', '', '567', '', '', '']",《研討類》,[],False
https://selcrs.nsysu.edu.tw/menu5/showoutline.asp?SYEAR=115&SEM=1&CrsDat=IPS531&Crsname=國際關係,,,True,政治碩,IPS531,1,,"國際關係
INTERNATIONAL RELATIONS",3,期,True,40,0,0,40,陳宗巖,"一5,6,7(社SS 3010-2)","['567', '', '', '', '', '', '']",《講授類》,[],False
https://selcrs.nsysu.edu.tw/menu5/showoutline.asp?SYEAR=115&SEM=1&CrsDat=IPS539&Crsname=變動時代中的全球化,,,False,政治碩,IPS539,0,,"變動時代中的全球化
GLOBALIZATION IN A TIME OF TRANSITION",3,期,False,20,0,0,20,辛翠玲,"三2,3,4(社SS 3005)","['', '', '234', '', '', '', '']",《講授類》,[],True
https://selcrs.nsysu.edu.tw/menu5/showoutline.asp?SYEAR=115&SEM=1&CrsDat=IPS540&Crsname=全球政治,,,False,政治碩,IPS540,0,,"全球政治
GLOBAL POLITICS",3,期,False,20,0,0,20,方志恒,"二8,6,7(社SS 4001)","['', '678', '', '', '', '', '']",《講授類》,[],True
https://selcrs.nsysu.edu.tw/menu5/showoutline.asp?SYEAR=115&SEM=1&CrsDat=IPS602&Crsname=專題研究（一）,,,False,政治碩,IPS602,0,,"專題研究（一）
INDEPENDENT STUDIES(I)",3,期,False,50,0,0,50,陳宗巖,"五2,3,4()","['', '', '', '', '234', '', '']","《獨立研究》
限政治所博碩士生經所屬指導教授同意後選修",[],False
https://selcrs.nsysu.edu.tw/menu5/showoutline.asp?SYEAR=115&SEM=1&CrsDat=IPS602A&Crsname=專題研究（一）,,,False,政治碩,IPS602A,0,,"專題研究（一）
INDEPENDENT STUDIES(I)",3,期,False,50,0,0,50,黃韋豪,"五2,3,4()","['', '', '', '', '234', '', '']","《獨立研究》
限政治所博碩士生經所屬指導教授同意後選修",[],False
https://selcrs.nsysu.edu.tw/menu5/showoutline.asp?SYEAR=115&SEM=1&CrsDat=IPS611&Crsname=女性主義與政治,,,False,政治碩,IPS611,0,,"女性主義與政治
FEMINISM AND POLITICS",3,期,False,40,0,0,40,林婉萍,"三5,6,7(社SS 3010-2)","['', '', '567', '', '', '', '']",《講授類》,[],True
https://selcrs.nsysu.edu.tw/menu5/showoutline.asp?SYEAR=115&SEM=1&CrsDat=IPS652&Crsname=民意與政治行為研究,,,False,政治碩,IPS652,0,,"民意與政治行為研究
PUBLIC OPINION AND POLITICAL BEHAVIOR",3,期,False,40,0,0,40,劉正山,"二2,3,4(社SS 3010-2)","['', '234', '', '', '', '', '']","《講授類》
修習過至少一門研究方法/政經大數據分析微學程相關課程",[],False
https://selcrs.nsysu.edu.tw/menu5/showoutline.asp?SYEAR=115&SEM=1&CrsDat=IPS654&Crsname=當代民主政治的延續與變遷,異動,更換時間6/25,False,政治碩,IPS654,0,,"當代民主政治的延續與變遷
CONTINUITY AND CHANGE IN THE POLITICS OF CONTEMPORARY DEMOCRACIES",3,期,False,40,0,0,40,張晉赫,"五8,6,7(社SS 3010-2)","['', '', '', '', '678', '', '']",《講授類》,[],True
https://selcrs.nsysu.edu.tw/menu5/showoutline.asp?SYEAR=115&SEM=1&CrsDat=IPS672&Crsname=學門跨域專題講座(一),,,False,政治碩,IPS672,0,,"學門跨域專題講座(一)
SPECIAL LECTURES ON THE DISCIPLINE AND BEYOND(I)",1,期,False,40,0,0,40,黃韋豪,三B(社SS 3010-2),"['', '', 'B', '', '', '', '']",《演講/參訪》,[],False
https://selcrs.nsysu.edu.tw/menu5/showoutline.asp?SYEAR=115&SEM=1&CrsDat=HRM911&Crsname=組織理論與管理,,,False,人管碩專,HRM911,0,,"組織理論與管理
ORGANIZATION THEORY AND MANAGEMENT",3,期,False,28,0,0,28,陳旻男,"四C,D,E(管CM 3043)","['', '', '', 'CDE', '', '', '']","《講授類》
限人管所修",[],False
https://selcrs.nsysu.edu.tw/menu5/showoutline.asp?SYEAR=115&SEM=1&CrsDat=HRM912&Crsname=組織行為,,,False,人管碩專,HRM912,0,,"組織行為
ORGANIZATIONAL BEHAVIOR",3,期,False,28,0,0,28,王豫萱,"日2,3,4(管CM 3043)","['', '', '', '', '', '', '234']","《講授類》
限人管所修",[],False
https://selcrs.nsysu.edu.tw/menu5/showoutline.asp?SYEAR=115&SEM=1&CrsDat=HRM913&Crsname=人力資源管理,,,False,人管碩專,HRM913,1,,"人力資源管理
HUMAN RESOURCE MANAGEMENT",3,期,False,28,0,0,28,謝慧賢,"六5,6,7(管CM 3043)","['', '', '', '', '', '567', '']","《講授類》
限人管所修",[],False
https://selcrs.nsysu.edu.tw/menu5/showoutline.asp?SYEAR=115&SEM=1&CrsDat=HRM914&Crsname=人力資源研究方法,,,False,人管碩專,HRM914,0,,"人力資源研究方法
RESEARCH METHODOLOGY IN HUMAN RESOURCE MANAGEMENT",3,期,False,50,0,0,50,紀乃文,"三A,1,B(管CM 3044)","['', '', 'A1B', '', '', '', '']","《講授類》
限人管所修",[],False
https://selcrs.nsysu.edu.tw/menu5/showoutline.asp?SYEAR=115&SEM=1&CrsDat=HRM922&Crsname=員工意向調查,,,False,人管碩專,HRM922,0,,"員工意向調查
SURVEY OF EMPLOYEES' OPINION",3,期,False,40,0,0,40,王豫萱,"五C,D,E(管CM 3051)","['', '', '', '', 'CDE', '', '']","《講授類》
限人管所修",[],False
https://selcrs.nsysu.edu.tw/menu5/showoutline.asp?SYEAR=115&SEM=1&CrsDat=HRM977&Crsname=機器學習，測驗應用與數據分析,,,False,人管碩專,HRM977,2,,"機器學習，測驗應用與數據分析
MACHINE LEARNING, APPLICATION OF MEASUREMENT, AND DATA ANALYSES",3,期,False,15,0,0,15,鄭怡玲,"六2,3,4(管CM 3043)","['', '', '', '', '', '234', '']","《講授類》
限人管所修；乙組優先選修",[],False
https://selcrs.nsysu.edu.tw/menu5/showoutline.asp?SYEAR=115&SEM=1&CrsDat=HRM996&Crsname=薪酬管理,,,False,人管碩專,HRM996,0,,"薪酬管理
COMPENSATION MANAGEMENT",3,期,False,28,0,0,28,劉念琪,"六C,D,E(管CM 3043)","['', '', '', '', '', 'CDE', '']","《講授類》
限人管所修",[],False
https://selcrs.nsysu.edu.tw/menu5/showoutline.asp?SYEAR=115&SEM=1&CrsDat=HRMA911&Crsname=組織理論與管理,,,False,策略人才碩專,HRMA911,0,,"組織理論與管理
ORGANIZATION THEORY & MANAGEMENT",3,期,False,30,0,0,30,葉致微,"四C,D,E(管CM 1036)","['', '', '', 'CDE', '', '', '']","《講授類》
限人管所修",[],False
https://selcrs.nsysu.edu.tw/menu5/showoutline.asp?SYEAR=115&SEM=1&CrsDat=HRMA912&Crsname=組織行為,,,False,策略人才碩專,HRMA912,0,,"組織行為
ORGANIZATIONAL BEHAVIOR",3,期,False,30,0,0,30,"王豫萱,鄭怡玲","一C,D,E(管CM 1036)","['CDE', '', '', '', '', '', '']","《講授類》
限人管所修",[],False
https://selcrs.nsysu.edu.tw/menu5/showoutline.asp?SYEAR=115&SEM=1&CrsDat=HRMA946&Crsname=科技管理,,,False,策略人才碩專,HRMA946,0,,"科技管理
MANAGEMENT OF TECHNOLOGY",3,期,False,40,0,0,40,陳旻男,"三D,E,F(管CM 3022)","['', '', 'DEF', '', '', '', '']","《講授類》
限人管所修",[],False
https://selcrs.nsysu.edu.tw/menu5/showoutline.asp?SYEAR=115&SEM=1&CrsDat=HRMA983&Crsname=策略管理,,,False,策略人才碩專,HRMA983,0,,"策略管理
STRATEGIC MANAGEMENT",3,期,False,40,0,0,40,陳寶蓮,"日5,6,7(管CM 1032)","['', '', '', '', '', '', '567']","《講授類》
限人管所修",[],False
https://selcrs.nsysu.edu.tw/menu5/showoutline.asp?SYEAR=115&SEM=1&CrsDat=HRMA986&Crsname=新興科技事業發展策略,,,False,策略人才碩專,HRMA986,0,,"新興科技事業發展策略
STRATEGIC PLANNING FOR TECHNOLOGY-DRIVEN EMERGING BUSINESS",3,期,False,40,0,0,40,陳寶蓮,"日2,3,4(管CM 1032)","['', '', '', '', '', '', '234']","《講授類》
限人管所修",[],False
https://selcrs.nsysu.edu.tw/menu5/showoutline.asp?SYEAR=115&SEM=1&CrsDat=IPS701&Crsname=政治學方法論,,,False,政治博,IPS701,1,,"政治學方法論
METHODOLOGY OF POLITICAL SCIENCE",3,期,True,50,0,0,50,劉正山,"一2,3,4(社SS 3010-1)","['234', '', '', '', '', '', '']",《講授類》,[],True
https://selcrs.nsysu.edu.tw/menu5/showoutline.asp?SYEAR=115&SEM=1&CrsDat=CAPS776&Crsname=亞太國家憲政發展,,,True,亞太博,CAPS776,1,,"亞太國家憲政發展
CONSTITUTIONAL DEVELOPMENT OF ASIA-PACIFIC COUNTRIES",3,期,True,50,0,0,50,陳盈雪,"二2,3,4(社SS 2007)","['', '234', '', '', '', '', '']",《講授類》,[],True
