url,change,changeDescription,multipleCompulsory,department,id,grade,class,name,credit,yearSemester,compulsory,restrict,select,selected,remaining,teacher,room,classTime,description,tags,english
https://selcrs.nsysu.edu.tw/menu5/showoutline.asp?SYEAR=115&SEM=1&CrsDat=GEAE2451&Crsname=人工智慧應用開發實務,,,False,博雅向度四,GEAE2451,0,不分班,"人工智慧應用開發實務
ARTIFICIAL INTELLIGENCE APPLICATION DEVELOPMENT",3,期,True,50,0,0,50,許智超,"四8,6,7(圖IL PC01)","['', '', '', '678', '', '', '']",《講授類》,[],False
https://selcrs.nsysu.edu.tw/menu5/showoutline.asp?SYEAR=115&SEM=1&CrsDat=GEAE2503&Crsname=本地植物學,,,False,博雅向度五,GEAE2503,0,不分班,"本地植物學
LOCAL FLORA",2,期,True,70,0,0,70,張楊家豪,"五3,4(海ME 3006)","['', '', '', '', '34', '', '']","《講授類》
限非生科系學生修習。","['臺灣研究學程', '生物多樣性學程', '環境教育學程']",False
https://selcrs.nsysu.edu.tw/menu5/showoutline.asp?SYEAR=115&SEM=1&CrsDat=GEAE2514&Crsname=生命科學,,,False,博雅向度五,GEAE2514,0,不分班,"生命科學
LIFE SCIENCES",2,期,True,95,0,0,95,"王亮鈞,王志騰,陳慶能","一8,9(通GE 1010)","['89', '', '', '', '', '', '']","《講授類》
限非生科、海資、生醫科技系學生修習。","['環境教育學程', '國際素養微學程']",False
https://selcrs.nsysu.edu.tw/menu5/showoutline.asp?SYEAR=115&SEM=1&CrsDat=GEAE2514A&Crsname=生命科學,,,False,博雅向度五,GEAE2514A,0,不分班,"生命科學
LIFE SCIENCES",2,期,True,95,0,0,95,"劉勃佑,王敬湧","五3,4(通GE 4016)","['', '', '', '', '34', '', '']","《講授類》
限非生科、海資、生醫科技系學生修習。本課程為優先選修課程，依選課須知規定，優先條件為第一篩選順序，志願序或點數加選為次要篩選順序。優先條件順序:(1)全英語學士專班(分組/班)學生。(2)其他學士班學生。","['環境教育學程', '國際素養微學程']",True
https://selcrs.nsysu.edu.tw/menu5/showoutline.asp?SYEAR=115&SEM=1&CrsDat=GEAE2514B&Crsname=生命科學,,,False,博雅向度五,GEAE2514B,0,不分班,"生命科學
LIFE SCIENCES",2,期,True,95,0,0,95,"吳長益,高資棟","二6,7(通GE 4016)","['', '67', '', '', '', '', '']","《講授類》
限非生科、海資、生醫科技系學生修習。","['環境教育學程', '國際素養微學程']",False
https://selcrs.nsysu.edu.tw/menu5/showoutline.asp?SYEAR=115&SEM=1&CrsDat=GEAE2515&Crsname=生醫桂冠的故事,,,False,博雅向度五,GEAE2515,0,不分班,"生醫桂冠的故事
THE STORIES OF NOBEL PRIZE LAUREATES IN BIOMEDICAL SCIENCES",2,期,True,85,0,0,85,許晉銓,"四6,7(通GE 1010)","['', '', '', '67', '', '', '']",《講授類》,[],False
https://selcrs.nsysu.edu.tw/menu5/showoutline.asp?SYEAR=115&SEM=1&CrsDat=GEAE2520&Crsname=科學的本質,,,False,博雅向度五,GEAE2520,0,不分班,"科學的本質
NATURE OF SCIENCE",2,期,True,70,0,0,70,劉叔秋,,"['', '', 'X', '89X', '', '', '']","《講授類》
1.本課程為混成課程。2.本課程為優先選修課程，依選課須知規定，優先條件為第一篩選順序，志願序或點數加選為次要篩選順序。優先條件順序:(1)全英語學士專班(分組/班)學生。(2)其他學士班學生。","['生成式AI素養微學程', '全英語通識教育菁英學程', '科技與環境英語微學程', '台灣文化英語微學程']",True
https://selcrs.nsysu.edu.tw/menu5/showoutline.asp?SYEAR=115&SEM=1&CrsDat=GEAE2526&Crsname=地球生命概論,,,False,博雅向度五,GEAE2526,0,不分班,"地球生命概論
AN INTRODUCTION TO LIFE ON EARTH",3,期,True,70,0,0,70,邊安台,"三2,3,4(通GE 1010)","['', '', '234', '', '', '', '']","《講授類》
本課程為優先選修課程，依選課須知規定，優先條件為第一篩選順序，志願序或點數加選為次要篩選順序。優先條件順序:(1)全英語學士專班(分組/班)學生。(2)其他學士班學生。",['國際素養微學程'],True
https://selcrs.nsysu.edu.tw/menu5/showoutline.asp?SYEAR=115&SEM=1&CrsDat=GEAE2528&Crsname=基礎程式設計（C++）,,,False,博雅向度五,GEAE2528,0,不分班,"基礎程式設計（C++）
INTRODUCTION TO PROGRAMMING（C++）",3,期,True,40,0,0,40,"AI聯盟教師,莊豐任","一2,3,4(同步遠距)","['234', '', '', '', '', '', '']","《講授類》
1.開課單位及教師：陽明交通大學温宏斌老師。本校協助教師：電機系莊豐任教授。2.同步考試時間：2026-11-02(一) 、 2026-12-21(一) AM 9:00-PM12:00",['生成式AI素養微學程'],False
https://selcrs.nsysu.edu.tw/menu5/showoutline.asp?SYEAR=115&SEM=1&CrsDat=GEAE2529&Crsname=人工智慧導論,,,False,博雅向度五,GEAE2529,0,不分班,"人工智慧導論
INTRODUCTION TO ARTIFICIAL INTELLIGENCE",3,期,True,40,0,0,40,AI聯盟教師,"四5,6,7(同步遠距)","['', '', '', '567', '', '', '']","《講授類》
1.開課單位及教師：成功大學朱威達老師。2. 上課連結：https://www.youtube.com/@WeiTaChu。課堂作業包括程式作業，修課學生需具備程式撰寫能力以及演算法的基本知識。3.同步考試時間為2026年12月10日, 13:10~16:00 （所有學生需同步進行，在此時段無法應考的學生請勿修課）","['生成式AI素養微學程', '智慧高齡生活微學程']",False
https://selcrs.nsysu.edu.tw/menu5/showoutline.asp?SYEAR=115&SEM=1&CrsDat=GEAE2530&Crsname=統計學暨實習,,,False,博雅向度五,GEAE2530,0,不分班,"統計學暨實習
STATISTICS WITH RECITATION",4,期,True,40,0,0,40,"AI聯盟教師,林裕䕒","二5,6(同步遠距)(實驗) 三2,3,4(同步遠距)","['', '56', '234', '', '', '', '']","《講授類》
1.開課單位及教師：臺灣大學李宗穎老師。本校協助教師：海事所林裕䕒助理教授。2課堂上的所有互動（包含小組討論、期末/期中測驗以及所有與課程相關的作業與報告）均須全程使用英語。我們將使用 NTU COOL 平台來分享課程教材與公布重要公告。學生有責任每天查看 NTU COOL 以及學校電子信箱，以確保掌握最新訊息與課程動態。上課期間，所有通訊設備皆須關閉或調整為靜音模式。3.同步考試時間：2026/10/28期中考及2026/12/16期末考 (9:30 AM - 12:00 PM)",['生成式AI素養微學程'],True
https://selcrs.nsysu.edu.tw/menu5/showoutline.asp?SYEAR=115&SEM=1&CrsDat=GEAE2532&Crsname=災難照護與科技防災準備,,,False,博雅向度五,GEAE2532,0,不分班,"災難照護與科技防災準備
DISASTER CARE AND TECHNOLOGY-BASED PREPAREDNESS",2,期,True,50,0,0,50,王美卿,"一5,6(醫IL 3013)","['56', '', '', '', '', '', '']",《講授類》,[],False
https://selcrs.nsysu.edu.tw/menu5/showoutline.asp?SYEAR=115&SEM=1&CrsDat=GEAE2533&Crsname=智慧高齡健康永續：科技點亮人生,,,False,博雅向度五,GEAE2533,0,不分班,"智慧高齡健康永續：科技點亮人生
SUSTAINABLE WELLNESS FOR SMART AGING: TECHNOLOGY LIGHTS LIFE",2,期,True,50,0,0,50,陳嬿今,"二3,4(醫IL 3004)","['', '34', '', '', '', '', '']",《講授類》,[],False
https://selcrs.nsysu.edu.tw/menu5/showoutline.asp?SYEAR=115&SEM=1&CrsDat=GEAE2601&Crsname=地球科學,,,False,博雅向度六,GEAE2601,0,不分班,"地球科學
FUNDAMENTALS OF EARTH SCIENCE",2,期,True,90,0,0,90,"張瑜峻,托星豪,方盈智,楊仁凱","四5,6(海MA 3021)","['', '', '', '56', '', '', '']",《講授類》,"['臺灣研究學程', '環境教育學程', '氣候變遷與調適學分學程', '熱帶海洋微學程', '看見臺灣海岸微學程']",False
https://selcrs.nsysu.edu.tw/menu5/showoutline.asp?SYEAR=115&SEM=1&CrsDat=GEAE2602&Crsname=海洋生態與海洋科技教育探索,,,False,博雅向度六,GEAE2602,0,不分班,"海洋生態與海洋科技教育探索
EXPLORATION OF MARINE ECOLOGY AND TECHNOLOGY",2,期,True,80,0,0,80,黃蔚人,"二6,7(海MA 3021)","['', '67', '', '', '', '', '']",《講授類》,"['環境教育學程', '實踐環境教育微學程', '熱帶海洋微學程', '看見臺灣海岸微學程', '氣候變遷與調適學分學程', '印象海味微學程', '臺灣研究學程', '生物多樣性學程', '海洋永續發展產業科技微學程', '探索海洋國家公園微學程']",False
https://selcrs.nsysu.edu.tw/menu5/showoutline.asp?SYEAR=115&SEM=1&CrsDat=GEAE2610&Crsname=環境倫理與環境政策,,,False,博雅向度六,GEAE2610,0,不分班,"環境倫理與環境政策
ENVIRONMENTAL ETHICS AND ENVIRONMENTAL POLICIES",2,期,True,73,0,0,73,吳偉寧,"二3,4(通GE 1008)","['', '34', '', '', '', '', '']",《講授類》,"['臺灣研究學程', '企業社會責任學程', '環境科技與管理學程', '環境教育學程', '氣候變遷與調適學分學程', '公共事務與企業社會責任微學程', '看見臺灣海岸微學程', '地方發展與永續農業微學程']",False
https://selcrs.nsysu.edu.tw/menu5/showoutline.asp?SYEAR=115&SEM=1&CrsDat=GEAE2613&Crsname=氣候變遷與調適,,,False,博雅向度六,GEAE2613,0,不分班,"氣候變遷與調適
CLIMATE CHANGE ADAPTATION",3,期,True,80,0,0,80,"劉叔秋,張水鍇,張詠斌,李育諭","一5,6,7(通GE 4016)","['567', '', '', '', '', '', '']",《講授類》,"['環境教育學程', '實踐環境教育微學程', '熱帶海洋微學程', '公共事務與企業社會責任微學程', '氣候變遷與調適學分學程', '臺灣研究學程', '企業社會責任學程', '地方發展與永續農業微學程', '國際素養微學程']",False
https://selcrs.nsysu.edu.tw/menu5/showoutline.asp?SYEAR=115&SEM=1&CrsDat=GEAE2616&Crsname=光電生活與能源永續,,,False,博雅向度六,GEAE2616,0,不分班,"光電生活與能源永續
OPTOELECTRONIC DAILY LIFE AND ENERGY SUSTAINABILITY",2,期,True,50,0,0,50,于欽平,"一8,9(西SW 1005)","['89', '', '', '', '', '', '']","《講授類》
限文、管、社學院學生修習","['環境教育學程', '智慧港埠微學程', '地方發展與永續農業微學程']",False
https://selcrs.nsysu.edu.tw/menu5/showoutline.asp?SYEAR=115&SEM=1&CrsDat=GEAE2622&Crsname=人類與環境之交互關係,,,False,博雅向度六,GEAE2622,0,不分班,"人類與環境之交互關係
HUMAN-ENVIRONMENT INTERACTIONS",3,期,True,50,0,0,50,夏燦風,"四2,3,4(理SC 1001)","['', '', '', '234', '', '', '']","《講授類》
本課程為優先選修課程，依選課須知規定，優先條件為第一篩選順序，志願序或點數加選為次要篩選順序。優先條件順序:(1)全英語學士專班(分組/班)學生。(2)其他學士班學生。","['氣候變遷與調適學分學程', '全英語通識教育菁英學程', '科技與環境英語微學程']",True
https://selcrs.nsysu.edu.tw/menu5/showoutline.asp?SYEAR=115&SEM=1&CrsDat=GEAE2625&Crsname=在地食物的永續發展與全球脈絡,,,False,博雅向度六,GEAE2625,0,不分班,"在地食物的永續發展與全球脈絡
SUSTAINABLE LOCAL FOOD IN GLOBAL CONTEXT",3,期,True,60,0,0,60,"李育諭,林季怡","五8,6,7(通GE 4016)","['', '', '', '', '678', '', '']","《講授類》
本課程為優先選修課程，依選課須知規定，優先條件為第一篩選順序，志願序或點數加選為次要篩選順序。優先條件順序:(1)全英語學士專班(分組/班)學生。(2)其他學士班學生。","['全英語通識教育菁英學程', '地方創生與永續發展整合學程', '地方發展與永續農業微學程', '國際素養微學程', '地方創生與區域治理微學程']",True
https://selcrs.nsysu.edu.tw/menu5/showoutline.asp?SYEAR=115&SEM=1&CrsDat=GEAE2632&Crsname=通識專題講座：濕地生態與環境永續,,,False,博雅向度六,GEAE2632,0,不分班,"通識專題講座：濕地生態與環境永續
LECTURESHIP ON GENERAL EDUCATION: WETLAND ECOLOGY AND ENVIRONMENTAL SUSTAINABILITY",2,期,True,120,0,0,120,"劉叔秋,張詠斌","五6,7(通GE 1010)","['', '', '', '', '67', '', '']",《演講/參訪》,[],False
https://selcrs.nsysu.edu.tw/menu5/showoutline.asp?SYEAR=115&SEM=1&CrsDat=GEAE2633&Crsname=海洋生態保育與永續發展,,,False,博雅向度六,GEAE2633,0,不分班,"海洋生態保育與永續發展
MARINE ECOLOGY CONSERVATION AND SUSTAINABLE DEVELOPMENT",2,期,True,50,0,0,50,林裕䕒,"三5,6(通GE 1008)","['', '', '56', '', '', '', '']",《講授類》,[],False
https://selcrs.nsysu.edu.tw/menu5/showoutline.asp?SYEAR=115&SEM=1&CrsDat=GEAE2634&Crsname=環境科學與污染防治,,,False,博雅向度六,GEAE2634,0,不分班,"環境科學與污染防治
ENVIRONMENTAL SCIENCE AND POLLUTION PREVENTION",2,期,True,50,0,0,50,陳則綸,"一3,4(工EC 2011)","['34', '', '', '', '', '', '']",《講授類》,[],False
https://selcrs.nsysu.edu.tw/menu5/showoutline.asp?SYEAR=115&SEM=1&CrsDat=AI10001&Crsname=人工智慧導論,,,False,AI聯盟(學),AI10001,0,不分班,"人工智慧導論
INTRODUCTION TO ARTIFICIAL INTELLIGENCE",3,期,False,10,0,0,10,AI聯盟教師,"四5,6,7(同步遠距)","['', '', '', '567', '', '', '']","《講授類》
1.開課單位及教師：成功大學朱威達老師。2. 上課連結：https://www.youtube.com/@WeiTaChu。課堂作業包括程式作業，修課學生需具備程式撰寫能力以及演算法的基本知識。3.同步考試時間為2026年12月10日, 13:10~16:00 （所有學生需同步進行，在此時段無法應考的學生請勿修課）","['跨領域智慧製造學程', '生成式AI素養微學程', '海洋天然物微學程', '智慧製造聯網微學程']",False
https://selcrs.nsysu.edu.tw/menu5/showoutline.asp?SYEAR=115&SEM=1&CrsDat=AI10004&Crsname=基礎程式設計（C++）,,,False,AI聯盟(學),AI10004,0,不分班,"基礎程式設計（C++）
INTRODUCTION TO PROGRAMMING （C++）",3,期,False,10,0,0,10,"AI聯盟教師,莊豐任","一2,3,4(同步遠距)","['234', '', '', '', '', '', '']","《講授類》
1.開課單位及教師：陽明交通大學温宏斌老師。本校協助教師：電機系莊豐任教授。2.同步考試時間：2026-11-02(一) 、 2026-12-21(一) AM 9:00-PM12:00",['生成式AI素養微學程'],False
https://selcrs.nsysu.edu.tw/menu5/showoutline.asp?SYEAR=115&SEM=1&CrsDat=AI10005&Crsname=統計學暨實習,,,False,AI聯盟(學),AI10005,0,不分班,"統計學暨實習
STATISTICS WITH RECITATION",4,期,False,10,0,0,10,"AI聯盟教師,林裕䕒","二5,6(同步遠距)(實驗) 三2,3,4(同步遠距)","['', '56', '234', '', '', '', '']","《講授類》
1.開課單位及教師：臺灣大學李宗穎老師。本校協助教師：海事所林裕䕒助理教授。2.課堂上的所有互動（包含小組討論、期末/期中測驗以及所有與課程相關的作業與報告）均須全程使用英語。我們將使用 NTU COOL 平台來分享課程教材與公布重要公告。學生有責任每天查看 NTU COOL 以及學校電子信箱，以確保掌握最新訊息與課程動態。上課期間，所有通訊設備皆須關閉或調整為靜音模式。3.同步考試時間：2026/10/28期中考及2026/12/16期末考 (9:30 AM - 12:00 PM)",['生成式AI素養微學程'],True
https://selcrs.nsysu.edu.tw/menu5/showoutline.asp?SYEAR=115&SEM=1&CrsDat=AI50001&Crsname=機器學習,,,False,AI聯盟(碩),AI50001,0,不分班,"機器學習
MACHINE LEARNING",3,期,False,10,0,0,10,AI聯盟教師,"三2,3,4(同步遠距)","['', '', '234', '', '', '', '']","《講授類》
1.開課單位及教師：臺灣大學林軒田老師。2.課堂作業包括程式作業，修課學生需具備程式撰寫能力以及演算法的基本知識。限大三以上及研究生選修。學生選課限制：Computer Programming, Calculus, Probability, Linear Algebra.3.期末考時間：2026/12/9","['跨領域智慧製造學程', '智慧製造聯網微學程']",False
https://selcrs.nsysu.edu.tw/menu5/showoutline.asp?SYEAR=115&SEM=1&CrsDat=AI50002&Crsname=金融科技導論,,,False,AI聯盟(碩),AI50002,0,不分班,"金融科技導論
INTRODUCTION TO FINTECH",3,期,False,45,0,0,45,AI聯盟教師,"三2,3,4(同步遠距)","['', '', '234', '', '', '', '']","《講授類》
1.開課單位及教師：臺灣大學張智星老師。2.上課連結：https://ntucc.webex.com/meet/rogerjang。限研究所學生選修。先修課程要求：請先詳閱AI聯盟公告3.同步考試時間：2026/12/23 9:10~12:10。",[],False
https://selcrs.nsysu.edu.tw/menu5/showoutline.asp?SYEAR=115&SEM=1&CrsDat=AI50003&Crsname=資料探勘與應用,,,False,AI聯盟(碩),AI50003,0,不分班,"資料探勘與應用
DATA MINING: CONCEPTS, TECHNIQUES, AND APPLICATIONS",3,期,False,50,0,0,50,AI聯盟教師,"一2,3,4(同步遠距)","['234', '', '', '', '', '', '']","《講授類》
1.開課單位及教師：清華大學陳宜欣老師。2. 上課連結：https://www.youtube.com/@NTHU_ISA5810_DataMining。限大三以上及研究生選修，建議學生需已修過Python程式設計、有基本機率概念。本課程期末專題採分組開發，請審慎評估可投入的時間在選課，若需退選最晚須於第十週以前退選，以避免影響同組修課同學之權益。3.同步考試時間：2026/12/14。","['跨領域智慧製造學程', '智慧製造聯網微學程']",True
https://selcrs.nsysu.edu.tw/menu5/showoutline.asp?SYEAR=115&SEM=1&CrsDat=AI50004&Crsname=自然語言處理,,,False,AI聯盟(碩),AI50004,0,不分班,"自然語言處理
NATURAL LANGUAGE PROCESSING",3,期,False,40,0,0,40,AI聯盟教師,"四2,3,4(同步遠距)","['', '', '', '234', '', '', '']","《講授類》
1.開課單位及教師：清華大學高宏宇老師。2.上課連結：https://cool.ntu.edu.tw/courses/41436/modules。限研究所學生選修。建議學生須先具Python程式語言的先備知識。3.同步考試時間訂於：12月10日（星期四）09:00–12:00",[],False
https://selcrs.nsysu.edu.tw/menu5/showoutline.asp?SYEAR=115&SEM=1&CrsDat=AI50006&Crsname=生成式AI：文字與圖像生成的原理與實務,,,False,AI聯盟(碩),AI50006,0,不分班,"生成式AI：文字與圖像生成的原理與實務
GENERATIVE AI: TEXT AND IMAGE SYNTHESIS PRINCIPLES AND PRACTICE",3,期,False,10,0,0,10,"AI聯盟教師,楊政融","二8,9,C(同步遠距)","['', '89C', '', '', '', '', '']","《講授類》
1.開課單位及教師：政治大學蔡炎龍老師。本校協助教師：機電系楊政融副教授。2.""課程網頁：Facebook【政大應數系直播中心】https://facebook.com/groups/nccumathonline/。學生選修限制, 請詳見AI聯盟公告。3.同步考試時間：2026/12/22 在 Gather.town 線上研討會型式的期末專題成果分享(主導課程會以學生投稿、擇優方式參與，獲選同學參加期末專案分享，並有額外加分。",['生成式AI素養微學程'],False
https://selcrs.nsysu.edu.tw/menu5/showoutline.asp?SYEAR=115&SEM=1&CrsDat=AI50009&Crsname=智慧人機互動,,,False,AI聯盟(碩),AI50009,0,不分班,"智慧人機互動
HUMAN-AI INTERACTION",3,期,False,50,0,0,50,"AI聯盟教師,翁愷貽","四5,6,7(同步遠距)","['', '', '', '567', '', '', '']","《講授類》
1.開課單位及教師：臺北科技大學韓秉軒老師。本校協助教師：電機系翁愷貽助理教授。2.上課連結：https://www.youtube.com/@xrlabntut0411。本課程建議學生先修習「生成式人工智慧導論」課程,或其他與人工智慧、自然語言處理相關之課程,具備基礎的 AI 概念與應用經驗。此外,應具備基本的多媒體程式設計能力,並熟悉 Unity Editor 的操作與 Unity SDK 的基礎開發技能。3.同步考試時間：與聯盟學校於12/26(六)共同展示及交流。限大三以上及研究生選修。",[],False
https://selcrs.nsysu.edu.tw/menu5/showoutline.asp?SYEAR=115&SEM=1&CrsDat=AI50015&Crsname=實體人工智慧,,,False,AI聯盟(碩),AI50015,0,不分班,"實體人工智慧
PHYSICAL AI",3,期,False,50,0,0,50,"AI聯盟教師,徐瑞壕","二5,6,7(同步遠距)","['', '567', '', '', '', '', '']","《講授類》
1.開課單位及教師：陽明交通大學陳奕廷老師。本校協助教師：資工系徐瑞壕副教授。3.限研究所（含大學部以上四年級修讀）",[],True
https://selcrs.nsysu.edu.tw/menu5/showoutline.asp?SYEAR=115&SEM=1&CrsDat=PHY101&Crsname=普通物理學（一）,,,False,普通物理小組,PHY101,1,不分班,"普通物理學（一）
GENERAL PHYSICS (I)",3,期,True,50,0,0,50,陳易馨,"一3,4(理SC 0009) 三5(理SC 0009)","['34', '', '5', '', '', '', '']","《講授類》
本課程與普通物理學演習(一)一起規劃課程, 需與普通物理學演習(一)一起修習",[],False
https://selcrs.nsysu.edu.tw/menu5/showoutline.asp?SYEAR=115&SEM=1&CrsDat=PHY102&Crsname=普通物理（一）,,,False,普通物理小組,PHY102,1,不分班,"普通物理（一）
GENERAL PHYSICS(I)",3,期,True,50,0,0,50,吳紘丞,"三2,3,4(海MA 3020)","['', '', '234', '', '', '', '']","《講授類》
化學系與海科系一年級學生優先選修，本課程無法抵免英語班普通物理",[],False
https://selcrs.nsysu.edu.tw/menu5/showoutline.asp?SYEAR=115&SEM=1&CrsDat=PHY102A&Crsname=普通物理（一）,,,False,普通物理小組,PHY102A,1,不分班,"普通物理（一）
GENERAL PHYSICS(I)",3,期,True,50,0,0,50,陳龍銘,"三2,3,4(工EC 1001)","['', '', '234', '', '', '', '']","《講授類》
材光系與光電系一年級學生優先選修，本課程無法抵免英語班普通物理",[],False
https://selcrs.nsysu.edu.tw/menu5/showoutline.asp?SYEAR=115&SEM=1&CrsDat=PHY102B&Crsname=普通物理（一）,,,False,普通物理小組,PHY102B,1,不分班,"普通物理（一）
GENERAL PHYSICS(I)",3,期,True,50,0,0,50,陳宗緯,"五2,3,4(工EC 3013)","['', '', '', '', '234', '', '']","《講授類》
電機系一年級學生優先選修，本課程無法抵免英語班普通物理",[],False
https://selcrs.nsysu.edu.tw/menu5/showoutline.asp?SYEAR=115&SEM=1&CrsDat=PHY102C&Crsname=普通物理（一）,,,False,普通物理小組,PHY102C,1,全英班,"普通物理（一）
GENERAL PHYSICS(I)",3,期,True,50,0,0,50,待聘,"四5,6,7(海ME 3006)","['', '', '', '567', '', '', '']","《講授類》
化學系一年級英語班與海工系一年級學生優先選修",[],True
https://selcrs.nsysu.edu.tw/menu5/showoutline.asp?SYEAR=115&SEM=1&CrsDat=PHY102D&Crsname=普通物理（一）,,,False,普通物理小組,PHY102D,1,全英班,"普通物理（一）
GENERAL PHYSICS(I)",3,期,True,65,0,0,65,周雄,"三2,3,4(工EC 3006)","['', '', '234', '', '', '', '']","《講授類》
材光系與光電系一年級英語班學生優先選修",[],True
https://selcrs.nsysu.edu.tw/menu5/showoutline.asp?SYEAR=115&SEM=1&CrsDat=PHY102E&Crsname=普通物理（一）,,,False,普通物理小組,PHY102E,1,全英班,"普通物理（一）
GENERAL PHYSICS(I)",3,期,True,50,0,0,50,岩本祥,"五5,6,7(工EC 3013)","['', '', '', '', '567', '', '']","《講授類》
電機系一年級英語班學生優先選修",[],True
https://selcrs.nsysu.edu.tw/menu5/showoutline.asp?SYEAR=115&SEM=1&CrsDat=PHY102F&Crsname=普通物理（一）,,,False,普通物理小組,PHY102F,1,全英班,"普通物理（一）
GENERAL PHYSICS(I)",3,期,True,50,0,0,50,范越芳,"三2,3,4(醫IL 3013)","['', '', '234', '', '', '', '']","《講授類》
生醫系一年級學生優先選修",[],True
https://selcrs.nsysu.edu.tw/menu5/showoutline.asp?SYEAR=115&SEM=1&CrsDat=PHY108&Crsname=普通物理實驗（一）,,,False,普通物理小組,PHY108,1,不分班,"普通物理實驗（一）
GENERAL PHYSICS LABORATORY (I)",1,期,True,70,0,0,70,陳易馨,"三2,3,4(理SC 0018; 理SC 0019)(實驗)","['', '', '234', '', '', '', '']","《實驗類》
物理系一年級學生優先選修，本課程無法抵免英語班普通物理實驗",[],False
https://selcrs.nsysu.edu.tw/menu5/showoutline.asp?SYEAR=115&SEM=1&CrsDat=PHY108A&Crsname=普通物理實驗（一）,,,False,普通物理小組,PHY108A,1,不分班,"普通物理實驗（一）
GENERAL PHYSICS LABORATORY (I)",1,期,True,70,0,0,70,吳紘丞,"一5,6,7(理SC 0018; 理SC 0019)(實驗)","['567', '', '', '', '', '', '']","《實驗類》
光電系與材光系一年級學生優先選修，本課程無法抵免英語班普通物理實驗",[],False
https://selcrs.nsysu.edu.tw/menu5/showoutline.asp?SYEAR=115&SEM=1&CrsDat=PHY108B&Crsname=普通物理實驗（一）,,,False,普通物理小組,PHY108B,1,全英班,"普通物理實驗（一）
GENERAL PHYSICS LABORATORY (I)",1,期,True,70,0,0,70,洪昇廷,"三5,6,7(理SC 0018; 理SC 0019)(實驗)","['', '', '567', '', '', '', '']","《實驗類》
材光系與光電系一年級英語班學生優先選修",[],True
https://selcrs.nsysu.edu.tw/menu5/showoutline.asp?SYEAR=115&SEM=1&CrsDat=PHY108C&Crsname=普通物理實驗（一）,,,False,普通物理小組,PHY108C,1,全英班,"普通物理實驗（一）
GENERAL PHYSICS LABORATORY (I)",1,期,True,70,0,0,70,吳紘丞,"四2,3,4(理SC 0018; 理SC 0019)(實驗)","['', '', '', '234', '', '', '']","《實驗類》
生物醫學科技系一年級學生優先選修",[],True
https://selcrs.nsysu.edu.tw/menu5/showoutline.asp?SYEAR=115&SEM=1&CrsDat=PHY108D&Crsname=普通物理實驗（一）,,,False,普通物理小組,PHY108D,1,全英班,"普通物理實驗（一）
GENERAL PHYSICS LABORATORY (I)",1,期,True,70,0,0,70,洪昇廷,"五5,6,7(理SC 0018; 理SC 0019)(實驗)","['', '', '', '', '567', '', '']","《實驗類》
海工系一年級學生優先選修",[],True
https://selcrs.nsysu.edu.tw/menu5/showoutline.asp?SYEAR=115&SEM=1&CrsDat=PHY110&Crsname=基礎理論物理（一）,,,False,普通物理小組,PHY110,1,全英班,"基礎理論物理（一）
INTRODUCTION TO THEORETICAL PHYSICS (I)",4,期,True,50,0,0,50,郭政育,"三5,6(理PH 1009) 四8,9(理PH 1009)","['', '', '56', '89', '', '', '']",《講授類》,[],True
https://selcrs.nsysu.edu.tw/menu5/showoutline.asp?SYEAR=115&SEM=1&CrsDat=GEAH107&Crsname=全民國防教育軍事訓練課程：全民國防（軍訓）,,,False,應用性課程,GEAH107,0,不分班,"全民國防教育軍事訓練課程：全民國防（軍訓）
ALL-OUT DEFENSE EDUCATION MILITARY TRAINING: CIVIL DEFENSE",2,期,False,50,0,0,50,許世宗,,"['', '', '', '', '', '1234', '']","《講授類》
1.軍訓選修課程不列入畢業總學分數，不計應用性課程學分數。2.本門課可依規定折抵兵役役期。3.密集授課時間：9/12、9/19、10/3、10/31、11/7、11/14、11/21、11/28、12/5每週六8~12點。",['全民國防微學程'],False
https://selcrs.nsysu.edu.tw/menu5/showoutline.asp?SYEAR=115&SEM=1&CrsDat=GEAH109&Crsname=全民國防教育軍事訓練課程：防衛動員（軍訓）,,,False,應用性課程,GEAH109,0,不分班,"全民國防教育軍事訓練課程：防衛動員（軍訓）
ALL-OUT DEFENSE EDUCATION MILITARY TRAINING: DEFENSE MOBILIZATION",2,期,False,60,0,0,60,陳惠華,"五8,7(通GE 1008)","['', '', '', '', '78', '', '']","《講授類》
1. 不允許加簽。2.軍訓選修課程不列入畢業總學分數，不計應用性課程學分數。3.本門課可依規定折抵兵役役期。",['全民國防微學程'],False
https://selcrs.nsysu.edu.tw/menu5/showoutline.asp?SYEAR=115&SEM=1&CrsDat=GEAH110&Crsname=全民國防教育軍事訓練課程：國防政策（軍訓）,,,False,應用性課程,GEAH110,0,不分班,"全民國防教育軍事訓練課程：國防政策（軍訓）
ALL-OUT DEFENSE EDUCATION MILITARY TRAINING：NATIONAL DEFENSE POLICIES",2,期,False,60,0,0,60,陳惠華,"五5,6(通GE 1008)","['', '', '', '', '56', '', '']","《講授類》
1.不允許加簽。2.軍訓選修課程不列入畢業總學分數，不計應用性課程學分數。3.本門課可依規定折抵兵役役期。",['全民國防微學程'],False
https://selcrs.nsysu.edu.tw/menu5/showoutline.asp?SYEAR=115&SEM=1&CrsDat=GEAH126&Crsname=全民國防教育軍事訓練課程：國際情勢（軍訓）,,,False,應用性課程,GEAH126,0,不分班,"全民國防教育軍事訓練課程：國際情勢（軍訓）
ALL-OUT DEFENSE EDUCATION MILITARY TRAINING: INTERNATIONAL SITUATION?",2,期,False,50,0,0,50,蔡家和,"二8,9(通GE 3011)","['', '89', '', '', '', '', '']","《講授類》
1.軍訓選修課程不列入畢業總學分數，不計應用性課程學分數。2.本門課可依規定折抵兵役役期。",['全民國防微學程'],False
https://selcrs.nsysu.edu.tw/menu5/showoutline.asp?SYEAR=115&SEM=1&CrsDat=GEAI1017&Crsname=程式設計概論,,,False,跨院選修(通),GEAI1017,0,不分班,"程式設計概論
THE INTRODUCTION OF PROGRAMMING",3,期,False,50,0,0,50,許智超,"四2,3,4(圖IL PC03)","['', '', '', '234', '', '', '']","《講授類》
限非應數、電機、機電、資工、材光、光電、資管、海工系學生修習",['計算物理及人工智慧微學程'],False
https://selcrs.nsysu.edu.tw/menu5/showoutline.asp?SYEAR=115&SEM=1&CrsDat=GEAI1027&Crsname=設計思考,,,False,跨院選修(通),GEAI1027,0,不分班,"設計思考
DESIGN THINKING",3,期,True,25,0,0,25,宋世祥,"四5,6,7(西SW 1005)","['', '', '', '567', '', '', '']","《講授類》
跨院通識與人科學程PIS2002課程併班上課","['社區文創微學程', '公民參與微學程', '智慧高齡生活微學程', '生態想想微學程', 'STREAM永續發展培力微學程']",False
https://selcrs.nsysu.edu.tw/menu5/showoutline.asp?SYEAR=115&SEM=1&CrsDat=GEAI1046&Crsname=創意街區發展與設計思考,,,False,跨院選修(通),GEAI1046,0,不分班,"創意街區發展與設計思考
CREATIVE DISTRICT DEVELOPMENT AND DESIGN THINKING",3,期,False,25,0,0,25,宋世祥,"二5,6,7(西SW 1004)","['', '567', '', '', '', '', '']","《講授類》
跨院通識與人科學程PIS2007課程併班上課","['社區文創微學程', '當代策展與藝術行政學程', '公民參與微學程', '地方創生與永續發展整合學程', '地方創生與區域治理微學程']",False
https://selcrs.nsysu.edu.tw/menu5/showoutline.asp?SYEAR=115&SEM=1&CrsDat=GEAI1047&Crsname=創意設計方法,,,False,跨院選修(通),GEAI1047,0,不分班,"創意設計方法
CREATIVE DESIGN METHODS",3,期,False,30,0,0,30,張淑美,"三5,6,7(西SW 1005)","['', '', '567', '', '', '', '']","《講授類》
跨院通識與人科學程PIS2011課程併班上課","['創新創業微學程', '中文創意跨域應用整合學程', 'STREAM永續發展培力微學程']",False
https://selcrs.nsysu.edu.tw/menu5/showoutline.asp?SYEAR=115&SEM=1&CrsDat=GEAI1048&Crsname=文化人類學,,,False,跨院選修(通),GEAI1048,0,不分班,"文化人類學
CULTURAL ANTHROPOLOGY",3,期,True,25,0,0,25,宋世祥,"三2,3,4(西SW 1005)","['', '', '234', '', '', '', '']","《講授類》
跨院通識與人科學系DIS1002課程併班上課","['日本研究學程', '當代策展與藝術行政學程']",False
https://selcrs.nsysu.edu.tw/menu5/showoutline.asp?SYEAR=115&SEM=1&CrsDat=GEAI1069&Crsname=基礎程式應用,,,False,跨院選修(通),GEAI1069,0,不分班,"基礎程式應用
BASIC COMPUTER PROGRAMMING AND APPLICATION",3,期,True,10,0,0,10,鄭南玉,"四5,6,7(西SW 1007)","['', '', '', '567', '', '', '']","《講授類》
跨院通識與人科學系DIS1003課程併班上課",['金融工程學程'],False
https://selcrs.nsysu.edu.tw/menu5/showoutline.asp?SYEAR=115&SEM=1&CrsDat=GEAI1070&Crsname=客家語言與文化,新增,7/2,False,跨院選修(通),GEAI1070,0,不分班,"客家語言與文化
HAKKA LANGUAGE AND CULTURE",1,期,False,50,0,0,50,古錦松,,"['', '', '', '', '', '12345678', '1234']","《講授類》
部份客家語授課",[],False
https://selcrs.nsysu.edu.tw/menu5/showoutline.asp?SYEAR=115&SEM=1&CrsDat=GEAI1072&Crsname=基礎越南語（I）,,,False,跨院選修(通),GEAI1072,0,不分班,"基礎越南語（I）
BASIC VIETNAMESE (I)",2,期,False,50,0,0,50,阮氏貞,"三3,4(通GE 3011)","['', '', '34', '', '', '', '']",《講授類》,[],False
https://selcrs.nsysu.edu.tw/menu5/showoutline.asp?SYEAR=115&SEM=1&CrsDat=GEAI1079&Crsname=智慧型運輸系統,,,False,跨院選修(通),GEAI1079,0,不分班,"智慧型運輸系統
INTRODUCTION TO INTELLIGENT TRANSPORTATION SYSTEMS",3,期,False,30,0,0,30,夏晧清,"三5,6,7(西SW 1007)","['', '', '567', '', '', '', '']","《講授類》
跨院通識與人科學系DIS1101課程併班上課","['智慧城市與智慧運輸學程', '智慧港埠微學程', '公共交通行動服務微學程', '運輸管理微學程']",False
https://selcrs.nsysu.edu.tw/menu5/showoutline.asp?SYEAR=115&SEM=1&CrsDat=GEAI1083&Crsname=閱讀中華寶島,,,False,跨院選修(通),GEAI1083,0,不分班,"閱讀中華寶島
READING THE SINO-ISLAND",3,期,False,50,0,0,50,歐瑞安,"二2,3,4(海ME 1005)","['', '234', '', '', '', '', '']","《講授類》
1、本課程修習通過後，可抵免通識教育之語文素養「中文思辨與表達」【限外籍、僑外及凡於高級中等教育階段修業，以非中文為主要授課語言者（例如修習國際文憑課程〔International Baccalaureate, IB〕、自學符合同等學力、於外僑學校或國外高中畢業者）身份之學位生】。 2、課程成績仍須符合「國立中山大學西灣學院辦理學生通識教育課程抵免學分審查原則」並於規定時間辦理抵免學分手續。",[],True
https://selcrs.nsysu.edu.tw/menu5/showoutline.asp?SYEAR=115&SEM=1&CrsDat=GEAI1101&Crsname=合奏,,,True,跨院選修(文),GEAI1101,0,不分班,"合奏
ENSEMBLE",2,期,True,20,0,0,20,楊智欽,"三6,7(文FA 4031) 五5,6(文FA 4031)","['', '', '67', '', '56', '', '']","《音樂類》
學生選課於第一週參加樂團甄試，通過後始得修課，外系學生借用琴房練習，依規定繳交費用。跨院通識與音樂系MUSI101課程併班上課",['音樂劇學程'],False
https://selcrs.nsysu.edu.tw/menu5/showoutline.asp?SYEAR=115&SEM=1&CrsDat=GEAI1102&Crsname=合唱,,,True,跨院選修(文),GEAI1102,0,不分班,"合唱
CHORUS",2,期,True,20,0,0,20,張成璞,"三6,7(文FA 4028) 四8,9(文FA 4028)","['', '', '67', '89', '', '', '']","《音樂類》
選課學生須於第一週參加視譜及歌唱測驗，通過後始得修課，外系學生借用琴房練習須依規定繳交費用跨院通識與音樂系MUSI102課程併班上課",['音樂劇學程'],False
https://selcrs.nsysu.edu.tw/menu5/showoutline.asp?SYEAR=115&SEM=1&CrsDat=GEAI1126&Crsname=西洋哲學史,,,False,跨院選修(文),GEAI1126,0,不分班,"西洋哲學史
HISTORY OF WESTERN PHILOSOPHY",3,期,False,20,0,0,20,待聘,"三5,6,7(文LA 1004)","['', '', '567', '', '', '', '']","《講授類》
與文學院LIBA252課程併班上課",[],False
https://selcrs.nsysu.edu.tw/menu5/showoutline.asp?SYEAR=115&SEM=1&CrsDat=GEAI1129&Crsname=性別文化民俗誌,,,False,跨院選修(文),GEAI1129,0,不分班,"性別文化民俗誌
CHRONICLES OF FEMININE CULTURE",3,期,False,25,0,0,25,楊濟襄,"一5,6,7(文LA 4003)","['567', '', '', '', '', '', '']","《講授類》
與中文系CL430課程併班上課","['性別研究學程', '性別與管理微學程']",False
https://selcrs.nsysu.edu.tw/menu5/showoutline.asp?SYEAR=115&SEM=1&CrsDat=GEAI1132&Crsname=歐洲文學：1350-1800,,,True,跨院選修(文),GEAI1132,0,不分班,"歐洲文學：1350-1800
EUROPEAN LITERATURE : AFTER 1350-1800",3,期,True,5,0,0,5,沈尚玉,"五2,3,4(文LA 3003)","['', '', '', '', '234', '', '']","《講授類》
建議修畢本校通識英語文「英文中高級」課程，或具備相當於CEFR B2(含)以上英文程度學生修習;與外文系DFLL222課程併班上課","['西洋經典文學與文化學程', '法國語言、文化與社會學程']",True
https://selcrs.nsysu.edu.tw/menu5/showoutline.asp?SYEAR=115&SEM=1&CrsDat=GEAI1134&Crsname=音樂治療,,,False,跨院選修(文),GEAI1134,0,不分班,"音樂治療
INTRODUCTION  TO  MUSIC THERAPY",2,期,False,15,0,0,15,鄭夙雯,"三3,4(文FA 7003)","['', '', '34', '', '', '', '']","《講授類》
與音樂系MUSI314課程併班上課","['音樂與高齡照護學程', '表達性藝術治療學程', '音樂應用與高齡友善多元性微學程']",False
https://selcrs.nsysu.edu.tw/menu5/showoutline.asp?SYEAR=115&SEM=1&CrsDat=GEAI1149&Crsname=論語,,,False,跨院選修(文),GEAI1149,0,不分班,"論語
THE ANALECTS",3,期,False,15,0,0,15,吳孟謙,"二2,3,4(文LA 4001)","['', '234', '', '', '', '', '']","《講授類》
與中文系CL248課程併班上課",['中文創意跨域應用整合學程'],False
https://selcrs.nsysu.edu.tw/menu5/showoutline.asp?SYEAR=115&SEM=1&CrsDat=GEAI1150&Crsname=詩選及習作（一）,,,True,跨院選修(文),GEAI1150,0,不分班,"詩選及習作（一）
READING IN CHINESE CLASSICAL POETRY SHIH (I)",3,期,True,5,0,0,5,陳秋宏,"三5,6,7(文LA 4002)","['', '', '567', '', '', '', '']","《講授類》
與中文系CL205課程併班上課",['中文創意跨域應用整合學程'],False
https://selcrs.nsysu.edu.tw/menu5/showoutline.asp?SYEAR=115&SEM=1&CrsDat=GEAI1181&Crsname=精神分析批評,,,False,跨院選修(文),GEAI1181,0,不分班,"精神分析批評
PSYCHOANALYTIC CRITICISM",3,期,False,10,0,0,10,陳福仁,"四2,3,4(文LA 3002)","['', '', '', '234', '', '', '']","《研討類》
與外文系DFLL438課程併班上課","['西洋經典文學與文化學程', '性別研究學程']",True
https://selcrs.nsysu.edu.tw/menu5/showoutline.asp?SYEAR=115&SEM=1&CrsDat=GEAI1706&Crsname=英國文學：1660以前,,,True,跨院選修(文),GEAI1706,0,不分班,"英國文學：1660以前
ENGLISH LITERATURE : BEFORE 1660",3,期,True,10,0,0,10,李祁芳,"二5,6,7(文LA 3002)","['', '567', '', '', '', '', '']","《講授類》
與外文系DFLL224課程併班上課","['西洋經典文學與文化學程', '法國語言、文化與社會學程']",True
https://selcrs.nsysu.edu.tw/menu5/showoutline.asp?SYEAR=115&SEM=1&CrsDat=GEAI1727&Crsname=中國戲劇史（一）,,,False,跨院選修(文),GEAI1727,0,不分班,"中國戲劇史（一）
HISTORY OF CHINESE DRAMA AND THEAER (I)",2,期,True,5,0,0,5,康尹貞,"三3,4(文FA 3009)","['', '', '34', '', '', '', '']","《講授類》
與劇藝系TA106課程併班上課",['跨文化人文思潮與美學微學程'],False
https://selcrs.nsysu.edu.tw/menu5/showoutline.asp?SYEAR=115&SEM=1&CrsDat=GEAI1735&Crsname=英語語言學概論（一）,,,False,跨院選修(文),GEAI1735,0,不分班,"英語語言學概論（一）
INTRODUCTION TO ENGLISH LINGUISTICS（I）",3,期,True,50,0,0,50,歐淑珍,"一2,3,4(文LA 3004)","['234', '', '', '', '', '', '']","《講授類》
與外文系DFLL220課程併班上課",['日本研究學程'],True
https://selcrs.nsysu.edu.tw/menu5/showoutline.asp?SYEAR=115&SEM=1&CrsDat=GEAI1735A&Crsname=英語語言學概論（一）,,,False,跨院選修(文),GEAI1735A,0,不分班,"英語語言學概論（一）
INTRODUCTION TO ENGLISH LINGUISTICS（I）",3,期,True,50,0,0,50,黃舒屏,"一2,3,4(文LA 3002)","['234', '', '', '', '', '', '']","《講授類》
與外文系DFLL220A課程併班上課",['日本研究學程'],True
https://selcrs.nsysu.edu.tw/menu5/showoutline.asp?SYEAR=115&SEM=1&CrsDat=GEAI1745&Crsname=莎士比亞戲劇選讀,,,False,跨院選修(文),GEAI1745,0,不分班,"莎士比亞戲劇選讀
READINGS IN SHAKESPEAREAN DRAMA",3,期,False,10,0,0,10,李祁芳,"一5,6,7(文LA 3004)","['567', '', '', '', '', '', '']","《講授類》
與外文系DFLL430課程併班上課","['西洋經典文學與文化學程', '法國語言、文化與社會學程']",True
https://selcrs.nsysu.edu.tw/menu5/showoutline.asp?SYEAR=115&SEM=1&CrsDat=GEAI1750&Crsname=臺灣古典文學概論,,,False,跨院選修(文),GEAI1750,0,不分班,"臺灣古典文學概論
INTRODUCTION TO TAIWANESE CLASSICAL LITERATURE",3,期,False,20,0,0,20,鍾志偉,"二5,6,7(文LA 4002)","['', '567', '', '', '', '', '']","《講授類》
與中文系CL433課程併班上課","['臺灣研究學程', '中文創意跨域應用整合學程']",False
https://selcrs.nsysu.edu.tw/menu5/showoutline.asp?SYEAR=115&SEM=1&CrsDat=GEAI1761&Crsname=英國文學：1800-1900,,,True,跨院選修(文),GEAI1761,0,不分班,"英國文學：1800-1900
ENGLISH LITERATURE : 1800-1900",3,期,True,5,0,0,5,李佳容,"四2,3,4(文LA 3003)","['', '', '', '234', '', '', '']","《講授類》
與外文系DFLL320課程併班上課",['西洋經典文學與文化學程'],True
https://selcrs.nsysu.edu.tw/menu5/showoutline.asp?SYEAR=115&SEM=1&CrsDat=GEAI1768&Crsname=視覺藝術（一）：素描,,,False,跨院選修(文),GEAI1768,0,不分班,"視覺藝術（一）：素描
VISUAL ARTS(I)：DRAWING",2,期,False,20,0,0,20,王以亮,"一5,6(文FA 3009)","['56', '', '', '', '', '', '']","《展演》
跨院通識與劇藝系TA171A課程併班上課",[],False
https://selcrs.nsysu.edu.tw/menu5/showoutline.asp?SYEAR=115&SEM=1&CrsDat=GEAI1771&Crsname=跨文化人文思潮與美學導論,,,False,跨院選修(文),GEAI1771,0,不分班,"跨文化人文思潮與美學導論
INTRODUCTION TO CROSS-CULTURAL STUDIES AND AESTHETICS",3,期,False,30,0,0,30,何重誼,"四2,3,4(文LA 1001)","['', '', '', '234', '', '', '']","《講授類》
與文學院LIBA122課程併班上課","['臺灣閩南語文書寫應用與創作微學程', '與社會交往的表演藝術微學程', '跨文化人文思潮與美學微學程']",False
https://selcrs.nsysu.edu.tw/menu5/showoutline.asp?SYEAR=115&SEM=1&CrsDat=GEAI1772&Crsname=臺灣閩南語文的音字書寫與閱讀,,,False,跨院選修(文),GEAI1772,0,不分班,"臺灣閩南語文的音字書寫與閱讀
WRITING AND READING OF TAIWANESE SOUTHERN MIN",3,期,False,20,0,0,20,杜佳倫,"二2,3,4(文LA 1001)","['', '234', '', '', '', '', '']","《講授類》
與文學院LIBA119課程併班上課","['臺灣研究學程', '臺灣閩南語文書寫應用與創作微學程']",False
https://selcrs.nsysu.edu.tw/menu5/showoutline.asp?SYEAR=115&SEM=1&CrsDat=GEAI1776&Crsname=語言評量概論,,,False,跨院選修(文),GEAI1776,0,不分班,"語言評量概論
INTRODUCTION TO LANGUAGE ASSESSMENT",3,期,False,65,0,0,65,施智閔,"三5,6,7(海ME 3006)","['', '', '567', '', '', '', '']","《講授類》
與外文系DFLL338課程併班上課",[],True
https://selcrs.nsysu.edu.tw/menu5/showoutline.asp?SYEAR=115&SEM=1&CrsDat=GEAI1806&Crsname=表達性藝術治療個案討論,,,False,跨院選修(文),GEAI1806,0,不分班,"表達性藝術治療個案討論
EXPRESSIVE ARTS THERAPY CASE STUDY",3,期,False,15,0,0,15,顏竹君,"五2,3,4(文FA 6011)","['', '', '', '', '234', '', '']","《講授類》
與音樂系MUSI471課程併班上課","['音樂與高齡照護學程', '表達性藝術治療學程', '音樂應用與高齡友善多元性微學程']",False
https://selcrs.nsysu.edu.tw/menu5/showoutline.asp?SYEAR=115&SEM=1&CrsDat=GEAI1826&Crsname=藝術概論,,,False,跨院選修(文),GEAI1826,0,不分班,"藝術概論
INTRODUCTION TO THE ARTS",2,期,False,20,0,0,20,王以亮,"一3,4(文FA 3009)","['34', '', '', '', '', '', '']","《講授類》
跨院通識與劇藝系TA191A課程併班上課",['跨文化人文思潮與美學微學程'],False
https://selcrs.nsysu.edu.tw/menu5/showoutline.asp?SYEAR=115&SEM=1&CrsDat=GEAI1833&Crsname=古典小說選（一）,,,False,跨院選修(文),GEAI1833,0,不分班,"古典小說選（一）
CLASSICAL NOVELS(I)",3,期,False,15,0,0,15,羅景文,"二2,3,4(文LA 4004)","['', '234', '', '', '', '', '']","《講授類》
與中文系CL150課程併班上課",['中文創意跨域應用整合學程'],False
https://selcrs.nsysu.edu.tw/menu5/showoutline.asp?SYEAR=115&SEM=1&CrsDat=GEAI1851&Crsname=基礎程式設計應用,,,False,跨院選修(文),GEAI1851,0,不分班,"基礎程式設計應用
APPLICATION OF BASIC PROGRAMMING",3,期,False,20,0,0,20,溫嘉榮,"三2,3,4(圖IL PC03)","['', '', '234', '', '', '', '']","《講授類》
跨院通識與文學院LIBA143課程併班上課","['金融工程學程', '智慧高齡生活微學程']",False
https://selcrs.nsysu.edu.tw/menu5/showoutline.asp?SYEAR=115&SEM=1&CrsDat=GEAI1852&Crsname=電影創作與程式邏輯思維,,,False,跨院選修(文),GEAI1852,0,不分班,"電影創作與程式邏輯思維
FILM CREATION AND PROGRAM LOGIC THINKING",3,期,False,20,0,0,20,陳俊宏,"三5,6,7(文LA 1012)","['', '', '567', '', '', '', '']","《講授類》
限非應數、電機、機電、資工、材光、光電、資管、海工系學生修習；與文學院LIBA137課程併班上課",[],False
https://selcrs.nsysu.edu.tw/menu5/showoutline.asp?SYEAR=115&SEM=1&CrsDat=GEAI1854&Crsname=古典戲劇選(一),,,False,跨院選修(文),GEAI1854,0,不分班,"古典戲劇選(一)
SELECTION OF CLASSICAL DRAMA（I）",3,期,False,20,0,0,20,林芷瑩,"一5,6,7(文LA 4004)","['567', '', '', '', '', '', '']","《講授類》
跨院通識與中文系CL146課程併班上課","['中文創意跨域應用整合學程', '跨文化人文思潮與美學微學程']",False
https://selcrs.nsysu.edu.tw/menu5/showoutline.asp?SYEAR=115&SEM=1&CrsDat=GEAI1855&Crsname=劇本導讀,,,False,跨院選修(文),GEAI1855,0,不分班,"劇本導讀
PLAY READING AND ANALYSIS",2,期,True,5,0,0,5,康尹貞,"四6,7(文FA 3009)","['', '', '', '67', '', '', '']","《講授類》
與劇藝系TA108課程併班上課",[],False
https://selcrs.nsysu.edu.tw/menu5/showoutline.asp?SYEAR=115&SEM=1&CrsDat=GEAI1867&Crsname=肢體開發（一）,,,False,跨院選修(文),GEAI1867,0,不分班,"肢體開發（一）
PHYSICAL DEVELOPMENT（I）",2,期,False,5,0,0,5,楊馨媛,"五3,4(文FA 2017)","['', '', '', '', '34', '', '']","《展演》
跨院通識與劇藝系TA151課程併班上課","['表達性藝術治療學程', '音樂劇學程']",False
https://selcrs.nsysu.edu.tw/menu5/showoutline.asp?SYEAR=115&SEM=1&CrsDat=GEAI1872&Crsname=青聽文學,,,False,跨院選修(文),GEAI1872,0,不分班,"青聽文學
YOUTHFUL LITERARY ENGAGEMENT: FROM TEXT TO WORLD",3,期,True,10,0,0,10,"涂書瑋,黃資婷","四8,6,7(文LA 0001)","['', '', '', '678', '', '', '']","《講授類》
與中文系CL454課程併班上課",['中文創意跨域應用整合學程'],False
https://selcrs.nsysu.edu.tw/menu5/showoutline.asp?SYEAR=115&SEM=1&CrsDat=GEAI1875&Crsname=音樂劇演唱技巧,,,False,跨院選修(文),GEAI1875,0,不分班,"音樂劇演唱技巧
SINGING IN MUSICAL THEATRE",2,期,False,5,0,0,5,林宜誠,"二3,4(文FA 2017)","['', '34', '', '', '', '', '']","《展演》
跨院通識與劇藝系TA358課程併班上課",['音樂劇學程'],False
https://selcrs.nsysu.edu.tw/menu5/showoutline.asp?SYEAR=115&SEM=1&CrsDat=GEAI2100&Crsname=日文（一）,,,True,跨院選修(文),GEAI2100,0,不分班,"日文（一）
JAPANESE (I)",3,期,True,10,0,0,10,森國松江,"三5,6,7(文LA 3013)","['', '', '567', '', '', '', '']","《講授類》
與外文系DFLL232課程併班上課",['日本研究學程'],False
https://selcrs.nsysu.edu.tw/menu5/showoutline.asp?SYEAR=115&SEM=1&CrsDat=GEAI2102&Crsname=西班牙文（一）,,,True,跨院選修(文),GEAI2102,0,不分班,"西班牙文（一）
SPANISH (I)",3,期,True,30,0,0,30,李優俐,"三5,6,7(文LA 3014)","['', '', '567', '', '', '', '']","《講授類》
與外文系DFLL234課程併班上課",['西洋經典文學與文化學程'],False
https://selcrs.nsysu.edu.tw/menu5/showoutline.asp?SYEAR=115&SEM=1&CrsDat=GEAI2104&Crsname=法文（一）,,,True,跨院選修(文),GEAI2104,0,不分班,"法文（一）
FRENCH (I)",3,期,False,20,0,0,20,王柔惠,"四2,3,4(文LA 3001)","['', '', '', '234', '', '', '']","《講授類》
與外文系DFLL236A課程併班上課","['西洋經典文學與文化學程', '法國語言、文化與社會學程']",False
https://selcrs.nsysu.edu.tw/menu5/showoutline.asp?SYEAR=115&SEM=1&CrsDat=GEAI2112&Crsname=德文（一） ,,,True,跨院選修(文),GEAI2112,0,不分班,"德文（一） 
GERMAN (I)",3,期,False,26,0,0,26,陳麗雅,"三2,3,4(文LA 1001)","['', '', '234', '', '', '', '']","《講授類》
與外文系DFLL238A課程併班上課",['西洋經典文學與文化學程'],False
https://selcrs.nsysu.edu.tw/menu5/showoutline.asp?SYEAR=115&SEM=1&CrsDat=GEAI2113&Crsname=中國園林文學,,,False,跨院選修(文),GEAI2113,0,不分班,"中國園林文學
CHINESE GARDEN LITERATURE",3,期,False,3,0,0,3,林孜曄,"四5,6,7(文LA 4001)","['', '', '', '567', '', '', '']","《講授類》
跨院通識與中文系CL187課程併班上課",[],False
https://selcrs.nsysu.edu.tw/menu5/showoutline.asp?SYEAR=115&SEM=1&CrsDat=GEAI2114&Crsname=神話學導論（一）,,,False,跨院選修(文),GEAI2114,0,不分班,"神話學導論（一）
INTRODUCTION TO MYTHOLOGY(Ⅰ)",3,期,False,20,0,0,20,謝薇娜,"一2,3,4(文LA 4002)","['234', '', '', '', '', '', '']","《講授類》
跨院通識與中文系CL265課程併班上課",[],False
https://selcrs.nsysu.edu.tw/menu5/showoutline.asp?SYEAR=115&SEM=1&CrsDat=GEAI2115&Crsname=華文文學與性別文化（一）,,,False,跨院選修(文),GEAI2115,0,不分班,"華文文學與性別文化（一）
CHINESE LITERATURE AND GENDER CULTURES (I)",3,期,False,10,0,0,10,黃資婷,"五2,3,4(文LA 4002)","['', '', '', '', '234', '', '']","《講授類》
跨院通識與中文系CL192課程併班上課",[],False
https://selcrs.nsysu.edu.tw/menu5/showoutline.asp?SYEAR=115&SEM=1&CrsDat=GEAI2118&Crsname=人物服裝畫,,,False,跨院選修(文),GEAI2118,0,不分班,"人物服裝畫
COSTUME ILLUSTRATION FOR PERFORMANCE",2,期,False,20,0,0,20,吳怡瑱,"二3,4(文FA 2016)","['', '34', '', '', '', '', '']","《展演》
跨院通識與劇藝系TA274A課程併班上課",[],False
https://selcrs.nsysu.edu.tw/menu5/showoutline.asp?SYEAR=115&SEM=1&CrsDat=GEAI1203&Crsname=普通物理實驗（一）,,,False,跨院選修(理),GEAI1203,0,不分班,"普通物理實驗（一）
GENERAL PHYSICS LABORATORY (I)",1,期,True,10,0,0,10,陳易馨,"三2,3,4(理SC 0018; 理SC 0019)(實驗)","['', '', '234', '', '', '', '']","《實驗類》
與普通物理小組PHY108課程併班上課",[],False
https://selcrs.nsysu.edu.tw/menu5/showoutline.asp?SYEAR=115&SEM=1&CrsDat=GEAI1203A&Crsname=普通物理實驗（一）,,,False,跨院選修(理),GEAI1203A,0,不分班,"普通物理實驗（一）
GENERAL PHYSICS LABORATORY (I)",1,期,True,10,0,0,10,吳紘丞,"一5,6,7(理SC 0018; 理SC 0019)(實驗)","['567', '', '', '', '', '', '']","《實驗類》
與普通物理小組PHY108A課程併班上課",[],False
https://selcrs.nsysu.edu.tw/menu5/showoutline.asp?SYEAR=115&SEM=1&CrsDat=GEAI1203B&Crsname=普通物理實驗（一）,,,False,跨院選修(理),GEAI1203B,0,不分班,"普通物理實驗（一）
GENERAL PHYSICS LABORATORY (I)",1,期,True,10,0,0,10,洪昇廷,"三5,6,7(理SC 0018; 理SC 0019)(實驗)","['', '', '567', '', '', '', '']","《實驗類》
與普通物理小組PHY108B課程併班上課",[],True
https://selcrs.nsysu.edu.tw/menu5/showoutline.asp?SYEAR=115&SEM=1&CrsDat=GEAI1203C&Crsname=普通物理實驗（一）,,,False,跨院選修(理),GEAI1203C,0,不分班,"普通物理實驗（一）
GENERAL PHYSICS LABORATORY (I)",1,期,True,10,0,0,10,吳紘丞,"四2,3,4(理SC 0018; 理SC 0019)(實驗)","['', '', '', '234', '', '', '']","《實驗類》
與普通物理小組PHY108C課程併班上課",[],True
https://selcrs.nsysu.edu.tw/menu5/showoutline.asp?SYEAR=115&SEM=1&CrsDat=GEAI1203D&Crsname=普通物理實驗（一）,,,False,跨院選修(理),GEAI1203D,0,不分班,"普通物理實驗（一）
GENERAL PHYSICS LABORATORY (I)",1,期,True,10,0,0,10,洪昇廷,"五5,6,7(理SC 0018; 理SC 0019)(實驗)","['', '', '', '', '567', '', '']","《實驗類》
與普通物理小組PHY108D課程併班上課",[],True
https://selcrs.nsysu.edu.tw/menu5/showoutline.asp?SYEAR=115&SEM=1&CrsDat=GEAI1213&Crsname=生物化學（一）,,,False,跨院選修(理),GEAI1213,0,不分班,"生物化學（一）
BIOCHEMISTRY(I)",3,期,True,10,0,0,10,陳俊霖,"二2,3,4(理SC 2001)","['', '234', '', '', '', '', '']","《講授類》
與生科系BIOS210課程併班上課","['生物技術學程', '天然藥物合成學程']",False
https://selcrs.nsysu.edu.tw/menu5/showoutline.asp?SYEAR=115&SEM=1&CrsDat=GEAI1214&Crsname=微生物學,,,False,跨院選修(理),GEAI1214,0,不分班,"微生物學
MICROBIOLOGY",3,期,False,10,0,0,10,李哲欣,"三2,3,4(理SC 3005)","['', '', '234', '', '', '', '']","《講授類》
與生科系BIOS230課程併班上課","['生物技術學程', '環境教育學程', '海洋微生物及應用推廣微學程']",False
https://selcrs.nsysu.edu.tw/menu5/showoutline.asp?SYEAR=115&SEM=1&CrsDat=GEAI1215&Crsname=線性代數（一）,,,False,跨院選修(理),GEAI1215,0,不分班,"線性代數（一）
LINEAR ALGEBRA (I)",3,期,True,25,0,0,25,待聘,"四3,4(理SC 0012) 五5(理SC 0012)","['', '', '', '34', '5', '', '']","《講授類》
與應數系MATH103課程併班上課","['應用數學學程', '金融工程學程', '人工智慧與數學學程']",False
https://selcrs.nsysu.edu.tw/menu5/showoutline.asp?SYEAR=115&SEM=1&CrsDat=GEAI1215A&Crsname=線性代數（一）,,,False,跨院選修(理),GEAI1215A,0,不分班,"線性代數（一）
LINEAR ALGEBRA (I)",3,期,True,25,0,0,25,王以晟,"五3,4,B(理SC 1003)","['', '', '', '', '34B', '', '']","《講授類》
與應數系MATH103A課程併班上課","['應用數學學程', '金融工程學程', '人工智慧與數學學程']",True
https://selcrs.nsysu.edu.tw/menu5/showoutline.asp?SYEAR=115&SEM=1&CrsDat=GEAI1216&Crsname=數學導論（一）,,,False,跨院選修(理),GEAI1216,0,不分班,"數學導論（一）
INTRODUCTION TO MATHEMATICS (I)",3,期,False,65,0,0,65,陳志偉,"一2(理SC 0012) 五6,7(理SC 0012)","['2', '', '', '', '67', '', '']","《講授類》
與應數系MATH107課程併班上課",['應用數學學程'],True
https://selcrs.nsysu.edu.tw/menu5/showoutline.asp?SYEAR=115&SEM=1&CrsDat=GEAI1250&Crsname=無機化學（二）,,,False,跨院選修(理),GEAI1250,0,不分班,"無機化學（二）
INORGANIC CHEMISTRY(II)",3,期,True,10,0,0,10,邱政超,"一4(理SC 3001) 三3,4(理SC 3001)","['4', '', '34', '', '', '', '']","《講授類》
跨院通識與化學系CHEM302課程併班上課",[],False
https://selcrs.nsysu.edu.tw/menu5/showoutline.asp?SYEAR=115&SEM=1&CrsDat=GEAI1311&Crsname=計算機概論,,,False,跨院選修(工),GEAI1311,0,不分班,"計算機概論
INTRODUCTION TO COMPUTERS",3,期,True,10,0,0,10,陳伯煒,"五5,6,7(工EC 1001)","['', '', '', '', '567', '', '']","《講授類》
限非資管系學生修習。跨院通識與電機系EE1300課程併班上課","['軟體工程學程', '人工智慧探索應用學分學程']",False
https://selcrs.nsysu.edu.tw/menu5/showoutline.asp?SYEAR=115&SEM=1&CrsDat=GEAI1311B&Crsname=計算機概論,,,False,跨院選修(工),GEAI1311B,0,不分班,"計算機概論
INTRODUCTION TO COMPUTERS",3,期,True,10,0,0,10,翁愷貽,"三2,3,4(工EC 2002)","['', '', '234', '', '', '', '']","《講授類》
限非資管系學生修習。跨院通識與電機系EE1300B課程併班上課","['軟體工程學程', '人工智慧探索應用學分學程']",True
https://selcrs.nsysu.edu.tw/menu5/showoutline.asp?SYEAR=115&SEM=1&CrsDat=GEAI1312&Crsname=電子學（一）,,,False,跨院選修(工),GEAI1312,0,不分班,"電子學（一）
ELECTRONICS (I)",3,期,True,10,0,0,10,馬誠佑,"二2,3,4(工EC 6019)","['', '234', '', '', '', '', '']","《講授類》
跨院通識與電機系EE2100課程併班上課","['半導體製程模組學程', '半導體設備工程學程', '半導體設備工程學程', '半導體元件學程', '數位IC設計學程', '類比射頻IC設計學程']",False
https://selcrs.nsysu.edu.tw/menu5/showoutline.asp?SYEAR=115&SEM=1&CrsDat=GEAI1312B&Crsname=電子學（一）,,,False,跨院選修(工),GEAI1312B,0,不分班,"電子學（一）
ELECTRONICS (I)",3,期,True,10,0,0,10,陳昶孝,"五2,3,4(工EC 6019)","['', '', '', '', '234', '', '']","《講授類》
跨院通識與電機系EE2100B課程併班上課","['半導體製程模組學程', '半導體設備工程學程', '半導體設備工程學程', '半導體元件學程', '數位IC設計學程', '類比射頻IC設計學程']",True
https://selcrs.nsysu.edu.tw/menu5/showoutline.asp?SYEAR=115&SEM=1&CrsDat=GEAI1315&Crsname=訊號與系統,,,False,跨院選修(工),GEAI1315,0,不分班,"訊號與系統
SIGNALS AND SYSTEMS",3,期,True,10,0,0,10,曾凡碩,"四5,6,7(工EC 2002)","['', '', '', '567', '', '', '']","《講授類》
跨院通識與電機系EE2600課程併班上課","['南星產業樞紐學程', '跨領域智慧製造學程', '智慧製造聯網微學程', '製造與大數據分析微學程', '類比射頻IC設計學程']",False
https://selcrs.nsysu.edu.tw/menu5/showoutline.asp?SYEAR=115&SEM=1&CrsDat=GEAI1315B&Crsname=訊號與系統,,,False,跨院選修(工),GEAI1315B,0,不分班,"訊號與系統
SIGNALS AND SYSTEMS",3,期,True,10,0,0,10,曾乙立,"二5,6,7(工EC 3013)","['', '567', '', '', '', '', '']","《講授類》
跨院通識與電機系EE2600B課程併班上課","['南星產業樞紐學程', '跨領域智慧製造學程', '智慧製造聯網微學程', '製造與大數據分析微學程', '類比射頻IC設計學程']",True
https://selcrs.nsysu.edu.tw/menu5/showoutline.asp?SYEAR=115&SEM=1&CrsDat=GEAI1322&Crsname=電路學（二）,,,False,跨院選修(工),GEAI1322,0,不分班,"電路學（二）
CIRCUIT THEORY (II)",3,期,True,10,0,0,10,李宗璘,"一2,3,4(工EC 1009)","['234', '', '', '', '', '', '']","《講授類》
跨院通識與電機系EE2401課程併班上課","['南星產業樞紐學程', '半導體製程模組學程', '半導體設備工程學程', '半導體元件學程']",False
https://selcrs.nsysu.edu.tw/menu5/showoutline.asp?SYEAR=115&SEM=1&CrsDat=GEAI1322B&Crsname=電路學（二）,,,False,跨院選修(工),GEAI1322B,0,不分班,"電路學（二）
CIRCUIT THEORY (II)",3,期,True,10,0,0,10,余祥華,"四2,3,4(工EC 3013)","['', '', '', '234', '', '', '']","《講授類》
跨院通識與電機系EE2401B課程併班上課","['南星產業樞紐學程', '半導體製程模組學程', '半導體設備工程學程', '半導體元件學程']",True
https://selcrs.nsysu.edu.tw/menu5/showoutline.asp?SYEAR=115&SEM=1&CrsDat=GEAI1323&Crsname=計算機程式,,,False,跨院選修(工),GEAI1323,0,不分班,"計算機程式
COMPUTER PROGRAMMING",3,期,True,10,0,0,10,魏家博,"三2,3,4(工EC 2011)","['', '', '234', '', '', '', '']","《講授類》
跨院通識與電機系EE1301課程併班上課","['軟體工程學程', '金融工程學程', '計算物理及人工智慧微學程', '自然科學之程式應用學程', '半導體設備工程學程']",False
https://selcrs.nsysu.edu.tw/menu5/showoutline.asp?SYEAR=115&SEM=1&CrsDat=GEAI1323B&Crsname=計算機程式,,,False,跨院選修(工),GEAI1323B,0,不分班,"計算機程式
COMPUTER PROGRAMMING",3,期,True,10,0,0,10,魏家博,"四2,3,4(工EC 3014)","['', '', '', '234', '', '', '']","《講授類》
跨院通識與電機系EE1301B課程併班上課","['軟體工程學程', '金融工程學程', '計算物理及人工智慧微學程', '自然科學之程式應用學程', '半導體設備工程學程']",True
https://selcrs.nsysu.edu.tw/menu5/showoutline.asp?SYEAR=115&SEM=1&CrsDat=GEAI1324&Crsname=資料結構,,,False,跨院選修(工),GEAI1324,0,不分班,"資料結構
DATA STRUCTURES",3,期,False,10,0,0,10,周孜燦,"三5,6,7(工EC 3013)","['', '', '567', '', '', '', '']","《講授類》
限非資管系學生修習。跨院通識與電機系EE2305課程併班上課","['跨領域智慧製造學程', '軟體工程學程', '巨量資料分析學程', '金融科技學程', '計算物理及人工智慧微學程', '自然科學之程式應用學程', '智慧製造聯網微學程', '永續能源學程']",False
https://selcrs.nsysu.edu.tw/menu5/showoutline.asp?SYEAR=115&SEM=1&CrsDat=GEAI1326&Crsname=電磁學（一）,,,False,跨院選修(工),GEAI1326,0,不分班,"電磁學（一）
ELECTROMAGNETIC THEORY (I)",3,期,True,10,0,0,10,李杰穎,"二5,6,7(工EC 1009)","['', '567', '', '', '', '', '']","《講授類》
跨院通識與電機系EE2500課程併班上課","['半導體製程模組學程', '半導體元件學程']",False
https://selcrs.nsysu.edu.tw/menu5/showoutline.asp?SYEAR=115&SEM=1&CrsDat=GEAI1326B&Crsname=電磁學（一）,,,False,跨院選修(工),GEAI1326B,0,不分班,"電磁學（一）
ELECTROMAGNETIC THEORY (I)",3,期,True,10,0,0,10,沈昭元,"二2,3,4(工EC 3013)","['', '234', '', '', '', '', '']","《講授類》
跨院通識與電機系EE2500B課程併班上課","['半導體製程模組學程', '半導體元件學程']",True
https://selcrs.nsysu.edu.tw/menu5/showoutline.asp?SYEAR=115&SEM=1&CrsDat=GEAI1328&Crsname=數位系統設計,,,False,跨院選修(工),GEAI1328,0,不分班,"數位系統設計
DESIGN OF DIGITAL SYSTEMS",3,期,True,10,0,0,10,李宗哲,"四5,6,7(工EC 1009)","['', '', '', '567', '', '', '']","《講授類》
跨院通識與電機系EE1700課程併班上課","['南星產業樞紐學程', '矽光子暨半導體學程', '數位IC設計學程']",False
https://selcrs.nsysu.edu.tw/menu5/showoutline.asp?SYEAR=115&SEM=1&CrsDat=GEAI1328B&Crsname=數位系統設計,,,False,跨院選修(工),GEAI1328B,0,不分班,"數位系統設計
DESIGN OF DIGITAL SYSTEMS",3,期,True,10,0,0,10,王朝欽,"一2,3,4(工EC 3009)","['234', '', '', '', '', '', '']","《講授類》
跨院通識與電機系EE1700B課程併班上課","['南星產業樞紐學程', '矽光子暨半導體學程', '數位IC設計學程']",True
https://selcrs.nsysu.edu.tw/menu5/showoutline.asp?SYEAR=115&SEM=1&CrsDat=GEAI1359&Crsname=人工智慧導論,,,False,跨院選修(工),GEAI1359,0,不分班,"人工智慧導論
INTRODUCTION TO ARTIFICIAL INTELLIGENCE",3,期,False,10,0,0,10,蔡崇煒,"二8,6,7(工EC 5012)","['', '678', '', '', '', '', '']","《講授類》
跨院通識與資工系CSE326課程併班上課","['科技創新與服務業管理學程', '跨領域智慧製造學程', '智慧製造聯網微學程', '製造與大數據分析微學程', '永續能源學程', '機器學習與多媒體技術學程', '機器學習與應用微學程', '人工智慧探索應用學分學程', '人工智慧自然語言技術學分學程', '智慧高齡生活微學程', '無人載具學程', '計算物理及人工智慧微學程']",False
https://selcrs.nsysu.edu.tw/menu5/showoutline.asp?SYEAR=115&SEM=1&CrsDat=GEAI1370&Crsname=工程電腦程式,,,False,跨院選修(工),GEAI1370,0,不分班,"工程電腦程式
ENGINEERING COMPUTER PROGRAMMING",3,期,True,5,0,0,5,朱訓鵬,"四2,3,4(工EN 4055-2)","['', '', '', '234', '', '', '']","《講授類》
跨院通識與機電系MEME103課程併班上課","['南星產業樞紐學程', '金融工程學程', '自然科學之程式應用學程', '半導體設備工程學程']",False
https://selcrs.nsysu.edu.tw/menu5/showoutline.asp?SYEAR=115&SEM=1&CrsDat=GEAI1370A&Crsname=工程電腦程式,,,False,跨院選修(工),GEAI1370A,0,不分班,"工程電腦程式
ENGINEERING COMPUTER PROGRAMMING",3,期,True,5,0,0,5,朱訓鵬,"一2,3,4(工EN 4055-2)","['234', '', '', '', '', '', '']","《講授類》
跨院通識與機電系MEME103A課程併班上課","['南星產業樞紐學程', '金融工程學程', '自然科學之程式應用學程', '半導體設備工程學程']",False
https://selcrs.nsysu.edu.tw/menu5/showoutline.asp?SYEAR=115&SEM=1&CrsDat=GEAI1371&Crsname=由創新申請專利,,,False,跨院選修(工),GEAI1371,0,不分班,"由創新申請專利
PATENT APPLICATION VIA INNOVATIONS",3,期,False,5,0,0,5,何應勤,"二8,9(工EN 3021) 四8(工EN 3021)","['', '89', '', '8', '', '', '']","《講授類》
跨院通識與機電系MEME336課程併班上課",[],True
https://selcrs.nsysu.edu.tw/menu5/showoutline.asp?SYEAR=115&SEM=1&CrsDat=GEAI1404&Crsname=企業概論,,,False,跨院選修(管),GEAI1404,0,不分班,"企業概論
INTRODUCTION TO BUSINESS",3,期,False,30,0,0,30,蔡宗霖,"二5,6,7(管CM 4112)","['', '567', '', '', '', '', '']","《講授類》
跨院通識與企管系BM109課程併班上課",['海洋微生物及應用推廣微學程'],False
https://selcrs.nsysu.edu.tw/menu5/showoutline.asp?SYEAR=115&SEM=1&CrsDat=GEAI1405&Crsname=經濟學（一）,,,False,跨院選修(管),GEAI1405,0,不分班,"經濟學（一）
ECONOMICS(I)",3,期,True,10,0,0,10,林晉禾,"三5,6,7(管CM 0052)","['', '', '567', '', '', '', '']","《講授類》
限非政經系學生修習。跨院通識與企管系BM105課程併班上課",['金融工程學程'],False
https://selcrs.nsysu.edu.tw/menu5/showoutline.asp?SYEAR=115&SEM=1&CrsDat=GEAI1412&Crsname=組織行為,,,False,跨院選修(管),GEAI1412,0,不分班,"組織行為
ORGANIZATIONAL BEHAVIOR",3,期,True,20,0,0,20,施欣宜,"二2,3,4(管CM 2037)","['', '234', '', '', '', '', '']","《講授類》
跨院通識與企管系BM204課程併班上課",['人力資源管理學程'],False
https://selcrs.nsysu.edu.tw/menu5/showoutline.asp?SYEAR=115&SEM=1&CrsDat=GEAI1412A&Crsname=組織行為,,,False,跨院選修(管),GEAI1412A,0,不分班,"組織行為
ORGANIZATIONAL BEHAVIOR",3,期,True,20,0,0,20,施欣宜,"二5,6,7(管CM 2037)","['', '567', '', '', '', '', '']","《講授類》
跨院通識與企管系BM204A課程併班上課",['人力資源管理學程'],False
https://selcrs.nsysu.edu.tw/menu5/showoutline.asp?SYEAR=115&SEM=1&CrsDat=GEAI1415&Crsname=會計學（一）,,,False,跨院選修(管),GEAI1415,0,不分班,"會計學（一）
ACCOUNTING (I)",3,期,True,10,0,0,10,王萬成,"四5,6,7(管CM 2037)","['', '', '', '567', '', '', '']","《講授類》
跨院通識與企管系BM101課程併班上課","['金融工程學程', '會計學程']",False
https://selcrs.nsysu.edu.tw/menu5/showoutline.asp?SYEAR=115&SEM=1&CrsDat=GEAI1415A&Crsname=會計學（一）,,,False,跨院選修(管),GEAI1415A,0,不分班,"會計學（一）
ACCOUNTING (I)",3,期,True,10,0,0,10,陳妮雲,"四2,3,4(管CM 3015)","['', '', '', '234', '', '', '']","《講授類》
跨院通識與企管系BM101A課程併班上課","['金融工程學程', '會計學程']",False
https://selcrs.nsysu.edu.tw/menu5/showoutline.asp?SYEAR=115&SEM=1&CrsDat=GEAI1424&Crsname=統計學（一）,,,False,跨院選修(管),GEAI1424,0,不分班,"統計學（一）
STATISTICS (I)",3,期,True,10,0,0,10,林晉禾,"三2,3,4(管CM 0052)","['', '', '234', '', '', '', '']","《講授類》
限非政經系學生修習。併班上課跨院通識與企管系BM201課程併班上課","['金融工程學程', '巨量資料分析學程', '人工智慧探索應用學分學程']",True
https://selcrs.nsysu.edu.tw/menu5/showoutline.asp?SYEAR=115&SEM=1&CrsDat=GEAI1425&Crsname=行銷管理,,,False,跨院選修(管),GEAI1425,0,不分班,"行銷管理
MARKETING MANAGEMENT",3,期,True,10,0,0,10,黃明新,"三5,6,7(管CM 1037)","['', '', '567', '', '', '', '']","《講授類》
併班上課跨院通識與企管系BM203課程併班上課","['音樂藝術管理與行銷學程', '行銷管理學程', '科技創新與服務業管理學程', '地方敘事與創生學程', '海洋生產模式整合學程']",False
https://selcrs.nsysu.edu.tw/menu5/showoutline.asp?SYEAR=115&SEM=1&CrsDat=GEAI1426&Crsname=會計學實習（一）,,,False,跨院選修(管),GEAI1426,0,不分班,"會計學實習（一）
ACCOUNTING PRACTICE(I)",1,期,False,10,0,0,10,王萬成,"四8,9(管CM 2037)(實驗)","['', '', '', '89', '', '', '']","《實習類》
限企管系(含雙主修、輔系)跨院通識與企管系BM103課程併班上課",[],False
https://selcrs.nsysu.edu.tw/menu5/showoutline.asp?SYEAR=115&SEM=1&CrsDat=GEAI1426A&Crsname=會計學實習（一）,,,False,跨院選修(管),GEAI1426A,0,不分班,"會計學實習（一）
ACCOUNTING PRACTICE(I)",1,期,False,10,0,0,10,陳妮雲,"四8,9(管CM 3017)(實驗)","['', '', '', '89', '', '', '']","《實習類》
限企管系(含雙主修、輔系)跨院通識與企管系BM103A課程併班上課",[],False
https://selcrs.nsysu.edu.tw/menu5/showoutline.asp?SYEAR=115&SEM=1&CrsDat=GEAI1439&Crsname=統計學實習（一）,,,False,跨院選修(管),GEAI1439,0,不分班,"統計學實習（一）
EXERCISE FOR STATISTICS(I)",1,期,False,10,0,0,10,林晉禾,"一3,4(管CM 4112)(實驗)","['34', '', '', '', '', '', '']","《實習類》
限企管系(含雙主修、輔系)；併班上課跨院通識與企管系BM217課程併班上課",[],False
https://selcrs.nsysu.edu.tw/menu5/showoutline.asp?SYEAR=115&SEM=1&CrsDat=GEAI1449&Crsname=管理學概論,,,False,跨院選修(管),GEAI1449,0,不分班,"管理學概論
INTRODUCTION TO MANAGEMENT",1,期,False,90,0,0,90,王致遠,三B(網路大學),"['', '', 'B', '', '', '', '']","《講授類》
網大進行之非同步線上課程跨院通識與管理學院CM407課程併班上課",['人力資源管理學程'],False
https://selcrs.nsysu.edu.tw/menu5/showoutline.asp?SYEAR=115&SEM=1&CrsDat=GEAI1450&Crsname=經濟學概論,,,False,跨院選修(管),GEAI1450,0,不分班,"經濟學概論
INTRODUCTION TO ECONOMICS",1,期,False,95,0,0,95,佘健源,四B(網路大學),"['', '', '', 'B', '', '', '']","《講授類》
網大進行之非同步線上課程跨院通識與管理學院CM409課程併班上課",[],False
https://selcrs.nsysu.edu.tw/menu5/showoutline.asp?SYEAR=115&SEM=1&CrsDat=GEAI1452&Crsname=新時代的科技法律陷阱,,,False,跨院選修(管),GEAI1452,0,不分班,"新時代的科技法律陷阱
TECHNOLOGY LAW AND ITS TRAPS IN THE MODERN SOCIETY",3,期,False,10,0,0,10,盧憶,"四5,6,7(管CM 1037)","['', '', '', '567', '', '', '']","《講授類》
跨院通識與企管系BM369課程併班上課",['全球半導體經營管理微學程'],False
https://selcrs.nsysu.edu.tw/menu5/showoutline.asp?SYEAR=115&SEM=1&CrsDat=GEAI1460&Crsname=管理資訊系統,,,False,跨院選修(管),GEAI1460,0,不分班,"管理資訊系統
MANAGEMENT INFORMATION SYSTEM",3,期,True,10,0,0,10,黃鋒樟,"二5,6,7(管CM 1037)","['', '567', '', '', '', '', '']","《講授類》
跨院通識與企管系BM303課程併班上課",['科技創新與服務業管理學程'],False
https://selcrs.nsysu.edu.tw/menu5/showoutline.asp?SYEAR=115&SEM=1&CrsDat=GEAI1465&Crsname=策略管理,,,False,跨院選修(管),GEAI1465,0,不分班,"策略管理
STRATEGIC MANAGEMENT",3,期,True,30,0,0,30,蔡宗霖,"一5,6,7(管CM 1037)","['567', '', '', '', '', '', '']","《講授類》
跨院通識與企管系BM413A課程併班上課",[],False
https://selcrs.nsysu.edu.tw/menu5/showoutline.asp?SYEAR=115&SEM=1&CrsDat=GEAI1515&Crsname=基礎環境科學,,,False,跨院選修(海),GEAI1515,0,不分班,"基礎環境科學
BASIC ENVIRONMENTAL SCIENCE",2,期,True,10,0,0,10,卓宴琳,"四3,4(海ME 3006)","['', '', '', '34', '', '', '']","《講授類》
跨院通識與海工系MAEV150課程併班上課","['企業社會責任學程', '環境科技與管理學程', '環境教育學程', '氣候變遷與調適學分學程', '淨零轉型與永續發展整合學程', '地方創生與永續發展整合學程', '永續管理微學程']",True
https://selcrs.nsysu.edu.tw/menu5/showoutline.asp?SYEAR=115&SEM=1&CrsDat=GEAI1521&Crsname=工程材料,,,False,跨院選修(海),GEAI1521,0,不分班,"工程材料
ENGINEERING MATERIAL",2,期,True,7,0,0,7,詹鵬台,"一5,6(海ME 2005)","['56', '', '', '', '', '', '']","《講授類》
跨院通識與海工系MAEV242課程併班上課",[],True
https://selcrs.nsysu.edu.tw/menu5/showoutline.asp?SYEAR=115&SEM=1&CrsDat=GEAI1522&Crsname=工程數學（一）,,,False,跨院選修(海),GEAI1522,0,不分班,"工程數學（一）
ENGINEERING MATHEMATICS(I)",3,期,True,7,0,0,7,曾以帆,"三2,3,4(海ME 2003)","['', '', '234', '', '', '', '']","《講授類》
限微積分（一）及微積分（二）50分(D)（含）以上修習，若未符合上述規定者，請洽授課老師後於異常處理階段加選。跨院通識與海工系MAEV203課程併班上課",['金融工程學程'],True
https://selcrs.nsysu.edu.tw/menu5/showoutline.asp?SYEAR=115&SEM=1&CrsDat=GEAI1524&Crsname=測量學,,,False,跨院選修(海),GEAI1524,0,不分班,"測量學
SURVEYING",3,期,True,7,0,0,7,鍾秉宸,"二2,3,4(海ME 2005)","['', '234', '', '', '', '', '']","《講授類》
跨院通識與海工系MAEV261課程併班上課",['南星產業樞紐學程'],True
https://selcrs.nsysu.edu.tw/menu5/showoutline.asp?SYEAR=115&SEM=1&CrsDat=GEAI1533A&Crsname=海洋生物概論,,,False,跨院選修(海),GEAI1533A,0,不分班,"海洋生物概論
INTRODUCTION TO MARINE BIOLOGY",2,期,False,20,0,0,20,熊寶兒,"四8,9(海MA 2022)","['', '', '', '89', '', '', '']","《講授類》
跨院通識與海科系DO203A課程併班上課","['生物多樣性學程', '環境教育學程', '印象海味微學程', '科技與環境英語微學程', '自然生物資產微學程']",True
https://selcrs.nsysu.edu.tw/menu5/showoutline.asp?SYEAR=115&SEM=1&CrsDat=GEAI1535&Crsname=海洋地質概論,,,False,跨院選修(海),GEAI1535,0,不分班,"海洋地質概論
INTRODUCTION TO MARINE GEOLOGY",2,期,True,20,0,0,20,張瑜峻,"四3,4(海MA 1005)","['', '', '', '34', '', '', '']","《講授類》
跨院通識與海科系DO131課程併班上課","['環境科技與管理學程', '環境教育學程', '氣候變遷與調適學分學程', '看見臺灣海岸微學程']",False
https://selcrs.nsysu.edu.tw/menu5/showoutline.asp?SYEAR=115&SEM=1&CrsDat=GEAI1548&Crsname=魚類學,,,False,跨院選修(海),GEAI1548,0,不分班,"魚類學
ICHTHYOLOGY",2,期,False,20,0,0,20,林秀瑾,"二3,4(海MB 2015)","['', '34', '', '', '', '', '']","《講授類》
跨院通識與海資系MBR218課程併班上課","['生物多樣性學程', '海洋循環經濟學程', '熱帶海洋微學程', '海洋生物資源與實務應用微學程', '印象海味微學程']",False
https://selcrs.nsysu.edu.tw/menu5/showoutline.asp?SYEAR=115&SEM=1&CrsDat=GEAI1559&Crsname=基礎海洋學,,,False,跨院選修(海),GEAI1559,0,不分班,"基礎海洋學
FUNDAMENTALS OF OCEANOGRAPHY",3,期,False,95,0,0,95,"林玉詩,林裕䕒,簡國童,陳冠宇","五2,3,4(海MA 3021)","['', '', '', '', '234', '', '']","《講授類》
跨院通識與海科院（學）MRSC102課程併班上課","['環境教育學程', '熱帶海洋微學程', '海洋永續發展產業科技微學程', '看見臺灣海岸微學程', '探索海洋國家公園微學程']",False
https://selcrs.nsysu.edu.tw/menu5/showoutline.asp?SYEAR=115&SEM=1&CrsDat=GEAI1563&Crsname=全球環境變遷概論,,,False,跨院選修(海),GEAI1563,0,不分班,"全球環境變遷概論
INTRODUCTION TO GLOBAL ENVIRONMENTAL CHANGE",2,期,False,25,0,0,25,"陳鎮東,雷漢杰","四3,4(海MA 3020)","['', '', '', '34', '', '', '']","《講授類》
跨院通識與海科系DO225課程併班上課","['環境教育學程', '氣候變遷與調適學分學程', '海洋永續發展產業科技微學程', '科技與環境英語微學程', '地方創生與永續發展整合學程']",True
https://selcrs.nsysu.edu.tw/menu5/showoutline.asp?SYEAR=115&SEM=1&CrsDat=GEAI1566&Crsname=海洋生物多樣性導論,,,False,跨院選修(海),GEAI1566,0,不分班,"海洋生物多樣性導論
INTRODUCTION TO MARINE BIODIVERSITY",2,期,True,20,0,0,20,"劉商隱,水晶","二6,7(海MB 2015)","['', '67', '', '', '', '', '']","《講授類》
跨院通識與海資系MBR227課程併班上課","['臺灣研究學程', '生物多樣性學程', '環境教育學程', '海洋循環經濟學程', '海洋生物資源與實務應用微學程', '自然生物資產微學程', '探索海洋國家公園微學程']",True
https://selcrs.nsysu.edu.tw/menu5/showoutline.asp?SYEAR=115&SEM=1&CrsDat=GEAI1575&Crsname=生態工程與實務,,,False,跨院選修(海),GEAI1575,0,不分班,"生態工程與實務
ECOLOGICAL ENGINEERING AND PRACTICE",3,期,False,5,0,0,5,林巧雯,"三2,3,4(海ME 2007)","['', '', '234', '', '', '', '']","《講授類》
跨院通識與海工系MAEV454課程併班上課","['環境科技與管理學程', '生物多樣性學程', '環境教育學程', '氣候變遷與調適學分學程', '海洋永續發展產業科技微學程', '看見臺灣海岸微學程']",False
https://selcrs.nsysu.edu.tw/menu5/showoutline.asp?SYEAR=115&SEM=1&CrsDat=GEAI1577&Crsname=海岸開發及保育工程,,,False,跨院選修(海),GEAI1577,0,不分班,"海岸開發及保育工程
COASTAL DEVELOPMENT AND RESTORATION ENGINEERING",3,期,False,7,0,0,7,曾以帆,"一8,6,7(海ME 2007)","['678', '', '', '', '', '', '']","《講授類》
跨院通識與海工系MAEV453課程併班上課","['擁海學程', '環境教育學程', '氣候變遷與調適學分學程', '海洋永續發展產業科技微學程', '看見臺灣海岸微學程', '綠色港市微學程']",False
https://selcrs.nsysu.edu.tw/menu5/showoutline.asp?SYEAR=115&SEM=1&CrsDat=GEAI1579&Crsname=海洋無脊椎動物學（一）,,,False,跨院選修(海),GEAI1579,0,不分班,"海洋無脊椎動物學（一）
MARINE INVERTEBRATE ZOOLOGY(I)",2,期,False,20,0,0,20,塗子萱,"五3,4(海MA 1005)","['', '', '', '', '34', '', '']","《講授類》
跨院通識與海科系DO417課程併班上課",[],False
https://selcrs.nsysu.edu.tw/menu5/showoutline.asp?SYEAR=115&SEM=1&CrsDat=GEAI1582&Crsname=人因工程,,,False,跨院選修(海),GEAI1582,0,不分班,"人因工程
HUMAN FACTORS ENGINEERING",3,期,False,40,0,0,40,謝孟璋,"三5,6,7(海MB 1009)","['', '', '567', '', '', '', '']","《講授類》
跨院通識與海科院（學）MRSC118課程併班上課",[],False
https://selcrs.nsysu.edu.tw/menu5/showoutline.asp?SYEAR=115&SEM=1&CrsDat=GEAI1586&Crsname=海洋法,,,False,跨院選修(海),GEAI1586,0,不分班,"海洋法
LAW OF THE SEA",3,期,False,20,0,0,20,高世明,"一5,6,7(海MB 2009)","['567', '', '', '', '', '', '']","《講授類》
跨院通識與海資系MBR413課程併班上課","['擁海學程', '環境教育學程']",False
https://selcrs.nsysu.edu.tw/menu5/showoutline.asp?SYEAR=115&SEM=1&CrsDat=GEAI1592&Crsname=探索海洋國家公園,,,False,跨院選修(海),GEAI1592,0,不分班,"探索海洋國家公園
EXPLORE MARINE NATIONAL PARKS",2,期,False,30,0,0,30,"塗子萱,張水鍇","五5,6(海MA 3020)","['', '', '', '', '56', '', '']","《講授類》
跨院通識與海科院（學）MRSC120課程併班上課","['海洋永續發展產業科技微學程', '探索海洋國家公園微學程']",False
https://selcrs.nsysu.edu.tw/menu5/showoutline.asp?SYEAR=115&SEM=1&CrsDat=GEAI1596&Crsname=海洋永續發展科技概論,,,False,跨院選修(海),GEAI1596,0,不分班,"海洋永續發展科技概論
INTRODUCTION TO OCEAN SUSTAINABLE DEVELOPMENT TECHNOLOGY",2,期,False,30,0,0,30,"葉博弘,魏瑞昌","四3,4(海MA 2016)","['', '', '', '34', '', '', '']","《講授類》
跨院通識與海科院（學）MRSC122課程併班上課",[],False
https://selcrs.nsysu.edu.tw/menu5/showoutline.asp?SYEAR=115&SEM=1&CrsDat=GEAI1597&Crsname=環境教育,,,False,跨院選修(海),GEAI1597,0,不分班,"環境教育
ENVIROMENTAL EDUCATION",2,期,False,60,0,0,60,謝百淇,"三6,7(社SS 2005)","['', '', '67', '', '', '', '']","《講授類》
跨院通識與海科院（學）MRSC105課程併班上課",[],False
https://selcrs.nsysu.edu.tw/menu5/showoutline.asp?SYEAR=115&SEM=1&CrsDat=GEAI1599&Crsname=科學倫理導論,,,False,跨院選修(海),GEAI1599,0,不分班,"科學倫理導論
INTRODUCTION TO SCIENCE ETHICS",2,期,False,20,0,0,20,熊寶兒,"二6,7(海MA 2022)","['', '67', '', '', '', '', '']","《講授類》
跨院通識與海科系DO409課程併班上課",[],True
https://selcrs.nsysu.edu.tw/menu5/showoutline.asp?SYEAR=115&SEM=1&CrsDat=GEAI1601&Crsname=心理學,,,False,跨院選修(社),GEAI1601,0,不分班,"心理學
INTRODUCTION TO PSYCHOLOGY",3,期,False,80,0,0,80,"邱文彬,鄭雯","一5,6,7(社SS 2001)","['567', '', '', '', '', '', '']","《講授類》
與社科院CSS101課程併班上課",['人力資源管理學程'],False
https://selcrs.nsysu.edu.tw/menu5/showoutline.asp?SYEAR=115&SEM=1&CrsDat=GEAI1609&Crsname=經濟學原理（一）,,,False,跨院選修(社),GEAI1609,0,不分班,"經濟學原理（一）
PRINCIPLES OF ECONOMICS(I)",3,期,False,40,0,0,40,吳世傑,"四2,3,4(社SS 1006)","['', '', '', '234', '', '', '']","《講授類》
與政經系PE101A課程併班上課",['金融工程學程'],False
https://selcrs.nsysu.edu.tw/menu5/showoutline.asp?SYEAR=115&SEM=1&CrsDat=GEAI1614&Crsname=經濟學,,,False,跨院選修(社),GEAI1614,0,不分班,"經濟學
ECONOMICS",3,期,False,30,0,0,30,鄭子長,"五8,6,7(社SS 4001)","['', '', '', '', '678', '', '']","《講授類》
與社科院CSS106課程併班上課","['金融工程學程', '國際素養微學程']",False
https://selcrs.nsysu.edu.tw/menu5/showoutline.asp?SYEAR=115&SEM=1&CrsDat=GEAI1644&Crsname=創意手機遊戲程式設計,,,False,跨院選修(社),GEAI1644,0,不分班,"創意手機遊戲程式設計
CREATIVE MOBILE GAME PROGRAMMING",3,期,False,20,0,0,20,李春雄,"四2,3,4(圖IL PC02)","['', '', '', '234', '', '', '']","《講授類》
『本課程之限修，於加退選2階段開放選修』。限非應數、電機、機電、資工、材光、光電、資管、海工系學生修習跨院通識與社科院CSS128課程併班上課",[],False
https://selcrs.nsysu.edu.tw/menu5/showoutline.asp?SYEAR=115&SEM=1&CrsDat=GEAI1646&Crsname=漁業外交概論,,,False,跨院選修(社),GEAI1646,0,不分班,"漁業外交概論
INTRODUCTION TO FISHERIES DIPLOMACY",3,期,False,25,0,0,25,高世明,"五5,6,7(社SS 3005)","['', '', '', '', '567', '', '']","《講授類》
與政經系PE131課程併班上課",[],False
https://selcrs.nsysu.edu.tw/menu5/showoutline.asp?SYEAR=115&SEM=1&CrsDat=GEAI1649&Crsname=永續都市環境行為及心理學,新增,7/17,False,跨院選修(社),GEAI1649,0,不分班,"永續都市環境行為及心理學
SUSTAINABLE URBAN ENVIRONMENTAL BEHAVIOR AND PSYCHOLOGY",3,期,False,80,0,0,80,謝旭昇,"五5,6,7(社SS 1002)","['', '', '', '', '567', '', '']","《講授類》
跨院通識與社科院CSS133課程併班上課","['智慧城市與智慧運輸學程', '淨零轉型與永續發展整合學程', '綠色港市微學程', '地方創生與永續發展整合學程', '碳流資訊盤查與低碳設計微學程', '都市永續規劃與管理微學程', '地方創生與區域治理微學程', '永續管理微學程']",False
https://selcrs.nsysu.edu.tw/menu5/showoutline.asp?SYEAR=115&SEM=1&CrsDat=GEAI1652&Crsname=智慧城市與智慧運輸趨勢、發展及課題研析,,,False,跨院選修(社),GEAI1652,0,不分班,"智慧城市與智慧運輸趨勢、發展及課題研析
THE TREND, DEVELOPMENT, AND CHALLENGE OF SMART CITY AND SMART TRANSIT",3,期,False,75,0,0,75,李予綱,"五5,6,7(社SS 3001)","['', '', '', '', '567', '', '']","《演講/參訪》
與社科院CSS134課程併班上課","['製造與大數據分析微學程', '數據科學微學程', '都市文化與地景微學程', '環境、社會及公司治理微學程', '公共交通行動服務微學程', '智慧城市與智慧運輸學程', '城市行銷微學程', '都市永續規劃與管理微學程', '運輸管理微學程']",False
https://selcrs.nsysu.edu.tw/menu5/showoutline.asp?SYEAR=115&SEM=1&CrsDat=GEAI1653&Crsname=國際金融,,,False,跨院選修(社),GEAI1653,0,不分班,"國際金融
INTERNATIONAL FINANCE",3,期,False,30,0,0,30,陳孟瑋,"三2,3,4(管CM 4036)","['', '', '234', '', '', '', '']","《講授類》
與社科院CSS135課程併班上課","['智慧城市與智慧運輸學程', '數據科學微學程']",False
https://selcrs.nsysu.edu.tw/menu5/showoutline.asp?SYEAR=115&SEM=1&CrsDat=GEAI1654&Crsname=剖析都市：數據分析方法與應用,,,False,跨院選修(社),GEAI1654,0,不分班,"剖析都市：數據分析方法與應用
 THE ANATOMY OF THE CITY: DATA ANALYSIS METHOD AND APPLICATION",3,期,False,75,0,0,75,李予綱,"五2,3,4(社SS 3001)","['', '', '', '', '234', '', '']","《講授類》
與社科院CSS120課程併班上課","['智慧城市與智慧運輸學程', '數據科學微學程']",False
https://selcrs.nsysu.edu.tw/menu5/showoutline.asp?SYEAR=115&SEM=1&CrsDat=GEAI1664&Crsname=原民的環境、經濟與社會,,,False,跨院選修(社),GEAI1664,0,不分班,"原民的環境、經濟與社會
INDIGENOUS ENVIRONMENT, ECONOMY AND SOCIETY",3,期,False,10,0,0,10,"李育諭,李馨慈",,"['123456789', '123456789', '1234567DE', '123456789', '', '123456789', '123456789']","《講授類》
暑假密集式授課8/8-8/13，限有修課同學選修跨院通識與社會系SOC258課程併班上課",['原民文化探索及永續發展學程'],True
https://selcrs.nsysu.edu.tw/menu5/showoutline.asp?SYEAR=115&SEM=1&CrsDat=GEAI1665&Crsname=全球政治,,,False,跨院選修(社),GEAI1665,0,不分班,"全球政治
GLOBAL POLITICS",3,期,False,20,0,0,20,方志恒,"二8,6,7(社SS 4001)","['', '678', '', '', '', '', '']","《講授類》
與社會系SOC257課程併班上課","['全球半導體經營管理微學程', '地方發展與永續農業微學程', '全球研究學分學程', '國際素養微學程']",True
https://selcrs.nsysu.edu.tw/menu5/showoutline.asp?SYEAR=115&SEM=1&CrsDat=GEAI1675&Crsname=性別教育,,,False,跨院選修(社),GEAI1675,0,不分班,"性別教育
GENDER EDUCATION",2,期,False,30,0,0,30,"宋呈澔,林靜慧","三3,4(社SS 2001)","['', '', '34', '', '', '', '']","《講授類》
跨院通識與社科院CSS160課程併班上課","['性別研究學程', '社會情緒學習與內在永續發展微學程', '性別與社會微學程', '性別與管理微學程']",False
https://selcrs.nsysu.edu.tw/menu5/showoutline.asp?SYEAR=115&SEM=1&CrsDat=GEAI1678&Crsname=賽局導論,,,False,跨院選修(社),GEAI1678,0,不分班,"賽局導論
INTRODUCTION TO GAME THEORY",3,期,False,30,0,0,30,許嘉麟,"四8,6,7(管CM 3019)","['', '', '', '678', '', '', '']","《講授類》
與社科院CSS161課程併班上課",[],False
https://selcrs.nsysu.edu.tw/menu5/showoutline.asp?SYEAR=115&SEM=1&CrsDat=GEAI1683&Crsname=現代民事與商務法律導論,,,False,跨院選修(社),GEAI1683,0,不分班,"現代民事與商務法律導論
INTRODUCTION TO MODERN CIVIL AND COMMERCIAL LAW",2,期,False,30,0,0,30,楊健弘,"五3,4(社SS 1006)","['', '', '', '', '34', '', '']","《講授類》
跨院通識與社科院CSS171課程併班上課",[],False
https://selcrs.nsysu.edu.tw/menu5/showoutline.asp?SYEAR=115&SEM=1&CrsDat=GEAI1904&Crsname=基礎藥理學,,,False,跨院選修(醫),GEAI1904,0,不分班,"基礎藥理學
BASIC PHARMACOLOGY",3,期,False,40,0,0,40,趙敏吾,"三5,6,7(醫IL 9012)","['', '', '567', '', '', '', '']","《講授類》
與醫學院MED143課程併班上課(基礎醫學數位微學程)",['基礎醫學數位微學程'],False
https://selcrs.nsysu.edu.tw/menu5/showoutline.asp?SYEAR=115&SEM=1&CrsDat=GEAI1907&Crsname=醫學史（一）–西洋醫學史,,,False,跨院選修(醫),GEAI1907,0,不分班,"醫學史（一）–西洋醫學史
MEDICAL HISTORY(I)–WESTERN MEDICAL HISTORY",2,期,False,40,0,0,40,劉景寬,"四8,7(國IR 4002)","['', '', '', '78', '', '', '']","《講授類》
與醫學院MED144課程併班上課",['基礎醫學數位微學程'],False
https://selcrs.nsysu.edu.tw/menu5/showoutline.asp?SYEAR=115&SEM=1&CrsDat=GEAI1908&Crsname=基礎生物學,,,False,跨院選修(醫),GEAI1908,0,不分班,"基礎生物學
BASIC CONCEPTS OF BIOLOGY",2,期,False,95,0,0,95,"張玉泉,李佶珉,鄭光宏","四8,9(通GE 1010)","['', '', '', '89', '', '', '']","《講授類》
與醫學院MED101課程併班上課",[],False
https://selcrs.nsysu.edu.tw/menu5/showoutline.asp?SYEAR=115&SEM=1&CrsDat=GEAI1909&Crsname=環境健康大數據資料分析暨視覺化實務,,,False,跨院選修(醫),GEAI1909,0,不分班,"環境健康大數據資料分析暨視覺化實務
ENVIRONMENTAL AND HEALTHY BIG DATA ANALYSIS WITH VISUALISED PRACTICE",3,期,False,30,0,0,30,鄭雅勻,"二5,6,7(圖IL PC02)","['', '567', '', '', '', '', '']","《講授類》
跨院通識與醫學院MED145課程併班上課",['科技與環境英語微學程'],True
https://selcrs.nsysu.edu.tw/menu5/showoutline.asp?SYEAR=115&SEM=1&CrsDat=GEAI1912&Crsname=生物統計與資訊,,,False,跨院選修(醫),GEAI1912,0,不分班,"生物統計與資訊
BIOSTATISTICS AND BIOINFORMATICS?",2,期,False,30,0,0,30,鄭雅勻,"三3,4(圖IL PC01)","['', '', '34', '', '', '', '']","《講授類》
與醫學院MED146課程併班上課","['金融工程學程', '基礎醫學數位微學程']",False
https://selcrs.nsysu.edu.tw/menu5/showoutline.asp?SYEAR=115&SEM=1&CrsDat=GEAI1913&Crsname=公共衛生學,,,False,跨院選修(醫),GEAI1913,0,不分班,"公共衛生學
PUBLIC HEALTH?",2,期,False,40,0,0,40,鄭雅勻,"四5,6(醫IL 9012)","['', '', '', '56', '', '', '']","《講授類》
與醫學院MED147課程併班上課",['基礎醫學數位微學程'],False
https://selcrs.nsysu.edu.tw/menu5/showoutline.asp?SYEAR=115&SEM=1&CrsDat=GEAI1939&Crsname=共病時代-談人類與動物共通傳染病,,,False,跨院選修(醫),GEAI1939,0,不分班,"共病時代-談人類與動物共通傳染病
DISEASE, PLAGUE, AND CIVILIZATION",3,期,False,40,0,0,40,王文宏,"二2,3,4(醫IL 9012)","['', '234', '', '', '', '', '']","《講授類》
跨院通識與醫學院MED122課程併班上課",['基礎醫學數位微學程'],False
https://selcrs.nsysu.edu.tw/menu5/showoutline.asp?SYEAR=115&SEM=1&CrsDat=GEAI1940&Crsname=疾病瘟疫與文明,,,False,跨院選修(醫),GEAI1940,0,不分班,"疾病瘟疫與文明
DISEASE, PLAGUE, AND CIVILIZATION",3,期,False,40,0,0,40,王文宏,"五2,3,4(醫IL 9012)","['', '', '', '', '234', '', '']","《講授類》
與醫學院MED123課程併班上課","['校園預防醫學暨食品安全學程', '基礎醫學數位微學程']",False
https://selcrs.nsysu.edu.tw/menu5/showoutline.asp?SYEAR=115&SEM=1&CrsDat=GEAI1943&Crsname=危老年代,,,False,跨院選修(醫),GEAI1943,0,不分班,"危老年代
AGING AND HEALTH",2,期,False,40,0,0,40,李昇翰,"二8,9(醫IL 9010)","['', '89', '', '', '', '', '']","《講授類》
與醫學院MED126課程併班上課","['音樂與高齡照護學程', '表達性藝術治療學程', '智慧高齡生活微學程', '音樂應用與高齡友善多元性微學程']",False
https://selcrs.nsysu.edu.tw/menu5/showoutline.asp?SYEAR=115&SEM=1&CrsDat=GEAI1944&Crsname=危險同居「人」：漫談居家有害生物,,,False,跨院選修(醫),GEAI1944,0,不分班,"危險同居「人」：漫談居家有害生物
PESTS IN HOUSEHOLD ENVIRONMENT",3,期,False,40,0,0,40,李昇翰,"一8,9,7(醫IL 9010)","['789', '', '', '', '', '', '']","《講授類》
與醫學院MED127課程併班上課",[],False
https://selcrs.nsysu.edu.tw/menu5/showoutline.asp?SYEAR=115&SEM=1&CrsDat=GEAI1945&Crsname=環境與人類健康,,,False,跨院選修(醫),GEAI1945,0,不分班,"環境與人類健康
ENVIRONMENT AND HUMAN HEALTH",2,期,False,40,0,0,40,李昇翰,"三3,4(醫IL 9010)","['', '', '34', '', '', '', '']","《講授類》
與醫學院MED128課程併班上課",[],False
https://selcrs.nsysu.edu.tw/menu5/showoutline.asp?SYEAR=115&SEM=1&CrsDat=GEAI1946&Crsname=基礎外傷急救,,,False,跨院選修(醫),GEAI1946,0,不分班,"基礎外傷急救
BASICS OF TRAUMA CARE",2,期,False,30,0,0,30,唐逸文,"一3,4(醫IL 9010)","['34', '', '', '', '', '', '']","《講授類》
跨院通識與醫學院MED129課程併班上課","['基礎醫學數位微學程', '全民國防微學程']",False
https://selcrs.nsysu.edu.tw/menu5/showoutline.asp?SYEAR=115&SEM=1&CrsDat=GEAI1948&Crsname=人體生理功能解密:生理學入門,,,False,跨院選修(醫),GEAI1948,0,不分班,"人體生理功能解密:生理學入門
HUMAN BODY FUNCTIONS: BASIC PHYSIOLOGY",3,期,False,40,0,0,40,柯瓊媛,"三2,3,4(醫IL 9012)","['', '', '234', '', '', '', '']","《講授類》
與醫學院MED131課程併班上課(基礎醫學數位微學程)",['基礎醫學數位微學程'],False
https://selcrs.nsysu.edu.tw/menu5/showoutline.asp?SYEAR=115&SEM=1&CrsDat=GEAI1950&Crsname=探索藥物：現實與電影中的藥物,,,False,跨院選修(醫),GEAI1950,0,不分班,"探索藥物：現實與電影中的藥物
EXPLORING DRUGS: DRUGS IN REALITY AND IN MOVIES",3,期,False,40,0,0,40,陳亮傑,"二5,6,7(醫IL 9010)","['', '567', '', '', '', '', '']","《講授類》
與醫學院MED133課程併班上課",[],False
https://selcrs.nsysu.edu.tw/menu5/showoutline.asp?SYEAR=115&SEM=1&CrsDat=GEAI1952&Crsname=人類免疫與代謝,,,False,跨院選修(醫),GEAI1952,0,不分班,"人類免疫與代謝
IMMUNOMETABOLISM OF HUMAN DISEASES",2,期,False,30,0,0,30,陳彥樺,"二8,7(醫IL 9012)","['', '78', '', '', '', '', '']","《講授類》
與醫學院MED135課程併班上課(基礎醫學數位微學程)",['基礎醫學數位微學程'],False
https://selcrs.nsysu.edu.tw/menu5/showoutline.asp?SYEAR=115&SEM=1&CrsDat=GEAI1954&Crsname=基因中的演化之舞,,,False,跨院選修(醫),GEAI1954,0,不分班,"基因中的演化之舞
TRACING THE TANGLED TRACKS OF EVOLUTIONARY JOURNEY IN GENOME",3,期,False,30,0,0,30,陳彥樺,"三5,6,7(圖IL PC02)","['', '', '567', '', '', '', '']","《講授類》
與醫學院MED137課程併班上課",[],False
https://selcrs.nsysu.edu.tw/menu5/showoutline.asp?SYEAR=115&SEM=1&CrsDat=GEAI1964&Crsname=神經心理學：大腦與情緒,,,False,跨院選修(醫),GEAI1964,0,不分班,"神經心理學：大腦與情緒
NEUROPSYCHOLOGY: THE BRAIN AND EMOTIONS",3,期,False,40,0,0,40,楊仁豪,"五8,6,7(國IR 4002)","['', '', '', '', '678', '', '']","《講授類》
與醫學院MED153課程併班上課","['音樂與高齡照護學程', '表達性藝術治療學程', '基礎醫學數位微學程']",False
https://selcrs.nsysu.edu.tw/menu5/showoutline.asp?SYEAR=115&SEM=1&CrsDat=GEAI1965&Crsname=癌症治療,,,False,跨院選修(醫),GEAI1965,0,不分班,"癌症治療
CANCER THERAPEUTICS",2,期,False,35,0,0,35,趙敏吾,"二5,6(醫IL 9012)","['', '56', '', '', '', '', '']","《講授類》
與醫學院MED154課程併班上課(英語授課)",['基礎醫學數位微學程'],True
https://selcrs.nsysu.edu.tw/menu5/showoutline.asp?SYEAR=115&SEM=1&CrsDat=GEAI1968&Crsname=生活柯南：破解似是而非的迷思,,,False,跨院選修(醫),GEAI1968,0,不分班,"生活柯南：破解似是而非的迷思
LIVING CONAN: CRACKING THE MYTHS OF PLAUSIBILITY",2,期,False,30,0,0,30,"葉俊吟,陳嬿今","四3,4(醫IL 3013)","['', '', '', '34', '', '', '']","《講授類》
與醫學院MED157課程併班上課",[],False
https://selcrs.nsysu.edu.tw/menu5/showoutline.asp?SYEAR=115&SEM=1&CrsDat=GEAI1969&Crsname=與老共舞,,,False,跨院選修(醫),GEAI1969,0,不分班,"與老共舞
LIVING WITH AGING: GERIATRIC CARE FOR OLDER ADULTS",3,期,False,30,0,0,30,"葉俊吟,郭素娥,陳嬿今","四5,6,7(醫IL 3013)","['', '', '', '567', '', '', '']","《講授類》
與醫學院MED158課程併班上課(英語授課)","['音樂與高齡照護學程', '表達性藝術治療學程', '音樂應用與高齡友善多元性微學程']",True
https://selcrs.nsysu.edu.tw/menu5/showoutline.asp?SYEAR=115&SEM=1&CrsDat=GEAI1970&Crsname=看不見的魔力：生活中的微生物之應用,,,False,跨院選修(醫),GEAI1970,0,不分班,"看不見的魔力：生活中的微生物之應用
THE INVISIBLE MAGIC: MICROORGANISMS AND THEIR APPLICATIONS IN DAILY LIFE",2,期,False,25,0,0,25,陳彥樺,"一3,4(醫IL 9012)","['34', '', '', '', '', '', '']","《講授類》
與醫學院MED159課程併班上課(英語授課)",[],True
https://selcrs.nsysu.edu.tw/menu5/showoutline.asp?SYEAR=115&SEM=1&CrsDat=GEAI1978&Crsname=身心健康醫學講座,,,False,跨院選修(醫),GEAI1978,0,不分班,"身心健康醫學講座
SPECIAL LECTURES ON PHYSICAL AND MENTAL HEALTH",2,期,False,75,0,0,75,"余靈珊,王文宏","一5,6()","['56', '', '', '', '', '', '']","《講授類》
與醫學院MED167課程併班上課",['校園預防醫學暨食品安全學程'],False
https://selcrs.nsysu.edu.tw/menu5/showoutline.asp?SYEAR=115&SEM=1&CrsDat=GEAI1979&Crsname=中醫暨整合醫學,,,False,跨院選修(醫),GEAI1979,0,不分班,"中醫暨整合醫學
CHINESE AND INTEGRATIVE MEDICINE",2,期,False,40,0,0,40,"謝孟倉,陳貞吟","四3,4(醫IL 9012)","['', '', '', '34', '', '', '']","《講授類》
與醫學院MED168課程併班上課",[],False
https://selcrs.nsysu.edu.tw/menu5/showoutline.asp?SYEAR=115&SEM=1&CrsDat=GEAI1983&Crsname=基礎奈米生醫材料與3D列印技術之應用,,,False,跨院選修(醫),GEAI1983,0,不分班,"基礎奈米生醫材料與3D列印技術之應用
APPLICATIONS OF FOUNDATIONAL NANOBIOMATERIALS AND 3D PRINTING TECHNOLOGY",2,期,False,35,0,0,35,"廖子嫻,陳玟帆","二8,7(國IR 5002)","['', '78', '', '', '', '', '']","《講授類》
與醫學院MED169課程併班上課",[],False
https://selcrs.nsysu.edu.tw/menu5/showoutline.asp?SYEAR=115&SEM=1&CrsDat=GEAI1985&Crsname=精準醫療科技進展,,,False,跨院選修(醫),GEAI1985,0,不分班,"精準醫療科技進展
ADVANCES IN PRECISION MEDICINE TECHNOLOGY",3,期,False,40,0,0,40,李孟娟,"三5,6,7(醫IL 3015)","['', '', '567', '', '', '', '']","《講授類》
跨院通識與醫學院MED171課程併班上課",[],False
https://selcrs.nsysu.edu.tw/menu5/showoutline.asp?SYEAR=115&SEM=1&CrsDat=GEAI1986&Crsname=創新腦科技,,,False,跨院選修(醫),GEAI1986,0,不分班,"創新腦科技
INNOVATIVE TECHNOLOGIES IN BRAIN SCIENCE",3,期,False,40,0,0,40,林萱文,"二2,3,4(醫IL 3014)","['', '234', '', '', '', '', '']","《講授類》
跨院通識與醫學院MED172課程併班上課",[],False
https://selcrs.nsysu.edu.tw/menu5/showoutline.asp?SYEAR=115&SEM=1&CrsDat=GEAI1987&Crsname=臨床醫學概論,,,False,跨院選修(醫),GEAI1987,0,不分班,"臨床醫學概論
INTRODUCTION TO CLINICAL MEDICINE",2,期,False,45,0,0,45,唐逸文,"五5,6(醫IL 9012)","['', '', '', '', '56', '', '']","《講授類》
跨院通識與醫學院MED173課程併班上課",[],False
https://selcrs.nsysu.edu.tw/menu5/showoutline.asp?SYEAR=115&SEM=1&CrsDat=GEAI1988&Crsname=醫療與護理資訊,,,False,跨院選修(醫),GEAI1988,0,不分班,"醫療與護理資訊
MEDICAL AND NURSING INFORMATICS",2,期,False,25,0,0,25,"羅珮綺,葉俊吟","二5,6(醫IL 3013)","['', '56', '', '', '', '', '']","《講授類》
限護理學系學生修習跨院通識與護理系NURS309課程併班上課",[],False
https://selcrs.nsysu.edu.tw/menu5/showoutline.asp?SYEAR=115&SEM=1&CrsDat=GEAI1989&Crsname=子宮裡的氣象戰：氣候變遷與母嬰健康,,,False,跨院選修(醫),GEAI1989,0,不分班,"子宮裡的氣象戰：氣候變遷與母嬰健康
THE BATTLE IN THE WOMB: CLIMATE CHANGE AND MATERNAL AND INFANT HEALTH",2,期,False,25,0,0,25,王美卿,"一3,4(社SS 1003)","['34', '', '', '', '', '', '']","《講授類》
跨院通識與護理系NURS213課程併班上課",[],False
https://selcrs.nsysu.edu.tw/menu5/showoutline.asp?SYEAR=115&SEM=1&CrsDat=GEAI1990&Crsname=綠色照護：從自己做起,,,False,跨院選修(醫),GEAI1990,0,不分班,"綠色照護：從自己做起
GREEN CARE: STARTING WITH YOURSELF",2,期,False,25,0,0,25,熊乃歡,"三6,7(醫IL 3013)","['', '', '67', '', '', '', '']","《講授類》
跨院通識與護理系NURS119課程併班上課",[],False
https://selcrs.nsysu.edu.tw/menu5/showoutline.asp?SYEAR=115&SEM=1&CrsDat=GEAI1991&Crsname=空氣污染跨域新作為：我們每天吸進去的，不只是空氣,,,False,跨院選修(醫),GEAI1991,0,不分班,"空氣污染跨域新作為：我們每天吸進去的，不只是空氣
AIR ACROSS DISCIPLINES: BEYOND THE AIR WE BREATHE",3,期,False,25,0,0,25,郭素娥,"四2,3,4(醫IL 3016)","['', '', '', '234', '', '', '']","《講授類》
跨院通識與護理系NURS120課程併班上課",[],False
https://selcrs.nsysu.edu.tw/menu5/showoutline.asp?SYEAR=115&SEM=1&CrsDat=GEAI1992&Crsname=人工智慧於醫療科技之運用,,,False,跨院選修(醫),GEAI1992,0,不分班,"人工智慧於醫療科技之運用
APPLICATIONS OF ARTIFICIAL INTELLIGENCE IN MEDICAL TECHNOLOGY",2,期,False,30,0,0,30,葉俊吟,"一5,6(醫IL 3017)","['56', '', '', '', '', '', '']","《講授類》
跨院通識與護理系NURS210課程併班上課",[],False
https://selcrs.nsysu.edu.tw/menu5/showoutline.asp?SYEAR=115&SEM=1&CrsDat=GEAIE702&Crsname=英語簡報與口語表達（中高級）,,,False,跨院EAP,GEAIE702,0,不分班,"英語簡報與口語表達（中高級）
ENGLISH PRESENTATION AND ORAL EXPRESSION(HIGH-INTERMEDIATE LEVEL)",3,期,False,50,0,0,50,陳美淑,"三2,3,4(圖IL PC02)","['', '', '234', '', '', '', '']","《講授類》
限非外文系。建議英文程度『中高級』以上程度學生修習選課。",['實用英語跨域學程'],True
https://selcrs.nsysu.edu.tw/menu5/showoutline.asp?SYEAR=115&SEM=1&CrsDat=GEAIE705&Crsname=科技英文閱讀（中高級）,,,False,跨院EAP,GEAIE705,0,不分班,"科技英文閱讀（中高級）
ENGLISH READING FOR SCIENCE AND TECHNOLOGY（HIGH-INTERMEDIATE LEVEL）",3,期,False,50,0,0,50,陳美淑,"三5,6,7(圖IL PC03)","['', '', '567', '', '', '', '']","《講授類》
限非外文系。建議英文程度『中高級』以上程度學生修習選課。","['實用英語跨域學程', '全英語通識教育菁英學程']",True
https://selcrs.nsysu.edu.tw/menu5/showoutline.asp?SYEAR=115&SEM=1&CrsDat=GEAIE706&Crsname=極限閱讀：挑戰想像力與創造力（中高級）,,,False,跨院EAP,GEAIE706,0,不分班,"極限閱讀：挑戰想像力與創造力（中高級）
EXTREME READING: CHALLENGES OF IMAGINATION AND CREATIVITY（HIGH-INTERMEDIATE LEVEL）",3,期,False,50,0,0,50,陳瑞華,"五2,3,4(海ME 2005)","['', '', '', '', '234', '', '']","《講授類》
限非外文系。建議英文程度『中高級』以上程度學生修習選課。",['實用英語跨域學程'],True
https://selcrs.nsysu.edu.tw/menu5/showoutline.asp?SYEAR=115&SEM=1&CrsDat=GEAIE802&Crsname=演說與辯論（高級）,,,False,跨院EAP,GEAIE802,0,不分班,"演說與辯論（高級）
PUBLIC SPEECH AND DEBATE（ADVANCED LEVEL）",3,期,False,35,0,0,35,林毓凱,"二2,3,4(文LA 3003)","['', '234', '', '', '', '', '']","《講授類》
限非外文系。建議英文程度『高級』以上程度學生修習選課。","['實用英語跨域學程', '全英語通識教育菁英學程']",True
https://selcrs.nsysu.edu.tw/menu5/showoutline.asp?SYEAR=115&SEM=1&CrsDat=GEAP207&Crsname=英文寫作：資料視覺化與描述 （中高級）,異動,修正名額7/17,False,跨院EAP,GEAP207,0,不分班,"英文寫作：資料視覺化與描述 （中高級）
ENGLISH WRITING: DATA VISUALIZATION AND DESCRIPTION (HIGH-INTERMEDIATE LEVEL)",3,期,False,35,0,0,35,陳瑞華,"四2,3,4(通GE 3011)","['', '', '', '234', '', '', '']","《講授類》
限非外文系。建議英文程度『中高級』以上程度學生修習選課。",[],True
https://selcrs.nsysu.edu.tw/menu5/showoutline.asp?SYEAR=115&SEM=1&CrsDat=GEAIE610&Crsname=賞析音樂學英語（中級）,,,False,跨院ESP,GEAIE610,0,不分班,"賞析音樂學英語（中級）
LEARNING ENGLISH THROUGH MUSIC APPRECIATION（INTERMEDIATE LEVEL）",3,期,False,50,0,0,50,王品惠,"一2,3,4(通GE 4016)","['234', '', '', '', '', '', '']","《講授類》
限非外文系。建議英文程度『中級』以上程度學生修習選課。",['實用英語跨域學程'],True
https://selcrs.nsysu.edu.tw/menu5/showoutline.asp?SYEAR=115&SEM=1&CrsDat=GEAIE700&Crsname=從英語課程學習多元文化（中高級）,,,False,跨院ESP,GEAIE700,0,不分班,"從英語課程學習多元文化（中高級）
DEVELOPING MULTICULTURAL AWARENESS IN ENGLISH CLASSROOM(HIGH-INTERMEDIATE LEVEL)",3,期,False,50,0,0,50,紀博善,"一5,6,7(社SS 2006)","['567', '', '', '', '', '', '']","《講授類》
限非外文系。建議英文程度『中高級』以上程度學生修習選課。","['實用英語跨域學程', '全英語通識教育菁英學程']",True
https://selcrs.nsysu.edu.tw/menu5/showoutline.asp?SYEAR=115&SEM=1&CrsDat=GEAIE804&Crsname=文化藝術賞析與英語溝通（高級）,,,False,跨院ESP,GEAIE804,0,不分班,"文化藝術賞析與英語溝通（高級）
CRITICAL THINKING AND ENGLISH COMMUNICATIONS ON ARTS AND CULTURE (ADVANCED LEVEL)",3,期,False,50,0,0,50,范澤凱,"一5,6,7(文LA 2003)","['567', '', '', '', '', '', '']","《講授類》
限非外文系。建議英文程度『高級』以上程度學生修習選課。",['實用英語跨域學程'],True
https://selcrs.nsysu.edu.tw/menu5/showoutline.asp?SYEAR=115&SEM=1&CrsDat=GESP205&Crsname=商業英語溝通 （中高級）,,,False,跨院ESP,GESP205,0,不分班,"商業英語溝通 （中高級）
ENGLISH FOR BUSINESS COMMUNICATION  (HIGH-INTERMEDIATE LEVEL)",3,期,False,50,0,0,50,劉季貞,"五5,6,7(管CM 2025)","['', '', '', '', '567', '', '']","《講授類》
限非外文系。建議英文程度『中高級』以上程度學生修習選課。",[],True
https://selcrs.nsysu.edu.tw/menu5/showoutline.asp?SYEAR=115&SEM=1&CrsDat=GESP207&Crsname=實用醫療英語 （中高級）,,,False,跨院ESP,GESP207,0,不分班,"實用醫療英語 （中高級）
PRACTICAL ENGLISH FOR HEALTH (HIGH-INTERMEDIATE LEVEL)",3,期,False,50,0,0,50,傅安德,"二2,3,4(理SC 1001)","['', '234', '', '', '', '', '']","《講授類》
限非外文系。建議英文程度『中高級』以上程度學生修習選課。",[],True
https://selcrs.nsysu.edu.tw/menu5/showoutline.asp?SYEAR=115&SEM=1&CrsDat=CSE325&Crsname=基礎訊號處理,,,False,資工系,CSE325,2,不分班,"基礎訊號處理
FUNDAMENTAL SIGNAL PROCESSING",3,期,False,50,0,0,50,郭可驥,"二5,6,7(工EC 1006)","['', '567', '', '', '', '', '']",《講授類》,"['機器學習與多媒體技術學程', '自然科學之程式應用學程', '機器學習與應用微學程']",False
https://selcrs.nsysu.edu.tw/menu5/showoutline.asp?SYEAR=115&SEM=1&CrsDat=CSE326&Crsname=人工智慧導論,,,False,資工系,CSE326,2,不分班,"人工智慧導論
INTRODUCTION TO ARTIFICIAL INTELLIGENCE",3,期,False,50,0,0,50,蔡崇煒,"二8,6,7(工EC 5012)","['', '678', '', '', '', '', '']",《講授類》,"['科技創新與服務業管理學程', '跨領域智慧製造學程', '智慧製造聯網微學程', '製造與大數據分析微學程', '永續能源學程', '機器學習與多媒體技術學程', '機器學習與應用微學程', '人工智慧探索應用學分學程', '人工智慧自然語言技術學分學程', '智慧高齡生活微學程', '無人載具學程', '計算物理及人工智慧微學程']",False
https://selcrs.nsysu.edu.tw/menu5/showoutline.asp?SYEAR=115&SEM=1&CrsDat=CSE327&Crsname=電腦視覺,,,False,資工系,CSE327,3,不分班,"電腦視覺
COMPUTER VISION",3,期,False,50,0,0,50,楊惠芳,"三5,6,7(工EC 1005)","['', '', '567', '', '', '', '']",《講授類》,[],False
https://selcrs.nsysu.edu.tw/menu5/showoutline.asp?SYEAR=115&SEM=1&CrsDat=CSE383&Crsname=三維模型設計及三維列印導論,,,False,資工系,CSE383,4,不分班,"三維模型設計及三維列印導論
INTRODUCTION TO 3D MODELING AND 3D PRINTING",3,期,False,15,0,0,15,程正傑,"二8,6,7(工EC 5008)","['', '678', '', '', '', '', '']",《講授類》,[],True
https://selcrs.nsysu.edu.tw/menu5/showoutline.asp?SYEAR=115&SEM=1&CrsDat=CSE391&Crsname=物件導向程式設計,,,False,資工系,CSE391,2,不分班,"物件導向程式設計
OBJECT-ORIENTED PROGRAMMING",3,期,True,60,0,0,60,克拉迪,"二8,6,7(工EC 9032)","['', '678', '', '', '', '', '']",《講授類》,"['跨領域智慧製造學程', '軟體工程學程', '金融科技學程', '自然科學之程式應用學程', '智慧製造聯網微學程', '製造與大數據分析微學程', '永續能源學程']",True
https://selcrs.nsysu.edu.tw/menu5/showoutline.asp?SYEAR=115&SEM=1&CrsDat=CSE406&Crsname=專題製作實驗（二）,,,False,資工系,CSE406,4,不分班,"專題製作實驗（二）
SPECIAL TOPICS LABORATORY (II)",1,期,True,60,0,0,60,楊惠芳,"五8,9,7(工EC 1005)(實驗)","['', '', '', '', '789', '', '']","《實驗類》
限本系大四學生修習",[],False
https://selcrs.nsysu.edu.tw/menu5/showoutline.asp?SYEAR=115&SEM=1&CrsDat=CSE425&Crsname=硬體描述語言,,,False,資工系,CSE425,4,不分班,"硬體描述語言
HARDWARE DESCRIPTION LANGUAGES",3,期,False,50,0,0,50,待聘,"二5,6,7(工EC 1005)","['', '567', '', '', '', '', '']",《講授類》,['數位IC設計學程'],True
https://selcrs.nsysu.edu.tw/menu5/showoutline.asp?SYEAR=115&SEM=1&CrsDat=CSE430&Crsname=網際網路資料庫,,,False,資工系,CSE430,4,不分班,"網際網路資料庫
INTERNET DATABASES",3,期,False,50,0,0,50,張玉盈,"四8,6,7(工EC 1005)","['', '', '', '678', '', '', '']",《講授類》,"['軟體工程學程', '巨量資料分析學程', '金融科技學程', '人工智慧與數學學程']",False
https://selcrs.nsysu.edu.tw/menu5/showoutline.asp?SYEAR=115&SEM=1&CrsDat=EO1003&Crsname=微積分（一）,,,False,光電系,EO1003,1,不分班,"微積分（一）
CALCULUS (I)",3,期,True,50,0,0,50,張福春,"一2,3,4(理SC 1005)","['234', '', '', '', '', '', '']","《講授類》
限光電系同學選修。與化學系及材光系併班",['人工智慧與數學學程'],False
https://selcrs.nsysu.edu.tw/menu5/showoutline.asp?SYEAR=115&SEM=1&CrsDat=EO1003A&Crsname=微積分（一）,,,False,光電系,EO1003A,1,全英班,"微積分（一）
CALCULUS (I)",3,期,True,50,0,0,50,翁鵬絜,"一2,3,4(工EC 1001)","['234', '', '', '', '', '', '']","《講授類》
限光電系同學選修。與化學系及材光系併班。",['人工智慧與數學學程'],True
https://selcrs.nsysu.edu.tw/menu5/showoutline.asp?SYEAR=115&SEM=1&CrsDat=EO1004&Crsname=計算機程式,,,False,光電系,EO1004,1,不分班,"計算機程式
COMPUTER PROGRAMMING",3,期,True,50,0,0,50,林元堯,"四2,3,4(圖IL PC01)","['', '', '', '234', '', '', '']",《講授類》,"['金融工程學程', '計算物理及人工智慧微學程', '自然科學之程式應用學程']",True
https://selcrs.nsysu.edu.tw/menu5/showoutline.asp?SYEAR=115&SEM=1&CrsDat=EO1004A&Crsname=計算機程式,,,False,光電系,EO1004A,1,全英班,"計算機程式
COMPUTER PROGRAMMING",3,期,True,50,0,0,50,林元堯,"四2,3,4(圖IL PC01)","['', '', '', '234', '', '', '']",《講授類》,"['金融工程學程', '計算物理及人工智慧微學程', '自然科學之程式應用學程']",True
https://selcrs.nsysu.edu.tw/menu5/showoutline.asp?SYEAR=115&SEM=1&CrsDat=EO1011&Crsname=光電科技前沿,,,False,光電系,EO1011,1,不分班,"光電科技前沿
FRONTIER OPTOELECTRONIC TECHNOLOGY",2,期,False,50,0,0,50,洪勇智,"四6,7(工EC 2006)","['', '', '', '67', '', '', '']",《講授類》,['環境教育學程'],False
https://selcrs.nsysu.edu.tw/menu5/showoutline.asp?SYEAR=115&SEM=1&CrsDat=EO1043&Crsname=光纖通信導論,,,False,光電系,EO1043,3,不分班,"光纖通信導論
INTRODUCTION TO FIBER-OPTIC COMMUNICATIONS",3,期,False,50,0,0,50,魏嘉建,"四2,3,4(工EC 4038)","['', '', '', '234', '', '', '']",《講授類》,['太空科技微學程'],False
https://selcrs.nsysu.edu.tw/menu5/showoutline.asp?SYEAR=115&SEM=1&CrsDat=EO1050&Crsname=顯示器導論,,,False,光電系,EO1050,4,不分班,"顯示器導論
INTRODUCTION TO FLAT PANEL DISPLAYS",3,期,False,50,0,0,50,林宗賢,"四2,3,4(國IR 3002)","['', '', '', '234', '', '', '']",《講授類》,[],False
https://selcrs.nsysu.edu.tw/menu5/showoutline.asp?SYEAR=115&SEM=1&CrsDat=EO1052&Crsname=雷射導論,新增,6/29,False,光電系,EO1052,4,不分班,"雷射導論
INTRODUCTION TO LASER",3,期,False,50,0,0,50,洪裕涵,"二8,6,7(國IR 3002)","['', '678', '', '', '', '', '']",《講授類》,['矽光子暨半導體學程'],True
https://selcrs.nsysu.edu.tw/menu5/showoutline.asp?SYEAR=115&SEM=1&CrsDat=EO1053&Crsname=半導體物理,,,False,光電系,EO1053,4,不分班,"半導體物理
SEMICONDUCTOR PHYSICS",3,期,False,50,0,0,50,李炫錫,"一2,3,4(工EC 2006)","['234', '', '', '', '', '', '']",《講授類》,"['矽光子暨半導體學程', '類比射頻IC設計學程', '矽光子微學程']",True
https://selcrs.nsysu.edu.tw/menu5/showoutline.asp?SYEAR=115&SEM=1&CrsDat=EO2011&Crsname=電子學（一）,,,False,光電系,EO2011,2,不分班,"電子學（一）
ELECTRONICS (I)",3,期,True,50,0,0,50,王俊達,"三2,3,4(國IR 3002)","['', '', '234', '', '', '', '']",《講授類》,"['半導體製程模組學程', '類比射頻IC設計學程']",True
https://selcrs.nsysu.edu.tw/menu5/showoutline.asp?SYEAR=115&SEM=1&CrsDat=EO2011A&Crsname=電子學（一）,,,False,光電系,EO2011A,2,全英班,"電子學（一）
ELECTRONICS (I)",3,期,True,50,0,0,50,王俊達,"三2,3,4(國IR 3002)","['', '', '234', '', '', '', '']",《講授類》,"['半導體製程模組學程', '類比射頻IC設計學程']",True
https://selcrs.nsysu.edu.tw/menu5/showoutline.asp?SYEAR=115&SEM=1&CrsDat=EO2012&Crsname=電子學實驗（一）,,,False,光電系,EO2012,2,不分班,"電子學實驗（一）
ELECTRONICS LABORATORY (I)",1,期,True,50,0,0,50,王俊達,"五2,3,4(工EC 6023)(實驗)","['', '', '', '', '234', '', '']",《實驗類》,[],True
https://selcrs.nsysu.edu.tw/menu5/showoutline.asp?SYEAR=115&SEM=1&CrsDat=EO2012A&Crsname=電子學實驗（一）,,,False,光電系,EO2012A,2,全英班,"電子學實驗（一）
ELECTRONICS LABORATORY (I)",1,期,True,50,0,0,50,王俊達,"五2,3,4(工EC 6023)(實驗)","['', '', '', '', '234', '', '']",《實驗類》,[],True
https://selcrs.nsysu.edu.tw/menu5/showoutline.asp?SYEAR=115&SEM=1&CrsDat=EO2013&Crsname=工程數學（二）,,,False,光電系,EO2013,2,不分班,"工程數學（二）
ENGINEERING MATHEMATICS (II)",3,期,True,50,0,0,50,林煒淳,"一2,3,4(工EC 4012)","['234', '', '', '', '', '', '']",《講授類》,"['半導體製程模組學程', '半導體製程模組學程']",True
https://selcrs.nsysu.edu.tw/menu5/showoutline.asp?SYEAR=115&SEM=1&CrsDat=EO2013A&Crsname=工程數學（二）,,,False,光電系,EO2013A,2,全英班,"工程數學（二）
ENGINEERING MATHEMATICS (II)",3,期,True,50,0,0,50,林煒淳,"一2,3,4(工EC 4012)","['234', '', '', '', '', '', '']",《講授類》,"['半導體製程模組學程', '半導體製程模組學程']",True
https://selcrs.nsysu.edu.tw/menu5/showoutline.asp?SYEAR=115&SEM=1&CrsDat=EO2014&Crsname=電磁學（一）,,,False,光電系,EO2014,2,不分班,"電磁學（一）
ELECTROMAGNETICS (I)",3,期,True,50,0,0,50,洪勇智,"四2,3,4(工EC 4012)","['', '', '', '234', '', '', '']",《講授類》,[],False
https://selcrs.nsysu.edu.tw/menu5/showoutline.asp?SYEAR=115&SEM=1&CrsDat=EO2014A&Crsname=電磁學（一）,,,False,光電系,EO2014A,2,全英班,"電磁學（一）
ELECTROMAGNETICS (I)",3,期,True,50,0,0,50,王耀霆,"二5,6,7(國IR 3003)","['', '567', '', '', '', '', '']",《講授類》,[],True
https://selcrs.nsysu.edu.tw/menu5/showoutline.asp?SYEAR=115&SEM=1&CrsDat=EO2015&Crsname=幾何光學,,,False,光電系,EO2015,2,不分班,"幾何光學
GEOMETRICAL OPTICS",3,期,True,50,0,0,50,吳昇展,"二2,3,4(工EC 4012)","['', '234', '', '', '', '', '']",《講授類》,['半導體製程模組學程'],True
https://selcrs.nsysu.edu.tw/menu5/showoutline.asp?SYEAR=115&SEM=1&CrsDat=EO2015A&Crsname=幾何光學,,,False,光電系,EO2015A,2,全英班,"幾何光學
GEOMETRICAL OPTICS",3,期,True,50,0,0,50,吳昇展,"二2,3,4(工EC 4012)","['', '234', '', '', '', '', '']",《講授類》,['半導體製程模組學程'],True
https://selcrs.nsysu.edu.tw/menu5/showoutline.asp?SYEAR=115&SEM=1&CrsDat=EO2022&Crsname=物理光學實驗,,,False,光電系,EO2022,3,不分班,"物理光學實驗
PHYSICAL OPTICS LABORATORY",1,期,True,50,0,0,50,李晁逵,"三5,6,7(工EC 4008)(實驗)","['', '', '567', '', '', '', '']",《實驗類》,"['矽光子暨半導體學程', '半導體製程模組學程']",True
https://selcrs.nsysu.edu.tw/menu5/showoutline.asp?SYEAR=115&SEM=1&CrsDat=EO2022A&Crsname=物理光學實驗,,,False,光電系,EO2022A,3,全英班,"物理光學實驗
PHYSICAL OPTICS LABORATORY",1,期,True,50,0,0,50,李晁逵,"三5,6,7(工EC 4008)(實驗)","['', '', '567', '', '', '', '']",《實驗類》,"['矽光子暨半導體學程', '半導體製程模組學程']",True
https://selcrs.nsysu.edu.tw/menu5/showoutline.asp?SYEAR=115&SEM=1&CrsDat=EO2029&Crsname=光電科技與工程倫理,,,False,光電系,EO2029,2,不分班,"光電科技與工程倫理
PHOTONIC TECHNOLOGY AND ENGINEERING ETHICS",1,期,True,50,0,0,50,王耀霆,一5(工EC 4012),"['5', '', '', '', '', '', '']",《講授類》,['半導體製程模組學程'],True
https://selcrs.nsysu.edu.tw/menu5/showoutline.asp?SYEAR=115&SEM=1&CrsDat=EO2029A&Crsname=光電科技與工程倫理,,,False,光電系,EO2029A,2,全英班,"光電科技與工程倫理
PHOTONIC TECHNOLOGY AND ENGINEERING ETHICS",1,期,True,50,0,0,50,王耀霆,一5(工EC 4012),"['5', '', '', '', '', '', '']",《講授類》,['半導體製程模組學程'],True
https://selcrs.nsysu.edu.tw/menu5/showoutline.asp?SYEAR=115&SEM=1&CrsDat=EO3023&Crsname=近代物理,,,False,光電系,EO3023,3,不分班,"近代物理
MODERN PHYSICS",3,期,True,50,0,0,50,洪玉珠,"四5,6,7(工EC 4012)","['', '', '', '567', '', '', '']",《講授類》,"['量子材料微學程', '半導體製程模組學程', '矽光子暨半導體學程']",True
https://selcrs.nsysu.edu.tw/menu5/showoutline.asp?SYEAR=115&SEM=1&CrsDat=EO3023A&Crsname=近代物理,,,False,光電系,EO3023A,3,全英班,"近代物理
MODERN PHYSICS",3,期,True,50,0,0,50,洪玉珠,"四5,6,7(工EC 4012)","['', '', '', '567', '', '', '']",《講授類》,"['量子材料微學程', '半導體製程模組學程', '矽光子暨半導體學程']",True
https://selcrs.nsysu.edu.tw/menu5/showoutline.asp?SYEAR=115&SEM=1&CrsDat=EO3025&Crsname=光子學,,,False,光電系,EO3025,3,不分班,"光子學
PHOTONICS",3,期,True,50,0,0,50,邱逸仁,"二5,6,7(工EC 4012)","['', '567', '', '', '', '', '']",《講授類》,['半導體製程模組學程'],True
https://selcrs.nsysu.edu.tw/menu5/showoutline.asp?SYEAR=115&SEM=1&CrsDat=EO3025A&Crsname=光子學,,,False,光電系,EO3025A,3,全英班,"光子學
PHOTONICS",3,期,True,50,0,0,50,邱逸仁,"二5,6,7(工EC 4012)","['', '567', '', '', '', '', '']",《講授類》,['半導體製程模組學程'],True
https://selcrs.nsysu.edu.tw/menu5/showoutline.asp?SYEAR=115&SEM=1&CrsDat=EO3027&Crsname=光電工程專題（一）,,,False,光電系,EO3027,3,不分班,"光電工程專題（一）
INDEPENDENT STUDIES IN PHOTONICS(I)",1,期,True,50,0,0,50,黃文堯,五1(工EC 4012),"['', '', '', '', '1', '', '']",《獨立研究》,[],True
https://selcrs.nsysu.edu.tw/menu5/showoutline.asp?SYEAR=115&SEM=1&CrsDat=EO3027A&Crsname=光電工程專題（一）,,,False,光電系,EO3027A,3,全英班,"光電工程專題（一）
INDEPENDENT STUDIES IN PHOTONICS(I)",1,期,True,50,0,0,50,黃文堯,五1(工EC 4012),"['', '', '', '', '1', '', '']",《獨立研究》,[],True
https://selcrs.nsysu.edu.tw/menu5/showoutline.asp?SYEAR=115&SEM=1&CrsDat=EO3033&Crsname=應用化學,,,False,光電系,EO3033,3,不分班,"應用化學
APPLIED CHEMISTRY",3,期,False,50,0,0,50,張美濙,"五2,3,4(國IR 3003)","['', '', '', '', '234', '', '']",《講授類》,[],False
https://selcrs.nsysu.edu.tw/menu5/showoutline.asp?SYEAR=115&SEM=1&CrsDat=EO4003&Crsname=色彩學導論,,,False,光電系,EO4003,4,不分班,"色彩學導論
INTRODUCTION TO COLOR SCIENCE",1,期,False,50,0,0,50,于欽平,一5(國IR 3002),"['5', '', '', '', '', '', '']",《講授類》,[],False
https://selcrs.nsysu.edu.tw/menu5/showoutline.asp?SYEAR=115&SEM=1&CrsDat=EO4004&Crsname=光電數值模擬,,,False,光電系,EO4004,4,不分班,"光電數值模擬
NUMERICAL SIMULATION IN PHOTONICS",3,期,False,50,0,0,50,林元堯,"二2,3,4(圖IL PC01)","['', '234', '', '', '', '', '']",《講授類》,['金融工程學程'],False
https://selcrs.nsysu.edu.tw/menu5/showoutline.asp?SYEAR=115&SEM=1&CrsDat=EO4008&Crsname=傅氏光學,,,False,光電系,EO4008,3,不分班,"傅氏光學
FOURIER OPTICS",3,期,False,50,0,0,50,王耀霆,"二8(國IR 3001) 四8,9(國IR 3001)","['', '8', '', '89', '', '', '']",《講授類》,[],False
https://selcrs.nsysu.edu.tw/menu5/showoutline.asp?SYEAR=115&SEM=1&CrsDat=MOES101&Crsname=普通化學（一）,,,False,材光系,MOES101,1,不分班,"普通化學（一）
GENERAL CHEMISTRY(I)",3,期,True,50,0,0,50,王家蓁,"五2,3,4(工EC 3006)","['', '', '', '', '234', '', '']","《講授類》
與物理系併班",['半導體設備工程學程'],False
https://selcrs.nsysu.edu.tw/menu5/showoutline.asp?SYEAR=115&SEM=1&CrsDat=MOES101A&Crsname=普通化學（一）,,,False,材光系,MOES101A,1,全英班,"普通化學（一）
GENERAL CHEMISTRY(I)",3,期,True,50,0,0,50,克里斯那,"五5,6,7(理SC 0009)","['', '', '', '', '567', '', '']","《講授類》
與物理系英文班併班上課。",['半導體設備工程學程'],True
https://selcrs.nsysu.edu.tw/menu5/showoutline.asp?SYEAR=115&SEM=1&CrsDat=MOES102&Crsname=微積分（一）,,,False,材光系,MOES102,1,不分班,"微積分（一）
CALCULUS(I)",3,期,True,50,0,0,50,張福春,"一2,3,4(理SC 1005)","['234', '', '', '', '', '', '']","《講授類》
限材光系同學選修。與光電系、化學系併班上課。",['人工智慧與數學學程'],False
https://selcrs.nsysu.edu.tw/menu5/showoutline.asp?SYEAR=115&SEM=1&CrsDat=MOES102A&Crsname=微積分（一）,,,False,材光系,MOES102A,1,全英班,"微積分（一）
CALCULUS(I)",3,期,True,50,0,0,50,翁鵬絜,"一2,3,4(工EC 1001)","['234', '', '', '', '', '', '']","《講授類》
限材光系同學選修。與光電系、化學系英文班併班上課。",['人工智慧與數學學程'],True
https://selcrs.nsysu.edu.tw/menu5/showoutline.asp?SYEAR=115&SEM=1&CrsDat=MOES103&Crsname=普通化學實驗（一）,,,False,材光系,MOES103,1,不分班,"普通化學實驗（一）
GENERAL CHEMISTRY LABORATORY(I)",1,期,True,30,0,0,30,張元賓,"五5,6,7(理SC 4019)(實驗)","['', '', '', '', '567', '', '']","《實驗類》
與物理系併班",[],False
https://selcrs.nsysu.edu.tw/menu5/showoutline.asp?SYEAR=115&SEM=1&CrsDat=MOES103A&Crsname=普通化學實驗（一）,,,False,材光系,MOES103A,1,全英班,"普通化學實驗（一）
GENERAL CHEMISTRY LABORATORY(I)",1,期,True,30,0,0,30,楊崇鑫,"四5,6,7(理SC 4019)(實驗)","['', '', '', '567', '', '', '']","《實驗類》
與物理全英組系併班",[],True
https://selcrs.nsysu.edu.tw/menu5/showoutline.asp?SYEAR=115&SEM=1&CrsDat=MOES107&Crsname=材料科學導論,,,False,材光系,MOES107,1,不分班,"材料科學導論
INTRODUCTION TO MATERIALS SCIENCE",3,期,True,60,0,0,60,郭哲男,"三5,6,7(工MS 4019)","['', '', '567', '', '', '', '']",《講授類》,"['量子材料微學程', '矽光子暨半導體學程', '材料結構性質微學程', '有機和材料合成學程', '半導體設備工程學程', '半導體元件學程', '半導體製程模組學程']",False
https://selcrs.nsysu.edu.tw/menu5/showoutline.asp?SYEAR=115&SEM=1&CrsDat=MOES107A&Crsname=材料科學導論,,,False,材光系,MOES107A,1,全英班,"材料科學導論
INTRODUCTION TO MATERIALS SCIENCE",3,期,True,60,0,0,60,邱政維,"四2,3,4(工MS 4023)","['', '', '', '234', '', '', '']",《講授類》,"['量子材料微學程', '矽光子暨半導體學程', '材料結構性質微學程', '有機和材料合成學程', '半導體設備工程學程', '半導體元件學程', '半導體製程模組學程']",True
https://selcrs.nsysu.edu.tw/menu5/showoutline.asp?SYEAR=115&SEM=1&CrsDat=MOES201&Crsname=工程數學（一）,,,False,材光系,MOES201,2,不分班,"工程數學（一）
ENGINEERING MATHEMATICS(I)",3,期,True,60,0,0,60,葉昀昇,"三5,6,7(工MS 4022)","['', '', '567', '', '', '', '']",《講授類》,"['金融工程學程', '半導體製程模組學程']",False
https://selcrs.nsysu.edu.tw/menu5/showoutline.asp?SYEAR=115&SEM=1&CrsDat=MOES201A&Crsname=工程數學（一）,,,False,材光系,MOES201A,2,全英班,"工程數學（一）
ENGINEERING MATHEMATICS(I)",3,期,True,60,0,0,60,楊易軒,"五2,3,4(醫IL 3013)","['', '', '', '', '234', '', '']","《講授類》
與生醫科技系全英語學士班併班","['金融工程學程', '半導體製程模組學程']",True
https://selcrs.nsysu.edu.tw/menu5/showoutline.asp?SYEAR=115&SEM=1&CrsDat=MOES202&Crsname=電磁學（一）,,,False,材光系,MOES202,2,不分班,"電磁學（一）
ELECTROMAGNETISM (I)",3,期,True,70,0,0,70,李明賢,"二2,3,4(工EC 1001)","['', '234', '', '', '', '', '']",《講授類》,"['半導體製程模組學程', '半導體元件學程']",False
https://selcrs.nsysu.edu.tw/menu5/showoutline.asp?SYEAR=115&SEM=1&CrsDat=MOES202A&Crsname=電磁學（一）,,,False,材光系,MOES202A,2,全英班,"電磁學（一）
ELECTROMAGNETISM (I)",3,期,True,60,0,0,60,林仕鑫,"二2,3,4(工MS 4022)","['', '234', '', '', '', '', '']",《講授類》,"['半導體製程模組學程', '半導體元件學程']",True
https://selcrs.nsysu.edu.tw/menu5/showoutline.asp?SYEAR=115&SEM=1&CrsDat=MOES204&Crsname=晶體結構與缺陷,,,False,材光系,MOES204,2,不分班,"晶體結構與缺陷
CRYSTAL STRUCTURES AND DEFECTS",2,期,True,60,0,0,60,李廣輝,"五6,7(工MS 4022)","['', '', '', '', '67', '', '']",《講授類》,"['有機和材料合成學程', '半導體製程模組學程']",False
https://selcrs.nsysu.edu.tw/menu5/showoutline.asp?SYEAR=115&SEM=1&CrsDat=MOES204A&Crsname=晶體結構與缺陷,,,False,材光系,MOES204A,2,全英班,"晶體結構與缺陷
CRYSTAL STRUCTURES AND DEFECTS",2,期,True,60,0,0,60,李伯軒,"三3,4(工MS 4023)","['', '', '34', '', '', '', '']",《講授類》,"['有機和材料合成學程', '半導體製程模組學程']",True
https://selcrs.nsysu.edu.tw/menu5/showoutline.asp?SYEAR=115&SEM=1&CrsDat=MOES215&Crsname=光學（二）,異動,更換教室7/20,False,材光系,MOES215,3,不分班,"光學（二）
OPTICS (II)",3,期,False,50,0,0,50,徐瑞鴻,"二2,3,4(工MS 4019)","['', '234', '', '', '', '', '']",《講授類》,['半導體製程模組學程'],False
https://selcrs.nsysu.edu.tw/menu5/showoutline.asp?SYEAR=115&SEM=1&CrsDat=MOES216&Crsname=物理化學,,,False,材光系,MOES216,2,不分班,"物理化學
PHYSICAL CHEMISTRY",3,期,False,60,0,0,60,王志逢,"四2,3,4(工EN 0032)","['', '', '', '234', '', '', '']",《講授類》,"['半導體製程模組學程', '半導體設備工程學程']",False
https://selcrs.nsysu.edu.tw/menu5/showoutline.asp?SYEAR=115&SEM=1&CrsDat=MOES232&Crsname=有機化學（一）,,,False,材光系,MOES232,2,不分班,"有機化學（一）
ORGANIC CHEMISTRY (I)",3,期,False,60,0,0,60,葉昀昇,"一5,6,7(工MS 4022)","['567', '', '', '', '', '', '']",《講授類》,['半導體製程模組學程'],True
https://selcrs.nsysu.edu.tw/menu5/showoutline.asp?SYEAR=115&SEM=1&CrsDat=MOES301&Crsname=電子學（一）,,,False,材光系,MOES301,3,不分班,"電子學（一）
ELECTRONICS(I)",3,期,False,60,0,0,60,蔡宗鳴,"四3,4(工MS 4019) 五4(工MS 4019)","['', '', '', '34', '4', '', '']",《講授類》,"['半導體製程模組學程', '半導體設備工程學程', '半導體元件學程', '類比射頻IC設計學程']",False
https://selcrs.nsysu.edu.tw/menu5/showoutline.asp?SYEAR=115&SEM=1&CrsDat=MOES303&Crsname=材料與光電實驗（一）,,,True,材光系,MOES303,3,不分班,"材料與光電實驗（一）
EXPERIMENTS ON MATERIAL CHARACTERIZATION AND OPTOELECTRONICS（Ⅰ）",2,期,True,30,0,0,30,"蔡宗鳴,蔣酉旺,蘇威宏,郭哲男","四8,5,6,7(工MS 4025)(實驗)","['', '', '', '5678', '', '', '']","《實驗類》
限學號 B133100001~ B133100030 、B132045015、B135045004、B135045016、B135045027、B136060037、B136060041 學生選課",[],False
https://selcrs.nsysu.edu.tw/menu5/showoutline.asp?SYEAR=115&SEM=1&CrsDat=MOES303A&Crsname=材料與光電實驗（一）,,,True,材光系,MOES303A,3,全英班,"材料與光電實驗（一）
EXPERIMENTS ON MATERIAL CHARACTERIZATION AND OPTOELECTRONICS（Ⅰ）",2,期,True,30,0,0,30,"葉昀昇,蔡宗鳴,蘇威宏,邱政維","五8,5,6,7(工MS 4025)(實驗)","['', '', '', '', '5678', '', '']","《實驗類》
限學號 B133105001~ B133105014、B133105016~ B133105018、B133105020~ B133105023、B133105025、B135045033學生選課",[],True
https://selcrs.nsysu.edu.tw/menu5/showoutline.asp?SYEAR=115&SEM=1&CrsDat=MOES312&Crsname=相變化,,,False,材光系,MOES312,3,不分班,"相變化
PHASE TRANSFORMATION",3,期,False,50,0,0,50,張六文,"三3,4(工MS 2004) 五4(工MS 4025)","['', '', '34', '', '4', '', '']",《講授類》,['半導體製程模組學程'],False
https://selcrs.nsysu.edu.tw/menu5/showoutline.asp?SYEAR=115&SEM=1&CrsDat=MOES313&Crsname=高分子材料導論,,,False,材光系,MOES313,3,不分班,"高分子材料導論
INTRODUCTION TO POLYMER MATERIAL",3,期,True,50,0,0,50,曼哈迪,"二5(工MS 4019) 三3,4(工MS 4019)","['', '5', '34', '', '', '', '']",《講授類》,"['有機和材料合成學程', '半導體設備工程學程', '半導體元件學程', '半導體製程模組學程']",True
https://selcrs.nsysu.edu.tw/menu5/showoutline.asp?SYEAR=115&SEM=1&CrsDat=MOES313A&Crsname=高分子材料導論,,,False,材光系,MOES313A,3,全英班,"高分子材料導論
INTRODUCTION TO POLYMER MATERIAL",3,期,True,50,0,0,50,曼哈迪,"二5(工MS 4019) 三3,4(工MS 4019)","['', '5', '34', '', '', '', '']",《講授類》,"['有機和材料合成學程', '半導體設備工程學程', '半導體元件學程', '半導體製程模組學程']",True
https://selcrs.nsysu.edu.tw/menu5/showoutline.asp?SYEAR=115&SEM=1&CrsDat=MOES314&Crsname=材料物理性質,,,False,材光系,MOES314,3,不分班,"材料物理性質
PHYSICAL PROPERTIES OF MATERIALS",3,期,False,50,0,0,50,張尹,"二2,3,4(工MS 4025)","['', '234', '', '', '', '', '']",《講授類》,['半導體製程模組學程'],False
https://selcrs.nsysu.edu.tw/menu5/showoutline.asp?SYEAR=115&SEM=1&CrsDat=MOES315&Crsname=固態物理,,,False,材光系,MOES315,3,不分班,"固態物理
SOLID STATE PHYSICS",3,期,True,50,0,0,50,李廣輝,"四2(工MS 4019) 五2,3(工MS 4019)","['', '', '', '2', '23', '', '']",《講授類》,"['量子材料微學程', '矽光子暨半導體學程', '半導體元件學程', '半導體製程模組學程', '半導體物理與先進元件分析微學程']",True
https://selcrs.nsysu.edu.tw/menu5/showoutline.asp?SYEAR=115&SEM=1&CrsDat=MOES315A&Crsname=固態物理,,,False,材光系,MOES315A,3,全英班,"固態物理
SOLID STATE PHYSICS",3,期,True,50,0,0,50,李廣輝,"四2(工MS 4019) 五2,3(工MS 4019)","['', '', '', '2', '23', '', '']",《講授類》,"['量子材料微學程', '矽光子暨半導體學程', '半導體元件學程', '半導體製程模組學程', '半導體物理與先進元件分析微學程']",True
https://selcrs.nsysu.edu.tw/menu5/showoutline.asp?SYEAR=115&SEM=1&CrsDat=MOES316&Crsname=光電工程（二）,,,False,材光系,MOES316,4,不分班,"光電工程（二）
OPTOELECTRONIC ENGINEERING(II)",3,期,False,50,0,0,50,蘇威宏,"一5(工MS 4025) 二6,7(工MS 4025)","['5', '67', '', '', '', '', '']",《講授類》,[],False
https://selcrs.nsysu.edu.tw/menu5/showoutline.asp?SYEAR=115&SEM=1&CrsDat=MOES332&Crsname=材料與光電專題研究（一）,,,False,材光系,MOES332,3,不分班,"材料與光電專題研究（一）
RESEARCH PROJECT MATERIALS AND OPTOELECTRONIC(I)",1,期,False,50,0,0,50,陳致光,一A() 二A() 三A(),"['A', 'A', 'A', '', '', '', '']","《獨立研究》
學生應先找到指導專題研究的教授後再行選課。",[],True
https://selcrs.nsysu.edu.tw/menu5/showoutline.asp?SYEAR=115&SEM=1&CrsDat=MOES430&Crsname=奈米材料之特性與應用,,,False,材光系,MOES430,3,不分班,"奈米材料之特性與應用
CHARACTERISTICS OF NANOMATERIALS AND THEIR APPLICATIONS",3,期,False,60,0,0,60,王映樵,"一2,3,4(工MS 4022)","['234', '', '', '', '', '', '']",《講授類》,"['量子材料微學程', '材料結構性質微學程']",False
https://selcrs.nsysu.edu.tw/menu5/showoutline.asp?SYEAR=115&SEM=1&CrsDat=MOES432&Crsname=材料顯微分析技術,,,False,材光系,MOES432,4,不分班,"材料顯微分析技術
MICROANALYSIS TECHNIQUES OF MATERIAL CHARACTERIZATION",3,期,False,50,0,0,50,"張六文,李廣輝,王致傑,蔣酉旺,邱政維,郭哲男,郭紹偉","一2,3,4(工MS 4023)","['234', '', '', '', '', '', '']","《講授類》
此門課程為下學期(115-2)「材料顯微分析實驗」之先修科目","['半導體製程模組學程', '半導體元件學程']",False
https://selcrs.nsysu.edu.tw/menu5/showoutline.asp?SYEAR=115&SEM=1&CrsDat=MOES435&Crsname=材料與光電專題研究（三）,,,False,材光系,MOES435,3,不分班,"材料與光電專題研究（三）
RESEARCH PROJECT MATERIALS AND OPTOELECTRONIC(III)",1,期,False,50,0,0,50,陳致光,一A() 二A() 三A(),"['A', 'A', 'A', '', '', '', '']","《獨立研究》
學生應先找到指導專題研究的教授後再行選課。",[],True
https://selcrs.nsysu.edu.tw/menu5/showoutline.asp?SYEAR=115&SEM=1&CrsDat=MOES438&Crsname=材料的光電特性,,,False,材光系,MOES438,4,不分班,"材料的光電特性
ELECTRICAL AND OPTICAL PROPERTIES OF MATERIALS",3,期,False,50,0,0,50,李明賢,"五2,3,4(工MS 2004)","['', '', '', '', '234', '', '']",《講授類》,[],False
https://selcrs.nsysu.edu.tw/menu5/showoutline.asp?SYEAR=115&SEM=1&CrsDat=MOES445&Crsname=能源材料概論,異動,更換教室7/20,False,材光系,MOES445,3,不分班,"能源材料概論
INTRODUCTION TO ENERGY MATERIALS",3,期,False,50,0,0,50,王致傑,"二2,3,4(工MS 2001)","['', '234', '', '', '', '', '']",《講授類》,[],False
https://selcrs.nsysu.edu.tw/menu5/showoutline.asp?SYEAR=115&SEM=1&CrsDat=MOES446&Crsname=半導體物理與材料,,,False,材光系,MOES446,4,不分班,"半導體物理與材料
SEMICONDUCTOR PHYSICS AND MATERIALS",3,期,False,60,0,0,60,徐瑞鴻,"四2,3,4(工 MS 2004)","['', '', '', '234', '', '', '']",《講授類》,[],False
https://selcrs.nsysu.edu.tw/menu5/showoutline.asp?SYEAR=115&SEM=1&CrsDat=MOES447&Crsname=材料製程與設計,,,False,材光系,MOES447,3,不分班,"材料製程與設計
MATERIALS PROCESSING AND DESIGN",3,期,False,60,0,0,60,郭哲男,"二8,6,7(工MS 4022)","['', '678', '', '', '', '', '']",《講授類》,[],False
https://selcrs.nsysu.edu.tw/menu5/showoutline.asp?SYEAR=115&SEM=1&CrsDat=MOES453&Crsname=科學模擬計算導論,,,False,材光系,MOES453,3,不分班,"科學模擬計算導論
INTRODUCTION TO SCIENTIFIC COMPUTING WITH PYTHON",3,期,True,70,0,0,70,呂德,"一5,6,7(工EC 1011)","['567', '', '', '', '', '', '']",《講授類》,[],True
https://selcrs.nsysu.edu.tw/menu5/showoutline.asp?SYEAR=115&SEM=1&CrsDat=MOES453A&Crsname=科學模擬計算導論,,,False,材光系,MOES453A,3,全英班,"科學模擬計算導論
INTRODUCTION TO SCIENTIFIC COMPUTING WITH PYTHON",3,期,True,70,0,0,70,呂德,"一5,6,7(工EC 1011)","['567', '', '', '', '', '', '']",《講授類》,[],True
https://selcrs.nsysu.edu.tw/menu5/showoutline.asp?SYEAR=115&SEM=1&CrsDat=CSE1001&Crsname=離散數學,,,False,資工全英班,CSE1001,1,全英班,"離散數學
DISCRETE MATHEMATICS",3,期,True,50,0,0,50,希家史提夫,"五2,3,4(工EC 5012)","['', '', '', '', '234', '', '']",《講授類》,['軟體工程學程'],True
https://selcrs.nsysu.edu.tw/menu5/showoutline.asp?SYEAR=115&SEM=1&CrsDat=CSE1002&Crsname=微積分,,,False,資工全英班,CSE1002,1,全英班,"微積分
CALCULUS",3,期,True,50,0,0,50,程正傑,"三5,6,7(工EC 9032)","['', '', '567', '', '', '', '']","《講授類》
限本系學生修習",[],True
https://selcrs.nsysu.edu.tw/menu5/showoutline.asp?SYEAR=115&SEM=1&CrsDat=CSE1006&Crsname=Ｃ程式設計,,,False,資工全英班,CSE1006,1,全英班,"Ｃ程式設計
C PROGRAMMING",3,期,True,50,0,0,50,柯正雯,"一5,6,7(工EC 9031)","['567', '', '', '', '', '', '']","《講授類》
限本系學生修習",['公共交通行動服務微學程'],True
https://selcrs.nsysu.edu.tw/menu5/showoutline.asp?SYEAR=115&SEM=1&CrsDat=CSE2001&Crsname=線性代數,,,False,資工全英班,CSE2001,2,全英班,"線性代數
LINEAR ALGEBRA",3,期,True,50,0,0,50,柯拉飛,"三5,6,7(工EC 1009)","['', '', '567', '', '', '', '']",《講授類》,"['金融工程學程', '機器學習與多媒體技術學程', '機器學習與應用微學程']",True
https://selcrs.nsysu.edu.tw/menu5/showoutline.asp?SYEAR=115&SEM=1&CrsDat=CSE2003&Crsname=數位系統,,,False,資工全英班,CSE2003,2,全英班,"數位系統
DIGITAL SYSTEM",3,期,True,50,0,0,50,吳建澄,"一8,6,7(工EC 1006)","['678', '', '', '', '', '', '']",《講授類》,"['機器學習與多媒體技術學程', '數位IC設計學程']",True
https://selcrs.nsysu.edu.tw/menu5/showoutline.asp?SYEAR=115&SEM=1&CrsDat=CSE2005&Crsname=作業系統,,,False,資工全英班,CSE2005,3,全英班,"作業系統
OPERATING SYSTEMS",3,期,True,50,0,0,50,王友群,"三5,6,7(工EC 5012)","['', '', '567', '', '', '', '']",《講授類》,"['軟體工程學程', '自然科學之程式應用學程']",True
https://selcrs.nsysu.edu.tw/menu5/showoutline.asp?SYEAR=115&SEM=1&CrsDat=CSE3001&Crsname=演算法,,,False,資工全英班,CSE3001,3,全英班,"演算法
ALGORITHMS",3,期,True,50,0,0,50,蔡崇煒,"四2,3,4(工EC 9032)","['', '', '', '234', '', '', '']",《講授類》,"['軟體工程學程', '巨量資料分析學程', '自然科學之程式應用學程']",True
https://selcrs.nsysu.edu.tw/menu5/showoutline.asp?SYEAR=115&SEM=1&CrsDat=CSE3002&Crsname=物件導向程式設計,,,False,資工全英班,CSE3002,2,全英班,"物件導向程式設計
OBJECT-ORIENTED PROGRAMMING",3,期,True,50,0,0,50,克拉迪,"二8,6,7(工EC 9032)","['', '678', '', '', '', '', '']",《講授類》,"['跨領域智慧製造學程', '軟體工程學程', '金融科技學程', '自然科學之程式應用學程', '智慧製造聯網微學程', '製造與大數據分析微學程', '永續能源學程']",True
https://selcrs.nsysu.edu.tw/menu5/showoutline.asp?SYEAR=115&SEM=1&CrsDat=CSE3003&Crsname=組合語言與微處理機,,,False,資工全英班,CSE3003,3,全英班,"組合語言與微處理機
ASSEMBLY LANGUAGE AND MICROCOMPUTER",3,期,True,50,0,0,50,張雲南,"一2,3,4(工EC 5012)","['234', '', '', '', '', '', '']",《講授類》,['自然科學之程式應用學程'],True
https://selcrs.nsysu.edu.tw/menu5/showoutline.asp?SYEAR=115&SEM=1&CrsDat=CSE4001&Crsname=專題製作實驗（二）,,,False,資工全英班,CSE4001,4,全英班,"專題製作實驗（二）
SPECIAL TOPICS LABORATORY (II)",1,期,True,50,0,0,50,克拉迪,"五8,9,7(工EC 1006)(實驗)","['', '', '', '', '789', '', '']","《實驗類》
限本系大四學生修習",[],True
https://selcrs.nsysu.edu.tw/menu5/showoutline.asp?SYEAR=115&SEM=1&CrsDat=BM101&Crsname=會計學（一）,,,False,企管系,BM101,1,甲班,"會計學（一）
ACCOUNTING(I)",3,期,True,50,0,0,50,王萬成,"四5,6,7(管CM 2037)","['', '', '', '567', '', '', '']","《講授類》
限企管系(含雙主修、輔系)","['金融工程學程', '會計學程']",False
https://selcrs.nsysu.edu.tw/menu5/showoutline.asp?SYEAR=115&SEM=1&CrsDat=BM101A&Crsname=會計學（一）,,,False,企管系,BM101A,1,乙班,"會計學（一）
ACCOUNTING(I)",3,期,True,50,0,0,50,陳妮雲,"四2,3,4(管CM 3015)","['', '', '', '234', '', '', '']","《講授類》
限企管系(含雙主修、輔系)","['金融工程學程', '會計學程']",False
https://selcrs.nsysu.edu.tw/menu5/showoutline.asp?SYEAR=115&SEM=1&CrsDat=BM103&Crsname=會計學實習（一）,,,False,企管系,BM103,1,甲班,"會計學實習（一）
ACCOUNTING PRACTICE(I)",1,期,False,50,0,0,50,王萬成,"四8,9(管CM 2037)(實驗)","['', '', '', '89', '', '', '']","《實習類》
限企管系(含雙主修、輔系)",[],False
https://selcrs.nsysu.edu.tw/menu5/showoutline.asp?SYEAR=115&SEM=1&CrsDat=BM103A&Crsname=會計學實習（一）,,,False,企管系,BM103A,1,乙班,"會計學實習（一）
ACCOUNTING PRACTICE(I)",1,期,False,50,0,0,50,陳妮雲,"四8,9(管CM 3017)(實驗)","['', '', '', '89', '', '', '']","《實習類》
限企管系(含雙主修、輔系)",[],False
https://selcrs.nsysu.edu.tw/menu5/showoutline.asp?SYEAR=115&SEM=1&CrsDat=BM105&Crsname=經濟學（一）,,,False,企管系,BM105,1,甲班,"經濟學（一）
ECONOMICS(I)",3,期,True,50,0,0,50,林晉禾,"三5,6,7(管CM 0052)","['', '', '567', '', '', '', '']","《講授類》
限企管系(含雙主修、輔系)；併班上課；","['金融工程學程', '海洋生產模式整合學程']",False
https://selcrs.nsysu.edu.tw/menu5/showoutline.asp?SYEAR=115&SEM=1&CrsDat=BM105A&Crsname=經濟學（一）,,,False,企管系,BM105A,1,乙班,"經濟學（一）
ECONOMICS(I)",3,期,True,50,0,0,50,林晉禾,"三5,6,7(管CM 0052)","['', '', '567', '', '', '', '']","《講授類》
限企管系(含雙主修、輔系)；併班上課","['金融工程學程', '海洋生產模式整合學程']",False
https://selcrs.nsysu.edu.tw/menu5/showoutline.asp?SYEAR=115&SEM=1&CrsDat=BM107&Crsname=經濟學實習（一）,,,False,企管系,BM107,1,不分班,"經濟學實習（一）
ECONOMICS PRACTICE(I)",1,期,False,50,0,0,50,林晉禾,"一B,5(管CM 2037)(實驗)","['B5', '', '', '', '', '', '']","《實習類》
限企管系(含雙主修、輔系)",[],False
https://selcrs.nsysu.edu.tw/menu5/showoutline.asp?SYEAR=115&SEM=1&CrsDat=BM109&Crsname=企業概論,,,False,企管系,BM109,1,不分班,"企業概論
INTRODUCTION TO BUSINESS",3,期,False,50,0,0,50,蔡宗霖,"二5,6,7(管CM 4112)","['', '567', '', '', '', '', '']",《講授類》,[],False
https://selcrs.nsysu.edu.tw/menu5/showoutline.asp?SYEAR=115&SEM=1&CrsDat=BM115&Crsname=微積分,,,False,企管系,BM115,1,甲班,"微積分
CALCULUS",3,期,True,50,0,0,50,卓建宏,"三2,3,4(管CM 1037)","['', '', '234', '', '', '', '']","《講授類》
限企管系(含雙主修、輔系)；併班上課",[],False
https://selcrs.nsysu.edu.tw/menu5/showoutline.asp?SYEAR=115&SEM=1&CrsDat=BM115A&Crsname=微積分,,,False,企管系,BM115A,1,乙班,"微積分
CALCULUS",3,期,True,50,0,0,50,卓建宏,"三2,3,4(管CM 1037)","['', '', '234', '', '', '', '']","《講授類》
限企管系(含雙主修、輔系)；併班上課",[],False
https://selcrs.nsysu.edu.tw/menu5/showoutline.asp?SYEAR=115&SEM=1&CrsDat=BM201&Crsname=統計學（一）,,,False,企管系,BM201,2,甲班,"統計學（一）
STATISTICS(I)",3,期,True,50,0,0,50,林晉禾,"三2,3,4(管CM 0052)","['', '', '234', '', '', '', '']","《講授類》
限企管系(含雙主修、輔系)；併班上課",['金融工程學程'],True
https://selcrs.nsysu.edu.tw/menu5/showoutline.asp?SYEAR=115&SEM=1&CrsDat=BM201A&Crsname=統計學（一）,,,False,企管系,BM201A,2,乙班,"統計學（一）
STATISTICS(I)",3,期,True,50,0,0,50,林晉禾,"三2,3,4(管CM 0052)","['', '', '234', '', '', '', '']","《講授類》
限企管系(含雙主修、輔系)；併班上課",['金融工程學程'],True
https://selcrs.nsysu.edu.tw/menu5/showoutline.asp?SYEAR=115&SEM=1&CrsDat=BM203&Crsname=行銷管理,,,False,企管系,BM203,2,甲班,"行銷管理
MARKETING MANAGEMENT",3,期,True,55,0,0,55,黃明新,"三5,6,7(管CM 1037)","['', '', '567', '', '', '', '']","《講授類》
限企管系(含雙主修、輔系)；併班上課","['音樂藝術管理與行銷學程', '行銷管理學程', '科技創新與服務業管理學程', '地方敘事與創生學程', '海洋生產模式整合學程']",False
https://selcrs.nsysu.edu.tw/menu5/showoutline.asp?SYEAR=115&SEM=1&CrsDat=BM203A&Crsname=行銷管理,,,False,企管系,BM203A,2,乙班,"行銷管理
MARKETING MANAGEMENT",3,期,True,55,0,0,55,黃明新,"三5,6,7(管CM 1037)","['', '', '567', '', '', '', '']","《講授類》
限企管系(含雙主修、輔系)；併班上課","['音樂藝術管理與行銷學程', '行銷管理學程', '科技創新與服務業管理學程', '地方敘事與創生學程', '海洋生產模式整合學程']",False
https://selcrs.nsysu.edu.tw/menu5/showoutline.asp?SYEAR=115&SEM=1&CrsDat=BM204&Crsname=組織行為,,,False,企管系,BM204,2,甲班,"組織行為
ORGANIZATIONAL BEHAVIOR",3,期,True,60,0,0,60,施欣宜,"二2,3,4(管CM 2037)","['', '234', '', '', '', '', '']","《講授類》
限企管系(含雙主修、輔系)",['人力資源管理學程'],False
https://selcrs.nsysu.edu.tw/menu5/showoutline.asp?SYEAR=115&SEM=1&CrsDat=BM204A&Crsname=組織行為,,,False,企管系,BM204A,2,乙班,"組織行為
ORGANIZATIONAL BEHAVIOR",3,期,True,60,0,0,60,施欣宜,"二5,6,7(管CM 2037)","['', '567', '', '', '', '', '']","《講授類》
限企管系(含雙主修、輔系)",['人力資源管理學程'],False
https://selcrs.nsysu.edu.tw/menu5/showoutline.asp?SYEAR=115&SEM=1&CrsDat=BM217&Crsname=統計學實習（一）,,,False,企管系,BM217,2,不分班,"統計學實習（一）
EXERCISE FOR STATISTICS(I)",1,期,False,50,0,0,50,林晉禾,"一3,4(管CM 4112)(實驗)","['34', '', '', '', '', '', '']","《實習類》
限企管系(含雙主修、輔系)；併班上課",[],False
https://selcrs.nsysu.edu.tw/menu5/showoutline.asp?SYEAR=115&SEM=1&CrsDat=BM302&Crsname=管理會計,,,False,企管系,BM302,3,甲班,"管理會計
MANAGERIAL ACCOUNTING",3,期,True,100,0,0,100,陳妮雲,"二2,3,4(管CM 1037)","['', '234', '', '', '', '', '']","《講授類》
限企管系(含雙主修、輔系)",['會計學程'],False
https://selcrs.nsysu.edu.tw/menu5/showoutline.asp?SYEAR=115&SEM=1&CrsDat=BM302A&Crsname=管理會計,,,False,企管系,BM302A,3,乙班,"管理會計
MANAGERIAL ACCOUNTING",3,期,True,100,0,0,100,陳妮雲,"三2,3,4(管CM 3019)","['', '', '234', '', '', '', '']","《講授類》
限企管系(含雙主修、輔系)",['會計學程'],False
https://selcrs.nsysu.edu.tw/menu5/showoutline.asp?SYEAR=115&SEM=1&CrsDat=BM303&Crsname=管理資訊系統,,,False,企管系,BM303,3,甲班,"管理資訊系統
MANAGEMENT INFORMATION SYSTEM",3,期,True,55,0,0,55,黃鋒樟,"二5,6,7(管CM 1037)","['', '567', '', '', '', '', '']","《講授類》
限企管系(含雙主修、輔系)；併班上課",['科技創新與服務業管理學程'],False
https://selcrs.nsysu.edu.tw/menu5/showoutline.asp?SYEAR=115&SEM=1&CrsDat=BM303A&Crsname=管理資訊系統,,,False,企管系,BM303A,3,乙班,"管理資訊系統
MANAGEMENT INFORMATION SYSTEM",3,期,True,55,0,0,55,黃鋒樟,"二5,6,7(管CM 1037)","['', '567', '', '', '', '', '']","《講授類》
限企管系(含雙主修、輔系)；併班上課",['科技創新與服務業管理學程'],False
https://selcrs.nsysu.edu.tw/menu5/showoutline.asp?SYEAR=115&SEM=1&CrsDat=BM315&Crsname=成本會計學,,,False,企管系,BM315,3,不分班,"成本會計學
COST ACCOUNTING",3,期,False,50,0,0,50,王萬成,"四2,3,4(管CM 3035)","['', '', '', '234', '', '', '']",《講授類》,"['金融工程學程', '會計學程']",False
https://selcrs.nsysu.edu.tw/menu5/showoutline.asp?SYEAR=115&SEM=1&CrsDat=BM316&Crsname=行銷研究,,,False,企管系,BM316,3,不分班,"行銷研究
MARKETING RESEARCH",3,期,False,50,0,0,50,林政佑,"五8,6,7(管CM 3022)","['', '', '', '', '678', '', '']",《講授類》,['行銷管理學程'],True
https://selcrs.nsysu.edu.tw/menu5/showoutline.asp?SYEAR=115&SEM=1&CrsDat=BM341&Crsname=整合行銷溝通,,,False,企管系,BM341,3,不分班,"整合行銷溝通
INTEGRATED MARKETING COMMUNICATION",3,期,False,50,0,0,50,張純端,"四2,3,4(管CM 2037)","['', '', '', '234', '', '', '']",《講授類》,"['音樂藝術管理與行銷學程', '行銷管理學程', '智慧城市與智慧運輸學程', '城市行銷微學程']",True
https://selcrs.nsysu.edu.tw/menu5/showoutline.asp?SYEAR=115&SEM=1&CrsDat=BM345&Crsname=商用英文（一）,,,False,企管系,BM345,3,不分班,"商用英文（一）
ENGLISH FOR BUSINESS (I)",3,期,False,50,0,0,50,陳信智,"五2,3,4(管CM 3019)","['', '', '', '', '234', '', '']",《講授類》,[],False
https://selcrs.nsysu.edu.tw/menu5/showoutline.asp?SYEAR=115&SEM=1&CrsDat=BM346&Crsname=中級會計學（一）,,,False,企管系,BM346,3,不分班,"中級會計學（一）
INTERMEDIATE ACCOUNTING(I)",3,期,False,50,0,0,50,王萬成,"三5,6,7(管CM 2025)","['', '', '567', '', '', '', '']",《講授類》,"['金融工程學程', '會計學程']",False
https://selcrs.nsysu.edu.tw/menu5/showoutline.asp?SYEAR=115&SEM=1&CrsDat=BM369&Crsname=新時代的科技法律陷阱,,,False,企管系,BM369,3,不分班,"新時代的科技法律陷阱
TECHNOLOGY LAW AND ITS TRAPS IN THE MODERN SOCIETY",3,期,False,50,0,0,50,盧憶,"四5,6,7(管CM 1037)","['', '', '', '567', '', '', '']",《講授類》,[],False
https://selcrs.nsysu.edu.tw/menu5/showoutline.asp?SYEAR=115&SEM=1&CrsDat=BM412&Crsname=勞工法與勞工問題,,,False,企管系,BM412,4,乙班,"勞工法與勞工問題
LABOR LAW AND LABOR ISSUES",3,期,False,50,0,0,50,待聘,"五8,6,7(管CM 2037)","['', '', '', '', '678', '', '']",《講授類》,['人力資源管理學程'],False
https://selcrs.nsysu.edu.tw/menu5/showoutline.asp?SYEAR=115&SEM=1&CrsDat=BM413&Crsname=策略管理,,,False,企管系,BM413,4,甲班,"策略管理
STRATEGIC MANAGEMENT",3,期,True,50,0,0,50,林豪傑,"一5,6,7(管CM 4112)","['567', '', '', '', '', '', '']","《講授類》
限企管系(含雙主修、輔系)","['科技創新與服務業管理學程', '人力資源管理學程']",False
https://selcrs.nsysu.edu.tw/menu5/showoutline.asp?SYEAR=115&SEM=1&CrsDat=BM413A&Crsname=策略管理,,,False,企管系,BM413A,4,乙班,"策略管理
STRATEGIC MANAGEMENT",3,期,True,50,0,0,50,蔡宗霖,"一5,6,7(管CM 1037)","['567', '', '', '', '', '', '']","《講授類》
限企管系(含雙主修、輔系)","['科技創新與服務業管理學程', '人力資源管理學程']",False
https://selcrs.nsysu.edu.tw/menu5/showoutline.asp?SYEAR=115&SEM=1&CrsDat=BM416&Crsname=審計學,,,False,企管系,BM416,4,不分班,"審計學
AUDITINGS",3,期,False,50,0,0,50,羅勝議,"一2,3,4(管CM 3017)","['234', '', '', '', '', '', '']",《講授類》,['會計學程'],False
https://selcrs.nsysu.edu.tw/menu5/showoutline.asp?SYEAR=115&SEM=1&CrsDat=BM418&Crsname=稅務會計,,,False,企管系,BM418,3,不分班,"稅務會計
TAX ACCOUNTING",3,期,False,50,0,0,50,陳昭誠,"二C,D,E(管CM 3019)","['', 'CDE', '', '', '', '', '']",《講授類》,['會計學程'],False
https://selcrs.nsysu.edu.tw/menu5/showoutline.asp?SYEAR=115&SEM=1&CrsDat=MIS101&Crsname=計算機概論,,,False,資管系,MIS101,1,不分班,"計算機概論
BASIC COMPUTER CONCEPTS",3,期,True,50,0,0,50,羅珮綺,"三5,6,7(管CM 4069)","['', '', '567', '', '', '', '']","《講授類》
限資管系一年級修習且需搭配實習一同修習",['軟體工程學程'],True
https://selcrs.nsysu.edu.tw/menu5/showoutline.asp?SYEAR=115&SEM=1&CrsDat=MIS103&Crsname=微積分,,,False,資管系,MIS103,1,不分班,"微積分
CALCULUS",3,期,True,50,0,0,50,莊秉樺,"三2,3,4(管CM 3019)","['', '', '234', '', '', '', '']",《講授類》,[],False
https://selcrs.nsysu.edu.tw/menu5/showoutline.asp?SYEAR=115&SEM=1&CrsDat=MIS104&Crsname=會計學（一）,,,False,資管系,MIS104,1,不分班,"會計學（一）
ACCOUNTING(I)",3,期,True,50,0,0,50,蕭哲芬,"一5,6,7(管CM 4069)","['567', '', '', '', '', '', '']","《講授類》
限資管系一年級修習且需搭配實習一同修習",['金融工程學程'],False
https://selcrs.nsysu.edu.tw/menu5/showoutline.asp?SYEAR=115&SEM=1&CrsDat=MIS108&Crsname=資訊經濟學,,,False,資管系,MIS108,1,不分班,"資訊經濟學
THE ECONOMICS OF IT AND E-COMMERCE",3,期,True,50,0,0,50,楊宗文,"四C,D,E(管CM 4069)","['', '', '', 'CDE', '', '', '']",《講授類》,['金融工程學程'],False
https://selcrs.nsysu.edu.tw/menu5/showoutline.asp?SYEAR=115&SEM=1&CrsDat=MIS131&Crsname=計算機概論實習,,,False,資管系,MIS131,1,不分班,"計算機概論實習
INTRODUCTION TO COMPUTER SCIENCE PRACTICE",1,期,False,50,0,0,50,羅珮綺,"一3,4(管CM 3051)(實驗)","['34', '', '', '', '', '', '']","《實習類》
限資管系一年級修習且需搭配正課一同修習",[],False
https://selcrs.nsysu.edu.tw/menu5/showoutline.asp?SYEAR=115&SEM=1&CrsDat=MIS133&Crsname=會計學實習（一）,,,False,資管系,MIS133,1,不分班,"會計學實習（一）
ACCOUNTING PRACTICE (I)",1,期,False,50,0,0,50,蕭哲芬,"一8,9(管CM 4069)(實驗)","['89', '', '', '', '', '', '']","《實習類》
限資管系一年級修習且需搭配正課一同修習",[],False
https://selcrs.nsysu.edu.tw/menu5/showoutline.asp?SYEAR=115&SEM=1&CrsDat=MIS201&Crsname=統計學（一）,,,False,資管系,MIS201,2,不分班,"統計學（一）
STATISTICS(I)",3,期,True,50,0,0,50,張德民,"一5,6,7(管CM 3051)","['567', '', '', '', '', '', '']",《講授類》,"['金融工程學程', '巨量資料分析學程']",False
https://selcrs.nsysu.edu.tw/menu5/showoutline.asp?SYEAR=115&SEM=1&CrsDat=MIS301&Crsname=系統分析與設計,,,False,資管系,MIS301,3,不分班,"系統分析與設計
SYSTEMS ANALYSIS AND DESIGN",3,期,True,50,0,0,50,吳仁和,"五8,6,7(管CM 4069)","['', '', '', '', '678', '', '']",《講授類》,"['軟體工程學程', '金融科技學程']",False
https://selcrs.nsysu.edu.tw/menu5/showoutline.asp?SYEAR=115&SEM=1&CrsDat=MIS302&Crsname=作業系統,,,False,資管系,MIS302,3,不分班,"作業系統
OPERATING SYSTEMS",3,期,False,50,0,0,50,陳嘉玫,"六2,3,4(管CM 4078)","['', '', '', '', '', '234', '']",《講授類》,['軟體工程學程'],False
https://selcrs.nsysu.edu.tw/menu5/showoutline.asp?SYEAR=115&SEM=1&CrsDat=MIS303&Crsname=企業資料通訊,,,False,資管系,MIS303,3,不分班,"企業資料通訊
BUSINESS DATA COMMUNICATION",3,期,True,50,0,0,50,林耕霈,"一2,3,4(管CM 4069)","['234', '', '', '', '', '', '']",《講授類》,['軟體工程學程'],False
https://selcrs.nsysu.edu.tw/menu5/showoutline.asp?SYEAR=115&SEM=1&CrsDat=MIS304&Crsname=管理資訊系統,,,False,資管系,MIS304,2,不分班,"管理資訊系統
MANAGEMENT INFORMATION SYSTEMS",3,期,True,50,0,0,50,李怡珍,"四2,3,4(管CM 4069)","['', '', '', '234', '', '', '']",《講授類》,['科技創新與服務業管理學程'],True
https://selcrs.nsysu.edu.tw/menu5/showoutline.asp?SYEAR=115&SEM=1&CrsDat=MIS312&Crsname=行銷管理,,,True,資管系,MIS312,3,不分班,"行銷管理
MARKETING MANAGEMENT",3,期,True,50,0,0,50,李家瑩,"二5,6,7(管CM 4069)","['', '567', '', '', '', '', '']",《講授類》,"['音樂藝術管理與行銷學程', '科技創新與服務業管理學程']",False
https://selcrs.nsysu.edu.tw/menu5/showoutline.asp?SYEAR=115&SEM=1&CrsDat=MIS331&Crsname=ＷＥＢ程式設計,,,False,資管系,MIS331,2,不分班,"ＷＥＢ程式設計
WEB PROGRAMMING",3,期,True,50,0,0,50,韓毅,"五5,6,7(管CM 3051)","['', '', '', '', '567', '', '']","《講授類》
限資管系",[],True
https://selcrs.nsysu.edu.tw/menu5/showoutline.asp?SYEAR=115&SEM=1&CrsDat=MIS401&Crsname=資訊管理個案研討,,,False,資管系,MIS401,4,不分班,"資訊管理個案研討
CASE STUDIES IN INFORMATION MANAGEMENT",3,期,True,50,0,0,50,李怡珍,"三5,6,7(管CM 3019)","['', '', '567', '', '', '', '']",《講授類》,[],False
https://selcrs.nsysu.edu.tw/menu5/showoutline.asp?SYEAR=115&SEM=1&CrsDat=MIS413&Crsname=巨量資料分析導論,,,False,資管系,MIS413,3,不分班,"巨量資料分析導論
INTRODUCTION TO BIG DATA ANALYTICS",3,期,True,50,0,0,50,康藝晃,"三5,6,7(管CM 3051)","['', '', '567', '', '', '', '']",《講授類》,"['跨領域智慧製造學程', '金融科技學程', '無人載具學程', '智慧製造聯網微學程', '永續能源學程', '人工智能投資微學程', '金融科技與創新微學程']",False
https://selcrs.nsysu.edu.tw/menu5/showoutline.asp?SYEAR=115&SEM=1&CrsDat=MIS421&Crsname=管理資訊系統專案（二）,,,True,資管系,MIS421,4,不分班,"管理資訊系統專案（二）
MANAGEMENT INFORMATION SYSTEMS PROJECT II",3,期,True,50,0,0,50,李怡珍,一A() 二A() 三A(),"['A', 'A', 'A', '', '', '', '']","《講授類》
限資管系四年級",[],True
https://selcrs.nsysu.edu.tw/menu5/showoutline.asp?SYEAR=115&SEM=1&CrsDat=MIS422&Crsname=多媒體系統專案（二）,,,True,資管系,MIS422,4,不分班,"多媒體系統專案（二）
MULTI-MEDIA SYSTEM PROJECT(II)",3,期,True,50,0,0,50,韓毅,一A() 二A() 三A(),"['A', 'A', 'A', '', '', '', '']","《講授類》
限資管系四年級",[],True
https://selcrs.nsysu.edu.tw/menu5/showoutline.asp?SYEAR=115&SEM=1&CrsDat=MIS423&Crsname=資料庫系統專案（二）,,,True,資管系,MIS423,4,不分班,"資料庫系統專案（二）
DATABASE SYSTEMS PROJECT (II)",3,期,True,50,0,0,50,羅珮綺,一A() 二A() 三A(),"['A', 'A', 'A', '', '', '', '']","《講授類》
限資管系四年級",[],True
https://selcrs.nsysu.edu.tw/menu5/showoutline.asp?SYEAR=115&SEM=1&CrsDat=MIS424&Crsname=企業流程專案（二）,,,True,資管系,MIS424,4,不分班,"企業流程專案（二）
BUSINESS PROCESS PROJECT II",3,期,True,50,0,0,50,康藝晃,一A() 二A() 三A(),"['A', 'A', 'A', '', '', '', '']","《講授類》
限資管系四年級",[],True
https://selcrs.nsysu.edu.tw/menu5/showoutline.asp?SYEAR=115&SEM=1&CrsDat=MIS425&Crsname=電子商務專案（二）,,,True,資管系,MIS425,4,不分班,"電子商務專案（二）
ELECTRONIC COMMERCE PROJECT (II)",3,期,True,50,0,0,50,邱兆民,一A() 二A() 三A(),"['A', 'A', 'A', '', '', '', '']","《講授類》
限資管系四年級",[],True
https://selcrs.nsysu.edu.tw/menu5/showoutline.asp?SYEAR=115&SEM=1&CrsDat=MIS427&Crsname=智慧型系統專案（二）,,,True,資管系,MIS427,4,不分班,"智慧型系統專案（二）
INTELLGENT SYSTEM PROJECT(II)",3,期,True,50,0,0,50,林耕霈,一A() 二A() 三A(),"['A', 'A', 'A', '', '', '', '']","《講授類》
限資管系四年級",[],True
https://selcrs.nsysu.edu.tw/menu5/showoutline.asp?SYEAR=115&SEM=1&CrsDat=MIS428&Crsname=產銷資訊系統專案（二）,,,True,資管系,MIS428,4,不分班,"產銷資訊系統專案（二）
PRODUCTION-MARKETING INFORMATION SYSTEMS PROJECT (II)",3,期,True,50,0,0,50,劉賓陽,一A() 二A() 三A(),"['A', 'A', 'A', '', '', '', '']","《講授類》
限資管系四年級",[],True
https://selcrs.nsysu.edu.tw/menu5/showoutline.asp?SYEAR=115&SEM=1&CrsDat=MIS429&Crsname=決策支援系統專案（二）,,,True,資管系,MIS429,4,不分班,"決策支援系統專案（二）
DECISION SUPPORT SYSTEMS PROJECT (II)",3,期,True,50,0,0,50,李捷,一A() 二A() 三A(),"['A', 'A', 'A', '', '', '', '']","《講授類》
限資管系四年級",[],True
https://selcrs.nsysu.edu.tw/menu5/showoutline.asp?SYEAR=115&SEM=1&CrsDat=FM101&Crsname=初級會計學（一）,,,False,財管系,FM101,1,不分班,"初級會計學（一）
ACCOUNTING(I)",3,期,True,65,0,0,65,吳藺芝,"一2,3,4(管CM 1037)","['234', '', '', '', '', '', '']","《講授類》
限財管系(含輔系、雙主修)",['金融工程學程'],True
https://selcrs.nsysu.edu.tw/menu5/showoutline.asp?SYEAR=115&SEM=1&CrsDat=FM103&Crsname=經濟學（一）,,,False,財管系,FM103,1,不分班,"經濟學（一）
ECONOMICS(I)",3,期,True,60,0,0,60,翁培師,"一5,6,7(管CM 3017)","['567', '', '', '', '', '', '']","《講授類》
限財管系(含輔系、雙主修)",['金融工程學程'],True
https://selcrs.nsysu.edu.tw/menu5/showoutline.asp?SYEAR=115&SEM=1&CrsDat=FM104&Crsname=微積分（一）,,,False,財管系,FM104,1,不分班,"微積分（一）
CALCULUS(I)",3,期,True,65,0,0,65,卓建宏,"四2,3,4(管CM 1037)","['', '', '', '234', '', '', '']","《講授類》
限財管系(含輔系、雙主修)",['人工智慧與數學學程'],False
https://selcrs.nsysu.edu.tw/menu5/showoutline.asp?SYEAR=115&SEM=1&CrsDat=FM105&Crsname=企業概論,,,False,財管系,FM105,1,不分班,"企業概論
INTRODUCTION TO BUSINESS",3,期,False,50,0,0,50,張世賢,"三2,3,4(管CM 1032)","['', '', '234', '', '', '', '']",《講授類》,['海洋微生物及應用推廣微學程'],False
https://selcrs.nsysu.edu.tw/menu5/showoutline.asp?SYEAR=115&SEM=1&CrsDat=FM201&Crsname=統計學（一）,,,False,財管系,FM201,2,不分班,"統計學（一）
STATISTICS(I)",3,期,True,60,0,0,60,唐俊華,"三5,6,7(管CM 2037)","['', '', '567', '', '', '', '']","《講授類》
限財管系(含雙主修、輔系)","['金融工程學程', '人工智慧探索應用學分學程']",False
https://selcrs.nsysu.edu.tw/menu5/showoutline.asp?SYEAR=115&SEM=1&CrsDat=FM202&Crsname=財務管理（一）,,,False,財管系,FM202,2,不分班,"財務管理（一）
FINANCIAL MANAGEMENT (I)",3,期,True,65,0,0,65,蔡佳芬,"二2,3,4(管CM 3015)","['', '234', '', '', '', '', '']","《講授類》
限財管系(含輔系、雙主修)","['財務管理專業學程', '金融工程學程', '會計學程']",False
https://selcrs.nsysu.edu.tw/menu5/showoutline.asp?SYEAR=115&SEM=1&CrsDat=FM203&Crsname=中級會計學（一）,,,False,財管系,FM203,2,不分班,"中級會計學（一）
INTERMEDIATE ACCOUNTING(I)",3,期,True,65,0,0,65,陳俐聿,"一2,3,4(管CM 2037)","['234', '', '', '', '', '', '']","《講授類》
限財管系(含雙主修、輔系)","['金融工程學程', '會計學程']",True
https://selcrs.nsysu.edu.tw/menu5/showoutline.asp?SYEAR=115&SEM=1&CrsDat=FM213&Crsname=倫理與法律,,,False,財管系,FM213,2,不分班,"倫理與法律
ETHICS AND LAW",3,期,False,50,0,0,50,周宜鋒,"四5,6,7(管CM 1025)","['', '', '', '567', '', '', '']",《講授類》,[],False
https://selcrs.nsysu.edu.tw/menu5/showoutline.asp?SYEAR=115&SEM=1&CrsDat=FM302&Crsname=金融市場,,,False,財管系,FM302,3,不分班,"金融市場
FINANCIAL MARKETS",3,期,True,60,0,0,60,廖源星,"一8,6,7(管CM 3015)","['678', '', '', '', '', '', '']","《講授類》
限財管系(含雙主修、輔系)","['財務管理專業學程', '金融工程學程', '金融科技學程']",True
https://selcrs.nsysu.edu.tw/menu5/showoutline.asp?SYEAR=115&SEM=1&CrsDat=FM303&Crsname=投資學,,,False,財管系,FM303,3,不分班,"投資學
INVESTMENT",3,期,True,65,0,0,65,王昭文,"三5,6,7(管CM 4112)","['', '', '567', '', '', '', '']","《講授類》
限財管系(含雙主修、輔系)","['財務管理專業學程', '金融工程學程', '金融科技學程']",False
https://selcrs.nsysu.edu.tw/menu5/showoutline.asp?SYEAR=115&SEM=1&CrsDat=FM309&Crsname=國際財務管理,,,False,財管系,FM309,3,不分班,"國際財務管理
MULTINATIONAL FINANCIAL MANAGEMENT",3,期,True,65,0,0,65,劉名育,"二8,6,7(管CM 3015)","['', '678', '', '', '', '', '']","《講授類》
限財管系(含雙主修、輔系)","['財務管理專業學程', '金融工程學程']",False
https://selcrs.nsysu.edu.tw/menu5/showoutline.asp?SYEAR=115&SEM=1&CrsDat=FM323&Crsname=財務風險管理,,,False,財管系,FM323,3,不分班,"財務風險管理
FINANCIAL RISK MANAGEMENT",3,期,False,60,0,0,60,蔡秉真,"五2,3,4(管CM 4112)","['', '', '', '', '234', '', '']",《講授類》,['金融工程學程'],False
https://selcrs.nsysu.edu.tw/menu5/showoutline.asp?SYEAR=115&SEM=1&CrsDat=FM401&Crsname=財務管理個案研究,,,False,財管系,FM401,4,不分班,"財務管理個案研究
CASE STUDIES IN FINANCE",3,期,True,65,0,0,65,王昭文,"四2,3,4(管CM 4112)","['', '', '', '234', '', '', '']","《講授類》
限財管系(含雙主修、輔系)",['財務管理專業學程'],False
https://selcrs.nsysu.edu.tw/menu5/showoutline.asp?SYEAR=115&SEM=1&CrsDat=FM402&Crsname=高等統計學,,,False,財管系,FM402,4,不分班,"高等統計學
ADVANCED STATISTICS",3,期,False,60,0,0,60,唐俊華,"一8,6,7(管CM 2025)","['678', '', '', '', '', '', '']","《講授類》
限財管系(含雙主修、輔系)","['金融科技學程', '金融工程學程']",False
https://selcrs.nsysu.edu.tw/menu5/showoutline.asp?SYEAR=115&SEM=1&CrsDat=FM403&Crsname=中級財務管理,,,False,財管系,FM403,4,不分班,"中級財務管理
INTERMEDIATE FINANCIAL MANAGEMENT",3,期,False,50,0,0,50,蕭珮婕,"五5,6,7(管CM 2015)","['', '', '', '', '567', '', '']","《講授類》
限修畢財管系財務管理(一)及財務管理(二)",['財務管理專業學程'],True
https://selcrs.nsysu.edu.tw/menu5/showoutline.asp?SYEAR=115&SEM=1&CrsDat=FM422&Crsname=高等會計學,,,False,財管系,FM422,4,不分班,"高等會計學
ADVANCE ACCOUNTING",3,期,False,50,0,0,50,林玉華,"五2,3,4(管CM 2015)","['', '', '', '', '234', '', '']",《講授類》,"['金融工程學程', '會計學程']",False
https://selcrs.nsysu.edu.tw/menu5/showoutline.asp?SYEAR=115&SEM=1&CrsDat=CM407&Crsname=管理學概論,,,False,管理學院,CM407,0,不分班,"管理學概論
INTRODUCTION TO MANAGEMENT",1,期,False,25,0,0,25,王致遠,三B(網路大學),"['', '', 'B', '', '', '', '']","《講授類》
限管院大學部學生與電機系大學部學生選修/網大進行之非同步線上課程",['人力資源管理學程'],False
https://selcrs.nsysu.edu.tw/menu5/showoutline.asp?SYEAR=115&SEM=1&CrsDat=CM409&Crsname=經濟學概論,,,False,管理學院,CM409,0,不分班,"經濟學概論
INTRODUCTION TO ECONOMICS",1,期,False,20,0,0,20,佘健源,四B(網路大學),"['', '', '', 'B', '', '', '']","《講授類》
限管院大學部學生與電機系大學部學生選修/網大進行之非同步線上課程",[],False
https://selcrs.nsysu.edu.tw/menu5/showoutline.asp?SYEAR=115&SEM=1&CrsDat=CM411&Crsname=倫理與社會責任的理論與實務,,,False,管理學院,CM411,0,不分班,"倫理與社會責任的理論與實務
THEORY AND PRACTICE OF ETHICS AND SOCIAL",1,期,False,200,0,0,200,"王致遠,謝慧賢,鄭安授,陳世哲",四A(網路大學),"['', '', '', 'A', '', '', '']","《講授類》
『本課程之限修，於加退選2階段開放選修』。限管理學院大學部學生修習(含雙主修、輔系)。 CM411與CM412為同系列課程，學生只能夠就此課程當中選擇一門課進行修習，已經修習過上述任何一個課程者均不得選課。 網大進行之非同步線上課程。","['企業社會責任學程', '人力資源管理學程', '公共事務與企業社會責任微學程']",False
https://selcrs.nsysu.edu.tw/menu5/showoutline.asp?SYEAR=115&SEM=1&CrsDat=CM412&Crsname=國際商管倫理觀的理論與實務,,,False,管理學院,CM412,0,不分班,"國際商管倫理觀的理論與實務
THE THEORY AND PRACTICE OF ETHICS IN INTERNATIONAL BUSINESS MANAGEMENT",1,期,False,60,0,0,60,"王致遠,王豫萱,鄭安授",三A(網路大學),"['', '', 'A', '', '', '', '']","《講授類》
『本課程之限修，於加退選2階段開放選修』。限管理學院大學部學生修習(含雙主修、輔系)。 CM411與CM412為同系列課程，學生只能夠就此課程當中選擇一門課進行修習，已經修習過上述任何一個課程者均不得選課。 網大進行之非同步線上課程。",[],True
https://selcrs.nsysu.edu.tw/menu5/showoutline.asp?SYEAR=115&SEM=1&CrsDat=IBBA101&Crsname=微積分,,,False,國際學士學程,IBBA101,1,全英班,"微積分
CALCULUS",3,期,True,50,0,0,50,黃杰森,"三3(理SC 4011) 五3,4(理SC 4011)","['', '', '3', '', '34', '', '']","《講授類》
限IBBA(含雙主修、輔系)學生修習，欲加選學生請於加退選2階段辦理選課。",[],True
https://selcrs.nsysu.edu.tw/menu5/showoutline.asp?SYEAR=115&SEM=1&CrsDat=IBBA102&Crsname=經濟學（一）,,,False,國際學士學程,IBBA102,1,全英班,"經濟學（一）
ECONOMICS(I)",3,期,True,50,0,0,50,安大衛,"三5,6,7(管CM 4036)","['', '', '567', '', '', '', '']","《講授類》
限IBBA(含雙主修、輔系)學生修習，欲加選學生請於加退選2階段辦理選課。",['金融工程學程'],True
https://selcrs.nsysu.edu.tw/menu5/showoutline.asp?SYEAR=115&SEM=1&CrsDat=IBBA103&Crsname=會計學（一）,,,False,國際學士學程,IBBA103,1,全英班,"會計學（一）
ACCOUNTING (I)",3,期,True,50,0,0,50,馬威爾,"二5,6,7(管CM 4036)","['', '567', '', '', '', '', '']","《講授類》
限IBBA(含雙主修、輔系)學生修習，欲加選學生請於加退選2階段辦理選課。",['金融工程學程'],True
https://selcrs.nsysu.edu.tw/menu5/showoutline.asp?SYEAR=115&SEM=1&CrsDat=IBBA104&Crsname=國際企業概論,,,False,國際學士學程,IBBA104,1,全英班,"國際企業概論
INTRODUCTION TO INTERNATIONAL BUSINESS",3,期,True,50,0,0,50,待聘,"一8,6,7(管CM 4036)","['678', '', '', '', '', '', '']","《講授類》
限IBBA(含雙主修、輔系)學生修習，欲加選學生請於加退選2階段辦理選課。",[],True
https://selcrs.nsysu.edu.tw/menu5/showoutline.asp?SYEAR=115&SEM=1&CrsDat=IBBA152&Crsname=跨文化管理,,,False,國際學士學程,IBBA152,1,全英班,"跨文化管理
CROSS CULTURAL MANAGEMENT",3,期,False,50,0,0,50,林帆,"三2,3,4(管CM 3015)","['', '', '234', '', '', '', '']",《講授類》,[],True
https://selcrs.nsysu.edu.tw/menu5/showoutline.asp?SYEAR=115&SEM=1&CrsDat=IBBA153&Crsname=國際企業永續發展,,,False,國際學士學程,IBBA153,1,全英班,"國際企業永續發展
SUSTAINABILITY OF GLOBAL ENTERPRISE",3,期,False,50,0,0,50,雷英瑞,"四8,6,7(管CM 3015)","['', '', '', '678', '', '', '']",《講授類》,"['企業社會責任學程', '公共事務與企業社會責任微學程']",True
https://selcrs.nsysu.edu.tw/menu5/showoutline.asp?SYEAR=115&SEM=1&CrsDat=IBBA155&Crsname=跨國企業法律風險評估,,,False,國際學士學程,IBBA155,1,全英班,"跨國企業法律風險評估
LEGAL RISK MANAGEMENT FOR MULTINATIONAL ENTERPRISES",3,期,False,50,0,0,50,盧憶,"四2,3,4(管CM 1023)","['', '', '', '234', '', '', '']","《講授類》
限IBBA(含雙主修、輔系)學生修習，欲加選學生請於加退選2階段辦理選課。",[],True
https://selcrs.nsysu.edu.tw/menu5/showoutline.asp?SYEAR=115&SEM=1&CrsDat=IBBA201&Crsname=統計學,,,False,國際學士學程,IBBA201,2,全英班,"統計學
STATISTICS",3,期,True,50,0,0,50,劉易,"四2,3,4(管CM 4036)","['', '', '', '234', '', '', '']","《講授類》
限IBBA(含雙主修、輔系)學生修習，欲加選學生請於加退選2階段辦理選課。",['金融工程學程'],True
https://selcrs.nsysu.edu.tw/menu5/showoutline.asp?SYEAR=115&SEM=1&CrsDat=IBBA202&Crsname=跨文化溝通,,,False,國際學士學程,IBBA202,2,全英班,"跨文化溝通
INTERCULTURAL COMMUNICATION",3,期,True,50,0,0,50,雷英瑞,"五5,6,7(管CM 4036)","['', '', '', '', '567', '', '']","《講授類》
限IBBA(含雙主修、輔系)學生修習，欲加選學生請於加退選2階段辦理選課。",['日本研究學程'],True
https://selcrs.nsysu.edu.tw/menu5/showoutline.asp?SYEAR=115&SEM=1&CrsDat=IBBA206&Crsname=行銷管理,,,True,國際學士學程,IBBA206,2,全英班,"行銷管理
MARKETING MANAGEMENT",3,期,True,50,0,0,50,陳文鑫,"四8,6,7(管CM 4078)","['', '', '', '678', '', '', '']",《講授類》,[],True
https://selcrs.nsysu.edu.tw/menu5/showoutline.asp?SYEAR=115&SEM=1&CrsDat=IBBA210&Crsname=商用英語簡報與寫作,,,False,國際學士學程,IBBA210,2,全英班,"商用英語簡報與寫作
BUSINESS WRITING AND PRESENTING IN ENGLISH",3,期,True,50,0,0,50,馬威爾,"二2,3,4(管CM 4036)","['', '234', '', '', '', '', '']","《講授類》
限IBBA(含雙主修、輔系)學生修習，欲加選學生請於加退選2階段辦理選課。",[],True
https://selcrs.nsysu.edu.tw/menu5/showoutline.asp?SYEAR=115&SEM=1&CrsDat=IBBA355&Crsname=國際經濟學,,,False,國際學士學程,IBBA355,3,全英班,"國際經濟學
INTERNATIONAL ECONOMICS",3,期,False,50,0,0,50,安大衛,"二5,6,7(管CM 3017)","['', '567', '', '', '', '', '']",《講授類》,[],True
https://selcrs.nsysu.edu.tw/menu5/showoutline.asp?SYEAR=115&SEM=1&CrsDat=MBR103&Crsname=普通生物學（一）,,,False,海資系,MBR103,1,全英班,"普通生物學（一）
GENERAL BIOLOGY(I)",3,期,True,50,0,0,50,"廖睿妘,水晶,王亮鈞","一2,3,4(海MB 2020)","['234', '', '', '', '', '', '']",《講授類》,['環境教育學程'],True
https://selcrs.nsysu.edu.tw/menu5/showoutline.asp?SYEAR=115&SEM=1&CrsDat=MBR105&Crsname=普通生物學實驗（一）,,,False,海資系,MBR105,1,全英班,"普通生物學實驗（一）
GENERAL BIOLOGY LABORATORY(I)",1,期,True,50,0,0,50,張鈞涵,"四5,6,7(海MB 2003)(實驗)","['', '', '', '567', '', '', '']",《實驗類》,['環境教育學程'],True
https://selcrs.nsysu.edu.tw/menu5/showoutline.asp?SYEAR=115&SEM=1&CrsDat=MBR109&Crsname=普通化學,,,False,海資系,MBR109,1,全英班,"普通化學
GENERAL CHEMISTRY",3,期,True,50,0,0,50,梁子輝,"五5,6,7(海MB 2015)","['', '', '', '', '567', '', '']",《講授類》,[],True
https://selcrs.nsysu.edu.tw/menu5/showoutline.asp?SYEAR=115&SEM=1&CrsDat=MBR111&Crsname=普通化學實驗,,,False,海資系,MBR111,1,全英班,"普通化學實驗
GENERAL CHEMISTRY LABORATORY",1,期,True,50,0,0,50,王琢堅,"三2,3,4(理SC 4019)(實驗)","['', '', '234', '', '', '', '']",《實驗類》,[],True
https://selcrs.nsysu.edu.tw/menu5/showoutline.asp?SYEAR=115&SEM=1&CrsDat=MBR202&Crsname=有機化學（二）,,,False,海資系,MBR202,2,全英班,"有機化學（二）
ORGANIC CHEMISTRY(II)",2,期,True,50,0,0,50,張均然,"一6,7(海MB 2015)","['67', '', '', '', '', '', '']",《講授類》,[],True
https://selcrs.nsysu.edu.tw/menu5/showoutline.asp?SYEAR=115&SEM=1&CrsDat=MBR204&Crsname=有機化學實驗（二）,,,False,海資系,MBR204,2,全英班,"有機化學實驗（二）
ORGANIC CHEMISTRY LABORATORY(II)",1,期,True,50,0,0,50,張均然,"四2,3,4(理SC 4020)(實驗)","['', '', '', '234', '', '', '']",《實驗類》,[],True
https://selcrs.nsysu.edu.tw/menu5/showoutline.asp?SYEAR=115&SEM=1&CrsDat=MBR210&Crsname=微生物學,,,False,海資系,MBR210,2,全英班,"微生物學
MICROBIOLOGY",3,期,False,50,0,0,50,"李景欽,王亮鈞","五2,3,4(海MB 2015)","['', '', '', '', '234', '', '']",《講授類》,"['生物技術學程', '環境教育學程', '海洋生產模式整合學程', '海洋循環經濟學程', '海洋天然物微學程', '海洋微生物及應用推廣微學程']",False
https://selcrs.nsysu.edu.tw/menu5/showoutline.asp?SYEAR=115&SEM=1&CrsDat=MBR211&Crsname=微生物學實驗,,,False,海資系,MBR211,2,全英班,"微生物學實驗
MICROBIOLOGY LABORATORY",1,期,False,50,0,0,50,邱素芬,"五5,6(海MB 2004)(實驗)","['', '', '', '', '56', '', '']",《實驗類》,"['生物技術學程', '生物技術微學程', '海洋微生物及應用推廣微學程']",False
https://selcrs.nsysu.edu.tw/menu5/showoutline.asp?SYEAR=115&SEM=1&CrsDat=MBR216&Crsname=浮游生物學,,,False,海資系,MBR216,2,全英班,"浮游生物學
PLANKTOLOGY",3,期,False,50,0,0,50,張桂祥,"一2,3,4(海MB 2015)","['234', '', '', '', '', '', '']",《講授類》,[],True
https://selcrs.nsysu.edu.tw/menu5/showoutline.asp?SYEAR=115&SEM=1&CrsDat=MBR218&Crsname=魚類學,,,False,海資系,MBR218,2,全英班,"魚類學
ICHTHYOLOGY",2,期,False,50,0,0,50,林秀瑾,"二3,4(海MB 2015)","['', '34', '', '', '', '', '']",《講授類》,"['生物多樣性學程', '海洋循環經濟學程', '熱帶海洋微學程', '海洋生物資源與實務應用微學程', '印象海味微學程']",False
https://selcrs.nsysu.edu.tw/menu5/showoutline.asp?SYEAR=115&SEM=1&CrsDat=MBR219&Crsname=魚類學實驗,,,False,海資系,MBR219,2,全英班,"魚類學實驗
ICHTHYOLOGY LABORATORY",1,期,False,50,0,0,50,林秀瑾,三6(海MB 2003) 三7(海MB 2003)(實驗),"['', '', '67', '', '', '', '']",《實驗類》,['生物多樣性學程'],False
https://selcrs.nsysu.edu.tw/menu5/showoutline.asp?SYEAR=115&SEM=1&CrsDat=MBR223&Crsname=地質學,,,False,海資系,MBR223,2,全英班,"地質學
GEOLOGY",2,期,False,50,0,0,50,蕭炎宏,"三6,7(海MB 2009)","['', '', '67', '', '', '', '']",《講授類》,['環境教育學程'],False
https://selcrs.nsysu.edu.tw/menu5/showoutline.asp?SYEAR=115&SEM=1&CrsDat=MBR227&Crsname=海洋生物多樣性導論,,,False,海資系,MBR227,2,全英班,"海洋生物多樣性導論
INTRODUCTION TO MARINE BIODIVERSITY",2,期,True,50,0,0,50,"劉商隱,水晶","二6,7(海MB 2015)","['', '67', '', '', '', '', '']",《講授類》,"['臺灣研究學程', '生物多樣性學程', '環境教育學程', '海洋循環經濟學程', '海洋生物資源與實務應用微學程', '自然生物資產微學程', '探索海洋國家公園微學程']",True
https://selcrs.nsysu.edu.tw/menu5/showoutline.asp?SYEAR=115&SEM=1&CrsDat=MBR238&Crsname=海洋生物活性成分於疾病模式應用,,,False,海資系,MBR238,4,全英班,"海洋生物活性成分於疾病模式應用
APPLICATION OF MARINE BIOACTIVE COMPOUNDS IN DISEASE MODELS",2,期,False,50,0,0,50,張鈞涵,"二3,4(海MB 1009)","['', '34', '', '', '', '', '']",《講授類》,[],False
https://selcrs.nsysu.edu.tw/menu5/showoutline.asp?SYEAR=115&SEM=1&CrsDat=MBR306&Crsname=生物化學（一）,,,False,海資系,MBR306,2,全英班,"生物化學（一）
BIOCHEMISTRY(I)",3,期,True,50,0,0,50,"廖志中,廖睿妘,李益銘","三2,3,4(海MB 2020)","['', '', '234', '', '', '', '']","《講授類》
限大二以上學生修課","['生物技術學程', '天然藥物合成學程']",True
https://selcrs.nsysu.edu.tw/menu5/showoutline.asp?SYEAR=115&SEM=1&CrsDat=MBR308&Crsname=生物化學實驗,,,False,海資系,MBR308,3,全英班,"生物化學實驗
BIOCHEMISTRY LABORATORY",1,期,False,50,0,0,50,"張鈞涵,李益銘","三6,7(海MB 2012)(實驗)","['', '', '67', '', '', '', '']",《實驗類》,"['生物技術學程', '生物技術微學程']",False
https://selcrs.nsysu.edu.tw/menu5/showoutline.asp?SYEAR=115&SEM=1&CrsDat=MBR310&Crsname=海上實習,,,False,海資系,MBR310,3,全英班,"海上實習
OCEANOGRAPHY CRUISE PRACTICE",1,期,True,50,0,0,50,劉商隱,"五5,6(海MB 1009)(實驗)","['', '', '', '', '56', '', '']","《實習類》
限本系大三以上學生修課，修課學生須先取得海科院舉辦之水域活動安全與自救訓練講習證明，始能參與水域活動(含實習航次)",['環境教育學程'],True
https://selcrs.nsysu.edu.tw/menu5/showoutline.asp?SYEAR=115&SEM=1&CrsDat=MBR313&Crsname=生物統計學及實習(一),,,False,海資系,MBR313,3,全英班,"生物統計學及實習(一)
BIOSTATISTICS AND PRACTICE (I)",3,期,True,50,0,0,50,張楊家豪,"二5,6,7(海MB 2020)","['', '567', '', '', '', '', '']",《講授類》,[],True
https://selcrs.nsysu.edu.tw/menu5/showoutline.asp?SYEAR=115&SEM=1&CrsDat=MBR315&Crsname=生態學,,,False,海資系,MBR315,4,全英班,"生態學
ECOLOGY",2,期,False,50,0,0,50,水晶,"三6,7(海MB 2015)","['', '', '67', '', '', '', '']",《講授類》,"['環境科技與管理學程', '生物多樣性學程', '海洋生物資源與實務應用微學程']",True
https://selcrs.nsysu.edu.tw/menu5/showoutline.asp?SYEAR=115&SEM=1&CrsDat=MBR326&Crsname=天然物生物活性研究方法,,,False,海資系,MBR326,4,全英班,"天然物生物活性研究方法
RESEARCH METHODS FOR BIOLOGICAL ACTIVITY OF NATURE COMPOUNDS",2,期,False,50,0,0,50,"温志宏,陳武福","五6,7(海MB 1005)","['', '', '', '', '67', '', '']",《講授類》,['生物技術學程'],False
https://selcrs.nsysu.edu.tw/menu5/showoutline.asp?SYEAR=115&SEM=1&CrsDat=MBR342&Crsname=藻類學,,,False,海資系,MBR342,3,全英班,"藻類學
PHYCOLOGY",3,期,False,50,0,0,50,李澤民,"四2,3,4(海MB 2015)","['', '', '', '234', '', '', '']",《講授類》,"['環境教育學程', '海洋循環經濟學程', '海洋微生物及應用推廣微學程']",False
https://selcrs.nsysu.edu.tw/menu5/showoutline.asp?SYEAR=115&SEM=1&CrsDat=MBR345&Crsname=環境化學,,,False,海資系,MBR345,4,全英班,"環境化學
ENVIRONMENTAL CHEMISTRY",2,期,False,50,0,0,50,王維賢,"三3,4(海MB 2009)","['', '', '34', '', '', '', '']",《講授類》,['環境教育學程'],False
https://selcrs.nsysu.edu.tw/menu5/showoutline.asp?SYEAR=115&SEM=1&CrsDat=MBR351&Crsname=蛋白質化學,,,False,海資系,MBR351,3,全英班,"蛋白質化學
PROTEIN CHEMISTRY",3,期,False,50,0,0,50,李益銘,"四5,6,7(海MB 2016)","['', '', '', '567', '', '', '']",《講授類》,"['海洋生物資源開發學程', '海洋生產模式整合學程', '海洋循環經濟學程', '生物技術微學程']",False
https://selcrs.nsysu.edu.tw/menu5/showoutline.asp?SYEAR=115&SEM=1&CrsDat=MBR357&Crsname=生物資訊學,,,False,海資系,MBR357,3,全英班,"生物資訊學
BIOINFORMATICS",3,期,False,50,0,0,50,王敬湧,"二2,3,4(海MB 2020)","['', '234', '', '', '', '', '']",《講授類》,"['海洋生物資源開發學程', '海洋循環經濟學程']",True
https://selcrs.nsysu.edu.tw/menu5/showoutline.asp?SYEAR=115&SEM=1&CrsDat=MBR360&Crsname=專題研究（一）,,,False,海資系,MBR360,3,全英班,"專題研究（一）
INDEPENDENT STUDIES IN MARINE RESOURCES（I）",1,期,False,50,0,0,50,"劉商隱,廖志中,廖睿妘,張桂祥,張鈞涵,李景欽,李澤民,李益銘,林梅芳,林秀瑾,水晶,王亮鈞,翁靖如,鄭源斌",一A(),"['A', '', '', '', '', '', '']","《獨立研究》
修課規定已公告於本系網頁(課程資訊>大學部>【課程公告】115-1大三「專題研究（一）］修課說明)，未依規定者不得修課。",[],False
https://selcrs.nsysu.edu.tw/menu5/showoutline.asp?SYEAR=115&SEM=1&CrsDat=MATH681&Crsname=數論專題研討（一）,,,False,應數碩,MATH681,0,不分班,"數論專題研討（一）
SEMINAR IN NUMBER THEORY (I)",3,期,False,10,0,0,10,余冠儒,二1(理SC 2002-6) 三1(理SC 2002-6) 五1(理SC 2002-6),"['', '1', '1', '', '1', '', '']",《研討類》,[],False
https://selcrs.nsysu.edu.tw/menu5/showoutline.asp?SYEAR=115&SEM=1&CrsDat=MATH688&Crsname=結理論專題研討（二）,,,False,應數碩,MATH688,0,不分班,"結理論專題研討（二）
SEMINAR IN KNOT THEORY (II)",3,期,False,10,0,0,10,王以晟,"一9,1(理SC 4011-2) 五1(理SC 4011-2)","['19', '', '', '', '1', '', '']",《研討類》,[],False
https://selcrs.nsysu.edu.tw/menu5/showoutline.asp?SYEAR=115&SEM=1&CrsDat=MATH691&Crsname=耦合專題研討（二）,,,False,應數碩,MATH691,0,不分班,"耦合專題研討（二）
SEMINAR IN COPULAS (II)",3,期,False,10,0,0,10,施嘉翰,"三5,6,7(理SC 4011-2)","['', '', '567', '', '', '', '']",《研討類》,[],False
https://selcrs.nsysu.edu.tw/menu5/showoutline.asp?SYEAR=115&SEM=1&CrsDat=MATH692&Crsname=社交網絡專題研討（一）,,,False,應數碩,MATH692,0,不分班,"社交網絡專題研討（一）
SEMINAR IN SOCIAL NETWORK (I)",3,期,False,10,0,0,10,李欣倫,"一5,6,7(理SC 4027)","['567', '', '', '', '', '', '']",《研討類》,[],False
https://selcrs.nsysu.edu.tw/menu5/showoutline.asp?SYEAR=115&SEM=1&CrsDat=MATH695&Crsname=高維度資料分析專題研討（二）,,,False,應數碩,MATH695,0,不分班,"高維度資料分析專題研討（二）
SEMINAR IN HIGH-DIMENSIONAL DATA ANALYSIS (II)",3,期,False,10,0,0,10,林建同,"三5,6,7(理SC 4013)","['', '', '567', '', '', '', '']",《研討類》,[],False
https://selcrs.nsysu.edu.tw/menu5/showoutline.asp?SYEAR=115&SEM=1&CrsDat=EE5100&Crsname=書報討論,,,False,電機碩,EE5100,1,不分班,"書報討論
SEMINAR",1,期,True,150,0,0,150,謝耀慶,"二6,7(工EC 6019)","['', '67', '', '', '', '', '']","《演講/參訪》
碩、博併班上課",[],False
https://selcrs.nsysu.edu.tw/menu5/showoutline.asp?SYEAR=115&SEM=1&CrsDat=EE5100A&Crsname=書報討論,,,False,電機碩,EE5100A,2,不分班,"書報討論
SEMINAR",1,期,True,150,0,0,150,謝耀慶,"二6,7(工EC 6019)","['', '67', '', '', '', '', '']","《演講/參訪》
碩、博併班上課",[],False
https://selcrs.nsysu.edu.tw/menu5/showoutline.asp?SYEAR=115&SEM=1&CrsDat=EE5107&Crsname=光電半導體元件專題,,,False,電機碩,EE5107,0,不分班,"光電半導體元件專題
SPECIAL TOPICS IN SEMICONDUCTOR OPTOELECTRONICS",3,期,False,50,0,0,50,莊豐任,"一C,D,E(工EC 1008)","['CDE', '', '', '', '', '', '']",《獨立研究》,[],False
https://selcrs.nsysu.edu.tw/menu5/showoutline.asp?SYEAR=115&SEM=1&CrsDat=EE5111&Crsname=固態電子元件（一）,,,False,電機碩,EE5111,0,不分班,"固態電子元件（一）
SOLID STATE ELECTRONIC DEVICES (I)",3,期,False,50,0,0,50,馬誠佑,"一2,3,4(工EC 3014)","['234', '', '', '', '', '', '']",《講授類》,"['半導體製程模組學程', '半導體設備工程學程', '半導體元件學程']",False
https://selcrs.nsysu.edu.tw/menu5/showoutline.asp?SYEAR=115&SEM=1&CrsDat=EE5121&Crsname=微電子工程專題,,,False,電機碩,EE5121,0,不分班,"微電子工程專題
SPECIAL TOPICS IN MICROELECTRONICS ENGINEERING",3,期,False,50,0,0,50,待聘,"一C,D,E(工EC 7040)","['CDE', '', '', '', '', '', '']",《獨立研究》,[],False
https://selcrs.nsysu.edu.tw/menu5/showoutline.asp?SYEAR=115&SEM=1&CrsDat=EE5122&Crsname=微機電系統,,,False,電機碩,EE5122,0,不分班,"微機電系統
MICROELECTROMECHANICAL SYSTEM (MEMS)",3,期,False,50,0,0,50,黃義佑,"三5,6,7(國IR 6002J)","['', '', '567', '', '', '', '']",《講授類》,"['半導體設備工程學程', '半導體元件學程']",False
https://selcrs.nsysu.edu.tw/menu5/showoutline.asp?SYEAR=115&SEM=1&CrsDat=EE5132&Crsname=先進元件分析專題,,,False,電機碩,EE5132,0,不分班,"先進元件分析專題
INDEPENDENT STUDIES IN ADVANCED DEVICE ANALYSIS",3,期,False,50,0,0,50,馬誠佑,"三5,6,7(工EC 7040)","['', '', '567', '', '', '', '']",《獨立研究》,[],False
https://selcrs.nsysu.edu.tw/menu5/showoutline.asp?SYEAR=115&SEM=1&CrsDat=EE5137&Crsname=二維材料合成專題,,,False,電機碩,EE5137,0,不分班,"二維材料合成專題
INDEPENDENT STUDIES IN TWO-DIMENSIONAL MATERIALS FABRICATION",3,期,False,50,0,0,50,陳昶孝,"五8,6,7(工EC 7040)","['', '', '', '', '678', '', '']",《獨立研究》,[],False
https://selcrs.nsysu.edu.tw/menu5/showoutline.asp?SYEAR=115&SEM=1&CrsDat=EE5141&Crsname=氧化物電子專題,,,False,電機碩,EE5141,0,不分班,"氧化物電子專題
INDEPENDENT STUDIES IN OXIDE-BASED ELECTRONICS",3,期,False,50,0,0,50,劉漢胤,"四2,3,4(工EC 8037)","['', '', '', '234', '', '', '']",《獨立研究》,[],False
https://selcrs.nsysu.edu.tw/menu5/showoutline.asp?SYEAR=115&SEM=1&CrsDat=EE5142&Crsname=高速電子與光電元件,,,False,電機碩,EE5142,0,不分班,"高速電子與光電元件
HIGH-SPEED ELECTRONIC AND OPTOELECTRONIC DEVICES",3,期,False,50,0,0,50,劉漢胤,"四8,6,7(工EC 2010)","['', '', '', '678', '', '', '']",《講授類》,[],False
https://selcrs.nsysu.edu.tw/menu5/showoutline.asp?SYEAR=115&SEM=1&CrsDat=EE5201&Crsname=切換系統控制專題,,,False,電機碩,EE5201,0,不分班,"切換系統控制專題
SPECIAL TOPICS IN CONTROL OF SWITCHED SYSTEMS",3,期,False,50,0,0,50,李廸章,"二2,3,4(工EC 6015-2)","['', '234', '', '', '', '', '']",《獨立研究》,[],False
https://selcrs.nsysu.edu.tw/menu5/showoutline.asp?SYEAR=115&SEM=1&CrsDat=EE5208&Crsname=希爾伯特空間方法與應用,,,False,電機碩,EE5208,0,不分班,"希爾伯特空間方法與應用
HILBERT SPACE METHOD AND APPLICATIONS",3,期,False,50,0,0,50,余祥華,"二2,3,4(工EC 3010)","['', '234', '', '', '', '', '']",《講授類》,[],False
https://selcrs.nsysu.edu.tw/menu5/showoutline.asp?SYEAR=115&SEM=1&CrsDat=EE5209&Crsname=非線性系統,,,False,電機碩,EE5209,0,不分班,"非線性系統
NONLINEAR SYSTEMS",3,期,False,50,0,0,50,李廸章,"三5,6,7(工EC 2010)","['', '', '567', '', '', '', '']",《講授類》,[],True
https://selcrs.nsysu.edu.tw/menu5/showoutline.asp?SYEAR=115&SEM=1&CrsDat=EE5214&Crsname=強韌控制專題,,,False,電機碩,EE5214,0,不分班,"強韌控制專題
SPECIAL TOPICS IN ROBUST",3,期,False,50,0,0,50,高崇堯,"二C,D,E(工EC 6015-2)","['', 'CDE', '', '', '', '', '']",《獨立研究》,[],False
https://selcrs.nsysu.edu.tw/menu5/showoutline.asp?SYEAR=115&SEM=1&CrsDat=EE5224&Crsname=線性系統專題,,,False,電機碩,EE5224,0,不分班,"線性系統專題
SPECIAL TOPICS IN LINEAR SYSTEM",3,期,False,50,0,0,50,康斯証,"四C,D,E(工EC 8037)","['', '', '', 'CDE', '', '', '']",《獨立研究》,[],True
https://selcrs.nsysu.edu.tw/menu5/showoutline.asp?SYEAR=115&SEM=1&CrsDat=EE5227&Crsname=智慧型機器人專題（一）,,,False,電機碩,EE5227,0,不分班,"智慧型機器人專題（一）
INDEPENDENT STUDIES IN INTELLIGENT ROBOT PROJECT (I)",3,期,False,50,0,0,50,黃國勝,"二C,D,E(工EC 8037)","['', 'CDE', '', '', '', '', '']",《獨立研究》,[],False
https://selcrs.nsysu.edu.tw/menu5/showoutline.asp?SYEAR=115&SEM=1&CrsDat=EE5231&Crsname=智慧型控制研究專題,,,False,電機碩,EE5231,0,不分班,"智慧型控制研究專題
INDEPENDENT STUDIES IN INTELLIGENT CONTROL",3,期,False,50,0,0,50,蔡舜宏,"一5,6,7(工EC 6015-2)","['567', '', '', '', '', '', '']",《獨立研究》,[],False
https://selcrs.nsysu.edu.tw/menu5/showoutline.asp?SYEAR=115&SEM=1&CrsDat=EE5232&Crsname=圖型識別,,,False,電機碩,EE5232,0,不分班,"圖型識別
PATTERN RECOGNITION",3,期,False,50,0,0,50,蔡舜宏,"五2,3,4(工EC 6016)","['', '', '', '', '234', '', '']",《講授類》,[],False
https://selcrs.nsysu.edu.tw/menu5/showoutline.asp?SYEAR=115&SEM=1&CrsDat=EE5238&Crsname=量子計算與控制,,,False,電機碩,EE5238,0,不分班,"量子計算與控制
QUANTUM COMPUTATION AND CONTROL",3,期,False,50,0,0,50,陳建璋,"二2,3,4(工EC 2010)","['', '234', '', '', '', '', '']",《講授類》,[],False
https://selcrs.nsysu.edu.tw/menu5/showoutline.asp?SYEAR=115&SEM=1&CrsDat=EE5239&Crsname=量子運算系統設計專題,,,False,電機碩,EE5239,0,不分班,"量子運算系統設計專題
INDEPENDENT STUDIES IN QUANTUM COMPUTING SYSTEM DESIGN",3,期,False,50,0,0,50,陳建璋,"三D,E,F(工EC 7040)","['', '', 'DEF', '', '', '', '']",《獨立研究》,[],False
https://selcrs.nsysu.edu.tw/menu5/showoutline.asp?SYEAR=115&SEM=1&CrsDat=EE5302&Crsname=人工智慧（一）,,,False,電機碩,EE5302,0,不分班,"人工智慧（一）
ARTIFICAL INTELLIGNCE (1)",3,期,False,50,0,0,50,翁愷貽,"一8,6,7(工EC 3013)","['678', '', '', '', '', '', '']",《講授類》,"['軟體工程學程', '金融科技學程', '無人載具學程', '太空科技微學程']",False
https://selcrs.nsysu.edu.tw/menu5/showoutline.asp?SYEAR=115&SEM=1&CrsDat=EE5308&Crsname=車載行動網路專題,,,False,電機碩,EE5308,0,不分班,"車載行動網路專題
SPECIAL TOPICS ON VEHICULAR AD-HOC NETWORKS",3,期,False,50,0,0,50,周孜燦,"五8,6,7(工EC 7015-2)","['', '', '', '', '678', '', '']",《獨立研究》,[],False
https://selcrs.nsysu.edu.tw/menu5/showoutline.asp?SYEAR=115&SEM=1&CrsDat=EE5310&Crsname=計算機網路,,,False,電機碩,EE5310,0,不分班,"計算機網路
COMPUTER NETWORK",3,期,False,50,0,0,50,許蒼嶺,"三5,6,7(工EC 6010-2)","['', '', '567', '', '', '', '']","《講授類》
開放大三、大四學生選修","['軟體工程學程', '永續能源學程']",False
https://selcrs.nsysu.edu.tw/menu5/showoutline.asp?SYEAR=115&SEM=1&CrsDat=EE5332&Crsname=軟性計算,,,False,電機碩,EE5332,0,不分班,"軟性計算
SOFT COMPUTING",3,期,False,50,0,0,50,黃國勝,"二3,4(工EC 3009) 三4(工EC 3009)","['', '34', '4', '', '', '', '']",《講授類》,[],False
https://selcrs.nsysu.edu.tw/menu5/showoutline.asp?SYEAR=115&SEM=1&CrsDat=EE5336&Crsname=賽局理論與應用,,,False,電機碩,EE5336,0,不分班,"賽局理論與應用
GAME THEORY AND APPLICATIONS",3,期,False,50,0,0,50,周孜燦,"四8,6,7(工EC 3013)","['', '', '', '678', '', '', '']",《講授類》,['無人載具學程'],False
https://selcrs.nsysu.edu.tw/menu5/showoutline.asp?SYEAR=115&SEM=1&CrsDat=EE5340&Crsname=視覺辨識專題,,,False,電機碩,EE5340,0,不分班,"視覺辨識專題
INDEPENDENT STUDIES IN VISUAL RECOGNITION",3,期,False,50,0,0,50,魏家博,"二2,3,4(工EC 8037)","['', '234', '', '', '', '', '']",《獨立研究》,[],False
https://selcrs.nsysu.edu.tw/menu5/showoutline.asp?SYEAR=115&SEM=1&CrsDat=EE5341&Crsname=組合數學,,,False,電機碩,EE5341,0,不分班,"組合數學
INTRODUCTION TO COMBINATORIAL MATHEMATICS",3,期,False,50,0,0,50,黃宗傳,"五2,3,4(工EC 2010)","['', '', '', '', '234', '', '']",《講授類》,[],False
https://selcrs.nsysu.edu.tw/menu5/showoutline.asp?SYEAR=115&SEM=1&CrsDat=EE5403&Crsname=共振式轉換器專題,,,False,電機碩,EE5403,0,不分班,"共振式轉換器專題
SPECIAL TOPICS IN SOLID-STATE RESONANT CONVERTER",3,期,False,50,0,0,50,余祥華,"三5,6,7(工EC 8037)","['', '', '567', '', '', '', '']",《獨立研究》,[],False
https://selcrs.nsysu.edu.tw/menu5/showoutline.asp?SYEAR=115&SEM=1&CrsDat=EE5404&Crsname=固態能量轉換,,,False,電機碩,EE5404,0,不分班,"固態能量轉換
SOLID-STATE POWER CONVERSION",3,期,False,50,0,0,50,李宗璘,"三2,3,4(工EC 6015-2)","['', '', '234', '', '', '', '']",《講授類》,[],False
https://selcrs.nsysu.edu.tw/menu5/showoutline.asp?SYEAR=115&SEM=1&CrsDat=EE5406&Crsname=配電管理系統專題,,,False,電機碩,EE5406,0,不分班,"配電管理系統專題
SPECIAL TOPICS IN DISTRIBUTION SYSTEM MANAGEMENT",3,期,False,50,0,0,50,盧展南,"五8,6,7(工EC 6015-2)","['', '', '', '', '678', '', '']",《獨立研究》,['海事工程學程'],False
https://selcrs.nsysu.edu.tw/menu5/showoutline.asp?SYEAR=115&SEM=1&CrsDat=EE5407&Crsname=高等電機機械理論分析,,,False,電機碩,EE5407,0,不分班,"高等電機機械理論分析
ADVANCED ELECTRIC MACHINERY THEORY",3,期,False,50,0,0,50,林省揚,"二2,3,4(工EC 2018)","['', '234', '', '', '', '', '']",《講授類》,[],False
https://selcrs.nsysu.edu.tw/menu5/showoutline.asp?SYEAR=115&SEM=1&CrsDat=EE5410&Crsname=電力系統專題,,,False,電機碩,EE5410,0,不分班,"電力系統專題
SPECIAL TOPICS IN POWER SYSTEMS",3,期,False,50,0,0,50,蘇健翔,"五C,D,E(工EC 7040)","['', '', '', '', 'CDE', '', '']",《獨立研究》,['海事工程學程'],False
https://selcrs.nsysu.edu.tw/menu5/showoutline.asp?SYEAR=115&SEM=1&CrsDat=EE5413&Crsname=電力系統運轉,,,False,電機碩,EE5413,0,不分班,"電力系統運轉
POWER SYSTEM OPERATIONS",3,期,False,50,0,0,50,蘇健翔,"四8,6,7(工EC 7040)","['', '', '', '678', '', '', '']","《講授類》
與電力學程併班上課",['海事工程學程'],True
https://selcrs.nsysu.edu.tw/menu5/showoutline.asp?SYEAR=115&SEM=1&CrsDat=EE5416&Crsname=電力電子轉換器,,,False,電機碩,EE5416,0,不分班,"電力電子轉換器
POWER ELECTRONICS CONVERTER",3,期,False,50,0,0,50,謝耀慶,"五2,3,4(工EC 3009)","['', '', '', '', '234', '', '']","《講授類》
與電力學程併班上課",['海事工程學程'],True
https://selcrs.nsysu.edu.tw/menu5/showoutline.asp?SYEAR=115&SEM=1&CrsDat=EE5418&Crsname=電子安定器設計專題,,,False,電機碩,EE5418,0,不分班,"電子安定器設計專題
SPECIAL TOPICS IN DESIGN OF ELECTRONICS BALLASTA",3,期,False,50,0,0,50,謝耀慶,"一C,D,E(通GE 2008)","['CDE', '', '', '', '', '', '']",《獨立研究》,[],False
https://selcrs.nsysu.edu.tw/menu5/showoutline.asp?SYEAR=115&SEM=1&CrsDat=EE5420&Crsname=電機機械系統設計專題,,,False,電機碩,EE5420,0,不分班,"電機機械系統設計專題
SPECIAL TOPICS IN ELECTRIC MACHINERY SYSTEM DESIGN",3,期,False,50,0,0,50,林省揚,"二C,D,E(工EC 6015-1)","['', 'CDE', '', '', '', '', '']",《獨立研究》,[],False
https://selcrs.nsysu.edu.tw/menu5/showoutline.asp?SYEAR=115&SEM=1&CrsDat=EE5426&Crsname=智慧電網專題,,,False,電機碩,EE5426,0,不分班,"智慧電網專題
INDEPENDENT STUDIES IN SMART GRIDS",3,期,False,50,0,0,50,鄧人豪,"五C,D,E(工EC 8037)","['', '', '', '', 'CDE', '', '']",《獨立研究》,['海事工程學程'],False
https://selcrs.nsysu.edu.tw/menu5/showoutline.asp?SYEAR=115&SEM=1&CrsDat=EE5429&Crsname=電力系統最佳化技術,,,False,電機碩,EE5429,0,不分班,"電力系統最佳化技術
OPTIMIZATION TECHNIQUES IN POWER SYSTEMS",3,期,False,50,0,0,50,蘇健翔,"五8,6,7(工EC 8037)","['', '', '', '', '678', '', '']",《講授類》,['海事工程學程'],False
https://selcrs.nsysu.edu.tw/menu5/showoutline.asp?SYEAR=115&SEM=1&CrsDat=EE5431&Crsname=配電自動化簡介,,,False,電機碩,EE5431,0,不分班,"配電自動化簡介
INTRODUCTION TO POWER DISTRIBUTION AUTOMATION",3,期,False,50,0,0,50,鄧人豪,"一8,6,7(工EC 2010)","['678', '', '', '', '', '', '']",《講授類》,['海事工程學程'],False
https://selcrs.nsysu.edu.tw/menu5/showoutline.asp?SYEAR=115&SEM=1&CrsDat=EE5433&Crsname=再生能源和電網電壓調節的電力轉換器專題,,,False,電機碩,EE5433,0,不分班,"再生能源和電網電壓調節的電力轉換器專題
INDEPENDENT STUDIES IN POWER CONVERTERS FOR RENEWABLE ENERGY AND GRID VOLTAGE REGULATION",3,期,False,50,0,0,50,哈菲茲,"二2,3,4(工EC 6015-1)","['', '234', '', '', '', '', '']",《獨立研究》,['海事工程學程'],True
https://selcrs.nsysu.edu.tw/menu5/showoutline.asp?SYEAR=115&SEM=1&CrsDat=EE5434&Crsname=高效率高功率密度電力調節系統,,,False,電機碩,EE5434,0,不分班,"高效率高功率密度電力調節系統
HIGHLY EFFICIENT AND HIGH-POWER DENSITY POWER CONDITIONING SYSTEMS",3,期,False,50,0,0,50,哈菲茲,"四2,3,4(工EC 7040)","['', '', '', '234', '', '', '']","《講授類》
與電力學程併班上課",[],True
https://selcrs.nsysu.edu.tw/menu5/showoutline.asp?SYEAR=115&SEM=1&CrsDat=EE5435&Crsname=電網形成換流器專題,,,False,電機碩,EE5435,0,不分班,"電網形成換流器專題
INDEPENDENT STUDIES IN GRID-FORMING INVERTER",3,期,False,50,0,0,50,李宗璘,"四C,D,E(工EC 6015-2)","['', '', '', 'CDE', '', '', '']",《獨立研究》,[],False
https://selcrs.nsysu.edu.tw/menu5/showoutline.asp?SYEAR=115&SEM=1&CrsDat=EE5502&Crsname=天線工程專題,,,False,電機碩,EE5502,0,不分班,"天線工程專題
SPECIAL TOPICS IN ANTENNA ENGINEERING",3,期,False,50,0,0,50,翁金輅,"五8,6,7(工EC 7013)","['', '', '', '', '678', '', '']",《獨立研究》,[],False
https://selcrs.nsysu.edu.tw/menu5/showoutline.asp?SYEAR=115&SEM=1&CrsDat=EE5503&Crsname=平面天線設計,,,False,電機碩,EE5503,0,不分班,"平面天線設計
PLANAR ANTENNA DESIGN",3,期,False,50,0,0,50,翁金輅,"一8,6,7(工EC 3010)","['678', '', '', '', '', '', '']",《講授類》,[],False
https://selcrs.nsysu.edu.tw/menu5/showoutline.asp?SYEAR=115&SEM=1&CrsDat=EE5504&Crsname=平面型傳輸線專題,,,False,電機碩,EE5504,0,不分班,"平面型傳輸線專題
SPECIAL TOPICS IN PLANAR TRANSMISSION LINES",3,期,False,50,0,0,50,郭志文,"一1,2,3(工EC 7040)","['123', '', '', '', '', '', '']",《獨立研究》,[],True
https://selcrs.nsysu.edu.tw/menu5/showoutline.asp?SYEAR=115&SEM=1&CrsDat=EE5513&Crsname=非線性微波電路專題,,,False,電機碩,EE5513,0,不分班,"非線性微波電路專題
SPECIAL TOPICS IN NONLINEAR MICROWAVE CIRCUITS",3,期,False,50,0,0,50,李杰穎,"三2,3,4(工EC 8037)","['', '', '234', '', '', '', '']",《獨立研究》,[],False
https://selcrs.nsysu.edu.tw/menu5/showoutline.asp?SYEAR=115&SEM=1&CrsDat=EE5530&Crsname=電磁相容專題,,,False,電機碩,EE5530,0,不分班,"電磁相容專題
SPECIAL TOPICS IN ELECTROMAGNETIC COMPATIBILITY",3,期,False,50,0,0,50,林根煌,"六C,D,E(工EC 7040)","['', '', '', '', '', 'CDE', '']",《獨立研究》,[],False
https://selcrs.nsysu.edu.tw/menu5/showoutline.asp?SYEAR=115&SEM=1&CrsDat=EE5533&Crsname=數值電磁學,,,False,電機碩,EE5533,0,不分班,"數值電磁學
NUMERICAL ELECTROMAGNETICS",3,期,False,50,0,0,50,郭志文,"二1,2,3(工EC 7040)","['', '123', '', '', '', '', '']",《講授類》,[],True
https://selcrs.nsysu.edu.tw/menu5/showoutline.asp?SYEAR=115&SEM=1&CrsDat=EE5541&Crsname=雷達系統專題,,,False,電機碩,EE5541,0,不分班,"雷達系統專題
INDEPENDENT STUDIES IN RADAR SYSTEMS",3,期,False,50,0,0,50,王復康,"六2,3,4(工EC 8037)","['', '', '', '', '', '234', '']",《獨立研究》,[],False
https://selcrs.nsysu.edu.tw/menu5/showoutline.asp?SYEAR=115&SEM=1&CrsDat=EE5542&Crsname=雷達系統導論,,,False,電機碩,EE5542,0,不分班,"雷達系統導論
INTRODUCTION TO RADAR SYSTEMS",3,期,False,50,0,0,50,王復康,"二2,3,4(工EC 3012)","['', '234', '', '', '', '', '']",《講授類》,['無人載具學程'],False
https://selcrs.nsysu.edu.tw/menu5/showoutline.asp?SYEAR=115&SEM=1&CrsDat=EE5543&Crsname=國際電磁波實作操練,,,False,電機碩,EE5543,0,不分班,"國際電磁波實作操練
INTERNATIONAL HANDS-ON COURSR ON ELECTROMAGNETIC WAVE",3,期,False,50,0,0,50,王復康,"六8,6,7(工EC 7016-2)","['', '', '', '', '', '678', '']",《講授類》,[],True
https://selcrs.nsysu.edu.tw/menu5/showoutline.asp?SYEAR=115&SEM=1&CrsDat=EE5546&Crsname=平面天線的超穎材料設計專題,,,False,電機碩,EE5546,0,不分班,"平面天線的超穎材料設計專題
INDEPENDENT STUDIES IN THE DESIGN OF METAMATERIALS FOR PLANAR ANTENNAS",3,期,False,50,0,0,50,沈昭元,"四C,D,E(工EC 7040)","['', '', '', 'CDE', '', '', '']",《獨立研究》,[],False
https://selcrs.nsysu.edu.tw/menu5/showoutline.asp?SYEAR=115&SEM=1&CrsDat=EE5613&Crsname=視訊傳輸專題,,,False,電機碩,EE5613,0,不分班,"視訊傳輸專題
SPECIAL TOPICS IN VISUAL COMMUNICATION",3,期,False,50,0,0,50,葉家宏,"六8,6,7(工EC 7040)","['', '', '', '', '', '678', '']",《獨立研究》,[],True
https://selcrs.nsysu.edu.tw/menu5/showoutline.asp?SYEAR=115&SEM=1&CrsDat=EE5617&Crsname=圖形識別專題,,,False,電機碩,EE5617,0,不分班,"圖形識別專題
SPECIAL TOPICS IN PATTERN RECOGNITION",3,期,False,50,0,0,50,陳伯煒,"五C,D,E(工EC 6015-1)","['', '', '', '', 'CDE', '', '']",《獨立研究》,[],False
https://selcrs.nsysu.edu.tw/menu5/showoutline.asp?SYEAR=115&SEM=1&CrsDat=EE5637&Crsname=影像處理專題,,,False,電機碩,EE5637,0,不分班,"影像處理專題
INDEPENDENT STUDIES IN IMAGE PROCESSING",3,期,False,50,0,0,50,翁愷貽,"一2,3,4(工EC 3024)","['234', '', '', '', '', '', '']",《獨立研究》,[],False
https://selcrs.nsysu.edu.tw/menu5/showoutline.asp?SYEAR=115&SEM=1&CrsDat=EE5701&Crsname=ＣＭＯＳ射頻電路設計專題,,,False,電機碩,EE5701,0,不分班,"ＣＭＯＳ射頻電路設計專題
SPECIAL TOPICS IN CMOS RF CIRCUIT DESIGN",3,期,False,50,0,0,50,王朝欽,"一8,6,7(工EC 8013)","['678', '', '', '', '', '', '']",《獨立研究》,[],False
https://selcrs.nsysu.edu.tw/menu5/showoutline.asp?SYEAR=115&SEM=1&CrsDat=EE5702&Crsname=FPGA系統設計實務,,,False,電機碩,EE5702,0,不分班,"FPGA系統設計實務
SYSTEM DESIGN USING FPGA",3,期,False,50,0,0,50,待聘,"二2,3,4(工EC 6018)","['', '234', '', '', '', '', '']",《講授類》,['數位IC設計學程'],True
https://selcrs.nsysu.edu.tw/menu5/showoutline.asp?SYEAR=115&SEM=1&CrsDat=EE5704&Crsname=生醫訊號處理專題,,,False,電機碩,EE5704,0,不分班,"生醫訊號處理專題
SPECIAL TOPICS ON BIOMEDICAL SIGNAL PROCESSING",3,期,False,50,0,0,50,曾乙立,"四5,6,7(工EC 6015-2)","['', '', '', '567', '', '', '']",《獨立研究》,[],False
https://selcrs.nsysu.edu.tw/menu5/showoutline.asp?SYEAR=115&SEM=1&CrsDat=EE5710&Crsname=系統晶片設計,,,False,電機碩,EE5710,0,不分班,"系統晶片設計
SYSTEM-ON-CHIP DESIGN",3,期,False,50,0,0,50,施信毓,"三5,6,7(工EC 3009)","['', '', '567', '', '', '', '']","《講授類》
與IC設計所併班上課",['數位IC設計學程'],True
https://selcrs.nsysu.edu.tw/menu5/showoutline.asp?SYEAR=115&SEM=1&CrsDat=EE5713&Crsname=通訊介面ＩＣ設計,,,False,電機碩,EE5713,0,不分班,"通訊介面ＩＣ設計
IC DESIGN FOR COMMUNICATION INTERFACES",3,期,False,50,0,0,50,王朝欽,"四2,3,4(工EC 2010)","['', '', '', '234', '', '', '']","《講授類》
與IC設計所併班上課",['類比射頻IC設計學程'],True
https://selcrs.nsysu.edu.tw/menu5/showoutline.asp?SYEAR=115&SEM=1&CrsDat=EE5720&Crsname=積體電路佈局專題,,,False,電機碩,EE5720,0,不分班,"積體電路佈局專題
SPECIAL TOPICS IN IC LAYOUT",3,期,False,50,0,0,50,李宗哲,"二2,3,4(工EC 3024)","['', '234', '', '', '', '', '']","《獨立研究》
與IC設計所併班上課",[],True
https://selcrs.nsysu.edu.tw/menu5/showoutline.asp?SYEAR=115&SEM=1&CrsDat=EE5722&Crsname=生醫影像研究方法,,,False,電機碩,EE5722,0,不分班,"生醫影像研究方法
BIOMEDICAL IMAGE INVESTIGATION",3,期,False,50,0,0,50,吳珮歆,"一8,6,7(工EC 3014)","['678', '', '', '', '', '', '']","《講授類》
開放大三、大四學生選修",[],False
https://selcrs.nsysu.edu.tw/menu5/showoutline.asp?SYEAR=115&SEM=1&CrsDat=EE5723&Crsname=磁共振影像：原理與應用,,,False,電機碩,EE5723,0,不分班,"磁共振影像：原理與應用
MAGNETIC RESONANCE IMAGING: PRINCIPLES AND APPLICATIONS",3,期,False,50,0,0,50,莊子肇,"二2,3,4(工EC 3014)","['', '234', '', '', '', '', '']",《講授類》,[],False
https://selcrs.nsysu.edu.tw/menu5/showoutline.asp?SYEAR=115&SEM=1&CrsDat=EE5724&Crsname=臨床磁共振影像專題,,,False,電機碩,EE5724,0,不分班,"臨床磁共振影像專題
INDEPENDENT STUDIES IN CLINICAL APPLICATIONS OF MAGNETIC RESONANCE IMAGING",3,期,False,50,0,0,50,莊子肇,"一2,3,4(工EC 6019)","['234', '', '', '', '', '', '']",《獨立研究》,[],False
https://selcrs.nsysu.edu.tw/menu5/showoutline.asp?SYEAR=115&SEM=1&CrsDat=EE5725&Crsname=積體電路系統測試專題,,,False,電機碩,EE5725,0,不分班,"積體電路系統測試專題
INDEPENDENT STUDIES IN VLSI TESTING",3,期,False,50,0,0,50,謝東佑,"一8,6,7(工EC 8037)","['678', '', '', '', '', '', '']","《獨立研究》
與IC設計所併班上課",[],True
https://selcrs.nsysu.edu.tw/menu5/showoutline.asp?SYEAR=115&SEM=1&CrsDat=EE5729&Crsname=系統晶片測試,,,False,電機碩,EE5729,0,不分班,"系統晶片測試
SYSTEM-ON-CHIP TESTING",3,期,False,50,0,0,50,謝東佑,"四5,6,7(工EC 6019)","['', '', '', '567', '', '', '']","《講授類》
與IC設計所併班上課",['數位IC設計學程'],True
https://selcrs.nsysu.edu.tw/menu5/showoutline.asp?SYEAR=115&SEM=1&CrsDat=EE5733&Crsname=數位通訊電路設計,,,False,電機碩,EE5733,0,不分班,"數位通訊電路設計
DIGITAL COMMUNICATION IC DESIGN",3,期,False,50,0,0,50,施信毓,"四8,6,7(工EC 3012)","['', '', '', '678', '', '', '']","《講授類》
與IC設計所併班上課","['半導體製程模組學程', '半導體元件學程', '數位IC設計學程']",True
https://selcrs.nsysu.edu.tw/menu5/showoutline.asp?SYEAR=115&SEM=1&CrsDat=EE5734&Crsname=高等數位電路設計專題,,,False,電機碩,EE5734,0,不分班,"高等數位電路設計專題
INDEPENDENT STUDIES IN ADVANCED DIGITAL CIRCUIT DESIGN",3,期,False,50,0,0,50,施信毓,"一8,6,7(工EC 2018)","['678', '', '', '', '', '', '']","《獨立研究》
與IC設計所併班上課",[],True
https://selcrs.nsysu.edu.tw/menu5/showoutline.asp?SYEAR=115&SEM=1&CrsDat=EE5740&Crsname=電源管理積體電路設計,,,False,電機碩,EE5740,0,不分班,"電源管理積體電路設計
POWER MANAGEMENT INTEGRATED CIRCUIT DESIGN",3,期,False,50,0,0,50,李宗哲,"五5,6,7(工EC 6010-2)","['', '', '', '', '567', '', '']","《講授類》
與IC設計所併班上課",[],True
https://selcrs.nsysu.edu.tw/menu5/showoutline.asp?SYEAR=115&SEM=1&CrsDat=EE5804&Crsname=醫學影像分析專題,,,False,電機碩,EE5804,0,不分班,"醫學影像分析專題
INDEPENDENT STUDIES IN MEDICAL IMAGE ANALYSIS",3,期,False,50,0,0,50,吳珮歆,"一2,3,4(工EC 7017-2)","['234', '', '', '', '', '', '']",《獨立研究》,[],False
https://selcrs.nsysu.edu.tw/menu5/showoutline.asp?SYEAR=115&SEM=1&CrsDat=EE5808&Crsname=腦機介面與大腦網路,,,False,電機碩,EE5808,0,不分班,"腦機介面與大腦網路
BRAIN-COMPUTER INTERFACE AND BRAIN NETWORKS",3,期,False,50,0,0,50,曾乙立,"三5,6,7(工EC 6016)","['', '', '567', '', '', '', '']",《講授類》,[],False
https://selcrs.nsysu.edu.tw/menu5/showoutline.asp?SYEAR=115&SEM=1&CrsDat=MEME501&Crsname=書報討論,,,False,機電碩,MEME501,1,不分班,"書報討論
SEMINAR",1,期,True,150,0,0,150,許聖彥,"四6,7(工EC 1001)","['', '', '', '67', '', '', '']","《演講/參訪》
碩、博士班併班上課",[],False
https://selcrs.nsysu.edu.tw/menu5/showoutline.asp?SYEAR=115&SEM=1&CrsDat=MEME502&Crsname=熱對流,,,False,機電碩,MEME502,1,不分班,"熱對流
HEAT CONVECTION",3,期,False,50,0,0,50,鄭威利,"五5,6,7(工EN 2022)","['', '', '', '', '567', '', '']",《講授類》,[],True
https://selcrs.nsysu.edu.tw/menu5/showoutline.asp?SYEAR=115&SEM=1&CrsDat=MEME505&Crsname=高等熱力學,,,False,機電碩,MEME505,1,不分班,"高等熱力學
ADVANCED THERMODYNAMICS",3,期,False,50,0,0,50,鄭威利,"二5,6,7(工EN 2022)","['', '567', '', '', '', '', '']",《講授類》,"['半導體製程模組學程', '半導體設備工程學程']",True
https://selcrs.nsysu.edu.tw/menu5/showoutline.asp?SYEAR=115&SEM=1&CrsDat=MEME5109&Crsname=微奈米生醫系統工程,,,False,機電碩,MEME5109,1,不分班,"微奈米生醫系統工程
MICRO/NANO BIOMEDICAL SYSTEMS ENGINEERING",3,期,False,50,0,0,50,郭清德,"三5,6,7(工EC 2003)","['', '', '567', '', '', '', '']",《講授類》,[],False
https://selcrs.nsysu.edu.tw/menu5/showoutline.asp?SYEAR=115&SEM=1&CrsDat=MEME5111&Crsname=半導體製程設備與技術,,,False,機電碩,MEME5111,1,不分班,"半導體製程設備與技術
SEMICONDUCTOR PROCESS EQUIPMENT AND TECHNOLOGY",3,期,False,100,0,0,100,林哲信,"五8,6,7(工EN 4055-1)","['', '', '', '', '678', '', '']",《講授類》,"['矽光子暨半導體學程', '半導體設備工程學程', '類比射頻IC設計學程', '半導體製程模組學程']",False
https://selcrs.nsysu.edu.tw/menu5/showoutline.asp?SYEAR=115&SEM=1&CrsDat=MEME520&Crsname=無人機氫能燃料電池動力系統工程,新增,7/8,False,機電碩,MEME520,1,不分班,"無人機氫能燃料電池動力系統工程
HYDROGEN FUEL CELL POWER SYSTEMS FOR UNMANNED AERIAL VEHICLES",3,期,False,50,0,0,50,郭振坤,"二5,6,7(工EC 2006)","['', '567', '', '', '', '', '']",《講授類》,[],True
https://selcrs.nsysu.edu.tw/menu5/showoutline.asp?SYEAR=115&SEM=1&CrsDat=MEME523&Crsname=有限元素法,,,False,機電碩,MEME523,1,不分班,"有限元素法
FINITE ELEMENT METHODS",3,期,False,50,0,0,50,蔡尚南,"二2,3,4(工EN 4055-2)","['', '234', '', '', '', '', '']",《講授類》,[],True
https://selcrs.nsysu.edu.tw/menu5/showoutline.asp?SYEAR=115&SEM=1&CrsDat=MEME529&Crsname=最佳化理論,,,False,機電碩,MEME529,1,不分班,"最佳化理論
OPTIMIZATION THEORY",3,期,False,50,0,0,50,盧威廷,"四5,6,7(工EN 2022)","['', '', '', '567', '', '', '']",《講授類》,[],False
https://selcrs.nsysu.edu.tw/menu5/showoutline.asp?SYEAR=115&SEM=1&CrsDat=MEME532&Crsname=塑性力學,,,False,機電碩,MEME532,1,不分班,"塑性力學
PLASTICITY",3,期,False,50,0,0,50,黃永茂,"一2,3,4(工EN 0031)","['234', '', '', '', '', '', '']",《講授類》,['南星產業樞紐學程'],False
https://selcrs.nsysu.edu.tw/menu5/showoutline.asp?SYEAR=115&SEM=1&CrsDat=MEME537&Crsname=可靠度工程與應用,,,False,機電碩,MEME537,1,不分班,"可靠度工程與應用
RELIABILITY ENGINEERING AND APPLICATIONS",3,期,False,50,0,0,50,吳美玲,"三2,3,4(工EN 4055-2)","['', '', '234', '', '', '', '']","《講授類》
建議與""工程英文寫作""課程一併修課",[],True
https://selcrs.nsysu.edu.tw/menu5/showoutline.asp?SYEAR=115&SEM=1&CrsDat=MEME540&Crsname=實驗設計與分析,,,False,機電碩,MEME540,1,不分班,"實驗設計與分析
DESIGN AND ANALYSIS OF EXPERIMENTS",3,期,False,50,0,0,50,待聘,"四5,6,7(工EC 3006)","['', '', '', '567', '', '', '']",《講授類》,[],False
https://selcrs.nsysu.edu.tw/menu5/showoutline.asp?SYEAR=115&SEM=1&CrsDat=MEME549&Crsname=類神經網路概論,,,False,機電碩,MEME549,1,不分班,"類神經網路概論
INTRODUCTION TO NEURAL NETWORKS",3,期,False,75,0,0,75,嚴成文,"三5,6,7(工EC 3001)","['', '', '567', '', '', '', '']",《講授類》,"['跨領域智慧製造學程', '製造與大數據分析微學程']",False
https://selcrs.nsysu.edu.tw/menu5/showoutline.asp?SYEAR=115&SEM=1&CrsDat=MEME562&Crsname=摩潤學,,,False,機電碩,MEME562,1,不分班,"摩潤學
TRIBOLOGY",3,期,False,50,0,0,50,邱源成,"二5,6,7(工EN 0031)","['', '567', '', '', '', '', '']",《講授類》,[],False
https://selcrs.nsysu.edu.tw/menu5/showoutline.asp?SYEAR=115&SEM=1&CrsDat=MEME577&Crsname=半導體微影設備系統概論,,,False,機電碩,MEME577,1,不分班,"半導體微影設備系統概論
INTRODUCTION TO LITHOGRAPHY EQUIPMENT AND SYSTEMS FOR SEMICONDUCTOR MANUFACTURING",3,期,False,100,0,0,100,胡龍豪,"二5,6,7(工EN 4055-1)","['', '567', '', '', '', '', '']",《講授類》,"['半導體製程模組學程', '半導體元件學程']",True
https://selcrs.nsysu.edu.tw/menu5/showoutline.asp?SYEAR=115&SEM=1&CrsDat=MEME582&Crsname=微致動器實務,,,False,機電碩,MEME582,1,不分班,"微致動器實務
INTRODUCTION TO MICROACTUATOR PROCESS",3,期,False,50,0,0,50,待聘,"一3,4(工EC 3001) 五6(工EC 3001)","['34', '', '', '', '6', '', '']",《講授類》,[],True
https://selcrs.nsysu.edu.tw/menu5/showoutline.asp?SYEAR=115&SEM=1&CrsDat=MEME583&Crsname=奈米元件電腦輔助設計,,,False,機電碩,MEME583,1,不分班,"奈米元件電腦輔助設計
COMPUTER-AIDED DESIGN AT NANO-DEVICE",3,期,False,50,0,0,50,朱訓鵬,"二5,6,7(工EN 4055-2)","['', '567', '', '', '', '', '']",《講授類》,['半導體元件學程'],False
https://selcrs.nsysu.edu.tw/menu5/showoutline.asp?SYEAR=115&SEM=1&CrsDat=MEME590&Crsname=微奈米材料,,,False,機電碩,MEME590,1,不分班,"微奈米材料
MICRO/NANO MATERIALS",3,期,False,50,0,0,50,林哲信,"一2,3,4(工EN 3021)","['234', '', '', '', '', '', '']",《講授類》,"['材料結構性質微學程', '半導體製程模組學程', '半導體設備工程學程', '半導體元件學程']",False
https://selcrs.nsysu.edu.tw/menu5/showoutline.asp?SYEAR=115&SEM=1&CrsDat=MEME601&Crsname=太陽能空調系統設計,,,False,機電碩,MEME601,1,不分班,"太陽能空調系統設計
SOLAR COOLING SYSTEM DESIGN",3,期,False,50,0,0,50,梁俊德,"五2,3,4(工EC 3005)","['', '', '', '', '234', '', '']",《講授類》,[],True
https://selcrs.nsysu.edu.tw/menu5/showoutline.asp?SYEAR=115&SEM=1&CrsDat=MEME606&Crsname=燃料電池系統專題（一）,,,False,機電碩,MEME606,2,不分班,"燃料電池系統專題（一）
SPECIAL TOPICS IN FUEL CELL SYSTEMS (I)",3,期,False,50,0,0,50,郭振坤,"一A,9,1(工EN 3035-1)","['A19', '', '', '', '', '', '']",《獨立研究》,[],False
https://selcrs.nsysu.edu.tw/menu5/showoutline.asp?SYEAR=115&SEM=1&CrsDat=MEME6109&Crsname=應用微奈米技術專題（一）,,,False,機電碩,MEME6109,2,不分班,"應用微奈米技術專題（一）
INDEPENDENT STUDIES IN APPLIED MICRO AND NANO TECHNOLOGY(I)",3,期,False,50,0,0,50,郭清德,"一A,1(工EN 0036) 二9(工EN 0036)","['A1', '9', '', '', '', '', '']",《獨立研究》,[],False
https://selcrs.nsysu.edu.tw/menu5/showoutline.asp?SYEAR=115&SEM=1&CrsDat=MEME6111&Crsname=先進複材結構設計專題（一）,,,False,機電碩,MEME6111,2,不分班,"先進複材結構設計專題（一）
INDEPENDENT STUDIES IN ADVANCED COMPOSITE STRUCTURE DESIGN (I)",3,期,False,50,0,0,50,蔡尚南,"一A(工EN 3035-2) 三6,7(工EN 3035-2)","['A', '', '67', '', '', '', '']",《獨立研究》,[],False
https://selcrs.nsysu.edu.tw/menu5/showoutline.asp?SYEAR=115&SEM=1&CrsDat=MEME6113&Crsname=數值計算之工程運用專題,,,False,機電碩,MEME6113,2,不分班,"數值計算之工程運用專題
INDEPENDENT STUDIES IN ENGINEERING APPLICATIONS BY NUMERICAL COMPUTATIONS",3,期,False,50,0,0,50,鄭威利,"一A,1(工EN 2019-2) 二1(工EN 2019-2)","['A1', '1', '', '', '', '', '']",《獨立研究》,[],True
https://selcrs.nsysu.edu.tw/menu5/showoutline.asp?SYEAR=115&SEM=1&CrsDat=MEME6114&Crsname=智慧製造專題,,,False,機電碩,MEME6114,2,不分班,"智慧製造專題
INDEPENDENT STUDIES IN INTELLIGENT MANUFACTURING",3,期,False,50,0,0,50,汪正祺,"一A,9,1(工EN 3039-1)","['A19', '', '', '', '', '', '']",《獨立研究》,['人工智慧工業應用學分學程'],False
https://selcrs.nsysu.edu.tw/menu5/showoutline.asp?SYEAR=115&SEM=1&CrsDat=MEME6116&Crsname=微系統力學設計與分析專題 （一）,,,False,機電碩,MEME6116,2,不分班,"微系統力學設計與分析專題 （一）
INDEPENDENT STUDIES IN MICROSYSTEM MECHANICAL DESIGN AND ANALYSIS (I)",3,期,False,50,0,0,50,待聘,"二9,1(工EN 4080-4) 三1(工EN 4080-4)","['', '19', '1', '', '', '', '']",《獨立研究》,[],False
https://selcrs.nsysu.edu.tw/menu5/showoutline.asp?SYEAR=115&SEM=1&CrsDat=MEME6119&Crsname=熱流與能源技術專題（一）,,,False,機電碩,MEME6119,2,不分班,"熱流與能源技術專題（一）
INDEPENDENT STUDIES IN THERMAL FLUIDS AND ENERGY RESEARCH (I)",3,期,False,50,0,0,50,梁俊德,"二A,9,1(工EN 3041)","['', 'A19', '', '', '', '', '']",《獨立研究》,[],False
https://selcrs.nsysu.edu.tw/menu5/showoutline.asp?SYEAR=115&SEM=1&CrsDat=MEME6120&Crsname=虛實整合最佳化設計專題（一）,,,False,機電碩,MEME6120,2,不分班,"虛實整合最佳化設計專題（一）
INDEPENDENT STUDIES IN CYBER-PHYSICAL OPTIMIZATION (I)",3,期,False,50,0,0,50,盧威廷,"一A,9,1(工EN 2025)","['A19', '', '', '', '', '', '']",《獨立研究》,[],False
https://selcrs.nsysu.edu.tw/menu5/showoutline.asp?SYEAR=115&SEM=1&CrsDat=MEME6123&Crsname=先進製造技術專題（一）,,,False,機電碩,MEME6123,2,不分班,"先進製造技術專題（一）
INDEPENDENT STUDIES IN ADVANCED MANUFACTURING TECHNIQUES (I)",3,期,False,50,0,0,50,曾偉智,"二A,9,1(工EN 4080-3)","['', 'A19', '', '', '', '', '']",《獨立研究》,[],False
https://selcrs.nsysu.edu.tw/menu5/showoutline.asp?SYEAR=115&SEM=1&CrsDat=MEME619&Crsname=動力系統與能量管理專題（一）,,,False,機電碩,MEME619,2,不分班,"動力系統與能量管理專題（一）
INDEPENDENT STUDIES IN POWERTRAIN AND ENERGY MANAGEMENT（I）",3,期,False,50,0,0,50,待聘,"二A,9,1(工EN 4079-2)","['', 'A19', '', '', '', '', '']",《獨立研究》,[],False
https://selcrs.nsysu.edu.tw/menu5/showoutline.asp?SYEAR=115&SEM=1&CrsDat=MEME631&Crsname=高階電子封裝專題（一）,,,False,機電碩,MEME631,2,不分班,"高階電子封裝專題（一）
SPECIAL TOPICS IN ADVANCED ELECTRONIC PACKAGING(I)",3,期,False,50,0,0,50,吳美玲,"四A,9,1(工EN 2018)","['', '', '', 'A19', '', '', '']",《獨立研究》,[],False
https://selcrs.nsysu.edu.tw/menu5/showoutline.asp?SYEAR=115&SEM=1&CrsDat=MEME641&Crsname=人機系統專題,,,False,機電碩,MEME641,2,不分班,"人機系統專題
SPECIAL TOPICS IN MANMACHINE SYSTEMS",3,期,False,50,0,0,50,待聘,二1(工EN 3042-2) 三1(工EN 3042-2) 四1(工EN 3042-2),"['', '1', '1', '1', '', '', '']",《獨立研究》,[],False
https://selcrs.nsysu.edu.tw/menu5/showoutline.asp?SYEAR=115&SEM=1&CrsDat=MEME647&Crsname=類神經網路專題（一）,,,False,機電碩,MEME647,2,不分班,"類神經網路專題（一）
SPECIAL TOPICS IN NEURAL NETWORKS (I)",3,期,False,50,0,0,50,嚴成文,"一A,9,1(工EN 4080-2)","['A19', '', '', '', '', '', '']",《獨立研究》,[],False
https://selcrs.nsysu.edu.tw/menu5/showoutline.asp?SYEAR=115&SEM=1&CrsDat=MEME653&Crsname=機器學習專題,,,False,機電碩,MEME653,2,不分班,"機器學習專題
INDEPENDENT STUDIES IN MACHINE LEARNING",3,期,False,50,0,0,50,劉耿豪,"二A,9,1(工EN 3040-2)","['', 'A19', '', '', '', '', '']",《獨立研究》,[],False
https://selcrs.nsysu.edu.tw/menu5/showoutline.asp?SYEAR=115&SEM=1&CrsDat=MEME655&Crsname=穿戴裝置專題,,,False,機電碩,MEME655,2,不分班,"穿戴裝置專題
INDEPENDENT STUDIES IN WEARABLE DEVICES",3,期,False,50,0,0,50,許煜亮,"二A,9,1(工EN 2019-3)","['', 'A19', '', '', '', '', '']",《獨立研究》,[],False
https://selcrs.nsysu.edu.tw/menu5/showoutline.asp?SYEAR=115&SEM=1&CrsDat=MEME666&Crsname=幾何設計與製造專題（一）,,,False,機電碩,MEME666,2,不分班,"幾何設計與製造專題（一）
SPECIAL TOPICS IN COMPUTER-AIDED GEOMETRIC DESIGN (I)",3,期,False,50,0,0,50,待聘,"一9(工EN 1018-1) 四A,1(工EN 1018-1)","['9', '', '', 'A1', '', '', '']",《獨立研究》,[],False
https://selcrs.nsysu.edu.tw/menu5/showoutline.asp?SYEAR=115&SEM=1&CrsDat=MEME668&Crsname=系統化設計專題（一）,,,False,機電碩,MEME668,2,不分班,"系統化設計專題（一）
SPECIAL TOPICS IN SYSTEMATIC DESIGN (I)",3,期,False,50,0,0,50,楊政融,"一A,1(工EN 3039-2) 五9(工EN 3039-2)","['A1', '', '', '', '9', '', '']",《獨立研究》,[],False
https://selcrs.nsysu.edu.tw/menu5/showoutline.asp?SYEAR=115&SEM=1&CrsDat=MEME679&Crsname=電化學技術專題,,,False,機電碩,MEME679,2,不分班,"電化學技術專題
INDEPENDENT STUDIES IN ELECTROCHEMICAL TECHNOLOGY",3,期,False,50,0,0,50,胡龍豪,"二A,8,9(工EN 4067)","['', 'A89', '', '', '', '', '']",《獨立研究》,[],False
https://selcrs.nsysu.edu.tw/menu5/showoutline.asp?SYEAR=115&SEM=1&CrsDat=MEME680&Crsname=奈米力學與材料設計專題,,,False,機電碩,MEME680,2,不分班,"奈米力學與材料設計專題
INDEPENDENT STUDIES IN MATERIALS DESIGN BY NANOMECHANICS",3,期,False,50,0,0,50,李伯軒,"二A,9,1(工EN 3037-1)","['', 'A19', '', '', '', '', '']",《獨立研究》,[],False
https://selcrs.nsysu.edu.tw/menu5/showoutline.asp?SYEAR=115&SEM=1&CrsDat=MEME684&Crsname=微流體系統專題（一）,,,False,機電碩,MEME684,2,不分班,"微流體系統專題（一）
SPECIAL TOPICS IN MICROFLUIDIC SYSTEM(I)",3,期,False,50,0,0,50,林哲信,"一A,9,1(工EN 4070)","['A19', '', '', '', '', '', '']",《獨立研究》,[],False
https://selcrs.nsysu.edu.tw/menu5/showoutline.asp?SYEAR=115&SEM=1&CrsDat=MEME688&Crsname=平行處理及計算（一）,,,False,機電碩,MEME688,2,不分班,"平行處理及計算（一）
PARALLEL PROCESSING AND COMPUTING (I)",3,期,False,50,0,0,50,朱訓鵬,"一A,9,1(工EN 4075-2)","['A19', '', '', '', '', '', '']",《講授類》,[],False
https://selcrs.nsysu.edu.tw/menu5/showoutline.asp?SYEAR=115&SEM=1&CrsDat=MEME689&Crsname=奈米科技專題（一）,,,False,機電碩,MEME689,2,不分班,"奈米科技專題（一）
SPECIAL TOPICS IN NANOTECHNOLOGY (I)",3,期,False,50,0,0,50,潘正堂,"一A,9,1(工EN 3042-1)","['A19', '', '', '', '', '', '']",《獨立研究》,[],False
https://selcrs.nsysu.edu.tw/menu5/showoutline.asp?SYEAR=115&SEM=1&CrsDat=MEME694&Crsname=燃燒與防火安全專題（一）,,,False,機電碩,MEME694,2,不分班,"燃燒與防火安全專題（一）
INDEPENDENT STUDIES IN COMBUSTION AND FIRE SAFETY (I)",3,期,False,50,0,0,50,許聖彥,"一A,9,1(工EN 3029)","['A19', '', '', '', '', '', '']",《獨立研究》,[],False
https://selcrs.nsysu.edu.tw/menu5/showoutline.asp?SYEAR=115&SEM=1&CrsDat=ENVE521&Crsname=書報討論,,,False,環工碩,ENVE521,1,不分班,"書報討論
SEMINAR",1,期,True,50,0,0,50,陳谷汎,"三6,7(工EV 4024)","['', '', '67', '', '', '', '']",《演講/參訪》,[],False
https://selcrs.nsysu.edu.tw/menu5/showoutline.asp?SYEAR=115&SEM=1&CrsDat=ENVE521A&Crsname=書報討論,,,False,環工碩,ENVE521A,2,不分班,"書報討論
SEMINAR",1,期,True,50,0,0,50,施育仁,"三6,7(工EV 4024)","['', '', '67', '', '', '', '']",《演講/參訪》,[],False
https://selcrs.nsysu.edu.tw/menu5/showoutline.asp?SYEAR=115&SEM=1&CrsDat=ENVE532&Crsname=反應動力學,,,False,環工碩,ENVE532,0,不分班,"反應動力學
REACTION KINETICS",3,期,False,50,0,0,50,陳谷汎,"四8,6,7(工EC 1004)","['', '', '', '678', '', '', '']",《講授類》,[],True
https://selcrs.nsysu.edu.tw/menu5/showoutline.asp?SYEAR=115&SEM=1&CrsDat=ENVE539&Crsname=環境電化學原理與技術,,,False,環工碩,ENVE539,0,不分班,"環境電化學原理與技術
PRINCIPLE AND TECHNOLOGY OF ENVIRONMENTAL ELECTROCHEMISTRY",3,期,False,50,0,0,50,施育仁,"二2,3,4(工EC 1004)","['', '234', '', '', '', '', '']",《講授類》,[],True
https://selcrs.nsysu.edu.tw/menu5/showoutline.asp?SYEAR=115&SEM=1&CrsDat=ENVE541&Crsname=水及廢水分析,,,False,環工碩,ENVE541,0,不分班,"水及廢水分析
WATER AND WASTEWATER ANALYSIS",3,期,False,20,0,0,20,張耿崚,"三1,2(工EC 1004) 三3,4(工EV 6012)(實驗)","['', '', '1234', '', '', '', '']",《講授類》,['環境教育學程'],True
https://selcrs.nsysu.edu.tw/menu5/showoutline.asp?SYEAR=115&SEM=1&CrsDat=ENVE545&Crsname=廢棄物及土壤分析,,,False,環工碩,ENVE545,0,不分班,"廢棄物及土壤分析
SOLID WASTE AND SOIL ANALYSIS",3,期,False,20,0,0,20,林淵淙,"二C,D(工EC 1004) 二E,F(工EV 3016)(實驗)","['', 'CDEF', '', '', '', '', '']",《講授類》,['環境教育學程'],False
https://selcrs.nsysu.edu.tw/menu5/showoutline.asp?SYEAR=115&SEM=1&CrsDat=ENVE592&Crsname=專題研究（一）,,,False,環工碩,ENVE592,0,不分班,"專題研究（一）
INDEPENDENT STUDIES(I)",3,期,False,50,0,0,50,"張耿崚,彭彥彬,施育仁,林淵淙,陳則綸,陳威翔,陳谷汎","六C,D,E(工EC 1004)","['', '', '', '', '', 'CDE', '']",《獨立研究》,[],False
https://selcrs.nsysu.edu.tw/menu5/showoutline.asp?SYEAR=115&SEM=1&CrsDat=ENVE596&Crsname=大氣模式特論,,,False,環工碩,ENVE596,0,不分班,"大氣模式特論
SPECIAL TOPICS ON ATMOSPHERIC MODELS",3,期,False,50,0,0,50,彭彥彬,"一2,3,4(工EC 1004)","['234', '', '', '', '', '', '']",《講授類》,[],True
https://selcrs.nsysu.edu.tw/menu5/showoutline.asp?SYEAR=115&SEM=1&CrsDat=ENVE599&Crsname=儀器分析,,,False,環工碩,ENVE599,0,不分班,"儀器分析
PRINCIPLE OF INSTRUMENT ANALYSIS",3,期,False,50,0,0,50,陳則綸,"二8,6,7(工EC 1004)","['', '678', '', '', '', '', '']",《講授類》,[],True
https://selcrs.nsysu.edu.tw/menu5/showoutline.asp?SYEAR=115&SEM=1&CrsDat=CSE505&Crsname=計算機結構,,,False,資工碩,CSE505,1,不分班,"計算機結構
COMPUTER ARCHITECTURES",3,期,True,60,0,0,60,李淑敏,"三5,6,7(工EC 1006)","['', '', '567', '', '', '', '']",《講授類》,[],True
https://selcrs.nsysu.edu.tw/menu5/showoutline.asp?SYEAR=115&SEM=1&CrsDat=CSE510&Crsname=演算法設計與分析,,,False,資工碩,CSE510,1,不分班,"演算法設計與分析
ALGORITHM DESIGN AND ANALYSIS",3,期,True,80,0,0,80,楊昌彪,"二2,3,4(工EC 5012)","['', '234', '', '', '', '', '']",《講授類》,"['巨量資料分析學程', '金融科技學程']",False
https://selcrs.nsysu.edu.tw/menu5/showoutline.asp?SYEAR=115&SEM=1&CrsDat=CSE515&Crsname=高等電腦網路,,,False,資工碩,CSE515,1,不分班,"高等電腦網路
ADVANCED COMPUTER NETWORKS",3,期,True,60,0,0,60,林俊宏,"三2,3,4(工EC 5012)","['', '', '234', '', '', '', '']",《講授類》,['永續能源學程'],False
https://selcrs.nsysu.edu.tw/menu5/showoutline.asp?SYEAR=115&SEM=1&CrsDat=CSE520&Crsname=高等作業系統,,,False,資工碩,CSE520,1,不分班,"高等作業系統
ADVANCED OPERATING SYSTEMS",3,期,True,60,0,0,60,王友群,"四8,6,7(工EC 9032)","['', '', '', '678', '', '', '']",《講授類》,[],False
https://selcrs.nsysu.edu.tw/menu5/showoutline.asp?SYEAR=115&SEM=1&CrsDat=CSE522&Crsname=進階資料探勘,,,False,資工碩,CSE522,0,不分班,"進階資料探勘
ADVANCED DATA MINING",3,期,False,50,0,0,50,洪宗貝,"四2,3,4(工EC 1005)","['', '', '', '234', '', '', '']",《講授類》,['人工智慧工業應用學分學程'],False
https://selcrs.nsysu.edu.tw/menu5/showoutline.asp?SYEAR=115&SEM=1&CrsDat=CSE530&Crsname=專題研究（一）,,,False,資工碩,CSE530,0,不分班,"專題研究（一）
INDEPENDENT STUDIES(I)",3,期,False,50,0,0,50,邱勝敏,"一2,3,4(工EC 5000)","['234', '', '', '', '', '', '']","《獨立研究》
限本系碩/博士生修習",[],False
https://selcrs.nsysu.edu.tw/menu5/showoutline.asp?SYEAR=115&SEM=1&CrsDat=CSE530A&Crsname=專題研究（一）,,,False,資工碩,CSE530A,0,不分班,"專題研究（一）
INDEPENDENT STUDIES(I)",3,期,False,50,0,0,50,吳建澄,"二5,6,7(工EC 5000)","['', '567', '', '', '', '', '']","《獨立研究》
限本系碩/博士生修習",[],False
https://selcrs.nsysu.edu.tw/menu5/showoutline.asp?SYEAR=115&SEM=1&CrsDat=CSE530B&Crsname=專題研究（一）,,,False,資工碩,CSE530B,0,不分班,"專題研究（一）
INDEPENDENT STUDIES(I)",3,期,False,50,0,0,50,陳嘉平,"三5,6,7(工EC 5000)","['', '', '567', '', '', '', '']","《獨立研究》
限本系碩/博士生修習",[],False
https://selcrs.nsysu.edu.tw/menu5/showoutline.asp?SYEAR=115&SEM=1&CrsDat=CSE530C&Crsname=專題研究（一）,,,False,資工碩,CSE530C,0,不分班,"專題研究（一）
INDEPENDENT STUDIES(I)",3,期,False,50,0,0,50,王友群,"四2,3,4(工EC 5007)","['', '', '', '234', '', '', '']","《獨立研究》
限本系碩/博士生修習",[],False
https://selcrs.nsysu.edu.tw/menu5/showoutline.asp?SYEAR=115&SEM=1&CrsDat=CSE530D&Crsname=專題研究（一）,,,False,資工碩,CSE530D,0,不分班,"專題研究（一）
INDEPENDENT STUDIES(I)",3,期,False,50,0,0,50,鄺獻榮,"四8,6,7(工EC 5007)","['', '', '', '678', '', '', '']","《獨立研究》
限本系碩/博士生修習",[],False
https://selcrs.nsysu.edu.tw/menu5/showoutline.asp?SYEAR=115&SEM=1&CrsDat=CSE530E&Crsname=專題研究（一）,,,False,資工碩,CSE530E,0,不分班,"專題研究（一）
INDEPENDENT STUDIES(I)",3,期,False,50,0,0,50,楊惠芳,"四8,6,7(工EC 5000)","['', '', '', '678', '', '', '']","《獨立研究》
限本系碩/博士生修習",[],False
https://selcrs.nsysu.edu.tw/menu5/showoutline.asp?SYEAR=115&SEM=1&CrsDat=CSE530F&Crsname=專題研究（一）,,,False,資工碩,CSE530F,0,不分班,"專題研究（一）
INDEPENDENT STUDIES(I)",3,期,False,50,0,0,50,柯拉飛,"五2,3,4(工EC 1014B)","['', '', '', '', '234', '', '']","《獨立研究》
限本系碩/博士生修習",[],True
https://selcrs.nsysu.edu.tw/menu5/showoutline.asp?SYEAR=115&SEM=1&CrsDat=CSE530G&Crsname=專題研究（一）,,,False,資工碩,CSE530G,0,不分班,"專題研究（一）
INDEPENDENT STUDIES(I)",3,期,False,50,0,0,50,李淑敏,"五8,9,7(工EC 1014B)","['', '', '', '', '789', '', '']","《獨立研究》
限本系碩/博士生修習",[],False
https://selcrs.nsysu.edu.tw/menu5/showoutline.asp?SYEAR=115&SEM=1&CrsDat=CSE530H&Crsname=專題研究（一）,,,False,資工碩,CSE530H,0,不分班,"專題研究（一）
INDEPENDENT STUDIES(I)",3,期,False,50,0,0,50,洪宗貝,"五8,9,7(工EC 5000)","['', '', '', '', '789', '', '']","《獨立研究》
限本系碩/博士生修習",[],False
https://selcrs.nsysu.edu.tw/menu5/showoutline.asp?SYEAR=115&SEM=1&CrsDat=CSE531&Crsname=書報討論（一）,,,False,資工碩,CSE531,1,不分班,"書報討論（一）
SEMINAR I",1,期,True,120,0,0,120,陳嘉平,五6(工EC 2011),"['', '', '', '', '6', '', '']","《演講/參訪》
限本系大四生及碩/博士生修習",[],False
https://selcrs.nsysu.edu.tw/menu5/showoutline.asp?SYEAR=115&SEM=1&CrsDat=CSE533&Crsname=書報討論（三）,,,False,資工碩,CSE533,2,不分班,"書報討論（三）
SEMINAR III",1,期,True,120,0,0,120,陳嘉平,五6(工EC 2011),"['', '', '', '', '6', '', '']",《演講/參訪》,[],False
https://selcrs.nsysu.edu.tw/menu5/showoutline.asp?SYEAR=115&SEM=1&CrsDat=CSE536&Crsname=巨量資料分析與機器學習專題,,,False,資工碩,CSE536,0,不分班,"巨量資料分析與機器學習專題
INDEPENDENT STUDIES IN BIG DATA ANALYSIS AND MACHINE LEARNINGING",3,期,False,50,0,0,50,林俊宏,"五2,3,4(工EC 5000)","['', '', '', '', '234', '', '']","《獨立研究》
限本系碩/博士生修習",[],False
https://selcrs.nsysu.edu.tw/menu5/showoutline.asp?SYEAR=115&SEM=1&CrsDat=CSE538&Crsname=生醫影像分析專題（一）,,,False,資工碩,CSE538,0,不分班,"生醫影像分析專題（一）
INDEPENDENT STUDIES IN BIOMEDICAL IMAGE ANALYSIS((I)",3,期,False,50,0,0,50,柯正雯,"一2,3,4(工EC 9031)","['234', '', '', '', '', '', '']","《獨立研究》
限本系碩/博士生修習",[],False
https://selcrs.nsysu.edu.tw/menu5/showoutline.asp?SYEAR=115&SEM=1&CrsDat=CSE543&Crsname=高等通訊與資安演算法,,,False,資工碩,CSE543,0,不分班,"高等通訊與資安演算法
ADVANCED ALGORITHMS FOR COMMUNICATIONS AND INFORMATION SECURITY",3,期,False,50,0,0,50,柯拉飛,"四2,3,4(工EC 5000)","['', '', '', '234', '', '', '']",《講授類》,['人工智慧資訊安全技術學分學程'],True
https://selcrs.nsysu.edu.tw/menu5/showoutline.asp?SYEAR=115&SEM=1&CrsDat=CSE544&Crsname=電腦視覺之深度學習,,,False,資工碩,CSE544,0,不分班,"電腦視覺之深度學習
DEEP LEARNING FOR COMPUTER VISION",3,期,False,50,0,0,50,楊惠芳,"四2,3,4(工EC 1001)","['', '', '', '234', '', '', '']",《講授類》,[],False
https://selcrs.nsysu.edu.tw/menu5/showoutline.asp?SYEAR=115&SEM=1&CrsDat=CSE563&Crsname=無線通訊安全專題,,,False,資工碩,CSE563,0,不分班,"無線通訊安全專題
SPECIAL TOPICS IN WIRELESS COMMUNICATION SECURITY",3,期,False,50,0,0,50,徐瑞壕,"三5,6,7(工EC 9031)","['', '', '567', '', '', '', '']","《獨立研究》
限本系碩/博士生修習",[],False
https://selcrs.nsysu.edu.tw/menu5/showoutline.asp?SYEAR=115&SEM=1&CrsDat=CSE583&Crsname=算術處理器設計與實作,,,False,資工碩,CSE583,0,不分班,"算術處理器設計與實作
DESIGN AND IMPLEMENTATION OF ARITHMETIC UNITS",3,期,False,50,0,0,50,蕭勝夫,"三2,3,4(工EC 5007)","['', '', '234', '', '', '', '']",《講授類》,['數位IC設計學程'],False
https://selcrs.nsysu.edu.tw/menu5/showoutline.asp?SYEAR=115&SEM=1&CrsDat=CSE594&Crsname=電子商務與安全工程專題,,,False,資工碩,CSE594,0,不分班,"電子商務與安全工程專題
SPECIAL TOPICS IN ELECTRONIC COMMERCE AND SECURITY ENGINEERING",3,期,False,50,0,0,50,范俊逸,"五8,9,7(工EC 9031)","['', '', '', '', '789', '', '']","《獨立研究》
限本系碩/博士生修習",[],False
https://selcrs.nsysu.edu.tw/menu5/showoutline.asp?SYEAR=115&SEM=1&CrsDat=CSE598&Crsname=類比積體電路設計,,,False,資工碩,CSE598,0,不分班,"類比積體電路設計
ANALONG INTEGRATED CIRCUIT DESIGN",3,期,False,50,0,0,50,郭可驥,"一5,6,7(工EC 5007)","['567', '', '', '', '', '', '']","《講授類》
修習本課程須具備電子學、電路學、工程數學及半導體元件物理等基礎知識。",[],True
https://selcrs.nsysu.edu.tw/menu5/showoutline.asp?SYEAR=115&SEM=1&CrsDat=CSE617&Crsname=分散式計算系統,,,False,資工碩,CSE617,0,不分班,"分散式計算系統
DISTRIBUTED COMPUTING SYSTEMS",3,期,False,50,0,0,50,張玉盈,"二8,6,7(工EC 5007)","['', '678', '', '', '', '', '']",《講授類》,['巨量資料分析學程'],False
https://selcrs.nsysu.edu.tw/menu5/showoutline.asp?SYEAR=115&SEM=1&CrsDat=CSE630&Crsname=資料挖掘專題,,,False,資工碩,CSE630,0,不分班,"資料挖掘專題
SPECIAL TOPICS IN DATA MINING",3,期,False,50,0,0,50,張玉盈,"一8,6,7(工EC 5000)","['678', '', '', '', '', '', '']","《獨立研究》
限本系碩/博士生修習",['巨量資料分析學程'],False
https://selcrs.nsysu.edu.tw/menu5/showoutline.asp?SYEAR=115&SEM=1&CrsDat=CSE639&Crsname=科技英文寫作,,,False,資工碩,CSE639,0,不分班,"科技英文寫作
ENGLISH TECHNICAL WRITING",3,期,False,50,0,0,50,希家史提夫,"二2,3,4(工EC 9031)","['', '234', '', '', '', '', '']",《講授類》,[],True
https://selcrs.nsysu.edu.tw/menu5/showoutline.asp?SYEAR=115&SEM=1&CrsDat=CSE666&Crsname=資訊安全理論與實務,,,False,資工碩,CSE666,0,不分班,"資訊安全理論與實務
INFORMATION SECURITY THEORY AND PRACTICE",3,期,False,50,0,0,50,徐瑞壕,"三2,3,4(工EC 9031)","['', '', '234', '', '', '', '']",《講授類》,"['資通安全學程', '人工智慧資訊安全技術學分學程']",False
https://selcrs.nsysu.edu.tw/menu5/showoutline.asp?SYEAR=115&SEM=1&CrsDat=CSE668&Crsname=硬體描述語言,,,False,資工碩,CSE668,0,不分班,"硬體描述語言
HARDWARE DESCRIPTION LANGUAGES",3,期,False,50,0,0,50,待聘,"二5,6,7(工EC 1005)","['', '567', '', '', '', '', '']",《講授類》,['數位IC設計學程'],True
https://selcrs.nsysu.edu.tw/menu5/showoutline.asp?SYEAR=115&SEM=1&CrsDat=CSE692&Crsname=人工智慧專題 (一),,,False,資工碩,CSE692,0,不分班,"人工智慧專題 (一)
INDEPENDENT STUDIES IN ARTIFICIAL INTELLIGENCE (I)",3,期,False,50,0,0,50,蔡崇煒,"三5,6,7(工EC 5007)","['', '', '567', '', '', '', '']","《獨立研究》
限本系碩/博士生修習",[],False
https://selcrs.nsysu.edu.tw/menu5/showoutline.asp?SYEAR=115&SEM=1&CrsDat=CSE696&Crsname=定量磁振造影方法專題,,,False,資工碩,CSE696,0,不分班,"定量磁振造影方法專題
INDEPENDENT STUDIES IN QUANTITATIVE MRI METHODS",3,期,False,50,0,0,50,程正傑,"一2,3,4(工EC 1014-2)","['234', '', '', '', '', '', '']","《獨立研究》
限本系碩/博士生修習",[],False
https://selcrs.nsysu.edu.tw/menu5/showoutline.asp?SYEAR=115&SEM=1&CrsDat=CSE698&Crsname=邊緣裝置人工智慧晶片設計應用專題,,,False,資工碩,CSE698,0,不分班,"邊緣裝置人工智慧晶片設計應用專題
INDEPENDENT STUDIES IN EDGE ARTIFICIAL INTELLIGENCE CHIP DESIGN AND APPLICATION",3,期,False,50,0,0,50,蕭勝夫,"一5,6,7(工EC 1005)","['567', '', '', '', '', '', '']","《獨立研究》
限本系碩/博士生修習",[],False
https://selcrs.nsysu.edu.tw/menu5/showoutline.asp?SYEAR=115&SEM=1&CrsDat=CSE724&Crsname=類比與混合訊號積體電路設計專題,,,False,資工碩,CSE724,0,不分班,"類比與混合訊號積體電路設計專題
INDEPENDENT STUDIES IN THE ANALOG AND MIXED-SIGNAL INTEGRATED CIRCUIT DESIGN",3,期,False,50,0,0,50,郭可驥,"一2,3,4(工EC 5007)","['234', '', '', '', '', '', '']","《獨立研究》
限本系碩/博士生修習",[],False
https://selcrs.nsysu.edu.tw/menu5/showoutline.asp?SYEAR=115&SEM=1&CrsDat=CSE727&Crsname=增強式學習,,,False,資工碩,CSE727,0,不分班,"增強式學習
REINFORCEMENT LEARNING",3,期,False,50,0,0,50,吳建澄,"三2,3,4(工EC 1005)","['', '', '234', '', '', '', '']",《講授類》,[],True
https://selcrs.nsysu.edu.tw/menu5/showoutline.asp?SYEAR=115&SEM=1&CrsDat=CSE729&Crsname=資料處理與建模,,,False,資工碩,CSE729,0,不分班,"資料處理與建模
DATA PROCESSING AND MODELING",3,期,False,50,0,0,50,邱勝敏,"四2,3,4(工EC 1006)","['', '', '', '234', '', '', '']",《講授類》,[],True
https://selcrs.nsysu.edu.tw/menu5/showoutline.asp?SYEAR=115&SEM=1&CrsDat=CSE731&Crsname=時空資料庫,,,False,資工碩,CSE731,0,不分班,"時空資料庫
SPATIO-TEMPORAL DATABASES",3,期,False,50,0,0,50,邱勝敏,"四8,6,7(工EC 9031)","['', '', '', '678', '', '', '']",《講授類》,[],False
https://selcrs.nsysu.edu.tw/menu5/showoutline.asp?SYEAR=115&SEM=1&CrsDat=ICE501&Crsname=書報討論,,,False,通訊碩,ICE501,1,不分班,"書報討論
SEMINAR",1,期,True,70,0,0,70,吳孝純,"二6,7(工EC 2002)","['', '67', '', '', '', '', '']","《演講/參訪》
與ICE501A、ICE701併班上課",[],False
https://selcrs.nsysu.edu.tw/menu5/showoutline.asp?SYEAR=115&SEM=1&CrsDat=ICE501A&Crsname=書報討論,,,False,通訊碩,ICE501A,2,不分班,"書報討論
SEMINAR",1,期,True,70,0,0,70,吳孝純,"二6,7(工EC 2002)","['', '67', '', '', '', '', '']","《演講/參訪》
與ICE501、ICE701併班上課",[],False
https://selcrs.nsysu.edu.tw/menu5/showoutline.asp?SYEAR=115&SEM=1&CrsDat=ICE503&Crsname=數位信號處理,,,False,通訊碩,ICE503,0,不分班,"數位信號處理
DIGITAL SIGNAL PROCESSING",3,期,False,50,0,0,50,溫朝凱,"四2,3,4(工EC 2002)","['', '', '', '234', '', '', '']",《講授類》,['類比射頻IC設計學程'],True
https://selcrs.nsysu.edu.tw/menu5/showoutline.asp?SYEAR=115&SEM=1&CrsDat=ICE504&Crsname=數位通訊,,,False,通訊碩,ICE504,0,不分班,"數位通訊
DIGITAL COMMUNICATIONS",3,期,False,50,0,0,50,黃婉甄,"三2,3,4(工EC 3013)","['', '', '234', '', '', '', '']",《講授類》,['永續能源學程'],False
https://selcrs.nsysu.edu.tw/menu5/showoutline.asp?SYEAR=115&SEM=1&CrsDat=ICE507&Crsname=消息理論,,,False,通訊碩,ICE507,0,不分班,"消息理論
INFORMATION THEORY",3,期,False,50,0,0,50,王藏億,"二2,3,4(工EC 2002)","['', '234', '', '', '', '', '']",《講授類》,[],False
https://selcrs.nsysu.edu.tw/menu5/showoutline.asp?SYEAR=115&SEM=1&CrsDat=ICE508&Crsname=最佳化理論,,,False,通訊碩,ICE508,0,不分班,"最佳化理論
OPTIMIZATION THEORY",3,期,False,50,0,0,50,曾凡碩,"一2,3,4(工EC 2010)","['234', '', '', '', '', '', '']",《講授類》,[],False
https://selcrs.nsysu.edu.tw/menu5/showoutline.asp?SYEAR=115&SEM=1&CrsDat=ICE508A&Crsname=最佳化理論,,,False,通訊碩,ICE508A,0,不分班,"最佳化理論
OPTIMIZATION THEORY",3,期,False,50,0,0,50,新可夫,"一5,6,7(工EC6015-1)","['567', '', '', '', '', '', '']",《講授類》,[],True
https://selcrs.nsysu.edu.tw/menu5/showoutline.asp?SYEAR=115&SEM=1&CrsDat=ICE541&Crsname=通信系統性能評估,,,False,通訊碩,ICE541,0,不分班,"通信系統性能評估
PERFORMANCE EVALUATION OF COMMUNICATIONS SYSTEMS",3,期,False,50,0,0,50,梁家昌,"五8,6,7(工EC 3012)","['', '', '', '', '678', '', '']",《講授類》,[],True
https://selcrs.nsysu.edu.tw/menu5/showoutline.asp?SYEAR=115&SEM=1&CrsDat=ICE607&Crsname=無線通訊通道估測專題,,,False,通訊碩,ICE607,0,不分班,"無線通訊通道估測專題
INDEPENDENT STUDIES IN WIRELESS COMMUNICATIONS CHANNEL ESTIMATION",3,期,False,50,0,0,50,李志鵬,"五8,6,7(工EC 9011)","['', '', '', '', '678', '', '']",《獨立研究》,[],False
https://selcrs.nsysu.edu.tw/menu5/showoutline.asp?SYEAR=115&SEM=1&CrsDat=ICE608&Crsname=無線感測器網路之合作式偵測專題,,,False,通訊碩,ICE608,0,不分班,"無線感測器網路之合作式偵測專題
INDEPENDENT STUDIES IN COLLABORATIVE DETECTION FOR WIRELESS SENSOR NETWORKS",3,期,False,50,0,0,50,王藏億,"二C,D,E(工EC 1007)","['', 'CDE', '', '', '', '', '']",《獨立研究》,[],False
https://selcrs.nsysu.edu.tw/menu5/showoutline.asp?SYEAR=115&SEM=1&CrsDat=ICE619&Crsname=無線傳收設計專題,,,False,通訊碩,ICE619,0,不分班,"無線傳收設計專題
INDEPENDENT STUDIES IN TRANSCEIVER DESIGN IN WIRELESS NETWORKS",3,期,False,50,0,0,50,曾凡碩,"一C,D,E(工EC 2021)","['CDE', '', '', '', '', '', '']",《獨立研究》,[],False
https://selcrs.nsysu.edu.tw/menu5/showoutline.asp?SYEAR=115&SEM=1&CrsDat=ICE626&Crsname=巨量多輸入多輸出系統設計專題,,,False,通訊碩,ICE626,0,不分班,"巨量多輸入多輸出系統設計專題
INDEPENDENT STUDIES IN DESIGN OF MASSIVE MULTI-INPUT MULTI-OUTPUT SYSTEMS",3,期,False,50,0,0,50,黃婉甄,"一C,D,E(工EC 9016)","['CDE', '', '', '', '', '', '']",《獨立研究》,[],False
https://selcrs.nsysu.edu.tw/menu5/showoutline.asp?SYEAR=115&SEM=1&CrsDat=ICE629&Crsname=多天線系統設計專題,,,False,通訊碩,ICE629,0,不分班,"多天線系統設計專題
INDEPENDENT STUDIES IN MULTI-ANTENNA SYSTEM DESIGN",3,期,False,50,0,0,50,溫朝凱,"四C,D,E(工EC 9029)","['', '', '', 'CDE', '', '', '']",《獨立研究》,[],False
https://selcrs.nsysu.edu.tw/menu5/showoutline.asp?SYEAR=115&SEM=1&CrsDat=ICE632&Crsname=通訊網路專題,,,False,通訊碩,ICE632,0,不分班,"通訊網路專題
INDEPENDENT STUDIES IN COMMUNICATION NETWORKS",3,期,False,50,0,0,50,梁家昌,"五9,C,D(工EC 3012)","['', '', '', '', '9CD', '', '']",《獨立研究》,[],True
https://selcrs.nsysu.edu.tw/menu5/showoutline.asp?SYEAR=115&SEM=1&CrsDat=ICE633&Crsname=動態數據分割方法研究專題,,,False,通訊碩,ICE633,0,不分班,"動態數據分割方法研究專題
INDEPENDENT STUDIES IN DYNAMIC DATA SEGMENTATION RESEARCH",3,期,False,50,0,0,50,吳孝純,"三D,E,F(工EC 2016-1)","['', '', 'DEF', '', '', '', '']",《獨立研究》,[],False
https://selcrs.nsysu.edu.tw/menu5/showoutline.asp?SYEAR=115&SEM=1&CrsDat=EO5001&Crsname=書報討論（一）,,,False,光電碩,EO5001,1,不分班,"書報討論（一）
SEMINAR(I)",1,期,True,100,0,0,100,洪裕涵,"一8,6,7(工EN 2028)","['678', '', '', '', '', '', '']",《講授類》,[],False
https://selcrs.nsysu.edu.tw/menu5/showoutline.asp?SYEAR=115&SEM=1&CrsDat=EO5002&Crsname=光電電磁學,,,False,光電碩,EO5002,0,不分班,"光電電磁學
WAVES AND FIELDS IN OPTOELECTRONICS",3,期,False,50,0,0,50,王耀霆,"四5,6,7(國IR 3002)","['', '', '', '567', '', '', '']",《講授類》,[],True
https://selcrs.nsysu.edu.tw/menu5/showoutline.asp?SYEAR=115&SEM=1&CrsDat=EO5012&Crsname=高速光電元件專題,,,False,光電碩,EO5012,0,不分班,"高速光電元件專題
SPECIAL TOPICS IN HIGH-SPEED OPTOELECTRONIC DEVICES",3,期,False,50,0,0,50,邱逸仁,"三D,E,1(工EC 4007)","['', '', '1DE', '', '', '', '']",《獨立研究》,[],True
https://selcrs.nsysu.edu.tw/menu5/showoutline.asp?SYEAR=115&SEM=1&CrsDat=EO5014&Crsname=光電數值方法,,,False,光電碩,EO5014,0,不分班,"光電數值方法
NUMERICAL METHODS FOR ELECTRO-OPTICAL ENGINEERING",3,期,False,50,0,0,50,林元堯,"二5,6,7(國IR 3001)","['', '567', '', '', '', '', '']",《講授類》,[],False
https://selcrs.nsysu.edu.tw/menu5/showoutline.asp?SYEAR=115&SEM=1&CrsDat=EO5016&Crsname=積體光電元件原理與設計,,,False,光電碩,EO5016,0,不分班,"積體光電元件原理與設計
PRINCIPLES AND DESIGN OF INTEGRATED OPTO-ELECTRONIC DEVICES",3,期,False,50,0,0,50,于欽平,"一2,3,4(國IR 3002)","['234', '', '', '', '', '', '']",《講授類》,"['矽光子暨半導體學程', '矽光子微學程']",False
https://selcrs.nsysu.edu.tw/menu5/showoutline.asp?SYEAR=115&SEM=1&CrsDat=EO5030&Crsname=超快光電子學專題,,,False,光電碩,EO5030,0,不分班,"超快光電子學專題
SPECIAL TOPICS IN ULTRAFAST PHOTONICS",3,期,False,50,0,0,50,李晁逵,"三D,E,1(國IR 3004)","['', '', '1DE', '', '', '', '']",《獨立研究》,[],False
https://selcrs.nsysu.edu.tw/menu5/showoutline.asp?SYEAR=115&SEM=1&CrsDat=EO5034&Crsname=光電實驗（一）,,,False,光電碩,EO5034,0,不分班,"光電實驗（一）
ELECTRO-OPTICS LAB (I)",3,期,False,50,0,0,50,李晁逵,"一9,1,2,3,4,5(國IR 3014)(實驗)","['123459', '', '', '', '', '', '']",《實驗類》,[],False
https://selcrs.nsysu.edu.tw/menu5/showoutline.asp?SYEAR=115&SEM=1&CrsDat=EO5040&Crsname=有機太陽能電池,,,False,光電碩,EO5040,0,不分班,"有機太陽能電池
ORGANIC SOLAR CELLS",3,期,False,50,0,0,50,黃文堯,"四5,6,7(國IR 3003)","['', '', '', '567', '', '', '']",《講授類》,['環境教育學程'],False
https://selcrs.nsysu.edu.tw/menu5/showoutline.asp?SYEAR=115&SEM=1&CrsDat=EO5041&Crsname=有機半導體材料專題,,,False,光電碩,EO5041,0,不分班,"有機半導體材料專題
SPECIAL TOPICS: ORGANIC SEMICONDUCTING MATERIALS",3,期,False,50,0,0,50,黃文堯,"四C,D,E(國IR 2007)","['', '', '', 'CDE', '', '', '']",《獨立研究》,[],False
https://selcrs.nsysu.edu.tw/menu5/showoutline.asp?SYEAR=115&SEM=1&CrsDat=EO5050&Crsname=積體光電元件專題,,,False,光電碩,EO5050,0,不分班,"積體光電元件專題
SPECIAL TOPICS IN INTEGRATED PHOTONIC DEVICES",3,期,False,50,0,0,50,洪玉珠,"二C,D,E(工EC 3019)","['', 'CDE', '', '', '', '', '']",《獨立研究》,[],False
https://selcrs.nsysu.edu.tw/menu5/showoutline.asp?SYEAR=115&SEM=1&CrsDat=EO5052&Crsname=非線性光纖傳送專題,,,False,光電碩,EO5052,0,不分班,"非線性光纖傳送專題
SPECIAL TOPICS IN NONLINEAR FIBER TRANSMISSION",3,期,False,50,0,0,50,林元堯,"一C,D,E(國IR 3004)","['CDE', '', '', '', '', '', '']",《獨立研究》,[],False
https://selcrs.nsysu.edu.tw/menu5/showoutline.asp?SYEAR=115&SEM=1&CrsDat=EO5056&Crsname=光子晶體元件設計專題,,,False,光電碩,EO5056,0,不分班,"光子晶體元件設計專題
SPECIAL TOPICS ON DESIGNS OF PHOTONIC CRYSTAL DEVICES",3,期,False,50,0,0,50,于欽平,"四C,D,E(國IR 3002)","['', '', '', 'CDE', '', '', '']",《獨立研究》,[],False
https://selcrs.nsysu.edu.tw/menu5/showoutline.asp?SYEAR=115&SEM=1&CrsDat=EO5059&Crsname=特種光纖專題,,,False,光電碩,EO5059,0,不分班,"特種光纖專題
SPECIAL TOPICS IN SPECIALTY FIBER",3,期,False,50,0,0,50,洪裕涵,"一C,D,E(工EC 4011)","['CDE', '', '', '', '', '', '']",《獨立研究》,[],False
https://selcrs.nsysu.edu.tw/menu5/showoutline.asp?SYEAR=115&SEM=1&CrsDat=EO5061&Crsname=電漿子學之原理及應用,,,False,光電碩,EO5061,0,不分班,"電漿子學之原理及應用
PRINCIPLES AND APPLICATIONS OF PLASMONICS",3,期,False,50,0,0,50,洪玉珠,"五5,6,7(工EC 4012)","['', '', '', '', '567', '', '']",《講授類》,['半導體元件學程'],False
https://selcrs.nsysu.edu.tw/menu5/showoutline.asp?SYEAR=115&SEM=1&CrsDat=EO5064&Crsname=最新顯示器技術專題研討,,,False,光電碩,EO5064,0,不分班,"最新顯示器技術專題研討
SPECIAL TOPICS IN EMERGING DISPLAY TECHNOLOGIES",3,期,False,50,0,0,50,王俊達,"四C,D,E(工EC 4022)","['', '', '', 'CDE', '', '', '']",《研討類》,[],False
https://selcrs.nsysu.edu.tw/menu5/showoutline.asp?SYEAR=115&SEM=1&CrsDat=EO5071&Crsname=近代光學,,,False,光電碩,EO5071,0,不分班,"近代光學
FUNDAMENTALS OF MODERN OPTICS",3,期,False,50,0,0,50,邱逸仁,"四2,3,4(工EC 4037)","['', '', '', '234', '', '', '']",《講授類》,['半導體製程模組學程'],False
https://selcrs.nsysu.edu.tw/menu5/showoutline.asp?SYEAR=115&SEM=1&CrsDat=EO5097&Crsname=光電半導體技術及應用專題,,,False,光電碩,EO5097,0,不分班,"光電半導體技術及應用專題
SPECIAL TOPICS IN SEMICONDUCTOR OPTOELECTRONICES",3,期,False,50,0,0,50,洪勇智,"四C,D,E(工EC 4009)","['', '', '', 'CDE', '', '', '']",《獨立研究》,[],False
https://selcrs.nsysu.edu.tw/menu5/showoutline.asp?SYEAR=115&SEM=1&CrsDat=EO5135&Crsname=液晶光電材料,,,False,光電碩,EO5135,0,不分班,"液晶光電材料
LIQUID CRYSTAL OPTOELECTRONIC MATERIALS",3,期,False,50,0,0,50,王俊達,"四2,3,4(國IR 3001)","['', '', '', '234', '', '', '']",《講授類》,[],False
https://selcrs.nsysu.edu.tw/menu5/showoutline.asp?SYEAR=115&SEM=1&CrsDat=EO5136&Crsname=液態光子晶體應用專題,,,False,光電碩,EO5136,0,不分班,"液態光子晶體應用專題
SPECIAL TOPICS ON PHOTONIC LIQUID CRYSTAL",3,期,False,50,0,0,50,林宗賢,"五C,D,E(國IR 2005)","['', '', '', '', 'CDE', '', '']",《獨立研究》,[],False
https://selcrs.nsysu.edu.tw/menu5/showoutline.asp?SYEAR=115&SEM=1&CrsDat=EO5250&Crsname=通訊之隨機程序,,,False,光電碩,EO5250,0,不分班,"通訊之隨機程序
RANDOM PROCESSES FOR COMMUNICATIONS",3,期,False,50,0,0,50,魏嘉建,"二2,3,4(工EC 4037)","['', '234', '', '', '', '', '']",《講授類》,[],False
https://selcrs.nsysu.edu.tw/menu5/showoutline.asp?SYEAR=115&SEM=1&CrsDat=EO5251&Crsname=光通訊調變格式專題,,,False,光電碩,EO5251,0,不分班,"光通訊調變格式專題
INDEPENDENT STUDIES IN ADVANCED OPTICAL MODULATION FORMATS",3,期,False,50,0,0,50,魏嘉建,"三D,E,1(工EC 4014)","['', '', '1DE', '', '', '', '']",《獨立研究》,[],False
https://selcrs.nsysu.edu.tw/menu5/showoutline.asp?SYEAR=115&SEM=1&CrsDat=EO5254&Crsname=光電子元件應用,,,False,光電碩,EO5254,0,不分班,"光電子元件應用
APPLICATIONS OF OPTOELECTRONIC DEVICES",3,期,False,50,0,0,50,李炫錫,"三2,3,4(工EC 4038)","['', '', '234', '', '', '', '']",《講授類》,"['矽光子暨半導體學程', '矽光子微學程']",True
https://selcrs.nsysu.edu.tw/menu5/showoutline.asp?SYEAR=115&SEM=1&CrsDat=EO5255&Crsname=太陽能電池專題,,,False,光電碩,EO5255,0,不分班,"太陽能電池專題
SPECIAL TOPICS ON SOLAR CELLS",3,期,False,50,0,0,50,李炫錫,"二C,D,E(工EC 4020)","['', 'CDE', '', '', '', '', '']",《研討類》,[],True
https://selcrs.nsysu.edu.tw/menu5/showoutline.asp?SYEAR=115&SEM=1&CrsDat=IBMS535&Crsname=基因工程,,,False,生醫碩,IBMS535,0,不分班,"基因工程
GENE ENGINEERING",3,期,False,25,0,0,25,戴明泓,"三2,3,4(國IR 5005)","['', '', '234', '', '', '', '']",《講授類》,['生物技術學程'],False
https://selcrs.nsysu.edu.tw/menu5/showoutline.asp?SYEAR=115&SEM=1&CrsDat=IBMS628&Crsname=細胞遷移與疾病,,,False,生醫碩,IBMS628,0,不分班,"細胞遷移與疾病
CELL MIGRATION AND DISEASES",3,期,False,20,0,0,20,張玉泉,"五2,3,4(國IR 5001)","['', '', '', '', '234', '', '']",《講授類》,[],False
https://selcrs.nsysu.edu.tw/menu5/showoutline.asp?SYEAR=115&SEM=1&CrsDat=IBMS629&Crsname=RNA分子生物學及RNA技術應用,,,False,生醫碩,IBMS629,0,不分班,"RNA分子生物學及RNA技術應用
RNA MOLECULAR BIOLOGY, METHODOLOGIES, AND APPLICATIONS",3,期,False,20,0,0,20,楊仁豪,"五2,3,4(國IR 5004)","['', '', '', '', '234', '', '']",《講授類》,[],True
https://selcrs.nsysu.edu.tw/menu5/showoutline.asp?SYEAR=115&SEM=1&CrsDat=IMST501&Crsname=書報討論（一）,,,False,醫科碩,IMST501,1,不分班,"書報討論（一）
SEMINAR（I）",1,期,True,20,0,0,20,莊承鑫,三6(國IR 5002),"['', '', '6', '', '', '', '']",《研討類》,[],False
https://selcrs.nsysu.edu.tw/menu5/showoutline.asp?SYEAR=115&SEM=1&CrsDat=IMST505&Crsname=細胞分子生物學,,,False,醫科碩,IMST505,1,不分班,"細胞分子生物學
CELL MOLECULAR BIOLOGY",3,期,True,20,0,0,20,廖子嫻,"二2,3,4(國IR 1006-1)","['', '234', '', '', '', '', '']",《講授類》,[],False
https://selcrs.nsysu.edu.tw/menu5/showoutline.asp?SYEAR=115&SEM=1&CrsDat=IMST512&Crsname=醫療法規與倫理特論,,,False,醫科碩,IMST512,0,不分班,"醫療法規與倫理特論
SPECIAL TOPICS IN MEDICAL LAWS AND MEDICAL ETHICS",3,期,False,15,0,0,15,廖子嫻,"二B,5,6(國IR 1006-1)","['', 'B56', '', '', '', '', '']",《講授類》,[],False
https://selcrs.nsysu.edu.tw/menu5/showoutline.asp?SYEAR=115&SEM=1&CrsDat=IMST518&Crsname=生物資訊學,,,False,醫科碩,IMST518,0,不分班,"生物資訊學
BIOINFORMATICS",3,期,False,15,0,0,15,陳志杰,"一2,3,4(國IR 1006-1)","['234', '', '', '', '', '', '']",《講授類》,"['生物技術學程', '醫師科學家微學程', '醫師工程師微學程']",False
https://selcrs.nsysu.edu.tw/menu5/showoutline.asp?SYEAR=115&SEM=1&CrsDat=IMST522&Crsname=奈米材料專題研究（一）,,,False,醫科碩,IMST522,0,不分班,"奈米材料專題研究（一）
INDEPENDENT STUDIES IN NANOMATERIALS （I）",3,期,False,10,0,0,10,廖子嫻,"一5,6,7(國IR 1006-1)","['567', '', '', '', '', '', '']",《獨立研究》,[],False
https://selcrs.nsysu.edu.tw/menu5/showoutline.asp?SYEAR=115&SEM=1&CrsDat=IMST526&Crsname=計算生物專題研究（一）,,,False,醫科碩,IMST526,0,不分班,"計算生物專題研究（一）
INDEPENDENT STUDIES IN COMPUTATIONAL BIOLOGY （I）",3,期,False,10,0,0,10,陳志杰,"五8,6,7(國IR 1006-1)","['', '', '', '', '678', '', '']",《獨立研究》,[],False
https://selcrs.nsysu.edu.tw/menu5/showoutline.asp?SYEAR=115&SEM=1&CrsDat=IMST535&Crsname=神經人因工程專題研究（一）,,,False,醫科碩,IMST535,0,不分班,"神經人因工程專題研究（一）
INDEPENDENT STUDIES IN NEUROERGONOMICS （I）",3,期,False,20,0,0,20,林遠彬,"一5,6,7(國IR 5002)","['567', '', '', '', '', '', '']",《獨立研究》,[],False
https://selcrs.nsysu.edu.tw/menu5/showoutline.asp?SYEAR=115&SEM=1&CrsDat=IMST538&Crsname=腦機介面理論及實務,,,False,醫科碩,IMST538,1,不分班,"腦機介面理論及實務
BRAIN-COMPUTER INTERFACE : PRINCIPLES AND PRACTICE",3,期,True,30,0,0,30,林遠彬,"五2,3,4(國IR 5002)","['', '', '', '', '234', '', '']",《講授類》,['醫師工程師微學程'],True
https://selcrs.nsysu.edu.tw/menu5/showoutline.asp?SYEAR=115&SEM=1&CrsDat=IMST539&Crsname=臨床毒理學專題研究（一）,,,False,醫科碩,IMST539,0,不分班,"臨床毒理學專題研究（一）
INDEPENDENT STUDIES IN CLINICAL TOXICOLOGY (I)",3,期,False,10,0,0,10,李啟偉,"五4,B,5(國IR 1006-1)","['', '', '', '', '4B5', '', '']",《獨立研究》,[],False
https://selcrs.nsysu.edu.tw/menu5/showoutline.asp?SYEAR=115&SEM=1&CrsDat=IMST541&Crsname=化工材料,,,False,醫科碩,IMST541,0,不分班,"化工材料
CHEMICAL ENGINEERING MATERIALS",3,期,False,20,0,0,20,陳玟帆,"一5,6,7(國IR 5003)","['567', '', '', '', '', '', '']",《講授類》,['醫師工程師微學程'],True
https://selcrs.nsysu.edu.tw/menu5/showoutline.asp?SYEAR=115&SEM=1&CrsDat=IMST543&Crsname=病理學,,,False,醫科碩,IMST543,1,不分班,"病理學
PATHOLOGY",3,期,True,50,0,0,50,李啟偉,"五8,6,7(國IR 5002)","['', '', '', '', '678', '', '']",《講授類》,[],True
https://selcrs.nsysu.edu.tw/menu5/showoutline.asp?SYEAR=115&SEM=1&CrsDat=IMST549&Crsname=內科學導論,,,False,醫科碩,IMST549,0,不分班,"內科學導論
INTRODUCTION TO INTERNAL MEDICINE",3,期,False,50,0,0,50,李啟偉,"四8,6,7(國IR 5002)","['', '', '', '678', '', '', '']",《講授類》,[],True
https://selcrs.nsysu.edu.tw/menu5/showoutline.asp?SYEAR=115&SEM=1&CrsDat=IMST551&Crsname=3D列印應用實作,,,False,醫科碩,IMST551,0,不分班,"3D列印應用實作
3D PRINTING APPLICATIONS AND PRACTICES",3,期,False,40,0,0,40,陳玟帆,"二2,3,4(國IR 5002)","['', '234', '', '', '', '', '']",《講授類》,['醫師工程師微學程'],False
https://selcrs.nsysu.edu.tw/menu5/showoutline.asp?SYEAR=115&SEM=1&CrsDat=IMST555&Crsname=多功能材料專題研究（一）,,,False,醫科碩,IMST555,0,不分班,"多功能材料專題研究（一）
INDEPENDENT STUDIES IN FUNCTIONAL MATERIALS (I)",3,期,False,10,0,0,10,陳玟帆,"五1,2,3(國IR 1006-1)","['', '', '', '', '123', '', '']",《獨立研究》,[],False
https://selcrs.nsysu.edu.tw/menu5/showoutline.asp?SYEAR=115&SEM=1&CrsDat=IMST573&Crsname=微奈米感測專題研究（一）,,,False,醫科碩,IMST573,0,不分班,"微奈米感測專題研究（一）
INDEPENDENT STUDY IN MICRO/NANO SENSING TECHNOLOGY (I)",3,期,False,20,0,0,20,莊承鑫,"五2,3,4(國IR 5003)","['', '', '', '', '234', '', '']",《獨立研究》,[],False
https://selcrs.nsysu.edu.tw/menu5/showoutline.asp?SYEAR=115&SEM=1&CrsDat=IMST583&Crsname=實驗動物模式與人類疾病特論,,,False,醫科碩,IMST583,0,不分班,"實驗動物模式與人類疾病特論
ANIMAL MODELS FOR HUMAN DISEASE",2,期,False,20,0,0,20,儲天輝,"二5,6(國IR 5003)","['', '56', '', '', '', '', '']",《講授類》,[],False
https://selcrs.nsysu.edu.tw/menu5/showoutline.asp?SYEAR=115&SEM=1&CrsDat=IMST601&Crsname=書報討論（三）,,,False,醫科碩,IMST601,2,不分班,"書報討論（三）
SEMINAR (III)",1,期,True,20,0,0,20,莊承鑫,三7(國IR 5002),"['', '', '7', '', '', '', '']",《研討類》,[],False
https://selcrs.nsysu.edu.tw/menu5/showoutline.asp?SYEAR=115&SEM=1&CrsDat=IMST604&Crsname=結構生物學,,,False,醫科碩,IMST604,0,不分班,"結構生物學
STRUCTURAL BIOLOGY",3,期,False,10,0,0,10,陳志杰,"四2,3,4(國IR 1006-1)","['', '', '', '234', '', '', '']",《講授類》,[],False
https://selcrs.nsysu.edu.tw/menu5/showoutline.asp?SYEAR=115&SEM=1&CrsDat=IMST605&Crsname=智慧長照書報討論（一）,,,False,醫科碩,IMST605,1,不分班,"智慧長照書報討論（一）
SEMINAR IN LONG-TERM CARE (I)",1,期,True,20,0,0,20,柯朝元,三5(國IR 5003),"['', '', '5', '', '', '', '']",《研討類》,[],False
https://selcrs.nsysu.edu.tw/menu5/showoutline.asp?SYEAR=115&SEM=1&CrsDat=IMST606&Crsname=智慧長期照護專論,,,False,醫科碩,IMST606,1,不分班,"智慧長期照護專論
SPECIAL TOPICS IN INTELLIGENT LONG-TERM CARE",2,期,True,20,0,0,20,"鄒綉菊,金憲國","三3,4(國IR 5003)","['', '', '34', '', '', '', '']",《講授類》,[],False
https://selcrs.nsysu.edu.tw/menu5/showoutline.asp?SYEAR=115&SEM=1&CrsDat=IMST607&Crsname=長照智慧科技實務應用（一）,,,False,醫科碩,IMST607,1,不分班,"長照智慧科技實務應用（一）
APPLICATION OF INTELLIGENT ASSISTANCE TECHNOLOGIES IN LONG-TERM CARE SERVICES(Ⅰ)",2,期,True,15,0,0,15,"呂睿騰,巫常誠","四5,6(國IR 1006-1)","['', '', '', '56', '', '', '']",《講授類》,[],False
https://selcrs.nsysu.edu.tw/menu5/showoutline.asp?SYEAR=115&SEM=1&CrsDat=IMST608&Crsname=長期照護技術特論,,,False,醫科碩,IMST608,1,不分班,"長期照護技術特論
SPECIAL TOPICS IN TECHNOLOGY FOR LONG-TERM CARE",2,期,True,15,0,0,15,"李柏群,袁建漢","四8,7(國IR 1006-1)","['', '', '', '78', '', '', '']",《講授類》,[],False
https://selcrs.nsysu.edu.tw/menu5/showoutline.asp?SYEAR=115&SEM=1&CrsDat=IMST611&Crsname=高齡AI睡眠及聽損,,,False,醫科碩,IMST611,0,不分班,"高齡AI睡眠及聽損
THE ARTIFICIAL INTELLIGENCE APPLICATION FOR SLEEP AND HEARING LOSS IN THE ELDERLY",2,期,False,10,0,0,10,曾崇智,"四3,4(國IR 4005)","['', '', '', '34', '', '', '']",《講授類》,['智慧高齡生活微學程'],False
https://selcrs.nsysu.edu.tw/menu5/showoutline.asp?SYEAR=115&SEM=1&CrsDat=IBPS501&Crsname=書報討論（一）,,,False,生技醫藥碩,IBPS501,1,不分班,"書報討論（一）
SEMINAR（I）",1,期,True,50,0,0,50,"施柏漳,賴至人",三3(國IR 5002),"['', '', '3', '', '', '', '']",《講授類》,[],True
https://selcrs.nsysu.edu.tw/menu5/showoutline.asp?SYEAR=115&SEM=1&CrsDat=IBPS503&Crsname=生技醫藥智財與法規,,,False,生技醫藥碩,IBPS503,0,不分班,"生技醫藥智財與法規
THE INTELLECTUAL PROPERTY AND REGULATION IN BIOPHARMACEUTICALS",2,期,False,50,0,0,50,施柏漳,"五3,4(國IR 5005)","['', '', '', '', '34', '', '']",《講授類》,[],True
https://selcrs.nsysu.edu.tw/menu5/showoutline.asp?SYEAR=115&SEM=1&CrsDat=IBPS508&Crsname=毒理學,,,False,生技醫藥碩,IBPS508,0,不分班,"毒理學
TOXIC RESPONSES OF ORGANS",3,期,False,50,0,0,50,施柏漳,"二8,6,7(國IR 6017-1)","['', '678', '', '', '', '', '']",《講授類》,[],True
https://selcrs.nsysu.edu.tw/menu5/showoutline.asp?SYEAR=115&SEM=1&CrsDat=IBPS518&Crsname=醫藥研究動物模式與技術,,,False,生技醫藥碩,IBPS518,0,不分班,"醫藥研究動物模式與技術
THE ANIMAL MODEL AND TECHNOLOGY IN BIOPHARMACEUTICAL RESEARCH",2,期,False,50,0,0,50,孫羽佑,"四6,7(國IR 5004)","['', '', '', '67', '', '', '']",《講授類》,['生物技術學程'],False
https://selcrs.nsysu.edu.tw/menu5/showoutline.asp?SYEAR=115&SEM=1&CrsDat=IBPS521&Crsname=癌症細胞自噬專題研究（一）,,,False,生技醫藥碩,IBPS521,0,不分班,"癌症細胞自噬專題研究（一）
INDEPENDENT STUDIES IN CANCER AUTOPHAGY (I)",3,期,False,50,0,0,50,徐志文,"一2,3,4(國IR 5003)","['234', '', '', '', '', '', '']",《獨立研究》,[],False
https://selcrs.nsysu.edu.tw/menu5/showoutline.asp?SYEAR=115&SEM=1&CrsDat=IBPS523&Crsname=生醫晶片專題研究（一）,,,False,生技醫藥碩,IBPS523,0,不分班,"生醫晶片專題研究（一）
INDEPENDENT STUDIES IN BIOSENSORS (I)",3,期,False,50,0,0,50,余靈珊,"一2,3,4(國IR 6017-1)","['234', '', '', '', '', '', '']",《獨立研究》,[],False
https://selcrs.nsysu.edu.tw/menu5/showoutline.asp?SYEAR=115&SEM=1&CrsDat=IBPS525&Crsname=腫瘤分子生物學,,,False,生技醫藥碩,IBPS525,0,不分班,"腫瘤分子生物學
TUMOR MOLECULAR BIOLOGY",3,期,False,50,0,0,50,徐志文,"四5,6,7(國IR 5003)","['', '', '', '567', '', '', '']",《講授類》,[],True
https://selcrs.nsysu.edu.tw/menu5/showoutline.asp?SYEAR=115&SEM=1&CrsDat=IBPS527&Crsname=生物資訊學及其應用,,,False,生技醫藥碩,IBPS527,0,不分班,"生物資訊學及其應用
BIOINFORMATICS AND APPLICATIONS",3,期,False,50,0,0,50,余靈珊,"五5,6,7(國IR 5004)","['', '', '', '', '567', '', '']",《講授類》,['生物技術學程'],True
https://selcrs.nsysu.edu.tw/menu5/showoutline.asp?SYEAR=115&SEM=1&CrsDat=IBPS528&Crsname=神經疾病與藥物開發特論,,,False,生技醫藥碩,IBPS528,0,不分班,"神經疾病與藥物開發特論
DRUG DEVELOPMENT IN CENTRAL NERVOUS SYSTEM (CNS) DISORDERS",3,期,False,50,0,0,50,孫羽佑,"二2,3,4(國IR 6017-1)","['', '234', '', '', '', '', '']",《講授類》,[],True
https://selcrs.nsysu.edu.tw/menu5/showoutline.asp?SYEAR=115&SEM=1&CrsDat=IBPS529&Crsname=藥物開發通論,,,False,生技醫藥碩,IBPS529,0,不分班,"藥物開發通論
GENERAL THEORY OF DRUG DISCOVERY",2,期,False,50,0,0,50,"余靈珊,孫羽佑,徐志文,施柏漳,賴至人,黃建智","一8,7(醫IL 3015)","['78', '', '', '', '', '', '']",《講授類》,['天然藥物合成學程'],True
https://selcrs.nsysu.edu.tw/menu5/showoutline.asp?SYEAR=115&SEM=1&CrsDat=IBPS530&Crsname=腦缺氧專題研究（一）,,,False,生技醫藥碩,IBPS530,0,不分班,"腦缺氧專題研究（一）
INDEPENDENT STUDIES IN CEREBRAL ISCHEMIA (I)",3,期,False,50,0,0,50,孫羽佑,"三5,6,7(國IR 6017-1)","['', '', '567', '', '', '', '']",《獨立研究》,[],False
https://selcrs.nsysu.edu.tw/menu5/showoutline.asp?SYEAR=115&SEM=1&CrsDat=IBPS534&Crsname=抗癌藥物開發專題研究（一）,,,False,生技醫藥碩,IBPS534,0,不分班,"抗癌藥物開發專題研究（一）
INDEPENDENT STUDIES IN ANTICANCER DRUG DISCOVERY（Ｉ）",3,期,False,50,0,0,50,黃建智,"三1,2,3(國IR 4005)","['', '', '123', '', '', '', '']",《獨立研究》,[],False
https://selcrs.nsysu.edu.tw/menu5/showoutline.asp?SYEAR=115&SEM=1&CrsDat=IBPS538&Crsname=蛋白質降解藥物開發特論 (一),,,False,生技醫藥碩,IBPS538,0,不分班,"蛋白質降解藥物開發特論 (一)
TARGETED PROTEIN DEGRADATION BASED DRUG DEVELOPMENT（I）",3,期,False,50,0,0,50,施柏漳,"三5,6,7(國IR 6017-2)","['', '', '567', '', '', '', '']",《講授類》,[],True
https://selcrs.nsysu.edu.tw/menu5/showoutline.asp?SYEAR=115&SEM=1&CrsDat=IBPS541&Crsname=雙功能分子藥物開發專題研究（一）,,,False,生技醫藥碩,IBPS541,0,不分班,"雙功能分子藥物開發專題研究（一）
INDEPENDENT STUDIES IN BIFUNCTIONAL MOLECULE DRUG DISCOVERY（I）",3,期,False,50,0,0,50,施柏漳,"二2,3,4(國IR 5005)","['', '234', '', '', '', '', '']",《獨立研究》,[],False
https://selcrs.nsysu.edu.tw/menu5/showoutline.asp?SYEAR=115&SEM=1&CrsDat=IBPS544&Crsname=疫苗開發專題研究（一）,,,False,生技醫藥碩,IBPS544,0,不分班,"疫苗開發專題研究（一）
INDEPENDENT STUDY IN VACCINE DEVELOPMENT（I）",3,期,False,50,0,0,50,賴至人,"三5,6,7(國IR 5004)","['', '', '567', '', '', '', '']",《獨立研究》,[],False
https://selcrs.nsysu.edu.tw/menu5/showoutline.asp?SYEAR=115&SEM=1&CrsDat=IBPS545&Crsname=血管新生與癌症轉移治療,,,False,生技醫藥碩,IBPS545,0,不分班,"血管新生與癌症轉移治療
INVESTIGATION OF ANGIOGENESIS AND METASTASIS FOR CANCER THERAPY",3,期,False,50,0,0,50,賴至人,"五5,6,7(國IR 6017-2)","['', '', '', '', '567', '', '']",《講授類》,[],True
https://selcrs.nsysu.edu.tw/menu5/showoutline.asp?SYEAR=115&SEM=1&CrsDat=IBPS548&Crsname=RNA疫苗概論與設計,,,False,生技醫藥碩,IBPS548,0,不分班,"RNA疫苗概論與設計
PRINCIPLE AND DESIGN OF RNA VACCINES",2,期,False,50,0,0,50,賴至人,"一3,4(國IR 6017-2)","['34', '', '', '', '', '', '']",《講授類》,[],False
https://selcrs.nsysu.edu.tw/menu5/showoutline.asp?SYEAR=115&SEM=1&CrsDat=IBPS552&Crsname=專題研究（一）,,,False,生技醫藥碩,IBPS552,0,不分班,"專題研究（一）
INDEPENDENT STUDIES (I)",3,期,False,50,0,0,50,"王文宏,甘祐瑜,陳亮傑","一2,3,4(國IR 6017-2)","['234', '', '', '', '', '', '']",《獨立研究》,[],False
https://selcrs.nsysu.edu.tw/menu5/showoutline.asp?SYEAR=115&SEM=1&CrsDat=IBPS601&Crsname=書報討論（三）,,,False,生技醫藥碩,IBPS601,2,不分班,"書報討論（三）
SEMINAR（III）",1,期,True,50,0,0,50,"孫羽佑,黃建智",三4(國IR 5002),"['', '', '4', '', '', '', '']",《講授類》,[],True
https://selcrs.nsysu.edu.tw/menu5/showoutline.asp?SYEAR=115&SEM=1&CrsDat=IBPS603&Crsname=科技論文寫作,,,False,生技醫藥碩,IBPS603,0,不分班,"科技論文寫作
SCIENTIFIC WRITING",2,期,False,50,0,0,50,余靈珊,"四3,4(國IR 5001)","['', '', '', '34', '', '', '']",《講授類》,[],True
https://selcrs.nsysu.edu.tw/menu5/showoutline.asp?SYEAR=115&SEM=1&CrsDat=IPM501&Crsname=書報討論（一）,,,False,精準醫學碩,IPM501,1,不分班,"書報討論（一）
SEMINAR(I)",1,期,True,50,0,0,50,"于松桓,楊佳寧",三5(國IR 5001),"['', '', '5', '', '', '', '']",《講授類》,[],True
https://selcrs.nsysu.edu.tw/menu5/showoutline.asp?SYEAR=115&SEM=1&CrsDat=IPM505&Crsname=生醫資訊處理實務,,,False,精準醫學碩,IPM505,0,不分班,"生醫資訊處理實務
PROCESSING BIOMEDICAL INFORMATION",3,期,False,50,0,0,50,馮已榕,"四2,3,4(國IR 6017-1)","['', '', '', '234', '', '', '']",《講授類》,['醫師科學家微學程'],False
https://selcrs.nsysu.edu.tw/menu5/showoutline.asp?SYEAR=115&SEM=1&CrsDat=IPM506&Crsname=進階生物醫學統計學,,,False,精準醫學碩,IPM506,0,不分班,"進階生物醫學統計學
ADVANCED BIOMEDICAL STATISTICS",3,期,False,50,0,0,50,馮已榕,"二2,3,4(國IR 5004)","['', '234', '', '', '', '', '']",《講授類》,['醫師科學家微學程'],True
https://selcrs.nsysu.edu.tw/menu5/showoutline.asp?SYEAR=115&SEM=1&CrsDat=IPM507&Crsname=分子元件設計概論,,,False,精準醫學碩,IPM507,0,不分班,"分子元件設計概論
MOLECULAR DEVICE DESIGN",2,期,False,50,0,0,50,楊佳寧,"二5,6(國IR 5001)","['', '56', '', '', '', '', '']",《講授類》,[],False
https://selcrs.nsysu.edu.tw/menu5/showoutline.asp?SYEAR=115&SEM=1&CrsDat=IPM508&Crsname=蛋白質分子模擬專題研究（一）,,,False,精準醫學碩,IPM508,0,不分班,"蛋白質分子模擬專題研究（一）
INDEPENDENT STUDIES IN SIMULATIONS ON PROTEIN DYNAMICS (I)",3,期,False,50,0,0,50,楊佳寧,"四5,6,7(國IR 6017-1)","['', '', '', '567', '', '', '']",《獨立研究》,[],False
https://selcrs.nsysu.edu.tw/menu5/showoutline.asp?SYEAR=115&SEM=1&CrsDat=IPM511&Crsname=醫療數據分析專題研究（一）,,,False,精準醫學碩,IPM511,0,不分班,"醫療數據分析專題研究（一）
INDEPENDENT STUDIES IN REAL-WORLD HEALTH DATA (I)",3,期,False,50,0,0,50,馮已榕,"一5,6,7(國IR 4005)","['567', '', '', '', '', '', '']",《獨立研究》,[],False
https://selcrs.nsysu.edu.tw/menu5/showoutline.asp?SYEAR=115&SEM=1&CrsDat=IPM513&Crsname=創新精準醫學導論,,,False,精準醫學碩,IPM513,1,不分班,"創新精準醫學導論
INTRODUCTION TO INNOVATIVE PRECISION MEDICINE",3,期,True,50,0,0,50,"李豪嶧,陳俊朝,馮已榕","三2,3,4(國IR 5001)","['', '', '234', '', '', '', '']",《講授類》,"['生物技術學程', '醫師科學家微學程']",True
https://selcrs.nsysu.edu.tw/menu5/showoutline.asp?SYEAR=115&SEM=1&CrsDat=IPM515&Crsname=生物資訊學,,,False,精準醫學碩,IPM515,0,不分班,"生物資訊學
BIOINFORMATICS",3,期,False,50,0,0,50,于松桓,"五2,3,4(國IR 6017-1)","['', '', '', '', '234', '', '']",《講授類》,['醫師科學家微學程'],True
https://selcrs.nsysu.edu.tw/menu5/showoutline.asp?SYEAR=115&SEM=1&CrsDat=IPM516&Crsname=多體學資料分析專題研究（一）,,,False,精準醫學碩,IPM516,0,不分班,"多體學資料分析專題研究（一）
INDEPENDENT STUDIES IN MULTI-OMICS DATA ANALYSIS (I)",3,期,False,50,0,0,50,于松桓,"二5,6,7(國IR 4005)","['', '567', '', '', '', '', '']",《獨立研究》,[],False
https://selcrs.nsysu.edu.tw/menu5/showoutline.asp?SYEAR=115&SEM=1&CrsDat=IPM524&Crsname=蛋白質體學,,,False,精準醫學碩,IPM524,0,不分班,"蛋白質體學
PROTEOMICS",2,期,False,50,0,0,50,于松桓,"五5,6(國IR 5034)","['', '', '', '', '56', '', '']",《講授類》,[],False
https://selcrs.nsysu.edu.tw/menu5/showoutline.asp?SYEAR=115&SEM=1&CrsDat=IPM528&Crsname=生化與分子生物學,,,False,精準醫學碩,IPM528,0,不分班,"生化與分子生物學
BIOCHEMISTRY AND MOLECULAR BIOLOGY",3,期,False,50,0,0,50,陳俊朝,"一2,3,4(國IR 5002)","['234', '', '', '', '', '', '']",《講授類》,['醫師科學家微學程'],True
https://selcrs.nsysu.edu.tw/menu5/showoutline.asp?SYEAR=115&SEM=1&CrsDat=IPM538&Crsname=纖維化及癌症治療策略專題研究（一）,,,False,精準醫學碩,IPM538,0,不分班,"纖維化及癌症治療策略專題研究（一）
INDEPENDENT STUDIES IN THERAPEUTIC STRATEGIES FOR FIBROSIS AND CANCER (I)",3,期,False,50,0,0,50,李佶珉,"四5,6,7(國IR 4005)","['', '', '', '567', '', '', '']",《獨立研究》,[],False
https://selcrs.nsysu.edu.tw/menu5/showoutline.asp?SYEAR=115&SEM=1&CrsDat=IPM540&Crsname=蛋白質工程,,,False,精準醫學碩,IPM540,0,不分班,"蛋白質工程
PROTEIN ENGINEERING",3,期,False,50,0,0,50,陳俊朝,"一5,6,7(國IR 6017-1)","['567', '', '', '', '', '', '']",《講授類》,[],True
https://selcrs.nsysu.edu.tw/menu5/showoutline.asp?SYEAR=115&SEM=1&CrsDat=IPM543&Crsname=藥物基因體學,,,False,精準醫學碩,IPM543,0,不分班,"藥物基因體學
PHARMACOGENOMICS",3,期,False,50,0,0,50,李佶珉,"二2,3,4(國IR 4005)","['', '234', '', '', '', '', '']",《講授類》,[],False
https://selcrs.nsysu.edu.tw/menu5/showoutline.asp?SYEAR=115&SEM=1&CrsDat=IPM547&Crsname=DNA修復機制在癌症發展與治療中的作用,,,False,精準醫學碩,IPM547,0,不分班,"DNA修復機制在癌症發展與治療中的作用
DNA REPAIR MECHANISMS IN CANCER DEVELOPMENT AND THERAPY",3,期,False,50,0,0,50,李豪嶧,"二5,6,7(國IR 5005)","['', '567', '', '', '', '', '']",《講授類》,[],True
https://selcrs.nsysu.edu.tw/menu5/showoutline.asp?SYEAR=115&SEM=1&CrsDat=IPM548&Crsname=腫瘤分子生物學專題研究（一）,,,False,精準醫學碩,IPM548,0,不分班,"腫瘤分子生物學專題研究（一）
INDEPENDENT STUDIES IN MOLECULAR ONCOLOGY (I)",3,期,False,50,0,0,50,李豪嶧,"四2,3,4(國IR 5002)","['', '', '', '234', '', '', '']",《獨立研究》,[],False
https://selcrs.nsysu.edu.tw/menu5/showoutline.asp?SYEAR=115&SEM=1&CrsDat=IPM551&Crsname=基因與行為專題研究（一）,,,False,精準醫學碩,IPM551,0,不分班,"基因與行為專題研究（一）
INDEPENDENT STUDIES IN GENE AND BEHAVIOR (I)",3,期,False,50,0,0,50,"林萱文,陳俊朝","二5,6,7(國IR 6017-2)","['', '567', '', '', '', '', '']",《獨立研究》,[],False
https://selcrs.nsysu.edu.tw/menu5/showoutline.asp?SYEAR=115&SEM=1&CrsDat=IPM554&Crsname=分子細胞生物學實驗原理,,,False,精準醫學碩,IPM554,0,不分班,"分子細胞生物學實驗原理
PRINCIPLE OF MOLECULAR AND CELLULAR BIOLOGY EXPERIMENTS",3,期,False,50,0,0,50,李豪嶧,"四5,6,7(國IR 5005)","['', '', '', '567', '', '', '']",《講授類》,[],True
https://selcrs.nsysu.edu.tw/menu5/showoutline.asp?SYEAR=115&SEM=1&CrsDat=IPM556&Crsname=臨床精準醫學專題研究（一）,,,False,精準醫學碩,IPM556,0,不分班,"臨床精準醫學專題研究（一）
INDEPENDENT STUDIES IN CLINICAL PRECISION MEDICINE (I)",3,期,False,50,0,0,50,"趙敏吾,鄭雅勻","五2,3,4(國IR 6017-2)","['', '', '', '', '234', '', '']",《獨立研究》,[],False
https://selcrs.nsysu.edu.tw/menu5/showoutline.asp?SYEAR=115&SEM=1&CrsDat=IPM601&Crsname=書報討論（三）,,,False,精準醫學碩,IPM601,2,不分班,"書報討論（三）
SEMINAR(III)",1,期,True,50,0,0,50,"李佶珉,馮已榕",三6(國IR 5001),"['', '', '6', '', '', '', '']",《講授類》,[],True
https://selcrs.nsysu.edu.tw/menu5/showoutline.asp?SYEAR=115&SEM=1&CrsDat=ASPT510&Crsname=應用力學與材料力學,,,False,半導體封測所,ASPT510,1,不分班,"應用力學與材料力學
APPLIED MECHANICS AND MECHANICS OF MATERIALS",3,期,False,32,0,0,32,潘正堂,"一5,6,7(工EN 3021)","['567', '', '', '', '', '', '']","《講授類》
網路選課期間先以先進半導體封測所學生修課為優先，外院、電子零組件所及半導體製造所的學生於選課異常處理期間進行紙本加簽選修。",['半導體製程模組學程'],True
https://selcrs.nsysu.edu.tw/menu5/showoutline.asp?SYEAR=115&SEM=1&CrsDat=ASPT520&Crsname=材料科學,,,False,半導體封測所,ASPT520,1,不分班,"材料科學
MATERIALS SCIENCE",3,期,False,5,0,0,5,林瑞欽,"五2,3,4(國IR 6002K)","['', '', '', '', '234', '', '']","《講授類》
網路選課期間先以先進半導體封測所學生修課為優先，外院、電子零組件所及半導體製造所的學生於選課異常處理期間進行紙本加簽選修。","['半導體製程模組學程', '半導體設備工程學程', '半導體元件學程']",True
https://selcrs.nsysu.edu.tw/menu5/showoutline.asp?SYEAR=115&SEM=1&CrsDat=ASPT530A&Crsname=高分子材料,,,False,半導體封測所,ASPT530A,1,不分班,"高分子材料
POLYMER MATERIALS",3,期,False,32,0,0,32,郭紹偉,"二2,3,4(國IR 4002)","['', '234', '', '', '', '', '']","《講授類》
網路選課期間先以先進半導體封測所學生修課為優先，外院、電子零組件所及半導體製造所的學生於選課異常處理期間進行紙本加簽選修。",['半導體製程模組學程'],False
https://selcrs.nsysu.edu.tw/menu5/showoutline.asp?SYEAR=115&SEM=1&CrsDat=ASPT535&Crsname=先進封裝製程與異質整合封裝技術,,,False,半導體封測所,ASPT535,1,不分班,"先進封裝製程與異質整合封裝技術
ADVANCED PACKAGING PROCESS AND HETEROGENEOUS INTEGRATION PACKAGING TECHNOLOGY",3,期,False,32,0,0,32,蔡潤波,"四2,3,4(國IR 4002)","['', '', '', '234', '', '', '']","《講授類》
網路選課期間先以先進半導體封測所學生修課為優先，外院、電子零組件所及半導體製造所的學生於選課異常處理期間進行紙本加簽選修。",[],True
https://selcrs.nsysu.edu.tw/menu5/showoutline.asp?SYEAR=115&SEM=1&CrsDat=ASPT545&Crsname=先進高分子構裝材料,,,False,半導體封測所,ASPT545,1,不分班,"先進高分子構裝材料
ADVANCED POLYMER-BASED ELECTRONIC PACKAGING MATERIALS",3,期,False,32,0,0,32,王志逢,"三2,3,4(國IR 4002)","['', '', '234', '', '', '', '']","《講授類》
網路選課期間先以先進半導體封測所學生修課為優先，外院、電子零組件所及半導體製造所的學生於選課異常處理期間進行紙本加簽選修。",[],True
https://selcrs.nsysu.edu.tw/menu5/showoutline.asp?SYEAR=115&SEM=1&CrsDat=ASPT548&Crsname=半導體可靠度工程,,,False,半導體封測所,ASPT548,1,不分班,"半導體可靠度工程
SEMICONDUCTOR RELIABILITY ENGINEERING",3,期,False,5,0,0,5,林明德,"四2,3,4(國IR 6002J)","['', '', '', '234', '', '', '']","《講授類》
網路選課期間先以先進半導體封測所學生修課為優先，外院、電子零組件所及半導體製造所的學生於選課異常處理期間進行紙本加簽選修。",[],True
https://selcrs.nsysu.edu.tw/menu5/showoutline.asp?SYEAR=115&SEM=1&CrsDat=ASPT563A&Crsname=光電子元件,,,False,半導體封測所,ASPT563A,1,不分班,"光電子元件
OPTOELECTRONICS AND DEVICES",3,期,False,32,0,0,32,陳信助,"二2,3,4(國IR 6002K)","['', '234', '', '', '', '', '']","《講授類》
網路選課期間先以先進半導體封測所學生修課為優先，外院、電子零組件所及半導體製造所的學生於選課異常處理期間進行紙本加簽選修。",[],False
https://selcrs.nsysu.edu.tw/menu5/showoutline.asp?SYEAR=115&SEM=1&CrsDat=ASPT567A&Crsname=雷射微加工於電子封裝之應用,,,False,半導體封測所,ASPT567A,1,不分班,"雷射微加工於電子封裝之應用
APPLICATION OF LASER MICRO-MICROMACHINING IN ELECTRONIC PACKAGING",3,期,False,32,0,0,32,黃仲平,"一5,6,7(國IR 6002K)","['567', '', '', '', '', '', '']","《講授類》
網路選課期間先以先進半導體封測所學生修課為優先，外院、電子零組件所及半導體製造所的學生於選課異常處理期間進行紙本加簽選修。","['半導體製程模組學程', '半導體元件學程']",True
https://selcrs.nsysu.edu.tw/menu5/showoutline.asp?SYEAR=115&SEM=1&CrsDat=ASPT569&Crsname=半導體封裝工程,,,True,半導體封測所,ASPT569,1,不分班,"半導體封裝工程
SEMICONDUCTOR PACKAGING ENGINEERING",3,期,True,45,0,0,45,陳信助,"五2,3,4(國IR 1001)","['', '', '', '', '234', '', '']","《講授類》
網路選課期間先以先進半導體封測所學生修課為優先，外院、電子零組件所及半導體製造所的學生於選課異常處理期間進行紙本加簽選修。",[],False
https://selcrs.nsysu.edu.tw/menu5/showoutline.asp?SYEAR=115&SEM=1&CrsDat=ASPT575&Crsname=電子封裝結構設計與製程技術,,,True,半導體封測所,ASPT575,1,不分班,"電子封裝結構設計與製程技術
STRUCTURAL DESIGN AND PROCESS OF ELECTRONIC PACKAGING TECHNOLOGY",3,期,True,45,0,0,45,林勇志,"二5,6,7(國IR 1001)","['', '567', '', '', '', '', '']","《講授類》
網路選課期間先以先進半導體封測所學生修課為優先，外院、電子零組件所及半導體製造所的學生於選課異常處理期間進行紙本加簽選修。","['半導體製程模組學程', '半導體元件學程']",True
https://selcrs.nsysu.edu.tw/menu5/showoutline.asp?SYEAR=115&SEM=1&CrsDat=ASPT577&Crsname=先進微影科技理論與實務,,,False,半導體封測所,ASPT577,1,不分班,"先進微影科技理論與實務
ADVANCED SEMICONDUCTOR LITHOGRAPHY TECHNOLOGY",3,期,False,5,0,0,5,王俊明,"一2,3,4(國IR 6002J)","['234', '', '', '', '', '', '']","《講授類》
網路選課期間先以先進半導體封測所學生修課為優先，外院、電子零組件所及半導體製造所的學生於選課異常處理期間進行紙本加簽選修。",[],True
https://selcrs.nsysu.edu.tw/menu5/showoutline.asp?SYEAR=115&SEM=1&CrsDat=ASPT579&Crsname=半導體晶圓鍵合技術與應用,,,False,半導體封測所,ASPT579,1,不分班,"半導體晶圓鍵合技術與應用
SEMICONDUCTOR WAFER BONDING TECHNOLOGY AND APPLICATION",3,期,False,32,0,0,32,林勇志,"四5,6,7(國IR 6002K)","['', '', '', '567', '', '', '']","《講授類》
網路選課期間先以先進半導體封測所學生修課為優先，外院、電子零組件所及半導體製造所的學生於選課異常處理期間進行紙本加簽選修。",[],True
https://selcrs.nsysu.edu.tw/menu5/showoutline.asp?SYEAR=115&SEM=1&CrsDat=ASPT580&Crsname=智慧製造與控制實務,,,False,半導體封測所,ASPT580,1,不分班,"智慧製造與控制實務
INTELLIGENT MANUFACTURING AND CONTROL PRACTICES",3,期,False,32,0,0,32,"汪正祺,王郁仁","一2,3,4(工EC 3006)","['234', '', '', '', '', '', '']","《講授類》
網路選課期間先以先進半導體封測所學生修課為優先，外院、電子零組件所及半導體製造所的學生於選課異常處理期間進行紙本加簽選修。","['跨領域智慧製造學程', '半導體設備工程學程', '智慧製造聯網微學程', '製造與大數據分析微學程']",False
https://selcrs.nsysu.edu.tw/menu5/showoutline.asp?SYEAR=115&SEM=1&CrsDat=ASPT585&Crsname=統計製程管制概論,,,True,半導體封測所,ASPT585,2,不分班,"統計製程管制概論
INTRODUCTION TO STATISTICAL PROCESS CONTROL",3,期,True,85,0,0,85,林裕修,"四1,2,3,4(日月光廠區)(實驗)","['', '', '', '1234', '', '', '']","《企業實習》
限先進半導體封測所學生修課。",[],False
https://selcrs.nsysu.edu.tw/menu5/showoutline.asp?SYEAR=115&SEM=1&CrsDat=ASPT585A&Crsname=統計製程管制概論,,,True,半導體封測所,ASPT585A,2,不分班,"統計製程管制概論
INTRODUCTION TO STATISTICAL PROCESS CONTROL",3,期,True,30,0,0,30,孫家彬,"一8,5,6,7(穎崴廠區)(實驗)","['5678', '', '', '', '', '', '']","《企業實習》
限先進半導體封測所學生修課。",[],False
https://selcrs.nsysu.edu.tw/menu5/showoutline.asp?SYEAR=115&SEM=1&CrsDat=ASPT585B&Crsname=統計製程管制概論,,,True,半導體封測所,ASPT585B,2,不分班,"統計製程管制概論
INTRODUCTION TO STATISTICAL PROCESS CONTROL",3,期,True,5,0,0,5,王金保,"四1,2,3,4(華泰廠區)(實驗)","['', '', '', '1234', '', '', '']","《企業實習》
限先進半導體封測所學生修課。",[],False
https://selcrs.nsysu.edu.tw/menu5/showoutline.asp?SYEAR=115&SEM=1&CrsDat=ASPT586&Crsname=專業課程與應用（一）【專業教學】,,,True,半導體封測所,ASPT586,2,不分班,"專業課程與應用（一）【專業教學】
PROFESSIONAL COURSES AND APPLICATIONS (LEVEL 1)–PROFESSIONAL TEACHING",3,期,True,85,0,0,85,林挺生,"一8,5,6,7(日月光廠區)(實驗)","['5678', '', '', '', '', '', '']","《企業實習》
限先進半導體封測所學生修課。",[],False
https://selcrs.nsysu.edu.tw/menu5/showoutline.asp?SYEAR=115&SEM=1&CrsDat=ASPT586A&Crsname=專業課程與應用（一）【專業教學】,,,True,半導體封測所,ASPT586A,2,不分班,"專業課程與應用（一）【專業教學】
PROFESSIONAL COURSES AND APPLICATIONS (LEVEL 1)–PROFESSIONAL TEACHING",3,期,True,25,0,0,25,孫家彬,"二8,5,6,7(穎崴廠區)(實驗)","['', '5678', '', '', '', '', '']","《企業實習》
限先進半導體封測所學生修課。",[],False
https://selcrs.nsysu.edu.tw/menu5/showoutline.asp?SYEAR=115&SEM=1&CrsDat=ASPT586B&Crsname=專業課程與應用（一）【專業教學】,,,True,半導體封測所,ASPT586B,2,不分班,"專業課程與應用（一）【專業教學】
PROFESSIONAL COURSES AND APPLICATIONS (LEVEL 1)–PROFESSIONAL TEACHING",3,期,True,5,0,0,5,王金保,"四8,5,6,7(華泰廠區)(實驗)","['', '', '', '5678', '', '', '']","《企業實習》
限先進半導體封測所學生修課。",[],False
https://selcrs.nsysu.edu.tw/menu5/showoutline.asp?SYEAR=115&SEM=1&CrsDat=ASPT590A&Crsname=系統層級靜電與電磁干擾,,,False,半導體封測所,ASPT590A,1,不分班,"系統層級靜電與電磁干擾
SYSTEM-LEVEL STATIC ELECTRICITY AND ELECTROMAGNETIC INTERFERENCE",3,期,False,32,0,0,32,蔡潤波,"二2,3,4(國IR 6002J)","['', '234', '', '', '', '', '']","《講授類》
網路選課期間先以先進半導體封測所學生修課為優先，外院、電子零組件所及半導體製造所的學生於選課異常處理期間進行紙本加簽選修。",[],False
https://selcrs.nsysu.edu.tw/menu5/showoutline.asp?SYEAR=115&SEM=1&CrsDat=ASPT592&Crsname=專題報告【驗收與規劃A】,,,True,半導體封測所,ASPT592,3,不分班,"專題報告【驗收與規劃A】
PROJECT REPORTING - ACCEPTANCE AND PLANNING （A）",3,期,True,85,0,0,85,賴逸少,"一2,3,4(日月光廠區)(實驗)","['234', '', '', '', '', '', '']","《企業實習》
限先進半導體封測所學生修課。",[],False
https://selcrs.nsysu.edu.tw/menu5/showoutline.asp?SYEAR=115&SEM=1&CrsDat=ASPT592C&Crsname=專題報告【驗收與規劃A】,,,True,半導體封測所,ASPT592C,3,不分班,"專題報告【驗收與規劃A】
PROJECT REPORTING - ACCEPTANCE AND PLANNING （A）",3,期,True,35,0,0,35,王金保,"二2,3,4(華泰廠區)(實驗)","['', '234', '', '', '', '', '']","《企業實習》
限先進半導體封測所學生修課。",[],False
https://selcrs.nsysu.edu.tw/menu5/showoutline.asp?SYEAR=115&SEM=1&CrsDat=ASPT592D&Crsname=專題報告【驗收與規劃A】,,,True,半導體封測所,ASPT592D,3,不分班,"專題報告【驗收與規劃A】
PROJECT REPORTING - ACCEPTANCE AND PLANNING （A）",3,期,True,35,0,0,35,孫家彬,"二2,3,4(穎崴廠區)(實驗)","['', '234', '', '', '', '', '']","《企業實習》
限先進半導體封測所學生修課。",[],False
https://selcrs.nsysu.edu.tw/menu5/showoutline.asp?SYEAR=115&SEM=1&CrsDat=ASPT593A&Crsname=專題報告【驗收與規劃B】,,,True,半導體封測所,ASPT593A,3,不分班,"專題報告【驗收與規劃B】
PROJECT REPORTING - ACCEPTANCE AND PLANNING （B）",3,期,False,35,0,0,35,賴逸少,"四5,6,7(日月光廠區)(實驗)","['', '', '', '567', '', '', '']","《企業實習》
限先進半導體封測所學生修課。",[],False
https://selcrs.nsysu.edu.tw/menu5/showoutline.asp?SYEAR=115&SEM=1&CrsDat=ASPT593B&Crsname=專題報告【驗收與規劃B】,,,True,半導體封測所,ASPT593B,3,不分班,"專題報告【驗收與規劃B】
PROJECT REPORTING - ACCEPTANCE AND PLANNING （B）",3,期,False,10,0,0,10,王金保,"二5,6,7(華泰廠區)(實驗)","['', '567', '', '', '', '', '']","《企業實習》
限先進半導體封測所學生修課。",[],False
https://selcrs.nsysu.edu.tw/menu5/showoutline.asp?SYEAR=115&SEM=1&CrsDat=ASPT593C&Crsname=專題報告【驗收與規劃B】,,,True,半導體封測所,ASPT593C,3,不分班,"專題報告【驗收與規劃B】
PROJECT REPORTING - ACCEPTANCE AND PLANNING （B）",3,期,False,50,0,0,50,孫家彬,"一2,3,4(穎崴廠區)(實驗)","['234', '', '', '', '', '', '']","《企業實習》
限先進半導體封測所學生修課。",[],False
https://selcrs.nsysu.edu.tw/menu5/showoutline.asp?SYEAR=115&SEM=1&CrsDat=ASPT596&Crsname=專題技術報告（一）,,,False,半導體封測所,ASPT596,2,不分班,"專題技術報告（一）
SPECIAL TOPICS & TECHNICAL REPORTS IN ADVANCED SEMICONDUCTOR PACKAGING AND TESTING (I)",0,期,True,85,0,0,85,"林勇志,王志逢,蔡潤波,陳信助,黃仲平","五8,6,7(國IR 6002K)","['', '', '', '', '678', '', '']","《獨立研究》
限先進半導體封測所學生修課。",[],False
https://selcrs.nsysu.edu.tw/menu5/showoutline.asp?SYEAR=115&SEM=1&CrsDat=ASPT598&Crsname=專題技術報告（三）,,,False,半導體封測所,ASPT598,3,不分班,"專題技術報告（三）
SPECIAL TOPICS & TECHNICAL REPORTS IN ADVANCED SEMICONDUCTOR PACKAGING AND TESTING (III)",0,期,True,85,0,0,85,"吳松茂,張美濙,施孟鎧,林勇志,汪正祺,潘正堂,王志逢,蔡崇煒,蔡潤波,郭紹偉,陳信助,魏家博,黃仲平","六2,3,4(教授研究室)","['', '', '', '', '', '234', '']","《獨立研究》
限先進半導體封測所學生修課",[],False
https://selcrs.nsysu.edu.tw/menu5/showoutline.asp?SYEAR=115&SEM=1&CrsDat=ASPT599&Crsname=專題技術報告（四）,,,False,半導體封測所,ASPT599,3,不分班,"專題技術報告（四）
SPECIAL TOPICS & TECHNICAL REPORTS IN ADVANCED SEMICONDUCTOR PACKAGING AND TESTING (IV)",0,期,False,30,0,0,30,"林勇志,王志逢,蔡潤波,陳信助,黃仲平","六8,6,7(教授研究室)","['', '', '', '', '', '678', '']","《獨立研究》
限先進半導體封測所學生修課。",[],False
https://selcrs.nsysu.edu.tw/menu5/showoutline.asp?SYEAR=115&SEM=1&CrsDat=ISM520&Crsname=半導體元件與物理,,,False,半導體製造碩,ISM520,1,不分班,"半導體元件與物理
SEMICONDUCTOR DEVICES AND PHYSICS",3,期,True,50,0,0,50,馬誠佑,"一8,6,7(工EC 3006)","['678', '', '', '', '', '', '']","《講授類》
網路選課期間先以創新半導體製造所學生修課為優先，外院、材料機電所及半導體封測所的學生於選課異常處理期間進行紙本加簽選修。","['半導體製程模組學程', '半導體設備工程學程', '半導體元件學程']",False
https://selcrs.nsysu.edu.tw/menu5/showoutline.asp?SYEAR=115&SEM=1&CrsDat=ISM545&Crsname=人工智慧理論與應用,,,False,半導體製造碩,ISM545,1,不分班,"人工智慧理論與應用
ARTIFICIAL INTELLIGENCE THEORY AND APPLICATIONS",3,期,False,9,0,0,9,蔡崇煒,"四8,6,7(工EC 1006)","['', '', '', '678', '', '', '']","《講授類》
網路選課期間先以創新半導體製造所學生修課為優先，外院、材料機電所及半導體封測所的學生於選課異常處理期間進行紙本加簽選修。",[],False
https://selcrs.nsysu.edu.tw/menu5/showoutline.asp?SYEAR=115&SEM=1&CrsDat=ISM546&Crsname=半導體可靠度工程,,,False,半導體製造碩,ISM546,1,不分班,"半導體可靠度工程
SEMICONDUCTOR RELIABILITY ENGINEERING",3,期,False,9,0,0,9,林明德,"四2,3,4(國IR 6002J)","['', '', '', '234', '', '', '']","《講授類》
網路選課期間先以創新半導體製造所學生修課為優先，外院、材料機電所及半導體封測所的學生於選課異常處理期間進行紙本加簽選修。",[],True
https://selcrs.nsysu.edu.tw/menu5/showoutline.asp?SYEAR=115&SEM=1&CrsDat=ISM550&Crsname=半導體製程整合技術,,,False,半導體製造碩,ISM550,1,不分班,"半導體製程整合技術
SEMICONDUCTOR MANUFACTURING TECHNOLOGY",3,期,True,40,0,0,40,黃義佑,"二8,6,7(國IR 6002K)","['', '678', '', '', '', '', '']","《講授類》
網路選課期間先以創新半導體製造所學生修課為優先，外院、材料機電所及半導體封測所的學生於選課異常處理期間進行紙本加簽選修。","['半導體製程模組學程', '半導體設備工程學程', '半導體元件學程']",False
https://selcrs.nsysu.edu.tw/menu5/showoutline.asp?SYEAR=115&SEM=1&CrsDat=ISM560&Crsname=光電半導體科技,,,False,半導體製造碩,ISM560,1,不分班,"光電半導體科技
OPTOELECTRONICS SEMICONDUCTOR TECHNOLOGY",3,期,False,9,0,0,9,洪勇智,"二2,3,4(工EC 4039)","['', '234', '', '', '', '', '']","《講授類》
網路選課期間先以創新半導體製造所學生修課為優先，外院、材料機電所及半導體封測所的學生於選課異常處理期間進行紙本加簽選修。","['矽光子暨半導體學程', '矽光子微學程']",True
https://selcrs.nsysu.edu.tw/menu5/showoutline.asp?SYEAR=115&SEM=1&CrsDat=ISM563&Crsname=奈米電子元件及製程,,,False,半導體製造碩,ISM563,1,不分班,"奈米電子元件及製程
NANOELECTRONIC DEVICES AND PROCESSES",3,期,False,9,0,0,9,邱奎霖,"四8,6,7(國IR 6002J)","['', '', '', '678', '', '', '']","《講授類》
網路選課期間先以創新半導體製造所學生修課為優先，外院、材料機電所及半導體封測所的學生於選課異常處理期間進行紙本加簽選修。",[],True
https://selcrs.nsysu.edu.tw/menu5/showoutline.asp?SYEAR=115&SEM=1&CrsDat=ISM570&Crsname=微系統製程技術,,,False,半導體製造碩,ISM570,1,不分班,"微系統製程技術
MICROSYSTEM TECHNOLOGIES",3,期,False,9,0,0,9,謝佳旭,"五2,3,4(國IR 6002J)","['', '', '', '', '234', '', '']","《講授類》
網路選課期間先以創新半導體製造所學生修課為優先，外院、材料機電所及半導體封測所的學生於選課異常處理期間進行紙本加簽選修。",[],False
https://selcrs.nsysu.edu.tw/menu5/showoutline.asp?SYEAR=115&SEM=1&CrsDat=ISM575&Crsname=先進半導體科技,,,False,半導體製造碩,ISM575,1,不分班,"先進半導體科技
ADVANCED SEMICONDUCTOR TECHNOLOGY",3,期,False,9,0,0,9,謝佳旭,"三2,3,4(國IR 6002J)","['', '', '234', '', '', '', '']","《講授類》
網路選課期間先以創新半導體製造所學生修課為優先，外院、材料機電所及半導體封測所的學生於選課異常處理期間進行紙本加簽選修。",[],True
https://selcrs.nsysu.edu.tw/menu5/showoutline.asp?SYEAR=115&SEM=1&CrsDat=ISM577&Crsname=先進微影科技理論與實務,,,False,半導體製造碩,ISM577,1,不分班,"先進微影科技理論與實務
ADVANCED SEMICONDUCTOR LITHOGRAPHY TECHNOLOGY",3,期,False,9,0,0,9,王俊明,"一2,3,4(國IR 6002J)","['234', '', '', '', '', '', '']","《講授類》
網路選課期間先以創新半導體製造所學生修課為優先，外院、材料機電所及半導體封測所的學生於選課異常處理期間進行紙本加簽選修。","['半導體製程模組學程', '半導體元件學程']",True
https://selcrs.nsysu.edu.tw/menu5/showoutline.asp?SYEAR=115&SEM=1&CrsDat=ISM579&Crsname=半導體晶圓鍵合技術與應用,,,False,半導體製造碩,ISM579,1,不分班,"半導體晶圓鍵合技術與應用
SEMICONDUCTOR WAFER BONDING TECHNOLOGY AND APPLICATION",3,期,False,5,0,0,5,林勇志,"四5,6,7(國IR 6002K)","['', '', '', '567', '', '', '']","《講授類》
網路選課期間先以創新半導體製造所學生修課為優先，外院、材料機電所及半導體封測所的學生於選課異常處理期間進行紙本加簽選修。",[],True
https://selcrs.nsysu.edu.tw/menu5/showoutline.asp?SYEAR=115&SEM=1&CrsDat=EMM611&Crsname=應用力學與材料力學,,,False,材料機電所,EMM611,1,不分班,"應用力學與材料力學
APPLIED MECHANICS AND MECHANICS OF MATERIALS",3,期,False,5,0,0,5,潘正堂,"一5,6,7(工EN 3021)","['567', '', '', '', '', '', '']","《講授類》
網路選課期間先以電子材料與機電整合研究所學生修課為優先，其他系所學生於選課異常處理期間進行紙本加簽選修。",[],True
https://selcrs.nsysu.edu.tw/menu5/showoutline.asp?SYEAR=115&SEM=1&CrsDat=EMM620&Crsname=材料科學,,,False,材料機電所,EMM620,1,不分班,"材料科學
MATERIALS SCIENCE",3,期,True,30,0,0,30,林瑞欽,"五2,3,4(國IR 6002K)","['', '', '', '', '234', '', '']","《講授類》
網路選課期間先以電子材料與機電整合研究所學生修課為優先，其他系所學生於選課異常處理期間進行紙本加簽選修。",[],True
https://selcrs.nsysu.edu.tw/menu5/showoutline.asp?SYEAR=115&SEM=1&CrsDat=EMM625&Crsname=電子陶瓷,,,False,材料機電所,EMM625,1,不分班,"電子陶瓷
ELECTRONIC CERAMICS",3,期,False,17,0,0,17,林瑞欽,"二8,6,7(國IR 6002J)","['', '678', '', '', '', '', '']","《講授類》
網路選課期間先以電子材料與機電整合研究所學生修課為優先，其他系所學生於選課異常處理期間進行紙本加簽選修。",[],False
https://selcrs.nsysu.edu.tw/menu5/showoutline.asp?SYEAR=115&SEM=1&CrsDat=EMM630&Crsname=高分子材料,,,False,材料機電所,EMM630,1,不分班,"高分子材料
POLYMER MATERIALS",3,期,False,5,0,0,5,郭紹偉,"二2,3,4(國IR 4002)","['', '234', '', '', '', '', '']","《講授類》
網路選課期間先以電子材料與機電整合研究所學生修課為優先，其他系所學生於選課異常處理期間進行紙本加簽選修。",[],False
https://selcrs.nsysu.edu.tw/menu5/showoutline.asp?SYEAR=115&SEM=1&CrsDat=EMM650&Crsname=能源材料及元件,,,False,材料機電所,EMM650,1,不分班,"能源材料及元件
ENERGY MATERIALS AND DEVICES",3,期,False,17,0,0,17,鍾秀瑩,"四2,3,4(國IR 6002K)","['', '', '', '234', '', '', '']","《講授類》
網路選課期間先以電子材料與機電整合研究所學生修課為優先，其他系所學生於選課異常處理期間進行紙本加簽選修。",[],True
https://selcrs.nsysu.edu.tw/menu5/showoutline.asp?SYEAR=115&SEM=1&CrsDat=EMM655&Crsname=奈米材料與分析,,,False,材料機電所,EMM655,1,不分班,"奈米材料與分析
NANOMATERIALS AND ANALYSIS",3,期,False,17,0,0,17,鍾秀瑩,"一2,3,4(國IR 6002K)","['234', '', '', '', '', '', '']","《講授類》
網路選課期間先以電子材料與機電整合研究所學生修課為優先，其他系所學生於選課異常處理期間進行紙本加簽選修。",[],False
https://selcrs.nsysu.edu.tw/menu5/showoutline.asp?SYEAR=115&SEM=1&CrsDat=EMM665&Crsname=薄膜工程與檢測技術,,,False,材料機電所,EMM665,1,不分班,"薄膜工程與檢測技術
THIN-FILM ENGINEERING AND CHARACTERIZATION",3,期,False,17,0,0,17,黃仲平,"三2,3,4(國IR 6002K)","['', '', '234', '', '', '', '']","《講授類》
網路選課期間先以電子材料與機電整合研究所學生修課為優先，其他系所學生於選課異常處理期間進行紙本加簽選修。",[],True
https://selcrs.nsysu.edu.tw/menu5/showoutline.asp?SYEAR=115&SEM=1&CrsDat=EMM666&Crsname=LTCC製程實現LC諧振電路簡介,,,True,材料機電所,EMM666,2,不分班,"LTCC製程實現LC諧振電路簡介
INTERNSHIP IN INTRODUCTION OF LC RESONANCE CIRCUIT BY LTCC PROCESS",3,期,True,5,0,0,5,李俊德,"四1,2,3,4(國巨廠區)(實驗)","['', '', '', '1234', '', '', '']","《企業實習》
限電子材料與機電整合研究所-甲組學生修課",[],False
https://selcrs.nsysu.edu.tw/menu5/showoutline.asp?SYEAR=115&SEM=1&CrsDat=EMM667&Crsname=MLCC製程概要與實習（一）,,,True,材料機電所,EMM667,2,不分班,"MLCC製程概要與實習（一）
INTERNSHIP IN INTRODUCTION OF MLCC MANUFACTURE PROCESS - PART 1",3,期,True,5,0,0,5,徐豐麒,"四8,5,6,7(國巨廠區)(實驗)","['', '', '', '5678', '', '', '']","《企業實習》
限電子材料與機電整合研究所-甲組學生修課",[],False
https://selcrs.nsysu.edu.tw/menu5/showoutline.asp?SYEAR=115&SEM=1&CrsDat=EMM679&Crsname=進階企業實習（一）,,,True,材料機電所,EMM679,2,不分班,"進階企業實習（一）
ADVANCED CORPORATE INTERNSHIP（I）",3,期,True,5,0,0,5,熊學毅,"四1,2,3,4(雷科廠區)(實驗)","['', '', '', '1234', '', '', '']","《企業實習》
限電子材料與機電整合研究所-乙組學生修課",[],False
https://selcrs.nsysu.edu.tw/menu5/showoutline.asp?SYEAR=115&SEM=1&CrsDat=EMM679A&Crsname=進階企業實習（一）,,,True,材料機電所,EMM679A,2,不分班,"進階企業實習（一）
ADVANCED CORPORATE INTERNSHIP（I）",3,期,True,5,0,0,5,陳南誠,"四1,2,3,4(穎崴廠區)(實驗)","['', '', '', '1234', '', '', '']","《企業實習》
限電子材料與機電整合研究所-乙組學生修課",[],False
https://selcrs.nsysu.edu.tw/menu5/showoutline.asp?SYEAR=115&SEM=1&CrsDat=EMM679B&Crsname=進階企業實習（一）,,,True,材料機電所,EMM679B,2,不分班,"進階企業實習（一）
ADVANCED CORPORATE INTERNSHIP（I）",3,期,True,5,0,0,5,林震,"四1,2,3,4(台虹廠區)(實驗)","['', '', '', '1234', '', '', '']","《企業實習》
限電子材料與機電整合研究所-乙組學生修課",[],False
https://selcrs.nsysu.edu.tw/menu5/showoutline.asp?SYEAR=115&SEM=1&CrsDat=EMM679C&Crsname=進階企業實習（一）,,,True,材料機電所,EMM679C,2,不分班,"進階企業實習（一）
ADVANCED CORPORATE INTERNSHIP（I）",3,期,True,5,0,0,5,待聘,"四1,2,3,4(鈦昇廠區)(實驗)","['', '', '', '1234', '', '', '']","《企業實習》
限電子材料與機電整合研究所-乙組學生修課",[],False
https://selcrs.nsysu.edu.tw/menu5/showoutline.asp?SYEAR=115&SEM=1&CrsDat=EMM680&Crsname=進階企業實習（二）,,,True,材料機電所,EMM680,2,不分班,"進階企業實習（二）
ADVANCED CORPORATE INTERNSHIP（II）",3,期,True,5,0,0,5,熊學毅,"四8,5,6,7(雷科廠區)(實驗)","['', '', '', '5678', '', '', '']","《企業實習》
限電子材料與機電整合研究所-乙組學生修課",[],False
https://selcrs.nsysu.edu.tw/menu5/showoutline.asp?SYEAR=115&SEM=1&CrsDat=EMM680A&Crsname=進階企業實習（二）,,,True,材料機電所,EMM680A,2,不分班,"進階企業實習（二）
ADVANCED CORPORATE INTERNSHIP（II）",3,期,True,5,0,0,5,陳南誠,"四8,5,6,7(穎崴廠區)(實驗)","['', '', '', '5678', '', '', '']","《企業實習》
限電子材料與機電整合研究所-乙組學生修課",[],False
https://selcrs.nsysu.edu.tw/menu5/showoutline.asp?SYEAR=115&SEM=1&CrsDat=EMM680B&Crsname=進階企業實習（二）,,,True,材料機電所,EMM680B,2,不分班,"進階企業實習（二）
ADVANCED CORPORATE INTERNSHIP（II）",3,期,True,5,0,0,5,林震,"四8,5,6,7(台虹廠區)(實驗)","['', '', '', '5678', '', '', '']","《企業實習》
限電子材料與機電整合研究所-乙組學生修課",[],False
https://selcrs.nsysu.edu.tw/menu5/showoutline.asp?SYEAR=115&SEM=1&CrsDat=EMM680C&Crsname=進階企業實習（二）,,,True,材料機電所,EMM680C,2,不分班,"進階企業實習（二）
ADVANCED CORPORATE INTERNSHIP（II）",3,期,True,5,0,0,5,待聘,"四8,5,6,7(鈦昇廠區)(實驗)","['', '', '', '5678', '', '', '']","《企業實習》
限電子材料與機電整合研究所-乙組學生修課",[],False
https://selcrs.nsysu.edu.tw/menu5/showoutline.asp?SYEAR=115&SEM=1&CrsDat=EMM688&Crsname=高階企業實習（一）,,,True,材料機電所,EMM688,3,不分班,"高階企業實習（一）
SENIOR CORPORATE INTERNSHIP（I）",3,期,True,5,0,0,5,熊學毅,"三2,3,4(雷科廠區)(實驗)","['', '', '234', '', '', '', '']","《企業實習》
限電子材料與機電整合研究所-乙組學生修課",[],False
https://selcrs.nsysu.edu.tw/menu5/showoutline.asp?SYEAR=115&SEM=1&CrsDat=EMM688A&Crsname=高階企業實習（一）,,,True,材料機電所,EMM688A,3,不分班,"高階企業實習（一）
SENIOR CORPORATE INTERNSHIP（I）",3,期,True,5,0,0,5,陳南誠,"二5,6,7(穎崴廠區)(實驗)","['', '567', '', '', '', '', '']","《企業實習》
限電子材料與機電整合研究所-乙組學生修課",[],False
https://selcrs.nsysu.edu.tw/menu5/showoutline.asp?SYEAR=115&SEM=1&CrsDat=EMM688B&Crsname=高階企業實習（一）,,,True,材料機電所,EMM688B,3,不分班,"高階企業實習（一）
SENIOR CORPORATE INTERNSHIP（I）",3,期,True,5,0,0,5,林震,"三2,3,4(台虹廠區)(實驗)","['', '', '234', '', '', '', '']","《企業實習》
限電子材料與機電整合研究所-乙組學生修課",[],False
https://selcrs.nsysu.edu.tw/menu5/showoutline.asp?SYEAR=115&SEM=1&CrsDat=EMM688C&Crsname=高階企業實習（一）,,,True,材料機電所,EMM688C,3,不分班,"高階企業實習（一）
SENIOR CORPORATE INTERNSHIP（I）",3,期,True,5,0,0,5,謝明哲,"二2,3,4(台郡廠區)(實驗)","['', '234', '', '', '', '', '']","《企業實習》
限電子材料與機電整合研究所-乙組學生修課",[],False
https://selcrs.nsysu.edu.tw/menu5/showoutline.asp?SYEAR=115&SEM=1&CrsDat=EMM692&Crsname=積層陶瓷電容微結構與缺陷分析實務,,,True,材料機電所,EMM692,3,不分班,"積層陶瓷電容微結構與缺陷分析實務
INTERNSHIP IN ANALYSIS OF MICROSTRUCTURE AND DEFECTS OF MULTI-LAYER CERAMIC CAPACITORS",3,期,True,5,0,0,5,楊凱勛,"三2,3,4(國巨廠區)(實驗)","['', '', '234', '', '', '', '']","《企業實習》
限電子材料與機電整合研究所-甲組學生修課",[],False
https://selcrs.nsysu.edu.tw/menu5/showoutline.asp?SYEAR=115&SEM=1&CrsDat=EMM696&Crsname=專題技術報告（一）,,,False,材料機電所,EMM696,2,不分班,"專題技術報告（一）
SEMMIAL TOPICS & TECHNICAL REPORTS IN PRECISION ELECTRONIC COMPONENTS (I)",0,期,True,10,0,0,10,"林瑞欽,鍾秀瑩","五5,6,7(國IR 6002J、教授研究室)","['', '', '', '', '567', '', '']","《獨立研究》
限電子材料與機電整合研究所學生修課",[],False
https://selcrs.nsysu.edu.tw/menu5/showoutline.asp?SYEAR=115&SEM=1&CrsDat=EMM698&Crsname=專題技術報告（三）,,,False,材料機電所,EMM698,3,不分班,"專題技術報告（三）
SEMMIAL TOPICS & TECHNICAL REPORTS IN PRECISION ELECTRONIC COMPONENTS (III)",0,期,True,15,0,0,15,"李英杰,林瑞欽,林震,楊凱勛,蔡崇煒,蔡潤波,謝明哲,鍾秀瑩","六2,3,4(教授研究室)","['', '', '', '', '', '234', '']","《獨立研究》
限電子材料與機電整合研究所學生修課",[],False
https://selcrs.nsysu.edu.tw/menu5/showoutline.asp?SYEAR=115&SEM=1&CrsDat=SBF501&Crsname=量化投資與演算法,,,True,國際資產所,SBF501,1,不分班,"量化投資與演算法
QUANTITATIVE INVESTMENT & ALGORITHM",3,期,True,70,0,0,70,彭聰敏,,"['', '', '', '567', '', '', '']","《講授類》
本課程限國資所(一般組)學生加選。",[],True
https://selcrs.nsysu.edu.tw/menu5/showoutline.asp?SYEAR=115&SEM=1&CrsDat=SBF501A&Crsname=量化投資與演算法,,,True,國際資產所,SBF501A,1,不分班,"量化投資與演算法
QUANTITATIVE INVESTMENT & ALGORITHM",3,期,True,70,0,0,70,彭聰敏,,"['', '', '', '', '', 'B56', '']","《講授類》
本課程限國資所(企業組)學生加選。",[],True
https://selcrs.nsysu.edu.tw/menu5/showoutline.asp?SYEAR=115&SEM=1&CrsDat=SBF502&Crsname=總體經濟分析與投資組合,,,True,國際資產所,SBF502,1,不分班,"總體經濟分析與投資組合
MACROECONOMIC ANALYSIS & PORTFOLIO MANAGEMENT",3,期,True,70,0,0,70,艾西亞,,"['', '', '', '', '', 'B56', '']","《講授類》
本課程限國資所(一般組)學生加選。",[],True
https://selcrs.nsysu.edu.tw/menu5/showoutline.asp?SYEAR=115&SEM=1&CrsDat=SBF502A&Crsname=總體經濟分析與投資組合,,,True,國際資產所,SBF502A,1,不分班,"總體經濟分析與投資組合
MACROECONOMIC ANALYSIS & PORTFOLIO MANAGEMENT",3,期,True,70,0,0,70,艾西亞,,"['', '', '', '', '', '789', '']","《講授類》
本課程限國資所(企業組)學生加選。",[],True
https://selcrs.nsysu.edu.tw/menu5/showoutline.asp?SYEAR=115&SEM=1&CrsDat=SBF503&Crsname=創新商業模式實作（一）,,,False,國際資產所,SBF503,1,不分班,"創新商業模式實作（一）
INDEPENDENT STUDIES IN INNOVATIVE BUSINESS MODELS-1",1,期,True,70,0,0,70,"王昭文,郭志文",,"['', '', '', '', '8', '', '']","《獨立研究》
本課程限國資所學生加選。",[],False
https://selcrs.nsysu.edu.tw/menu5/showoutline.asp?SYEAR=115&SEM=1&CrsDat=SBF508&Crsname=另類投資實務,,,False,國際資產所,SBF508,2,不分班,"另類投資實務
ALTERNATIVE INVESTMENT IN PRACTICE",2,期,False,70,0,0,70,待聘,"二6,7(文FA 3011)","['', '67', '', '', '', '', '']",《講授類》,[],True
https://selcrs.nsysu.edu.tw/menu5/showoutline.asp?SYEAR=115&SEM=1&CrsDat=SBF509&Crsname=高資產客戶投資理財實務分享,,,False,國際資產所,SBF509,2,不分班,"高資產客戶投資理財實務分享
CASE STUDY OF HNW INVESTMENT MANAGEMENT",2,期,False,70,0,0,70,賈安霈,,"['', '', '', '', '', '78', '']","《講授類》
本課程優先開放國際金融研究學院學生加選，隨後依名額開放予大學部三年級(含)以上學生申請加選。",[],True
https://selcrs.nsysu.edu.tw/menu5/showoutline.asp?SYEAR=115&SEM=1&CrsDat=SBF550&Crsname=國際金融交易商務談判,,,False,國際資產所,SBF550,2,不分班,"國際金融交易商務談判
NEGOTIATION IN INTERNATIONAL FINANCIAL TRANSACTIONS",2,期,True,70,0,0,70,Bryan Low Yi Teng,,"['', '', '', '', '', '34', '']","《講授類》
本課程優先開放國資所學生加選。",[],True
https://selcrs.nsysu.edu.tw/menu5/showoutline.asp?SYEAR=115&SEM=1&CrsDat=SBF551&Crsname=創新商業模式實作（三）,,,False,國際資產所,SBF551,2,不分班,"創新商業模式實作（三）
INDEPENDENT STUDIES IN INNOVATIVE BUSINESS MODELS-3",1,期,True,70,0,0,70,"王昭文,郭志文",,"['', '', '', '', '8', '', '']","《獨立研究》
本課程限國資所學生加選。",[],False
https://selcrs.nsysu.edu.tw/menu5/showoutline.asp?SYEAR=115&SEM=1&CrsDat=SBF556&Crsname=銀行治理,,,False,國際資產所,SBF556,2,不分班,"銀行治理
MANAGEMENT OF FINANCIAL INSTITUTIONS",2,期,False,70,0,0,70,"呂桔誠,竹下誠二郎",,"['', '', '', '', '67', '', '']","《講授類》
本課程優先開放國際金融研究學院學生加選，隨後依名額開放予大學部三年級(含)以上學生申請加選。",[],True
https://selcrs.nsysu.edu.tw/menu5/showoutline.asp?SYEAR=115&SEM=1&CrsDat=SBF564&Crsname=商用英文實務,,,False,國際資產所,SBF564,1,不分班,"商用英文實務
ENGLISH FOR BUSINESS",1,期,False,120,0,0,120,李汀洧,,"['', '', '', 'D', '', '', '']","《講授類》
本課程限國資所學生加選。",[],True
https://selcrs.nsysu.edu.tw/menu5/showoutline.asp?SYEAR=115&SEM=1&CrsDat=SBF570&Crsname=地緣政治、政策與投資決策,,,False,國際資產所,SBF570,2,不分班,"地緣政治、政策與投資決策
HOW POWER SHAPES MARKETS: GEOPOLITICS, POLICY AND INVESTMENT DECISIONS",2,期,False,50,0,0,50,張綺真,,"['', '', '', '', '', '9C', '']","《講授類》
本課程優先開放國際金融研究學院學生加選，隨後依名額開放予大學部三年級(含)以上學生申請加選。",[],True
https://selcrs.nsysu.edu.tw/menu5/showoutline.asp?SYEAR=115&SEM=1&CrsDat=SBF571&Crsname=專題研究（一）,,,False,國際資產所,SBF571,2,不分班,"專題研究（一）
INDEPENDENT STUDIES (I)",3,期,False,50,0,0,50,彭聰敏,,"['', '', '', '89C', '', '', '']","《獨立研究》
本課程限國際金融研究學院學生加選。",[],True
https://selcrs.nsysu.edu.tw/menu5/showoutline.asp?SYEAR=115&SEM=1&CrsDat=SBF571A&Crsname=專題研究（一）,,,False,國際資產所,SBF571A,2,不分班,"專題研究（一）
INDEPENDENT STUDIES (I)",3,期,False,50,0,0,50,待聘,"五2,3,4(文FA 3011)","['', '', '', '', '234', '', '']",《獨立研究》,[],True
https://selcrs.nsysu.edu.tw/menu5/showoutline.asp?SYEAR=115&SEM=1&CrsDat=DSF501&Crsname=數位金融與數位轉型導論,,,False,數位金融所,DSF501,1,不分班,"數位金融與數位轉型導論
INTRODUCTION TO DIGITAL FINANCE AND DIGITAL TRANSFORMATION",3,期,True,70,0,0,70,王可言,,"['', '', '', '', '234', '', '']","《講授類》
本課程優先開放數金所學生加選。",[],True
https://selcrs.nsysu.edu.tw/menu5/showoutline.asp?SYEAR=115&SEM=1&CrsDat=DSF502&Crsname=永續金融導論,,,False,數位金融所,DSF502,1,不分班,"永續金融導論
INTRODUCTION TO SUSTAINABLE FINANCE",3,期,True,70,0,0,70,貝賽峰,,"['', '', '', '', '', '789', '']","《講授類》
本課程優先開放數金所學生加選。",[],True
https://selcrs.nsysu.edu.tw/menu5/showoutline.asp?SYEAR=115&SEM=1&CrsDat=DSF503&Crsname=創新商業模式實作（一）,,,False,數位金融所,DSF503,1,不分班,"創新商業模式實作（一）
IMPLEMENTATION OF INNOVATIVE BUSINESS MODELS (I)",1,期,True,70,0,0,70,"王昭文,郭志文",,"['', '', '', '', '8', '', '']","《獨立研究》
本課程限數金所學生加選。",[],False
https://selcrs.nsysu.edu.tw/menu5/showoutline.asp?SYEAR=115&SEM=1&CrsDat=DSF508&Crsname=環境、社會與治理(ESG),,,False,數位金融所,DSF508,2,不分班,"環境、社會與治理(ESG)
ENVIRONMENTAL, SOCIAL AND GOVERNANCE (ESG)",3,期,True,70,0,0,70,黃正忠,,"['', '', '', '', '', '56C', '']","《講授類》
本課程優先開放數金所學生加選，實際上課時間另行公告。",[],True
https://selcrs.nsysu.edu.tw/menu5/showoutline.asp?SYEAR=115&SEM=1&CrsDat=DSF509&Crsname=創新商業模式實作（三）,,,False,數位金融所,DSF509,2,不分班,"創新商業模式實作（三）
IMPLEMENTATION OF INNOVATIVE BUSINESS MODELS (III)",1,期,True,70,0,0,70,"王昭文,郭志文",,"['', '', '', '', '8', '', '']","《獨立研究》
本課程限數金所學生加選。",[],False
https://selcrs.nsysu.edu.tw/menu5/showoutline.asp?SYEAR=115&SEM=1&CrsDat=DSF551&Crsname=碳匯和綠色金融工具,,,False,數位金融所,DSF551,1,不分班,"碳匯和綠色金融工具
CARBON SINKS AND GREEN FINANCIAL INSTRUMENTS",2,期,False,70,0,0,70,蔡宏政,,"['', '', '', '', '', '56', '']","《講授類》
本課程優先開放國際金融研究學院學生加選，隨後依名額開放予大學部三年級(含)以上學生申請加選。",[],True
https://selcrs.nsysu.edu.tw/menu5/showoutline.asp?SYEAR=115&SEM=1&CrsDat=DSF552&Crsname=財務風險與永續金融,,,False,數位金融所,DSF552,1,不分班,"財務風險與永續金融
FINANCIAL RISK AND SUSTAINABLE FINANCE",2,期,False,70,0,0,70,Dan Galai,,"['', '', '', '', '56', '', '']","《講授類》
本課程優先開放國際金融研究學院學生加選，隨後依名額開放予大學部三年級(含)以上學生申請加選。",[],True
https://selcrs.nsysu.edu.tw/menu5/showoutline.asp?SYEAR=115&SEM=1&CrsDat=DSF559&Crsname=商用英文實務（三）,,,False,數位金融所,DSF559,0,不分班,"商用英文實務（三）
ENGLISH FOR BUSINESS (III)",1,期,False,120,0,0,120,李汀洧,,"['', '', '', 'E', '', '', '']","《講授類》
本課程限數金所學生加選。",[],True
https://selcrs.nsysu.edu.tw/menu5/showoutline.asp?SYEAR=115&SEM=1&CrsDat=DSF561&Crsname=數位金融領域的監管合規科技,,,False,數位金融所,DSF561,2,不分班,"數位金融領域的監管合規科技
REGULATORY COMPLIANCE TECHNOLOGY IN DIGITAL",2,期,False,70,0,0,70,饒永華,,"['', '', '', '', '67', '', '']","《講授類》
本課程優先開放國際金融研究學院學生加選，隨後依名額開放予大學部三年級(含)以上學生申請加選。",[],True
https://selcrs.nsysu.edu.tw/menu5/showoutline.asp?SYEAR=115&SEM=1&CrsDat=DSF565&Crsname=金融機構數位轉型的策略與實務,,,False,數位金融所,DSF565,2,不分班,"金融機構數位轉型的策略與實務
STRATEGIES AND IMPLEMENTATION OFDIGITAL TRANSFORMATION OF FINANCIAL INSTITUTIONS",2,期,False,70,0,0,70,王可言,,"['', '', '', '', '', '34', '']","《講授類》
本課程優先開放國際金融研究學院學生加選，隨後依名額開放予大學部三年級(含)以上學生申請加選。",[],True
https://selcrs.nsysu.edu.tw/menu5/showoutline.asp?SYEAR=115&SEM=1&CrsDat=BIOS901&Crsname=進階生物學,,,False,生科碩專,BIOS901,1,不分班,"進階生物學
ADVANCED BIOLOGY",3,期,True,50,0,0,50,"江友中,汪海晏,高資棟","四C,D,E(理BI 2002)","['', '', '', 'CDE', '', '', '']",《講授類》,[],False
https://selcrs.nsysu.edu.tw/menu5/showoutline.asp?SYEAR=115&SEM=1&CrsDat=BIOS902&Crsname=碩士論文,,,False,生科碩專,BIOS902,2,不分班,"碩士論文
MASTER THESIS",3,期,True,50,0,0,50,指導教授,"六8,9,C()","['', '', '', '', '', '89C', '']",《研討類》,[],False
https://selcrs.nsysu.edu.tw/menu5/showoutline.asp?SYEAR=115&SEM=1&CrsDat=BIOS910&Crsname=書報討論（一）,,,False,生科碩專,BIOS910,1,不分班,"書報討論（一）
SEMINAR (I)",2,期,True,50,0,0,50,李昆澤,"三D,E(理BI 2002)","['', '', 'DE', '', '', '', '']",《演講/參訪》,[],False
https://selcrs.nsysu.edu.tw/menu5/showoutline.asp?SYEAR=115&SEM=1&CrsDat=BIOS912&Crsname=書報討論（三）,,,False,生科碩專,BIOS912,2,不分班,"書報討論（三）
SEMINAR III",2,期,True,50,0,0,50,陳俊霖,"三D,E(理BI 3001)","['', '', 'DE', '', '', '', '']",《演講/參訪》,[],False
https://selcrs.nsysu.edu.tw/menu5/showoutline.asp?SYEAR=115&SEM=1&CrsDat=BIOS998&Crsname=專題研究（一）,,,False,生科碩專,BIOS998,2,不分班,"專題研究（一）
INDEPENDENT STUDIES(I)",3,期,False,50,0,0,50,"劉勃佑,夏燦風","六D,E,F()","['', '', '', '', '', 'DEF', '']",《獨立研究》,[],False
https://selcrs.nsysu.edu.tw/menu5/showoutline.asp?SYEAR=115&SEM=1&CrsDat=ENVE923&Crsname=碩士論文,,,False,環工碩專,ENVE923,2,不分班,"碩士論文
MASTER THESIS",3,期,True,50,0,0,50,指導教授,"日C,D,E(工EV 4024)","['', '', '', '', '', '', 'CDE']",《研討類》,[],False
https://selcrs.nsysu.edu.tw/menu5/showoutline.asp?SYEAR=115&SEM=1&CrsDat=ENVE924&Crsname=專題演講（一）,,,False,環工碩專,ENVE924,1,不分班,"專題演講（一）
SEMINAR （I）",1,期,True,50,0,0,50,彭彥彬,"日3,4(工EV 4024)","['', '', '', '', '', '', '34']",《演講/參訪》,[],False
https://selcrs.nsysu.edu.tw/menu5/showoutline.asp?SYEAR=115&SEM=1&CrsDat=ENVE924A&Crsname=專題演講（一）,,,False,環工碩專,ENVE924A,2,不分班,"專題演講（一）
SEMINAR （I）",1,期,True,50,0,0,50,陳則綸,"日3,4(工EV 4024)","['', '', '', '', '', '', '34']",《演講/參訪》,[],False
https://selcrs.nsysu.edu.tw/menu5/showoutline.asp?SYEAR=115&SEM=1&CrsDat=ENVE933&Crsname=理化處理,,,False,環工碩專,ENVE933,0,不分班,"理化處理
PHYSICAL－CHEMICAL TREATMENTS",3,期,False,50,0,0,50,黑正明,"六5,6,7(工EV 4024)","['', '', '', '', '', '567', '']",《講授類》,[],False
https://selcrs.nsysu.edu.tw/menu5/showoutline.asp?SYEAR=115&SEM=1&CrsDat=ENVE961&Crsname=空氣污染工程學,,,False,環工碩專,ENVE961,0,不分班,"空氣污染工程學
AIR POLLUTION CONTROL",3,期,False,50,0,0,50,林勳佑,"六2,3,4(工EV 4024)","['', '', '', '', '', '234', '']",《講授類》,[],False
https://selcrs.nsysu.edu.tw/menu5/showoutline.asp?SYEAR=115&SEM=1&CrsDat=CSE9004&Crsname=人工智慧理論與應用,,,False,科技偵查碩專,CSE9004,0,不分班,"人工智慧理論與應用
ARTIFICIAL INTELLIGENCE THEORY AND APPLICATIONS",3,期,False,10,0,0,10,蔡崇煒,"四8,6,7(工EC 1006)","['', '', '', '678', '', '', '']",《講授類》,[],False
https://selcrs.nsysu.edu.tw/menu5/showoutline.asp?SYEAR=115&SEM=1&CrsDat=CSE9011&Crsname=駭客攻防與電腦鑑識技術,,,False,科技偵查碩專,CSE9011,0,不分班,"駭客攻防與電腦鑑識技術
HACK TECHNOLOGY & COMPUTER FORENSIC",3,期,False,10,0,0,10,王智弘,"五2,3,4(圖IL PC03)","['', '', '', '', '234', '', '']",《講授類》,[],False
https://selcrs.nsysu.edu.tw/menu5/showoutline.asp?SYEAR=115&SEM=1&CrsDat=CSE9015&Crsname=碩士論文（二）,,,False,科技偵查碩專,CSE9015,2,不分班,"碩士論文（二）
SPECIAL TOPICS IN MASTER THESIS (II)",2,期,True,10,0,0,10,指導教授,"五C,D(工EC 5000)","['', '', '', '', 'CD', '', '']",《研討類》,[],False
https://selcrs.nsysu.edu.tw/menu5/showoutline.asp?SYEAR=115&SEM=1&CrsDat=MIS901&Crsname=管理資訊系統,,,False,資管碩專,MIS901,1,不分班,"管理資訊系統
MANAGEMENT IFFORMATION SYSTEM",3,期,True,50,0,0,50,林東清,"一C,D,E(管CM 2016)","['CDE', '', '', '', '', '', '']","《講授類》
限資管碩專學生選修",[],False
https://selcrs.nsysu.edu.tw/menu5/showoutline.asp?SYEAR=115&SEM=1&CrsDat=MIS902&Crsname=碩士論文,,,False,資管碩專,MIS902,2,不分班,"碩士論文
MASTER THESIS",3,期,True,50,0,0,50,指導教授,"日1,2,3(管CM 2016)","['', '', '', '', '', '', '123']","《研討類》
限資管碩專學生選修",[],False
https://selcrs.nsysu.edu.tw/menu5/showoutline.asp?SYEAR=115&SEM=1&CrsDat=MIS911&Crsname=系統分析與設計,,,False,資管碩專,MIS911,2,不分班,"系統分析與設計
SYSTEMS ANALYSIS AND DESIGN",3,期,True,50,0,0,50,,,"['', '', '', '', '', '', '']",《講授類》,[],False
https://selcrs.nsysu.edu.tw/menu5/showoutline.asp?SYEAR=115&SEM=1&CrsDat=MIS918&Crsname=電子商務,,,False,資管碩專,MIS918,1,不分班,"電子商務
SOCIAL MEDIA ANALYSIS",3,期,True,50,0,0,50,邱兆民,"二C,D,E(管CM 2016)","['', 'CDE', '', '', '', '', '']","《講授類》
限資管碩專學生選修",[],False
https://selcrs.nsysu.edu.tw/menu5/showoutline.asp?SYEAR=115&SEM=1&CrsDat=MIS952&Crsname=統計基礎及R語言應用,,,False,資管碩專,MIS952,1,不分班,"統計基礎及R語言應用
INTRODUCTION TO STATISTICS: WITH APPLICATIONS IN R",3,期,True,50,0,0,50,李捷,"三D,E,F(管CM 2016)","['', '', 'DEF', '', '', '', '']","《講授類》
限資管碩專學生選修",[],False
https://selcrs.nsysu.edu.tw/menu5/showoutline.asp?SYEAR=115&SEM=1&CrsDat=MIS961&Crsname=書報討論（一）,,,False,資管碩專,MIS961,1,不分班,"書報討論（一）
SEMINAR IN MIS (I)",3,期,True,50,0,0,50,李捷,"六1,2,3()","['', '', '', '', '', '123', '']","《講授類》
限資管碩專學生選修",[],False
https://selcrs.nsysu.edu.tw/menu5/showoutline.asp?SYEAR=115&SEM=1&CrsDat=FM902&Crsname=金融市場理論與實務,,,False,財管碩專,FM902,1,不分班,"金融市場理論與實務
FINANCIAL MARKETS THEORY AND PRACTICE",3,期,False,50,0,0,50,陳俐聿,"一C,D,E(管CM 1023)","['CDE', '', '', '', '', '', '']",《講授類》,[],False
https://selcrs.nsysu.edu.tw/menu5/showoutline.asp?SYEAR=115&SEM=1&CrsDat=FM903&Crsname=財務報表分析,,,False,財管碩專,FM903,1,不分班,"財務報表分析
FINANCIAL STATEMENT ANALYSIS",3,期,False,50,0,0,50,"羅勝議,陳妙玲","四C,D,E(管CM 1023)","['', '', '', 'CDE', '', '', '']",《講授類》,[],False
https://selcrs.nsysu.edu.tw/menu5/showoutline.asp?SYEAR=115&SEM=1&CrsDat=FM904&Crsname=財務管理理論與實務,,,False,財管碩專,FM904,1,不分班,"財務管理理論與實務
FINANCIAL MANAGEMENT THEORIES AND PRACTICES",3,期,False,50,0,0,50,廖源星,"二C,D,E(管CM 3015)","['', 'CDE', '', '', '', '', '']",《講授類》,[],False
https://selcrs.nsysu.edu.tw/menu5/showoutline.asp?SYEAR=115&SEM=1&CrsDat=FM909&Crsname=碩士論文（一）,,,False,財管碩專,FM909,2,不分班,"碩士論文（一）
MASTER THESIS（一）",3,期,True,50,0,0,50,指導教授,"六C,D,E(管CM 1025)","['', '', '', '', '', 'CDE', '']",《研討類》,[],False
https://selcrs.nsysu.edu.tw/menu5/showoutline.asp?SYEAR=115&SEM=1&CrsDat=FM913&Crsname=產業經濟學,,,False,財管碩專,FM913,2,不分班,"產業經濟學
INDUSTRIAL ECONOMICS",3,期,False,50,0,0,50,張世賢,"二C,D,E(管CM 1023)","['', 'CDE', '', '', '', '', '']",《講授類》,[],False
https://selcrs.nsysu.edu.tw/menu5/showoutline.asp?SYEAR=115&SEM=1&CrsDat=FM915&Crsname=財務資訊與實證,,,False,財管碩專,FM915,2,不分班,"財務資訊與實證
FINANCIAL INFORMATION AND EMPIRICS",3,期,False,50,0,0,50,翁培師,"一C,D,E(管CM 3015)","['CDE', '', '', '', '', '', '']",《講授類》,[],False
https://selcrs.nsysu.edu.tw/menu5/showoutline.asp?SYEAR=115&SEM=1&CrsDat=FM918&Crsname=行為財務學的應用,,,False,財管碩專,FM918,2,不分班,"行為財務學的應用
APPLICATIONS OF BEHAVIORAL FINANCE",3,期,False,50,0,0,50,蔡佳芬,"三D,E,F(管CM 3015)","['', '', 'DEF', '', '', '', '']",《講授類》,[],False
https://selcrs.nsysu.edu.tw/menu5/showoutline.asp?SYEAR=115&SEM=1&CrsDat=PAM905&Crsname=研究方法,,,False,公事碩專,PAM905,1,不分班,"研究方法
RESEARCH METHODOLOGY",3,期,True,50,0,0,50,謝政勳,,"['', '', '', '', '', '234B56789', '']","《講授類》
限公事所碩專生",[],False
https://selcrs.nsysu.edu.tw/menu5/showoutline.asp?SYEAR=115&SEM=1&CrsDat=PAM905A&Crsname=研究方法,,,False,公事碩專,PAM905A,1,乙班,"研究方法
RESEARCH METHODOLOGY",3,期,True,50,0,0,50,謝政勳,,"['', '', '', '', '', '', '234B56789']","《講授類》
限公事所碩專生",[],False
https://selcrs.nsysu.edu.tw/menu5/showoutline.asp?SYEAR=115&SEM=1&CrsDat=PAM907&Crsname=公共政策分析,,,False,公事碩專,PAM907,1,不分班,"公共政策分析
PUBLIC POLICY ANALYSIS",3,期,False,50,0,0,50,謝旭昇,"五C,D,E(管CM 1020)","['', '', '', '', 'CDE', '', '']",《講授類》,[],False
https://selcrs.nsysu.edu.tw/menu5/showoutline.asp?SYEAR=115&SEM=1&CrsDat=PAM907A&Crsname=公共政策分析,,,False,公事碩專,PAM907A,1,乙班,"公共政策分析
PUBLIC POLICY ANALYSIS",3,期,False,50,0,0,50,蔡錦昌,,"['', '', '', '', '', '234B56789', '']","《講授類》
限公事所碩專生",[],False
https://selcrs.nsysu.edu.tw/menu5/showoutline.asp?SYEAR=115&SEM=1&CrsDat=PAM908&Crsname=碩士論文,,,False,公事碩專,PAM908,2,不分班,"碩士論文
MASTER THESIS",3,期,True,50,0,0,50,指導教授,"六C,D,E(管CM 1035)","['', '', '', '', '', 'CDE', '']",《研討類》,[],False
https://selcrs.nsysu.edu.tw/menu5/showoutline.asp?SYEAR=115&SEM=1&CrsDat=PAM940&Crsname=新興公共議題研討,,,False,公事碩專,PAM940,2,不分班,"新興公共議題研討
SEMINAR IN EMERGING PUBLIC ISSUES",1,期,False,50,0,0,50,"張瓊婷,彭渰雯,謝旭昇",,"['', '', '', '', '', '', 'CDE']","《研討類》
限公事所碩專生",[],False
https://selcrs.nsysu.edu.tw/menu5/showoutline.asp?SYEAR=115&SEM=1&CrsDat=PAM941&Crsname=計畫評估,,,False,公事碩專,PAM941,2,不分班,"計畫評估
PROGRAMME EVALUATION",3,期,False,50,0,0,50,張瓊婷,"三D,E,F(管CM 1020)","['', '', 'DEF', '', '', '', '']",《講授類》,[],False
https://selcrs.nsysu.edu.tw/menu5/showoutline.asp?SYEAR=115&SEM=1&CrsDat=PAM985&Crsname=公共管理實務個案研討（一）,,,False,公事碩專,PAM985,1,不分班,"公共管理實務個案研討（一）
CASE STUDIES IN PUBLIC MANAGEMENT PRACTICE（I）",2,期,False,50,0,0,50,謝政勳,,"['', '', '', '', '1234B56789CD', '1234B56789CD', '1234B56789CD']","《研討類》
限公事所碩專生",[],False
https://selcrs.nsysu.edu.tw/menu5/showoutline.asp?SYEAR=115&SEM=1&CrsDat=PAM988&Crsname=公共事務與管理,,,False,公事碩專,PAM988,1,不分班,"公共事務與管理
PUBLIC AFFAIRS AND MANAGEMENT",3,期,True,50,0,0,50,"蔡錦昌,黃奕臻","一C,D,E(管CM 1020)","['CDE', '', '', '', '', '', '']",《講授類》,[],False
https://selcrs.nsysu.edu.tw/menu5/showoutline.asp?SYEAR=115&SEM=1&CrsDat=PAM988A&Crsname=公共事務與管理,,,False,公事碩專,PAM988A,1,乙班,"公共事務與管理
PUBLIC AFFAIRS AND MANAGEMENT",3,期,True,50,0,0,50,吳偉寧,,"['', '', '', '', '', '', '234B56789']","《講授類》
限公事所碩專生",[],False
https://selcrs.nsysu.edu.tw/menu5/showoutline.asp?SYEAR=115&SEM=1&CrsDat=HRM901&Crsname=碩士論文,,,False,人管碩專,HRM901,2,不分班,"碩士論文
MASTER THESIS",3,期,True,50,0,0,50,指導教授,"二C,D,E()","['', 'CDE', '', '', '', '', '']",《研討類》,[],False
https://selcrs.nsysu.edu.tw/menu5/showoutline.asp?SYEAR=115&SEM=1&CrsDat=HRM911&Crsname=組織理論與管理,,,False,人管碩專,HRM911,0,不分班,"組織理論與管理
ORGANIZATION THEORY AND MANAGEMENT",3,期,False,28,0,0,28,陳旻男,"四C,D,E(管CM 3043)","['', '', '', 'CDE', '', '', '']","《講授類》
限人管所修",[],False
https://selcrs.nsysu.edu.tw/menu5/showoutline.asp?SYEAR=115&SEM=1&CrsDat=HRM912&Crsname=組織行為,,,False,人管碩專,HRM912,0,不分班,"組織行為
ORGANIZATIONAL BEHAVIOR",3,期,False,28,0,0,28,王豫萱,"日2,3,4(管CM 3043)","['', '', '', '', '', '', '234']","《講授類》
限人管所修",[],False
https://selcrs.nsysu.edu.tw/menu5/showoutline.asp?SYEAR=115&SEM=1&CrsDat=HRM913&Crsname=人力資源管理,,,False,人管碩專,HRM913,1,不分班,"人力資源管理
HUMAN RESOURCE MANAGEMENT",3,期,False,28,0,0,28,謝慧賢,"六5,6,7(管CM 3043)","['', '', '', '', '', '567', '']","《講授類》
限人管所修",[],False
https://selcrs.nsysu.edu.tw/menu5/showoutline.asp?SYEAR=115&SEM=1&CrsDat=HRM914&Crsname=人力資源研究方法,,,False,人管碩專,HRM914,0,不分班,"人力資源研究方法
RESEARCH METHODOLOGY IN HUMAN RESOURCE MANAGEMENT",3,期,False,50,0,0,50,紀乃文,"三A,1,B(管CM 3044)","['', '', 'A1B', '', '', '', '']","《講授類》
限人管所修",[],False
https://selcrs.nsysu.edu.tw/menu5/showoutline.asp?SYEAR=115&SEM=1&CrsDat=HRM922&Crsname=員工意向調查,,,False,人管碩專,HRM922,0,不分班,"員工意向調查
SURVEY OF EMPLOYEES' OPINION",3,期,False,40,0,0,40,王豫萱,"五C,D,E(管CM 3051)","['', '', '', '', 'CDE', '', '']","《講授類》
限人管所修",[],False
https://selcrs.nsysu.edu.tw/menu5/showoutline.asp?SYEAR=115&SEM=1&CrsDat=HRM977&Crsname=機器學習，測驗應用與數據分析,,,False,人管碩專,HRM977,2,不分班,"機器學習，測驗應用與數據分析
MACHINE LEARNING, APPLICATION OF MEASUREMENT, AND DATA ANALYSES",3,期,False,15,0,0,15,鄭怡玲,"六2,3,4(管CM 3043)","['', '', '', '', '', '234', '']","《講授類》
限人管所修；乙組優先選修",[],False
https://selcrs.nsysu.edu.tw/menu5/showoutline.asp?SYEAR=115&SEM=1&CrsDat=HRM996&Crsname=薪酬管理,,,False,人管碩專,HRM996,0,不分班,"薪酬管理
COMPENSATION MANAGEMENT",3,期,False,28,0,0,28,劉念琪,"六C,D,E(管CM 3043)","['', '', '', '', '', 'CDE', '']","《講授類》
限人管所修",[],False
https://selcrs.nsysu.edu.tw/menu5/showoutline.asp?SYEAR=115&SEM=1&CrsDat=ICM905&Crsname=媒體，文化，與社會,,,False,行傳碩專,ICM905,0,不分班,"媒體，文化，與社會
MEDIA,CULTURE,AND SOCIETY",3,期,False,50,0,0,50,譚躍,"二C,D,E(管CM 2029)","['', 'CDE', '', '', '', '', '']",《講授類》,[],False
https://selcrs.nsysu.edu.tw/menu5/showoutline.asp?SYEAR=115&SEM=1&CrsDat=ICM909&Crsname=碩士論文,,,False,行傳碩專,ICM909,2,不分班,"碩士論文
MASTER THESIS",3,期,True,50,0,0,50,指導教授,"六C,D,E(管CM 2032)","['', '', '', '', '', 'CDE', '']",《研討類》,[],False
https://selcrs.nsysu.edu.tw/menu5/showoutline.asp?SYEAR=115&SEM=1&CrsDat=ICM912&Crsname=企業傳播與實務,,,False,行傳碩專,ICM912,0,不分班,"企業傳播與實務
CORPORATE COMMUNICATION AND PRACTICE",1,期,False,50,0,0,50,王紹蓉,六5(管CM 2032),"['', '', '', '', '', '5', '']","《講授類》
限行傳所碩專班學生選修",[],True
