url,change,changeDescription,multipleCompulsory,department,id,grade,class,name,credit,yearSemester,compulsory,restrict,select,selected,remaining,teacher,room,classTime,description,tags,english
https://selcrs.nsysu.edu.tw/menu5/showoutline.asp?SYEAR=114&SEM=2&CrsDat=GEAI1532&Crsname=應用測量學,,,False,跨院選修(海),GEAI1532,0,不分班,"應用測量學
APPLIED SURVEYING TECHNOLOGY",3,期,False,7,0,0,7,鍾秉宸,"五5,6,7(海ME 2005)","['', '', '', '', '567', '', '']","《講授類》
跨院通識與海工系MAEV263課程併班上課",[],False
https://selcrs.nsysu.edu.tw/menu5/showoutline.asp?SYEAR=114&SEM=2&CrsDat=GEAI1544&Crsname=漁業政策概論,,,False,跨院選修(海),GEAI1544,0,不分班,"漁業政策概論
INTRODUCTION TO FISHERIES POLICY",3,期,False,40,0,0,40,高世明,"五5,6,7(海MA 3021)","['', '', '', '', '567', '', '']","《講授類》
跨院通識與海科院（學）MRSC110課程併班上課",[],False
https://selcrs.nsysu.edu.tw/menu5/showoutline.asp?SYEAR=114&SEM=2&CrsDat=GEAI1553&Crsname=海洋無脊椎動物學（二）,,,False,跨院選修(海),GEAI1553,0,不分班,"海洋無脊椎動物學（二）
MARINE INVERTEBRATE ZOOLOGY",2,期,False,20,0,0,20,劉商隱,"五8,7(海MB 2020)","['', '', '', '', '78', '', '']","《講授類》
跨院通識與海資系MBR319課程併班上課",[],False
https://selcrs.nsysu.edu.tw/menu5/showoutline.asp?SYEAR=114&SEM=2&CrsDat=GEAI1559&Crsname=基礎海洋學,,,False,跨院選修(海),GEAI1559,0,不分班,"基礎海洋學
FUNDAMENTALS OF OCEANOGRAPHY",3,期,False,95,0,0,95,"張詠斌,托星豪,李逸環,黃蔚人","五2,3,4(海MA 3021)","['', '', '', '', '234', '', '']","《講授類》
跨院通識與海科院（學）MRSC102課程併班上課",[],False
https://selcrs.nsysu.edu.tw/menu5/showoutline.asp?SYEAR=114&SEM=2&CrsDat=GEAI1569&Crsname=地球科學概論,,,False,跨院選修(海),GEAI1569,0,不分班,"地球科學概論
INTRODUCTION TO EARTH SCIENCE",2,期,False,15,0,0,15,林慧玲,"二3,4(海MA 3020)","['', '34', '', '', '', '', '']","《講授類》
跨院通識與海科系DO237課程併班上課",[],False
https://selcrs.nsysu.edu.tw/menu5/showoutline.asp?SYEAR=114&SEM=2&CrsDat=GEAI1573&Crsname=環境教育教材教法,,,False,跨院選修(海),GEAI1573,0,不分班,"環境教育教材教法
SUBJECT MATTER & TEACHING METHODS FOR ENVIRONMENTAL EDUCATION",2,期,False,15,0,0,15,謝百淇,"二3,4(社SS 2001)","['', '34', '', '', '', '', '']","《講授類》
跨院通識與海科院（學）MRSC104課程併班上課",[],False
https://selcrs.nsysu.edu.tw/menu5/showoutline.asp?SYEAR=114&SEM=2&CrsDat=GEAI1582&Crsname=人因工程,,,False,跨院選修(海),GEAI1582,0,不分班,"人因工程
HUMAN FACTORS ENGINEERING",3,期,False,40,0,0,40,謝孟璋,"三5,6,7(海MA 3021)","['', '', '567', '', '', '', '']","《講授類》
跨院通識與海科院（學）MRSC118課程併班上課",[],False
https://selcrs.nsysu.edu.tw/menu5/showoutline.asp?SYEAR=114&SEM=2&CrsDat=GEAI1584&Crsname=海洋生態學概論,,,False,跨院選修(海),GEAI1584,0,不分班,"海洋生態學概論
PRINCIPLES OF MARINE ECOLOGY",3,期,False,25,0,0,25,熊寶兒,"二5,6,7(海MA 2022)","['', '567', '', '', '', '', '']","《講授類》
跨院通識與海科系DO220課程併班上課",[],True
https://selcrs.nsysu.edu.tw/menu5/showoutline.asp?SYEAR=114&SEM=2&CrsDat=GEAI1585&Crsname=海洋與大氣環流,,,False,跨院選修(海),GEAI1585,0,不分班,"海洋與大氣環流
OCEAN AND ATMOSPHERE CIRCULATIONS",2,期,False,20,0,0,20,李逸環,"四6,7(海MA 3020)","['', '', '', '67', '', '', '']","《講授類》
跨院通識與海科系DO249課程併班上課",[],False
https://selcrs.nsysu.edu.tw/menu5/showoutline.asp?SYEAR=114&SEM=2&CrsDat=GEAI1589&Crsname=工程力學,,,False,跨院選修(海),GEAI1589,0,不分班,"工程力學
ENGINEERING MECHANICS",3,期,True,7,0,0,7,李政賢,"一2,3,4(海ME 2005)","['234', '', '', '', '', '', '']","《講授類》
跨院通識與海工系MAEV240課程併班上課",[],True
https://selcrs.nsysu.edu.tw/menu5/showoutline.asp?SYEAR=114&SEM=2&CrsDat=GEAI1591&Crsname=國家公園概論,,,False,跨院選修(海),GEAI1591,0,不分班,"國家公園概論
INTRODUCTION TO NATIONAL PARKS",2,期,False,30,0,0,30,"塗子萱,張水鍇","五B,5(海MA 3020)","['', '', '', '', 'B5', '', '']","《講授類》
共同授課業界專家：海洋國家公園管理處徐韶良處長、吳岱穎技士。跨院通識與海科院（學）MRSC119課程併班上課",[],False
https://selcrs.nsysu.edu.tw/menu5/showoutline.asp?SYEAR=114&SEM=2&CrsDat=GEAI1594&Crsname=環境科學概論,,,False,跨院選修(海),GEAI1594,0,不分班,"環境科學概論
INTRODUCTION TO ENVIRONMENTAL SCIENCE",2,期,False,30,0,0,30,雷漢杰,"四3,4(海MA 3020)","['', '', '', '34', '', '', '']","《講授類》
跨院通識與海科系DO223課程併班上課",[],False
https://selcrs.nsysu.edu.tw/menu5/showoutline.asp?SYEAR=114&SEM=2&CrsDat=GEAI1595&Crsname=海洋化學光譜分析,,,False,跨院選修(海),GEAI1595,0,不分班,"海洋化學光譜分析
SPECTROSCOPIC ANALYSIS FOR MARINE CHEMISTRY",3,期,False,20,0,0,20,"廖志中,李益銘","二2,3,4(海MB 1009)","['', '234', '', '', '', '', '']","《講授類》
跨院通識與海資系MBR323課程併班上課",[],False
https://selcrs.nsysu.edu.tw/menu5/showoutline.asp?SYEAR=114&SEM=2&CrsDat=GEAI1596&Crsname=海洋生態學,,,False,跨院選修(海),GEAI1596,0,不分班,"海洋生態學
MARINE ECOLOGY",2,期,False,10,0,0,10,"劉商隱,林秀瑾","三3,4(海MB 2015)","['', '', '34', '', '', '', '']","《講授類》
跨院通識與海資系MBR316課程併班上課",[],False
https://selcrs.nsysu.edu.tw/menu5/showoutline.asp?SYEAR=114&SEM=2&CrsDat=GEAI1601&Crsname=心理學,,,False,跨院選修(社),GEAI1601,0,不分班,"心理學
INTRODUCTION TO PSYCHOLOGY",3,期,False,80,0,0,80,"鄭雯,馮雅群","一5,6,7(社SS 2001)","['567', '', '', '', '', '', '']","《講授類》
跨院通識與社科院CSS101課程併班上課",[],False
https://selcrs.nsysu.edu.tw/menu5/showoutline.asp?SYEAR=114&SEM=2&CrsDat=GEAI1605&Crsname=經濟學原理（二）,,,False,跨院選修(社),GEAI1605,0,不分班,"經濟學原理（二）
PRINCIPLES OF ECONOMICS(II)",3,期,False,40,0,0,40,吳世傑,"一2,3,4(社SS 3005)","['234', '', '', '', '', '', '']","《講授類》
跨院通識與政經系PE127課程併班上課",[],False
https://selcrs.nsysu.edu.tw/menu5/showoutline.asp?SYEAR=114&SEM=2&CrsDat=GEAI1614&Crsname=經濟學,,,False,跨院選修(社),GEAI1614,0,不分班,"經濟學
ECONOMICS",3,期,False,30,0,0,30,鄭子長,"五8,6,7(社SS 4001)","['', '', '', '', '678', '', '']","《講授類》
跨院通識與社科院CSS106課程併班上課",[],False
https://selcrs.nsysu.edu.tw/menu5/showoutline.asp?SYEAR=114&SEM=2&CrsDat=GEAI1616&Crsname=國際關係,,,False,跨院選修(社),GEAI1616,0,不分班,"國際關係
INTERNATIONAL RELATIONS",3,期,False,10,0,0,10,辛翠玲,"三2,3,4(社SS 3005)","['', '', '234', '', '', '', '']","《講授類》
跨院通識與政經系PE208課程併班上課",[],False
https://selcrs.nsysu.edu.tw/menu5/showoutline.asp?SYEAR=114&SEM=2&CrsDat=GEAI1640&Crsname=創意程式設計,,,False,跨院選修(社),GEAI1640,0,不分班,"創意程式設計
CREATIVE PROGRAMMING",3,期,False,20,0,0,20,李春雄,"四2,3,4(圖IL PC03)","['', '', '', '234', '', '', '']","《講授類》
限非應數、電機、機電、資工、材光、光電、資管、海工系學生修習跨院通識與社科院CSS123課程併班上課",[],False
https://selcrs.nsysu.edu.tw/menu5/showoutline.asp?SYEAR=114&SEM=2&CrsDat=GEAI1641&Crsname=程式思維與多媒體開發,,,False,跨院選修(社),GEAI1641,0,不分班,"程式思維與多媒體開發
PROGRAM THINKING AND MEDIA",3,期,False,20,0,0,20,陳俊宏,"三5,6,7(圖IL PC03)","['', '', '567', '', '', '', '']","《講授類》
限非應數、電機、機電、資工、材光、光電、資管、海工系學生修習跨院通識與社科院CSS124課程併班上課",[],False
https://selcrs.nsysu.edu.tw/menu5/showoutline.asp?SYEAR=114&SEM=2&CrsDat=GEAI1652&Crsname=智慧城市與智慧運輸趨勢、發展及課題研析,,,False,跨院選修(社),GEAI1652,0,不分班,"智慧城市與智慧運輸趨勢、發展及課題研析
THE TREND, DEVELOPMENT, AND CHALLENGE OF SMART CITY AND SMART TRANSIT",3,期,False,70,0,0,70,李予綱,"五5,6,7(社SS 3001)","['', '', '', '', '567', '', '']","《演講/參訪》
跨院通識與社科院CSS134課程併班上課",[],False
https://selcrs.nsysu.edu.tw/menu5/showoutline.asp?SYEAR=114&SEM=2&CrsDat=GEAI1661&Crsname=總體經濟與政策分析,,,False,跨院選修(社),GEAI1661,0,不分班,"總體經濟與政策分析
MACROECONOMICS AND POLICY ANALYSIS",3,期,False,30,0,0,30,陳冠任,"五2,3,4(社SS 4001)","['', '', '', '', '234', '', '']","《講授類》
跨院通識與社科院CSS147課程併班上課",[],False
https://selcrs.nsysu.edu.tw/menu5/showoutline.asp?SYEAR=114&SEM=2&CrsDat=GEAI1665&Crsname=全球政治,,,False,跨院選修(社),GEAI1665,0,不分班,"全球政治
GLOBAL POLITICS",3,期,False,25,0,0,25,方志恒,"二8,6,7(社SS 4001)","['', '678', '', '', '', '', '']","《講授類》
跨院通識與社會系SOC257課程併班上課",[],True
https://selcrs.nsysu.edu.tw/menu5/showoutline.asp?SYEAR=114&SEM=2&CrsDat=GEAI1667&Crsname=台灣發展歷程,,,False,跨院選修(社),GEAI1667,0,不分班,"台灣發展歷程
TAIWAN’S DEVELOPMENT HISTORY",3,期,False,25,0,0,25,希家玹,"一8,6,7(社SS 4005)","['678', '', '', '', '', '', '']","《講授類》
跨院通識與社科院CSS153課程併班上課",[],False
https://selcrs.nsysu.edu.tw/menu5/showoutline.asp?SYEAR=114&SEM=2&CrsDat=GEAI1680&Crsname=情感教育,,,False,跨院選修(社),GEAI1680,0,不分班,"情感教育
AFFECTIVE EDUCATION",2,期,False,30,0,0,30,"宋呈澔,張宇慧,張至慶,林靜慧,馮雅群","四3,4(社SS 2001)","['', '', '', '34', '', '', '']","《講授類》
跨院通識與社科院CSS163課程併班上課",[],False
https://selcrs.nsysu.edu.tw/menu5/showoutline.asp?SYEAR=114&SEM=2&CrsDat=GEAI1681&Crsname=永續發展與社會創新,,,False,跨院選修(社),GEAI1681,0,不分班,"永續發展與社會創新
SUSTAINABILITY AND SOCIAL INNOVATION",3,期,False,7,0,0,7,"吳亦昕,邱花妹",,"['', '', '1234567', '', '', '12345678', '12345678']","《講授類》
學期中至日本密集式授課3/11-3/16，限有修課同學選修跨院通識與社會系SOC240課程併班上課",[],False
https://selcrs.nsysu.edu.tw/menu5/showoutline.asp?SYEAR=114&SEM=2&CrsDat=GEAI1682&Crsname=原民知識與實作,,,False,跨院選修(社),GEAI1682,0,不分班,"原民知識與實作
INDIGENOUS KNOWLEDGE AND PRACTICE",3,期,False,5,0,0,5,"伊藤佳代,王梅香",,"['123456789CD', '123456789CD', '1234567DEF', '123456789CD', '123456789CD', '', '']","《講授類》
寒假密集式授課2/9-2/13，限有修課同學選修跨院通識與社會系SOC262課程併班上課",[],True
https://selcrs.nsysu.edu.tw/menu5/showoutline.asp?SYEAR=114&SEM=2&CrsDat=GEAI1908&Crsname=基礎生物學,,,False,跨院選修(醫),GEAI1908,0,不分班,"基礎生物學
BASIC CONCEPTS OF BIOLOGY",2,期,False,95,0,0,95,"張玉泉,薛佑玲,鄭光宏","四8,9(通GE 1010)","['', '', '', '89', '', '', '']","《講授類》
跨院通識與醫學院MED101課程併班上課",[],False
https://selcrs.nsysu.edu.tw/menu5/showoutline.asp?SYEAR=114&SEM=2&CrsDat=GEAI1911&Crsname=智慧長照服務創新開發模式,,,False,跨院選修(醫),GEAI1911,0,不分班,"智慧長照服務創新開發模式
DEVELOPMENT MODEL OF SERVICE INNOVATION FOR SMART LONG-TERM CARE",3,期,False,40,0,0,40,莊承鑫,"三5,6,7(醫IL 3017)","['', '', '567', '', '', '', '']","《講授類》
跨院通識與醫學院MED103課程併班上課",[],False
https://selcrs.nsysu.edu.tw/menu5/showoutline.asp?SYEAR=114&SEM=2&CrsDat=GEAI1915&Crsname=醫學史（二）-台灣醫學史,,,False,跨院選修(醫),GEAI1915,0,不分班,"醫學史（二）-台灣醫學史
MEDICAL HISTORY (II) – HISTORY OF MEDICINE IN TAIWAN",2,期,False,20,0,0,20,劉景寬,"四8,7(國IR 4002)","['', '', '', '78', '', '', '']","《講授類》
跨院通識與醫學院MED105課程併班上課",[],False
https://selcrs.nsysu.edu.tw/menu5/showoutline.asp?SYEAR=114&SEM=2&CrsDat=GEAI1919&Crsname=神經科學應用概論,,,False,跨院選修(醫),GEAI1919,0,不分班,"神經科學應用概論
INTRODUCTION OF NEUROSCIENCE AND APPLICATION",2,期,False,30,0,0,30,柯瓊媛,"一5,6(醫IL 9012)","['56', '', '', '', '', '', '']","《講授類》
跨院通識與醫學院MED128課程併班上課",[],False
https://selcrs.nsysu.edu.tw/menu5/showoutline.asp?SYEAR=114&SEM=2&CrsDat=GEAI1922&Crsname=塑膠星球,,,False,跨院選修(醫),GEAI1922,0,不分班,"塑膠星球
PLASTIC PLANET",3,期,False,40,0,0,40,李昇翰,"一8,9,7(醫IL 9010)","['789', '', '', '', '', '', '']","《講授類》
跨院通識與醫學院MED116課程併班上課",[],False
https://selcrs.nsysu.edu.tw/menu5/showoutline.asp?SYEAR=114&SEM=2&CrsDat=GEAI1927&Crsname=瘟疫與人類歷史,,,False,跨院選修(醫),GEAI1927,0,不分班,"瘟疫與人類歷史
PANDEMICS AND HUMAN HISTORY",2,期,False,35,0,0,35,王文宏,"四5,6(醫IL 9012)","['', '', '', '56', '', '', '']","《講授類》
跨院通識與醫學院MED121課程併班上課",[],False
https://selcrs.nsysu.edu.tw/menu5/showoutline.asp?SYEAR=114&SEM=2&CrsDat=GEAI1930&Crsname=環境毒理學,,,False,跨院選修(醫),GEAI1930,0,不分班,"環境毒理學
ENVIRONMENTAL TOXICOLOGY",2,期,False,40,0,0,40,李昇翰,"四1,2(醫IL 9012)","['', '', '', '12', '', '', '']","《講授類》
跨院通識與醫學院MED117課程併班上課",[],False
https://selcrs.nsysu.edu.tw/menu5/showoutline.asp?SYEAR=114&SEM=2&CrsDat=GEAI1931&Crsname=醫用微生物學概論,,,False,跨院選修(醫),GEAI1931,0,不分班,"醫用微生物學概論
BASIC MEDICAL MICROBIOLOGY",3,期,False,30,0,0,30,陳彥樺,"一8,9,7(醫IL 9012)","['789', '', '', '', '', '', '']","《講授類》
跨院通識與醫學院MED125課程併班上課",[],False
https://selcrs.nsysu.edu.tw/menu5/showoutline.asp?SYEAR=114&SEM=2&CrsDat=GEAI1932&Crsname=人體結構探索–初階人體解剖學,,,False,跨院選修(醫),GEAI1932,0,不分班,"人體結構探索–初階人體解剖學
HUMAN STRUCTURE EXPLORATION-BASIC HUMAN ANATOMY",3,期,False,40,0,0,40,柯翠玲,"三2,3,4(醫IL 9012)","['', '', '234', '', '', '', '']","《講授類》
跨院通識與醫學院MED106課程併班上課",[],False
https://selcrs.nsysu.edu.tw/menu5/showoutline.asp?SYEAR=114&SEM=2&CrsDat=GEAI1934&Crsname=毒理學概論,,,False,跨院選修(醫),GEAI1934,0,不分班,"毒理學概論
THE BASIC PRINCIPLE OFTOXICOLOGY",3,期,False,40,0,0,40,趙敏吾,"三5,6,7(醫IL 9012)","['', '', '567', '', '', '', '']","《講授類》
跨院通識與醫學院MED109課程併班上課",[],False
https://selcrs.nsysu.edu.tw/menu5/showoutline.asp?SYEAR=114&SEM=2&CrsDat=GEAI1938&Crsname=環境與職業衛生：飲食生活工作對健康的影響,,,False,跨院選修(醫),GEAI1938,0,不分班,"環境與職業衛生：飲食生活工作對健康的影響
ENVIRONMENTAL ANDOCCUPATIONAL HEALTH:HEALTH EFFECTS FROM DIET,LIFE AND WORK",3,期,False,40,0,0,40,鄭雅勻,"二8,9,7(醫IL 9012)","['', '789', '', '', '', '', '']","《講授類》
跨院通識與醫學院MED112課程併班上課",[],False
https://selcrs.nsysu.edu.tw/menu5/showoutline.asp?SYEAR=114&SEM=2&CrsDat=GEAI1946&Crsname=基礎外傷急救,,,False,跨院選修(醫),GEAI1946,0,不分班,"基礎外傷急救
BASICS OF TRAUMA CARE",2,期,False,30,0,0,30,唐逸文,"一5,6(醫IL 9010)","['56', '', '', '', '', '', '']","《講授類》
跨院通識與醫學院MED129課程併班上課",[],False
https://selcrs.nsysu.edu.tw/menu5/showoutline.asp?SYEAR=114&SEM=2&CrsDat=GEAI1953&Crsname=生物資訊初探,,,False,跨院選修(醫),GEAI1953,0,不分班,"生物資訊初探
INTRODUCTION TO BIOINFORMATICS",2,期,False,30,0,0,30,陳彥樺,"二3,4(圖IL PC01)","['', '34', '', '', '', '', '']","《講授類》
跨院通識與醫學院MED136課程併班上課",[],False
https://selcrs.nsysu.edu.tw/menu5/showoutline.asp?SYEAR=114&SEM=2&CrsDat=GEAI1957&Crsname=展示我們的健康-醫學與博物館學,,,False,跨院選修(醫),GEAI1957,0,不分班,"展示我們的健康-醫學與博物館學
MEDICINE AND MUSEOLOGY: EXHIBITING THE HEALTH",2,期,False,30,0,0,30,劉勃佑,"二5,6(醫IL 9012)","['', '56', '', '', '', '', '']","《講授類》
跨院通識與醫學院MED140課程併班上課",[],False
https://selcrs.nsysu.edu.tw/menu5/showoutline.asp?SYEAR=114&SEM=2&CrsDat=GEAI1960&Crsname=基礎生物醫學技術與應用,,,False,跨院選修(醫),GEAI1960,0,不分班,"基礎生物醫學技術與應用
BASICS OF BIOMEDICAL TECHNOLOGY AND APPLICATIONS",2,期,False,40,0,0,40,李昇翰,"二8,7(醫IL 9010)","['', '78', '', '', '', '', '']","《講授類》
跨院通識與醫學院MED149課程併班上課",[],False
https://selcrs.nsysu.edu.tw/menu5/showoutline.asp?SYEAR=114&SEM=2&CrsDat=GEAI1962&Crsname=藥物獵人：天然物與藥物化學,,,False,跨院選修(醫),GEAI1962,0,不分班,"藥物獵人：天然物與藥物化學
THE DRUG HUNTER: NATURAL PRODUCTS AND MEDICINAL CHEMISTRY",3,期,False,30,0,0,30,陳亮傑,"三5,6,7(醫IL 9010)","['', '', '567', '', '', '', '']","《講授類》
跨院通識與醫學院MED151課程併班上課",[],False
https://selcrs.nsysu.edu.tw/menu5/showoutline.asp?SYEAR=114&SEM=2&CrsDat=GEAI1964&Crsname=神經心理學：大腦與情緒,,,False,跨院選修(醫),GEAI1964,0,不分班,"神經心理學：大腦與情緒
NEUROPSYCHOLOGY: THE BRAIN AND EMOTIONS",3,期,False,40,0,0,40,楊仁豪,"五8,6,7(國IR 4002)","['', '', '', '', '678', '', '']","《講授類》
跨院通識與醫學院MED153課程併班上課",[],True
https://selcrs.nsysu.edu.tw/menu5/showoutline.asp?SYEAR=114&SEM=2&CrsDat=GEAI1967&Crsname=深睡的力量：揭開睡眠與健康的面紗,,,False,跨院選修(醫),GEAI1967,0,不分班,"深睡的力量：揭開睡眠與健康的面紗
THE DEEP POWER OF SLEEP: UNDERSTANDING SLEEP AND HEALTH",3,期,False,30,0,0,30,陳嬿今,"三5,6,7(醫IL3013)","['', '', '567', '', '', '', '']","《講授類》
跨院通識與護理系NURS111課程併班上課",[],False
https://selcrs.nsysu.edu.tw/menu5/showoutline.asp?SYEAR=114&SEM=2&CrsDat=GEAI1973&Crsname=生命的奈米世界：初階細胞生物學,,,False,跨院選修(醫),GEAI1973,0,不分班,"生命的奈米世界：初階細胞生物學
THE NANOWORLD OF LIFE: BASIC CELL BIOLOGY",2,期,False,30,0,0,30,柯瓊媛,"二5,6(醫IL 9010)","['', '56', '', '', '', '', '']","《講授類》
跨院通識與醫學院MED161課程併班上課",[],False
https://selcrs.nsysu.edu.tw/menu5/showoutline.asp?SYEAR=114&SEM=2&CrsDat=GEAI1976&Crsname=新生兒急救：從零開始掌握關鍵技能,,,False,跨院選修(醫),GEAI1976,0,不分班,"新生兒急救：從零開始掌握關鍵技能
NEONATAL RESUSCITATION: MASTERING ESSENTIAL SKILLS FROM SCRATCH",2,期,False,30,0,0,30,陳秀玲,"三3,4(醫IL 9010)","['', '', '34', '', '', '', '']","《講授類》
跨院通識與醫學院MED163課程併班上課",[],False
https://selcrs.nsysu.edu.tw/menu5/showoutline.asp?SYEAR=114&SEM=2&CrsDat=GEAI1979&Crsname=中醫暨整合醫學,,,False,跨院選修(醫),GEAI1979,0,不分班,"中醫暨整合醫學
CHINESE AND INTEGRATIVE MEDICINE",2,期,False,30,0,0,30,"張嘉祐,謝孟倉,陳貞吟","四3,4(醫IL 9012)","['', '', '', '34', '', '', '']","《講授類》
跨院通識與醫學院MED168課程併班上課",[],False
https://selcrs.nsysu.edu.tw/menu5/showoutline.asp?SYEAR=114&SEM=2&CrsDat=GEAI1980&Crsname=多元健康管理,,,False,跨院選修(醫),GEAI1980,0,不分班,"多元健康管理
MULTIDIMENSIONAL HEALTH MANAGEMENT",2,期,False,25,0,0,25,郭素娥,"四8,7(醫IL3013)","['', '', '', '78', '', '', '']","《講授類》
跨院通識與護理系NURS114課程併班上課",[],True
https://selcrs.nsysu.edu.tw/menu5/showoutline.asp?SYEAR=114&SEM=2&CrsDat=GEAI1981&Crsname=家庭與健康,,,False,跨院選修(醫),GEAI1981,0,不分班,"家庭與健康
FAMILIES AND HEALTH",2,期,False,25,0,0,25,王美卿,"四3,4(醫IL3013)","['', '', '', '34', '', '', '']","《講授類》
跨院通識與護理系NURS115課程併班上課",[],True
https://selcrs.nsysu.edu.tw/menu5/showoutline.asp?SYEAR=114&SEM=2&CrsDat=GEAI1982&Crsname=氣候變遷下的健康生活學,,,False,跨院選修(醫),GEAI1982,0,不分班,"氣候變遷下的健康生活學
LIVING WELL IN A CHANGING CLIMATE",3,期,False,25,0,0,25,葉俊吟,"二5,6,7(醫IL3005)","['', '567', '', '', '', '', '']","《講授類》
跨院通識與護理系NURS116課程併班上課",[],True
https://selcrs.nsysu.edu.tw/menu5/showoutline.asp?SYEAR=114&SEM=2&CrsDat=GEAI1984&Crsname=肝臟疾病與研究之新進展,,,False,跨院選修(醫),GEAI1984,0,不分班,"肝臟疾病與研究之新進展
ADVANCE IN LIVER DISEASE AND RESEARCH",2,期,False,25,0,0,25,葉明倫,"二3,4(醫IL 9012)","['', '34', '', '', '', '', '']","《講授類》
跨院通識與醫學院MED170課程併班上課",[],False
https://selcrs.nsysu.edu.tw/menu5/showoutline.asp?SYEAR=114&SEM=2&CrsDat=GEAIE705&Crsname=科技英文閱讀（中高級）,,,False,跨院EAP,GEAIE705,0,不分班,"科技英文閱讀（中高級）
ENGLISH READING FOR SCIENCE AND TECHNOLOGY（HIGH-INTERMEDIATE LEVEL）",3,期,False,50,0,0,50,陳美淑,"二2,3,4(社SS 3006)","['', '234', '', '', '', '', '']","《講授類》
限非外文系。建議英文程度『中高級』以上程度學生修習選課。",[],True
https://selcrs.nsysu.edu.tw/menu5/showoutline.asp?SYEAR=114&SEM=2&CrsDat=GEAIE706&Crsname=極限閱讀：挑戰想像力與創造力（中高級）,,,False,跨院EAP,GEAIE706,0,不分班,"極限閱讀：挑戰想像力與創造力（中高級）
EXTREME READING: CHALLENGES OF IMAGINATION AND CREATIVITY（HIGH-INTERMEDIATE LEVEL）",3,期,False,50,0,0,50,陳瑞華,"四2,3,4(通GE 3011)","['', '', '', '234', '', '', '']","《講授類》
建議英文程度『中高級』以上程度學生修習選課。",[],False
https://selcrs.nsysu.edu.tw/menu5/showoutline.asp?SYEAR=114&SEM=2&CrsDat=GEAIE708&Crsname=英文閱讀與寫作（中高級）,,,False,跨院EAP,GEAIE708,0,不分班,"英文閱讀與寫作（中高級）
ENGLISH READING AND WRITING  (HIGH-INTERMEDIATE LEVEL)",3,期,False,50,0,0,50,陳美淑,"三2,3,4(圖IL PC03)","['', '', '234', '', '', '', '']","《講授類》
限非外文系。建議英文程度『中高級』以上程度學生修習選課。",[],True
https://selcrs.nsysu.edu.tw/menu5/showoutline.asp?SYEAR=114&SEM=2&CrsDat=GEAIE805&Crsname=多模式識字和作文（高級）,,,False,跨院EAP,GEAIE805,0,不分班,"多模式識字和作文（高級）
MULTIMODAL LITERACY & COMPOSITION FOR ADVANCED LEVEL STUDENTS（ADVANCED LEVEL）",3,期,False,35,0,0,35,戴藤懋,"四2,3,4(海ME 2007)","['', '', '', '234', '', '', '']","《講授類》
限非外文系。建議英文程度『高級』以上程度學生修習選課。",[],True
https://selcrs.nsysu.edu.tw/menu5/showoutline.asp?SYEAR=114&SEM=2&CrsDat=GEAP204&Crsname=英文溝通技巧與批判性思維 （中高級）,,,False,跨院EAP,GEAP204,0,不分班,"英文溝通技巧與批判性思維 （中高級）
ENGLISH COMMUNICATION SKILLS AND CRITICAL THINKING (HIGH-INTERMEDIATE LEVEL)",3,期,False,50,0,0,50,曾千紋,"五2,3,4(管CM 2025)","['', '', '', '', '234', '', '']","《講授類》
限非外文系。建議英文程度『中高級』以上程度學生修習選課。",[],True
https://selcrs.nsysu.edu.tw/menu5/showoutline.asp?SYEAR=114&SEM=2&CrsDat=GEAP207&Crsname=英文寫作：資料視覺化與描述 （中高級）,,,False,跨院EAP,GEAP207,0,不分班,"英文寫作：資料視覺化與描述 （中高級）
ENGLISH WRITING: DATA VISUALIZATION AND DESCRIPTION (HIGH-INTERMEDIATE LEVEL)",3,期,False,50,0,0,50,陳瑞華,"三2,3,4(通GE 3013)","['', '', '234', '', '', '', '']","《講授類》
限非外文系。建議英文程度『中高級』以上程度學生修習選課。",[],True
https://selcrs.nsysu.edu.tw/menu5/showoutline.asp?SYEAR=114&SEM=2&CrsDat=GEAP401&Crsname=草稿到傑作:AI精煉英語寫作技巧（高級）,,,False,跨院EAP,GEAP401,0,不分班,"草稿到傑作:AI精煉英語寫作技巧（高級）
FROM DRAFT TO MASTERPIECE: REFINING ENGLISH WRITING WITH AI (ADVANCED LEVEL)",3,期,False,35,0,0,35,李佳容,"二2,3,4(文LA 1002)","['', '234', '', '', '', '', '']","《講授類》
限非外文系。建議英文程度『高級』以上程度學生修習選課。",[],True
https://selcrs.nsysu.edu.tw/menu5/showoutline.asp?SYEAR=114&SEM=2&CrsDat=GESP298&Crsname=成功的英文寫作（中高級）,,,False,跨院EAP,GESP298,0,不分班,"成功的英文寫作（中高級）
WRITING FOR SUCCESS IN ENGLISH (HIGH-INTERMEDIATE LEVEL)",3,期,False,35,0,0,35,戴藤懋,"五2,3,4(海ME 3004)","['', '', '', '', '234', '', '']","《講授類》
限非外文系。建議英文程度『中高級』以上程度學生修習選課。",[],True
https://selcrs.nsysu.edu.tw/menu5/showoutline.asp?SYEAR=114&SEM=2&CrsDat=GEAIE709&Crsname=運輸交通工具英文（中高級）,,,False,跨院ESP,GEAIE709,0,不分班,"運輸交通工具英文（中高級）
ENGLISH FOR TRANSPORT (HIGH-INTERMEDIATE LEVEL)",3,期,False,50,0,0,50,莊家雄,"五2,3,4(海ME 3006)","['', '', '', '', '234', '', '']","《講授類》
限非外文系。建議英文程度『中高級』以上程度學生修習選課。",[],True
https://selcrs.nsysu.edu.tw/menu5/showoutline.asp?SYEAR=114&SEM=2&CrsDat=GEAIE710&Crsname=透過電影學英文（中高級）,異動,更正教室1/7,False,跨院ESP,GEAIE710,0,不分班,"透過電影學英文（中高級）
LEARNING ENGLISH THROUGH MOVIES (HIGH-INTERMEDIATE LEVEL)",3,期,False,50,0,0,50,白士禮,"三5,6,7(文LA 1002)","['', '', '567', '', '', '', '']","《講授類》
限非外文系。建議英文程度『中高級』以上程度學生修習選課。",[],True
https://selcrs.nsysu.edu.tw/menu5/showoutline.asp?SYEAR=114&SEM=2&CrsDat=GEAP206&Crsname=科技英文聽講練習（中高級）,,,False,跨院ESP,GEAP206,0,不分班,"科技英文聽講練習（中高級）
ENGLISH LISTENING AND SPEAKING FOR SCIENCE AND TECHNOLOGY (HIGH-INTERMEDIATE LEVEL)",3,期,False,50,0,0,50,曾彩楣,"五5,6,7()","['', '', '', '', '567', '', '']","《講授類》
限非外文系。建議英文程度『中高級』以上程度學生修習選課。",[],True
https://selcrs.nsysu.edu.tw/menu5/showoutline.asp?SYEAR=114&SEM=2&CrsDat=GESP001&Crsname=歐美音樂劇賞析學英語（中級）,,,False,跨院ESP,GESP001,0,不分班,"歐美音樂劇賞析學英語（中級）
ENGLISH FOR MUSICAL THEATRE (INTERMEDIATE LEVEL)",3,期,False,50,0,0,50,王品惠,"一2,3,4(通GE 4016)","['234', '', '', '', '', '', '']","《講授類》
限非外文系。建議英文程度『中級』以上程度學生修習選課。",[],True
https://selcrs.nsysu.edu.tw/menu5/showoutline.asp?SYEAR=114&SEM=2&CrsDat=GESP201&Crsname=國際會展英語（中高級）,,,False,跨院ESP,GESP201,0,不分班,"國際會展英語（中高級）
INTERNATIONAL ENGLISH FOR MICE:MEETING, INCENTIVES, CONVENTIONS, EXHIBITIONS(HIGH-INTERMEDIATE LEVEL",3,期,False,50,0,0,50,傅安德,"四3,4,B(西SW 1007)","['', '', '', '34B', '', '', '']","《講授類》
限非外文系。建議英文程度『中高級』以上程度學生修習選課。",[],True
https://selcrs.nsysu.edu.tw/menu5/showoutline.asp?SYEAR=114&SEM=2&CrsDat=GESP205&Crsname=商業英語溝通 （中高級）,,,False,跨院ESP,GESP205,0,不分班,"商業英語溝通 （中高級）
ENGLISH FOR BUSINESS COMMUNICATION  (HIGH-INTERMEDIATE LEVEL)",3,期,False,50,0,0,50,劉季貞,"五5,6,7(管CM 2025)","['', '', '', '', '567', '', '']","《講授類》
限非外文系。建議英文程度『中高級』以上程度學生修習選課。",[],True
https://selcrs.nsysu.edu.tw/menu5/showoutline.asp?SYEAR=114&SEM=2&CrsDat=GESP207&Crsname=實用醫療英語 （中高級）,,,False,跨院ESP,GESP207,0,不分班,"實用醫療英語 （中高級）
PRACTICAL ENGLISH FOR HEALTH (HIGH-INTERMEDIATE LEVEL)",3,期,False,50,0,0,50,傅安德,"二2,3,4(管CM 1032)","['', '234', '', '', '', '', '']","《講授類》
限非外文系。建議英文程度『中高級』以上程度學生修習選課。",[],True
https://selcrs.nsysu.edu.tw/menu5/showoutline.asp?SYEAR=114&SEM=2&CrsDat=GESP211&Crsname=工程英文 （中高級）,,,False,跨院ESP,GESP211,0,不分班,"工程英文 （中高級）
ENGLISH FOR ENGINEERING (HIGH-INTERMEDIATE LEVEL)",3,期,False,50,0,0,50,莊家雄,"三2,3,4(海ME 3006)","['', '', '234', '', '', '', '']","《講授類》
限非外文系。建議英文程度『中高級』以上程度學生修習選課。",[],True
https://selcrs.nsysu.edu.tw/menu5/showoutline.asp?SYEAR=114&SEM=2&CrsDat=GESP405&Crsname=進階英文閱讀：英美詩歌賞析 （高級）,,,False,跨院ESP,GESP405,0,不分班,"進階英文閱讀：英美詩歌賞析 （高級）
ADVANCED ENGLISH READING: APPRECIATION OF ENGLISH AND AMERICAN POETRY (ADVANCED LEVEL)",3,期,False,50,0,0,50,盧莉茹,"三2,3,4(文LA 2001)","['', '', '234', '', '', '', '']","《講授類》
限非外文系。建議英文程度『高級』以上程度學生修習選課。",[],True
https://selcrs.nsysu.edu.tw/menu5/showoutline.asp?SYEAR=114&SEM=2&CrsDat=GESP406&Crsname=海外工作與學習之英語與文化（高級）,,,False,跨院ESP,GESP406,0,不分班,"海外工作與學習之英語與文化（高級）
ENGLISHES AND CULTURES FOR OVERSEAS STUDIES AND WORK(ADVANCED LEVEL)",3,期,False,50,0,0,50,施智閔,"四5,6,7(文LA 1004)","['', '', '', '567', '', '', '']","《講授類》
限非外文系。建議英文程度『高級』以上程度學生修習選課。",[],True
https://selcrs.nsysu.edu.tw/menu5/showoutline.asp?SYEAR=114&SEM=2&CrsDat=GESP408&Crsname=國際商務領導英語（高級）,,,False,跨院ESP,GESP408,0,不分班,"國際商務領導英語（高級）
ENGLISH FOR INTERNATIONAL BUSINESS LEADERSHIP (ADVANCED LEVEL)",3,期,False,50,0,0,50,傅安德,"二5,6,7(醫IL 3017)","['', '567', '', '', '', '', '']","《講授類》
限非外文系。建議英文程度『高級』以上程度學生修習選課。",[],True
https://selcrs.nsysu.edu.tw/menu5/showoutline.asp?SYEAR=114&SEM=2&CrsDat=GESP409&Crsname=醫學學術英文表達（高級）,,,False,跨院ESP,GESP409,0,不分班,"醫學學術英文表達（高級）
MEDICAL ACADEMIC ORAL PRESENTATION (ADVANCED LEVEL)",3,期,False,50,0,0,50,傅安德,"三2,3,4()","['', '', '234', '', '', '', '']","《講授類》
限非外文系。建議英文程度『高級』以上程度學生修習選課。",[],True
https://selcrs.nsysu.edu.tw/menu5/showoutline.asp?SYEAR=114&SEM=2&CrsDat=GESP410&Crsname=英文短篇小說（高級）,,,False,跨院ESP,GESP410,0,不分班,"英文短篇小說（高級）
ENGLISH SHORT STORIES (ADVANCED LEVEL)",3,期,False,50,0,0,50,賴淑芳,"四5,6,7(文LA 7001)","['', '', '', '567', '', '', '']","《講授類》
限非外文系。建議英文程度『高級』以上程度學生修習選課。",[],True
https://selcrs.nsysu.edu.tw/menu5/showoutline.asp?SYEAR=114&SEM=2&CrsDat=GESL351&Crsname=服務學習：兒童照顧與個人成長,,,False,服務學習,GESL351,0,不分班,"服務學習：兒童照顧與個人成長
SERVICE LEARNING: VOLUNTEER SERVICES",1,期,True,30,0,0,30,"林梅芳,林裕䕒","二3,4(通GE 3013)","['', '34', '', '', '', '', '']",《服務學習類》,[],False
https://selcrs.nsysu.edu.tw/menu5/showoutline.asp?SYEAR=114&SEM=2&CrsDat=GESL354&Crsname=服務學習：臺灣獼猴生態宣導,,,False,服務學習,GESL354,0,不分班,"服務學習：臺灣獼猴生態宣導
SERVICE LEARNING: VOLUNTEER SERVICES",1,期,True,30,0,0,30,徐芝敏,"四6,7(通GE 3011)","['', '', '', '67', '', '', '']",《服務學習類》,[],False
https://selcrs.nsysu.edu.tw/menu5/showoutline.asp?SYEAR=114&SEM=2&CrsDat=GESL356&Crsname=服務學習：弱勢兒少視訊教學服務,,,False,服務學習,GESL356,0,不分班,"服務學習：弱勢兒少視訊教學服務
SERVICE LEARNING: VOLUNTEER SERVICE",1,期,True,30,0,0,30,葉博弘,"二C,D(通GE 1008)","['', 'CD', '', '', '', '', '']","《服務學習類》
異常處理階段高年級學生優先。",[],False
https://selcrs.nsysu.edu.tw/menu5/showoutline.asp?SYEAR=114&SEM=2&CrsDat=GESL373&Crsname=服務學習：自主性計畫服務學習,,,False,服務學習,GESL373,0,不分班,"服務學習：自主性計畫服務學習
SERVICE LEARNING :AUTONOMY PROGRAM OF SERVICE LEARNING",1,期,True,30,0,0,30,王以亮,"一C,D(通GE 3013)","['CD', '', '', '', '', '', '']","《服務學習類》
限大三以上修習",[],False
https://selcrs.nsysu.edu.tw/menu5/showoutline.asp?SYEAR=114&SEM=2&CrsDat=GESL374&Crsname=服務學習：學生自治與社團服務實踐,,,False,服務學習,GESL374,0,不分班,"服務學習：學生自治與社團服務實踐
SERVICE LEARNING : PRACTICE OF STUDENTS' SELF-GOVERNANCE, CLUB ACTIVITY AND SERVICE LEARNING",1,期,True,30,0,0,30,楊靜利,"四5,6(社SS 1003)","['', '', '', '56', '', '', '']","《服務學習類》
修課同學限學生自治組織與社團（含運動代表隊）之幹部（含校級各委員會議之學生代表）。「服務學習實作」採積點認證制，若本學期結束前累積足夠點數，得不參與五月之服務實作（暫定為「中山永續月」協力）。點數累積辦法詳參閱「國立中山大學學生參與學生社團、自治組織服務學習課程實施要點」",[],False
https://selcrs.nsysu.edu.tw/menu5/showoutline.asp?SYEAR=114&SEM=2&CrsDat=GESL376&Crsname=服務學習：文化設計與社區實作,,,False,服務學習,GESL376,0,不分班,"服務學習：文化設計與社區實作
SERVICE LEARNING : CULTURE DESIGN AND COMMUNITY PRACTICE",1,期,True,40,0,0,40,楊士奇,"二8,9(西SW 1007)","['', '89', '', '', '', '', '']",《服務學習類》,[],False
https://selcrs.nsysu.edu.tw/menu5/showoutline.asp?SYEAR=114&SEM=2&CrsDat=GESL379&Crsname=服務學習：築夢計畫,,,False,服務學習,GESL379,0,不分班,"服務學習：築夢計畫
SERVICE LEARNING：PROJECT OF DREAM-BUILDING",1,期,True,40,0,0,40,古錦松,"一8,9(西SW 1007)","['89', '', '', '', '', '', '']",《服務學習類》,[],False
https://selcrs.nsysu.edu.tw/menu5/showoutline.asp?SYEAR=114&SEM=2&CrsDat=DO246&Crsname=氣象學,,,False,海科系,DO246,2,不分班,"氣象學
METEOROLOGY",2,期,False,15,0,0,15,"李逸環,陳昭銘","一8,7()","['78', '', '', '', '', '', '']","《講授類》
本課程需自行前往國立高雄科技大學旗津校區教學大樓U603教室上課，請有意選修同學審慎考慮交通及安全問題！(上課時間每周一下午3:30-5:20)",[],False
https://selcrs.nsysu.edu.tw/menu5/showoutline.asp?SYEAR=114&SEM=2&CrsDat=DO249&Crsname=海洋與大氣環流,,,False,海科系,DO249,2,不分班,"海洋與大氣環流
OCEAN AND ATMOSPHERE CIRCULATIONS",2,期,False,30,0,0,30,李逸環,"四6,7(海MA 3020)","['', '', '', '67', '', '', '']",《講授類》,[],False
https://selcrs.nsysu.edu.tw/menu5/showoutline.asp?SYEAR=114&SEM=2&CrsDat=DO253&Crsname=水文資料實作,,,False,海科系,DO253,2,不分班,"水文資料實作
PRACTICE OF HYDROGRAPHIC DATA",2,期,False,50,0,0,50,方盈智,"五5,6(海MA 2042)","['', '', '', '', '56', '', '']",《講授類》,[],False
https://selcrs.nsysu.edu.tw/menu5/showoutline.asp?SYEAR=114&SEM=2&CrsDat=DO302&Crsname=科學英文（二）,,,False,海科系,DO302,3,不分班,"科學英文（二）
SCIENTIFIC ENGLISH (II)",2,期,True,50,0,31,19,林玉詩,"二3,4(海MA 3040)","['', '34', '', '', '', '', '']","《講授類》
限本系大三以上學生選修。",[],True
https://selcrs.nsysu.edu.tw/menu5/showoutline.asp?SYEAR=114&SEM=2&CrsDat=DO315&Crsname=海洋生物生理學,,,False,海科系,DO315,4,不分班,"海洋生物生理學
PHYSIOLOGY OF MARINE ORGANISMS",3,期,False,50,0,0,50,王志騰,"三2,3,4(海MA 2022)","['', '', '234', '', '', '', '']","《講授類》
與DO539併班上課。",[],False
https://selcrs.nsysu.edu.tw/menu5/showoutline.asp?SYEAR=114&SEM=2&CrsDat=DO317&Crsname=生物多樣性行動技能建立,,,False,海科系,DO317,3,不分班,"生物多樣性行動技能建立
BIODIVERSITY ACTION PLANNING SKILLS IN PRACTICE",2,期,False,50,0,0,50,廖德裕,"五6,7(海MA 3040)","['', '', '', '', '67', '', '']",《講授類》,[],False
https://selcrs.nsysu.edu.tw/menu5/showoutline.asp?SYEAR=114&SEM=2&CrsDat=DO319&Crsname=海洋微生物學與實作,,,False,海科系,DO319,3,不分班,"海洋微生物學與實作
MARINE MICROBIOLOGY AND PRACTICE",3,期,False,50,0,0,50,陳慶能,"四8,6,7(海MA 2009)","['', '', '', '678', '', '', '']",《講授類》,[],False
https://selcrs.nsysu.edu.tw/menu5/showoutline.asp?SYEAR=114&SEM=2&CrsDat=DO323&Crsname=海水微量分析,,,False,海科系,DO323,3,不分班,"海水微量分析
TRACE ANALYSIS OF SEAWATER",3,期,False,50,0,0,50,簡國童,"四8,6,7(海MA 2042)","['', '', '', '678', '', '', '']","《講授類》
與DO613併班上課",[],False
https://selcrs.nsysu.edu.tw/menu5/showoutline.asp?SYEAR=114&SEM=2&CrsDat=DO327&Crsname=海洋化學與地質數據處理,,,False,海科系,DO327,3,不分班,"海洋化學與地質數據處理
DATA PROCESSING IN MARINE CHEMISTRY AND GEOLOGY",2,期,False,50,0,0,50,黃蔚人,"一6,7(海MA 3040)","['67', '', '', '', '', '', '']","《講授類》
與DO690併班上課。",[],False
https://selcrs.nsysu.edu.tw/menu5/showoutline.asp?SYEAR=114&SEM=2&CrsDat=DO331&Crsname=古海洋學概論,,,False,海科系,DO331,4,不分班,"古海洋學概論
INTRODUCTION TO PALEOCEANOGRAPHY",3,期,False,50,0,0,50,林慧玲,"三2,3,4(海MA 2009)","['', '', '234', '', '', '', '']",《講授類》,[],False
https://selcrs.nsysu.edu.tw/menu5/showoutline.asp?SYEAR=114&SEM=2&CrsDat=DO342&Crsname=流體力學（二）,,,False,海科系,DO342,3,不分班,"流體力學（二）
FLUID MECHANICS (II)",2,期,False,50,0,0,50,曾若玄,"五3,4(海MA 2042)","['', '', '', '', '34', '', '']","《講授類》
與DO552併班上課。",[],False
https://selcrs.nsysu.edu.tw/menu5/showoutline.asp?SYEAR=114&SEM=2&CrsDat=DO405&Crsname=進階科學英文,,,False,海科系,DO405,4,不分班,"進階科學英文
ADVANCED SCIENTIFIC ENGLISH",3,期,False,50,0,0,50,王敬湧,"四2,3,4(海MA 2009)","['', '', '', '234', '', '', '']","《講授類》
與DO701併班上課。",[],True
https://selcrs.nsysu.edu.tw/menu5/showoutline.asp?SYEAR=114&SEM=2&CrsDat=DO406&Crsname=專題討論,異動,更新課程資訊1/7,False,海科系,DO406,4,不分班,"專題討論
SEMINAR",2,期,True,50,0,25,25,李逸環,"二3,4(海MB 3013)","['', '34', '', '', '', '', '']",《研討類》,[],False
https://selcrs.nsysu.edu.tw/menu5/showoutline.asp?SYEAR=114&SEM=2&CrsDat=DO409&Crsname=科學倫理導論,,,False,海科系,DO409,4,不分班,"科學倫理導論
INTRODUCTION TO SCIENCE ETHICS",2,期,False,50,0,0,50,熊寶兒,"五6,7(海MA 2022)","['', '', '', '', '67', '', '']","《講授類》
與DO724併班上課。",[],True
https://selcrs.nsysu.edu.tw/menu5/showoutline.asp?SYEAR=114&SEM=2&CrsDat=DO425&Crsname=海洋地球化學,,,False,海科系,DO425,4,不分班,"海洋地球化學
MARINE GEOCHEMISTRY",3,期,False,50,0,0,50,簡國童,"二8,6,7(海MA 2042)","['', '678', '', '', '', '', '']","《講授類》
與DO666併班上課。",[],False
https://selcrs.nsysu.edu.tw/menu5/showoutline.asp?SYEAR=114&SEM=2&CrsDat=DO450&Crsname=海洋遙測及應用,,,False,海科系,DO450,4,不分班,"海洋遙測及應用
APPLICATION OF REMOTE SENSING IN OCEANOGRAPHY",3,期,False,50,0,0,50,張懿,"三5,6,7(圖IL PC02)","['', '', '567', '', '', '', '']",《講授類》,[],False
https://selcrs.nsysu.edu.tw/menu5/showoutline.asp?SYEAR=114&SEM=2&CrsDat=MRSC102&Crsname=基礎海洋學,,,False,海科院（學）,MRSC102,0,不分班,"基礎海洋學
FUNDAMENTALS OF OCEANOGRAPHY",3,期,False,10,0,0,10,"張詠斌,托星豪,李逸環,黃蔚人","五2,3,4(海MA 3021)","['', '', '', '', '234', '', '']",《講授類》,[],False
https://selcrs.nsysu.edu.tw/menu5/showoutline.asp?SYEAR=114&SEM=2&CrsDat=MRSC104&Crsname=環境教育教材教法,,,False,海科院（學）,MRSC104,0,不分班,"環境教育教材教法
SUBJECT MATTER & TEACHING METHODS FOR ENVIRONMENTAL EDUCATION",2,期,False,30,0,0,30,謝百淇,"二3,4(社SS 2001)","['', '34', '', '', '', '', '']",《講授類》,[],False
https://selcrs.nsysu.edu.tw/menu5/showoutline.asp?SYEAR=114&SEM=2&CrsDat=MRSC110&Crsname=漁業政策概論,,,False,海科院（學）,MRSC110,0,不分班,"漁業政策概論
INTRODUCTION TO FISHERIES POLICY",3,期,False,10,0,0,10,高世明,"五5,6,7(海MA 3021)","['', '', '', '', '567', '', '']",《講授類》,[],False
https://selcrs.nsysu.edu.tw/menu5/showoutline.asp?SYEAR=114&SEM=2&CrsDat=MRSC115&Crsname=海洋應用科學,,,False,海科院（學）,MRSC115,1,不分班,"海洋應用科學
APPLIED MARINE SCIENCES",2,期,False,150,0,0,150,"廖志中,方力行,李世緯,樊同雲,鄭源斌","一6,7(海MA 3021)","['67', '', '', '', '', '', '']","《講授類》
海資系、海工系及海科系大一必修 。",[],True
https://selcrs.nsysu.edu.tw/menu5/showoutline.asp?SYEAR=114&SEM=2&CrsDat=MRSC118&Crsname=人因工程,,,False,海科院（學）,MRSC118,0,不分班,"人因工程
HUMAN FACTORS ENGINEERING",3,期,False,10,0,0,10,謝孟璋,"三5,6,7(海MA 3021)","['', '', '567', '', '', '', '']",《講授類》,[],False
https://selcrs.nsysu.edu.tw/menu5/showoutline.asp?SYEAR=114&SEM=2&CrsDat=MRSC119&Crsname=國家公園概論,,,False,海科院（學）,MRSC119,0,不分班,"國家公園概論
INTRODUCTION TO NATIONAL PARKS",2,期,False,40,0,0,40,"塗子萱,張水鍇","五B,5(海MA 3020)","['', '', '', '', 'B5', '', '']","《講授類》
共同授課業界專家：海洋國家公園管理處徐韶良處長、吳岱穎技士。",[],False
https://selcrs.nsysu.edu.tw/menu5/showoutline.asp?SYEAR=114&SEM=2&CrsDat=MRSC121&Crsname=海洋永續發展產業概論,,,False,海科院（學）,MRSC121,0,不分班,"海洋永續發展產業概論
INTRODUCTION TO MARINE SUSTAINABLE DEVELOPMENT INDUSTRIES",2,期,False,50,0,0,50,"葉博弘,魏瑞昌","二3,4(海MA 2016)","['', '34', '', '', '', '', '']",《講授類》,[],False
https://selcrs.nsysu.edu.tw/menu5/showoutline.asp?SYEAR=114&SEM=2&CrsDat=PE102&Crsname=經濟學原理（二）,,,False,政經系,PE102,1,不分班,"經濟學原理（二）
PRINCIPLES OF ECONOMICS(II)",3,期,True,55,1,50,5,張光亮,"四5,6,7(社SS 3005)","['', '', '', '567', '', '', '']",《講授類》,[],False
https://selcrs.nsysu.edu.tw/menu5/showoutline.asp?SYEAR=114&SEM=2&CrsDat=PE126&Crsname=經濟數學（二）,,,False,政經系,PE126,1,不分班,"經濟數學（二）
MATHEMATICS FOR ECONOMICS (II)",3,期,False,50,0,0,50,王俊傑,"一2,3,4(社SS 1006)","['234', '', '', '', '', '', '']",《講授類》,[],False
https://selcrs.nsysu.edu.tw/menu5/showoutline.asp?SYEAR=114&SEM=2&CrsDat=PE127&Crsname=經濟學原理（二）,,,False,政經系,PE127,1,不分班,"經濟學原理（二）
PRINCIPLES OF ECONOMICS(II)",3,期,False,10,0,0,10,吳世傑,"一2,3,4(社SS 3005)","['234', '', '', '', '', '', '']","《講授類》
與跨院併班授課",[],False
https://selcrs.nsysu.edu.tw/menu5/showoutline.asp?SYEAR=114&SEM=2&CrsDat=PE202&Crsname=個體經濟學（二）,,,False,政經系,PE202,2,不分班,"個體經濟學（二）
MICROECONOMICS(II)",3,期,True,60,1,48,12,李明軒,"二2,3,4(社SS 3001)","['', '234', '', '', '', '', '']",《講授類》,[],False
https://selcrs.nsysu.edu.tw/menu5/showoutline.asp?SYEAR=114&SEM=2&CrsDat=PE203&Crsname=總體經濟學（一）,,,False,政經系,PE203,2,不分班,"總體經濟學（一）
MACROECONOMICS(I)",3,期,True,55,1,48,7,鄭宜玲,"一5,6,7(社SS 3005)","['567', '', '', '', '', '', '']",《講授類》,[],False
https://selcrs.nsysu.edu.tw/menu5/showoutline.asp?SYEAR=114&SEM=2&CrsDat=PE205&Crsname=統計學（一）,,,False,政經系,PE205,1,不分班,"統計學（一）
STATISTICS (I)",3,期,True,60,1,50,10,王俊傑,"四2,3,4(社SS 3001)","['', '', '', '234', '', '', '']",《講授類》,[],False
https://selcrs.nsysu.edu.tw/menu5/showoutline.asp?SYEAR=114&SEM=2&CrsDat=PE208&Crsname=國際關係,,,False,政經系,PE208,2,不分班,"國際關係
INTERNATIONAL RELATIONS",3,期,False,40,0,0,40,辛翠玲,"三2,3,4(社SS 3005)","['', '', '234', '', '', '', '']","《講授類》
與跨院併班授課",[],False
https://selcrs.nsysu.edu.tw/menu5/showoutline.asp?SYEAR=114&SEM=2&CrsDat=PE306&Crsname=政經實作專題（一）,,,True,政經系,PE306,3,不分班,"政經實作專題（一）
INDEPENDENT STUDIES IN POLITICAL ECONOMIC（I）",3,期,True,50,0,0,50,王俊傑,"四A,1,B(社SS 3001)","['', '', '', 'A1B', '', '', '']",《獨立研究》,[],True
https://selcrs.nsysu.edu.tw/menu5/showoutline.asp?SYEAR=114&SEM=2&CrsDat=PE306A&Crsname=政經實作專題（一）,,,True,政經系,PE306A,3,不分班,"政經實作專題（一）
INDEPENDENT STUDIES IN POLITICAL ECONOMIC（I）",3,期,True,50,0,0,50,辛翠玲,"三A,1,B(社SS 3005)","['', '', 'A1B', '', '', '', '']",《獨立研究》,[],False
https://selcrs.nsysu.edu.tw/menu5/showoutline.asp?SYEAR=114&SEM=2&CrsDat=PE306B&Crsname=政經實作專題（一）,,,True,政經系,PE306B,3,不分班,"政經實作專題（一）
INDEPENDENT STUDIES IN POLITICAL ECONOMIC（I）",3,期,True,50,0,0,50,吳世傑,"一A,1,B(社SS 3005)","['A1B', '', '', '', '', '', '']",《獨立研究》,[],False
https://selcrs.nsysu.edu.tw/menu5/showoutline.asp?SYEAR=114&SEM=2&CrsDat=PE306C&Crsname=政經實作專題（一）,,,True,政經系,PE306C,3,不分班,"政經實作專題（一）
INDEPENDENT STUDIES IN POLITICAL ECONOMIC（I）",3,期,True,50,0,0,50,李予綱,"五A,1,B(社SS 1005)","['', '', '', '', 'A1B', '', '']",《獨立研究》,[],False
https://selcrs.nsysu.edu.tw/menu5/showoutline.asp?SYEAR=114&SEM=2&CrsDat=PE306D&Crsname=政經實作專題（一）,,,True,政經系,PE306D,3,不分班,"政經實作專題（一）
INDEPENDENT STUDIES IN POLITICAL ECONOMIC（I）",3,期,True,50,0,0,50,李明軒,"二A,1,B(社SS 3001)","['', 'A1B', '', '', '', '', '']",《獨立研究》,[],True
https://selcrs.nsysu.edu.tw/menu5/showoutline.asp?SYEAR=114&SEM=2&CrsDat=PE306E&Crsname=政經實作專題（一）,,,True,政經系,PE306E,3,不分班,"政經實作專題（一）
INDEPENDENT STUDIES IN POLITICAL ECONOMIC（I）",3,期,True,50,0,0,50,張光亮,"四A,1,B(社SS 1005)","['', '', '', 'A1B', '', '', '']",《獨立研究》,[],False
https://selcrs.nsysu.edu.tw/menu5/showoutline.asp?SYEAR=114&SEM=2&CrsDat=PE306F&Crsname=政經實作專題（一）,,,True,政經系,PE306F,3,不分班,"政經實作專題（一）
INDEPENDENT STUDIES IN POLITICAL ECONOMIC（I）",3,期,True,50,0,0,50,陳若蘭,"三A,1,B(社SS 1006)","['', '', 'A1B', '', '', '', '']",《獨立研究》,[],True
https://selcrs.nsysu.edu.tw/menu5/showoutline.asp?SYEAR=114&SEM=2&CrsDat=PE308&Crsname=政治經濟學（一）,,,False,政經系,PE308,1,不分班,"政治經濟學（一）
THE POLITICAL ECONOMY(I)",3,期,True,60,1,50,10,李予綱,"一5,6,7(社SS 3001)","['567', '', '', '', '', '', '']",《講授類》,[],False
https://selcrs.nsysu.edu.tw/menu5/showoutline.asp?SYEAR=114&SEM=2&CrsDat=PE324&Crsname=社會科學研究方法,,,False,政經系,PE324,3,不分班,"社會科學研究方法
RESEARCH METHODS FOR SOCIAL SCIENCE",3,期,False,50,0,0,50,陳若蘭,"三5,6,7(社SS 3005)","['', '', '567', '', '', '', '']",《講授類》,[],False
https://selcrs.nsysu.edu.tw/menu5/showoutline.asp?SYEAR=114&SEM=2&CrsDat=PE328&Crsname=公共經濟學,,,False,政經系,PE328,3,不分班,"公共經濟學
PUBLIC ECONOMICS",3,期,True,55,0,51,4,吳世傑,"二5,6,7(社SS 3005)","['', '567', '', '', '', '', '']",《講授類》,[],False
https://selcrs.nsysu.edu.tw/menu5/showoutline.asp?SYEAR=114&SEM=2&CrsDat=PE338&Crsname=財務經濟學基本理論,,,False,政經系,PE338,2,不分班,"財務經濟學基本理論
FINANCIAL ECONOMICS: BASIC THEORIES",3,期,False,50,0,0,50,李秉正,"三5,6,7(社SS 1005)","['', '', '567', '', '', '', '']",《講授類》,[],False
https://selcrs.nsysu.edu.tw/menu5/showoutline.asp?SYEAR=114&SEM=2&CrsDat=PE356&Crsname=時間序列分析與金融風險管理,,,False,政經系,PE356,3,不分班,"時間序列分析與金融風險管理
TIME SERIES ANALYSIS AND FINANCIAL RISK MANAGEMENT",3,期,False,50,0,0,50,張光亮,"一5,6,7(社SS 1006)","['567', '', '', '', '', '', '']",《講授類》,[],False
https://selcrs.nsysu.edu.tw/menu5/showoutline.asp?SYEAR=114&SEM=2&CrsDat=PE357&Crsname=探索式資料分析,,,False,政經系,PE357,4,不分班,"探索式資料分析
EXPLORATORY DATA ANALYSIS",3,期,False,20,0,0,20,劉正山,"四5,6,7(社SS 3010-2 )","['', '', '', '567', '', '', '']","《講授類》
併班授課",[],False
https://selcrs.nsysu.edu.tw/menu5/showoutline.asp?SYEAR=114&SEM=2&CrsDat=PE358&Crsname=全球化與經濟發展,,,False,政經系,PE358,4,不分班,"全球化與經濟發展
GLOBALIZATION AND ECONOMIC DEVELOPMENT",3,期,False,30,0,0,30,蔡書瑋,"三2,3,4(社SS 2011)","['', '', '234', '', '', '', '']","《講授類》
併班授課",[],False
https://selcrs.nsysu.edu.tw/menu5/showoutline.asp?SYEAR=114&SEM=2&CrsDat=PE439&Crsname=中國政治經濟發展,,,False,政經系,PE439,4,不分班,"中國政治經濟發展
POLITICAL AND ECONOMIC DEVELOPMENT IN CHINA",3,期,False,40,0,0,40,陳若蘭,"二5,6,7(社SS 1006)","['', '567', '', '', '', '', '']","《講授類》
併班授課",[],False
https://selcrs.nsysu.edu.tw/menu5/showoutline.asp?SYEAR=114&SEM=2&CrsDat=SOC103&Crsname=社會學（二）,,,False,社會系,SOC103,1,不分班,"社會學（二）
SOCIOLOGY（II）",3,期,True,50,0,37,13,李宛儒,"四8,6,7(社SS 4001)","['', '', '', '678', '', '', '']","《講授類》
「限修過本系或跨院選修之社會學(一)且及格，點選本課請同時點選《社會學實習(二)》」",[],False
https://selcrs.nsysu.edu.tw/menu5/showoutline.asp?SYEAR=114&SEM=2&CrsDat=SOC106&Crsname=社會學實習（二）,,,False,社會系,SOC106,1,不分班,"社會學實習（二）
SOCIOLOGY PRACTICE (II)",1,期,True,50,0,37,13,李宛儒,"三D,E(社SS 1003)(實驗)","['', '', 'DE', '', '', '', '']","《實習類》
本課程限選修本系《社會學（二）》之學生。",[],False
https://selcrs.nsysu.edu.tw/menu5/showoutline.asp?SYEAR=114&SEM=2&CrsDat=SOC137&Crsname=政治社會學,,,False,社會系,SOC137,1,不分班,"政治社會學
POLITICAL SOCIOLOGY",3,期,False,50,0,0,50,林傳凱,"二2,3,4(社SS 4004-2)","['', '234', '', '', '', '', '']",《講授類》,[],False
https://selcrs.nsysu.edu.tw/menu5/showoutline.asp?SYEAR=114&SEM=2&CrsDat=SOC203&Crsname=社會統計（二）,,,False,社會系,SOC203,2,不分班,"社會統計（二）
SOCIAL STATISTICS (II)",3,期,True,50,0,37,13,葉高華,"二2,3,4(圖IL PC 02)","['', '234', '', '', '', '', '']","《講授類》
「限修過本系社會統計(一)且及格，點選本課請同時點選社會統計實習(二)」",[],False
https://selcrs.nsysu.edu.tw/menu5/showoutline.asp?SYEAR=114&SEM=2&CrsDat=SOC214&Crsname=身體與工作,新增,1/6,False,社會系,SOC214,2,不分班,"身體與工作
BODY AND WORK",3,期,False,50,0,0,50,陳美華,"一8,6,7(社SS 4004-2)","['678', '', '', '', '', '', '']",《講授類》,[],False
https://selcrs.nsysu.edu.tw/menu5/showoutline.asp?SYEAR=114&SEM=2&CrsDat=SOC215&Crsname=世代互助與年金制度,新增,1/6,False,社會系,SOC215,2,不分班,"世代互助與年金制度
INTERGENERATIONAL SOLIDARITY AND PENSION PROGRAMS",3,期,False,50,0,0,50,楊靜利,"三2,3,4(社SS 4004-2)","['', '', '234', '', '', '', '']",《講授類》,[],False
https://selcrs.nsysu.edu.tw/menu5/showoutline.asp?SYEAR=114&SEM=2&CrsDat=SOC221&Crsname=社會統計實習（二）,,,False,社會系,SOC221,2,不分班,"社會統計實習（二）
SOCIAL STATISTICS PRACTICE ( II )",1,期,True,50,0,37,13,葉高華,"四C,D(圖IL PC 02)(實驗)","['', '', '', 'CD', '', '', '']","《實習類》
本課程限選修本系《社會統計（二）》之學生。",[],False
https://selcrs.nsysu.edu.tw/menu5/showoutline.asp?SYEAR=114&SEM=2&CrsDat=SOC225&Crsname=藝術社會學,,,False,社會系,SOC225,2,不分班,"藝術社會學
SOCIOLOGY OF ARTS",3,期,False,50,0,0,50,王梅香,"一2,3,4(社SS 4004-2)","['234', '', '', '', '', '', '']",《講授類》,[],False
https://selcrs.nsysu.edu.tw/menu5/showoutline.asp?SYEAR=114&SEM=2&CrsDat=SOC233&Crsname=文化人類學,,,False,社會系,SOC233,2,不分班,"文化人類學
CULTURAL ANTHROPOLOGY",3,期,False,50,0,0,50,趙恩潔,"四8,6,7(社SS 4004-2)","['', '', '', '678', '', '', '']",《講授類》,[],False
https://selcrs.nsysu.edu.tw/menu5/showoutline.asp?SYEAR=114&SEM=2&CrsDat=SOC240&Crsname=永續發展與社會創新,,,False,社會系,SOC240,2,不分班,"永續發展與社會創新
SUSTAINABILITY AND SOCIAL INNOVATION",3,期,False,15,0,0,15,"吳亦昕,邱花妹",,"['', '', '1234567', '', '', '12345678', '12345678']","《講授類》
學期中至日本密集式授課3/11-3/16，限有修課同學選修",[],False
https://selcrs.nsysu.edu.tw/menu5/showoutline.asp?SYEAR=114&SEM=2&CrsDat=SOC257&Crsname=全球政治,,,False,社會系,SOC257,2,不分班,"全球政治
GLOBAL POLITICS",3,期,False,25,0,0,25,方志恒,"二8,6,7(社SS 4001)","['', '678', '', '', '', '', '']",《講授類》,[],True
https://selcrs.nsysu.edu.tw/menu5/showoutline.asp?SYEAR=114&SEM=2&CrsDat=SOC262&Crsname=原民知識與實作,,,False,社會系,SOC262,2,不分班,"原民知識與實作
INDIGENOUS KNOWLEDGE AND PRACTICE",3,期,False,10,0,0,10,"伊藤佳代,王梅香",,"['123456789CD', '123456789CD', '1234567DEF', '123456789CD', '123456789CD', '', '']","《講授類》
寒假密集式授課2/9-2/13，限有修課同學選修",[],True
https://selcrs.nsysu.edu.tw/menu5/showoutline.asp?SYEAR=114&SEM=2&CrsDat=SOC304&Crsname=社會理論（二）,,,False,社會系,SOC304,2,不分班,"社會理論（二）
SOCIAL THEORIES (II)",3,期,True,50,0,37,13,林傳凱,"二8,6,7(社SS 2001)","['', '678', '', '', '', '', '']","《講授類》
限修過本系或跨院選修之社會學(一)(二) 且及格。",[],False
https://selcrs.nsysu.edu.tw/menu5/showoutline.asp?SYEAR=114&SEM=2&CrsDat=SOC306&Crsname=生態旅遊社會學,,,False,社會系,SOC306,3,不分班,"生態旅遊社會學
SOCIOLOGY OF ECOTOURISM",3,期,False,50,0,0,50,巴清雄,"五8,6,7(社SS 1003)","['', '', '', '', '678', '', '']",《講授類》,[],False
https://selcrs.nsysu.edu.tw/menu5/showoutline.asp?SYEAR=114&SEM=2&CrsDat=SOC325&Crsname=社會網絡分析,,,False,社會系,SOC325,3,不分班,"社會網絡分析
SOCIAL NETWORK ANALYSIS",3,期,False,50,0,0,50,葉高華,"一8,6,7(社SS 1003)","['678', '', '', '', '', '', '']",《講授類》,[],False
https://selcrs.nsysu.edu.tw/menu5/showoutline.asp?SYEAR=114&SEM=2&CrsDat=SOC327&Crsname=後殖民研究,,,False,社會系,SOC327,3,不分班,"後殖民研究
POSTCOLONIAL RESEARCH",3,期,False,50,0,0,50,萬毓澤,"四2,3,4(社SS 1003)","['', '', '', '234', '', '', '']",《講授類》,[],False
https://selcrs.nsysu.edu.tw/menu5/showoutline.asp?SYEAR=114&SEM=2&CrsDat=SOC347&Crsname=R語言與數據分析,,,False,社會系,SOC347,3,不分班,"R語言與數據分析
R PROGRAMMING FOR DATA ANALYSIS",3,期,False,50,0,0,50,戴昀,"五2,3,4(社SS 4004-2)","['', '', '', '', '234', '', '']",《講授類》,[],True
https://selcrs.nsysu.edu.tw/menu5/showoutline.asp?SYEAR=114&SEM=2&CrsDat=SOC351&Crsname=社會地理學,,,False,社會系,SOC351,3,不分班,"社會地理學
SOCIAL GEOGRAPHY",3,期,False,50,0,0,50,楊又欣,"二8,6,7(社SS 4004-2)","['', '678', '', '', '', '', '']",《講授類》,[],False
https://selcrs.nsysu.edu.tw/menu5/showoutline.asp?SYEAR=114&SEM=2&CrsDat=CSS101&Crsname=心理學,,,False,社科院,CSS101,0,不分班,"心理學
INTRODUCTION TO PSYCHOLOGY",3,期,False,20,0,0,20,"鄭雯,馮雅群","一5,6,7(社SS 2001)","['567', '', '', '', '', '', '']",《講授類》,[],False
https://selcrs.nsysu.edu.tw/menu5/showoutline.asp?SYEAR=114&SEM=2&CrsDat=CSS106&Crsname=經濟學,,,False,社科院,CSS106,0,不分班,"經濟學
ECONOMICS",3,期,False,20,0,0,20,鄭子長,"五8,6,7(社SS 4001)","['', '', '', '', '678', '', '']",《講授類》,[],False
https://selcrs.nsysu.edu.tw/menu5/showoutline.asp?SYEAR=114&SEM=2&CrsDat=CSS123&Crsname=創意程式設計,,,False,社科院,CSS123,0,不分班,"創意程式設計
CREATIVE PROGRAMMING",3,期,False,30,0,0,30,李春雄,"四2,3,4(圖IL PC03)","['', '', '', '234', '', '', '']","《講授類》
限非應數、電機、機電、資工、材光、光電、資管、海工系學生修習",[],False
https://selcrs.nsysu.edu.tw/menu5/showoutline.asp?SYEAR=114&SEM=2&CrsDat=CSS124&Crsname=程式思維與多媒體開發,,,False,社科院,CSS124,0,不分班,"程式思維與多媒體開發
PROGRAM THINKING AND MEDIA CAPABILITY DEVELOPMENT",3,期,False,30,0,0,30,陳俊宏,"三5,6,7(圖IL PC03)","['', '', '567', '', '', '', '']","《講授類》
限非應數、電機、機電、資工、材光、光電、資管、海工系學生修習",[],False
https://selcrs.nsysu.edu.tw/menu5/showoutline.asp?SYEAR=114&SEM=2&CrsDat=CSS134&Crsname=智慧城市與智慧運輸趨勢、發展及課題研析,,,False,社科院,CSS134,0,不分班,"智慧城市與智慧運輸趨勢、發展及課題研析
THE TREND, DEVELOPMENT, AND CHALLENGE OF SMART CITY AND SMART TRANSIT",3,期,False,20,0,0,20,李予綱,"五5,6,7(社SS 3001)","['', '', '', '', '567', '', '']",《演講/參訪》,[],False
https://selcrs.nsysu.edu.tw/menu5/showoutline.asp?SYEAR=114&SEM=2&CrsDat=CSS137&Crsname=資料視覺化,,,False,社科院,CSS137,0,不分班,"資料視覺化
DATA VISUALIZATION",3,期,False,80,0,0,80,李予綱,"五2,3,4(社SS 3001)","['', '', '', '', '234', '', '']",《講授類》,[],False
https://selcrs.nsysu.edu.tw/menu5/showoutline.asp?SYEAR=114&SEM=2&CrsDat=CSS140&Crsname=智慧城市數位轉型,,,False,社科院,CSS140,0,不分班,"智慧城市數位轉型
DIGITAL TRANSFORMATION OF SMART CITIES",3,期,False,80,0,0,80,李予綱,"三2,3,4(社SS 4001)","['', '', '234', '', '', '', '']",《講授類》,[],False
https://selcrs.nsysu.edu.tw/menu5/showoutline.asp?SYEAR=114&SEM=2&CrsDat=CSS147&Crsname=總體經濟與政策分析,,,False,社科院,CSS147,0,不分班,"總體經濟與政策分析
MACROECONOMICS AND POLICY ANALYSIS",3,期,False,20,0,0,20,陳冠任,"五2,3,4(社SS 4001)","['', '', '', '', '234', '', '']",《講授類》,[],False
https://selcrs.nsysu.edu.tw/menu5/showoutline.asp?SYEAR=114&SEM=2&CrsDat=CSS153&Crsname=台灣發展歷程,,,False,社科院,CSS153,0,不分班,"台灣發展歷程
TAIWAN’S DEVELOPMENT HISTORY",3,期,False,25,0,0,25,希家玹,"一8,6,7(社SS 4005)","['678', '', '', '', '', '', '']",《講授類》,[],False
https://selcrs.nsysu.edu.tw/menu5/showoutline.asp?SYEAR=114&SEM=2&CrsDat=CSS163&Crsname=情感教育,,,False,社科院,CSS163,0,不分班,"情感教育
AFFECTION EDUCATION",2,期,False,30,0,0,30,"宋呈澔,張宇慧,張至慶,林靜慧,馮雅群","四3,4(社SS 2001)","['', '', '', '34', '', '', '']",《講授類》,[],False
https://selcrs.nsysu.edu.tw/menu5/showoutline.asp?SYEAR=114&SEM=2&CrsDat=CSS164&Crsname=亞太區域經貿法制專題研討,,,False,社科院,CSS164,0,不分班,"亞太區域經貿法制專題研討
SEMINAR IN TRADE AND ECONOMIC LAW IN ASIA-PACIFIC REGION",3,期,False,20,0,0,20,楊健弘,"四8,6,7(社SS 1004)","['', '', '', '678', '', '', '']",《講授類》,[],False
https://selcrs.nsysu.edu.tw/menu5/showoutline.asp?SYEAR=114&SEM=2&CrsDat=CSS165&Crsname=永續發展法制比較,,,False,社科院,CSS165,0,不分班,"永續發展法制比較
COMPARATIVE SUSTAINABLE DEVELOPMENT LAW",3,期,False,20,0,0,20,楊健弘,"五2,3,4(社SS 2011)","['', '', '', '', '234', '', '']",《講授類》,[],True
https://selcrs.nsysu.edu.tw/menu5/showoutline.asp?SYEAR=114&SEM=2&CrsDat=PIS1003&Crsname=綠色創新設計,,,False,人科學程,PIS1003,0,不分班,"綠色創新設計
ECO-INNOVATIVE DESIGN",3,期,False,50,0,0,50,鄭南玉,"二5,6,7(西SW 1007)","['', '567', '', '', '', '', '']",《講授類》,[],False
https://selcrs.nsysu.edu.tw/menu5/showoutline.asp?SYEAR=114&SEM=2&CrsDat=PIS1005&Crsname=創客基礎,,,False,人科學程,PIS1005,1,不分班,"創客基礎
MAKER-BASIC",3,期,True,50,2,29,21,鄭南玉,"四5,6,7(西SW 1007)","['', '', '', '567', '', '', '']",《講授類》,[],False
https://selcrs.nsysu.edu.tw/menu5/showoutline.asp?SYEAR=114&SEM=2&CrsDat=PIS1212&Crsname=虛擬實境數位內容設計,,,False,人科學程,PIS1212,0,不分班,"虛擬實境數位內容設計
VIRTUAL REALITY DIGITAL CONTENT DESIGN",3,期,False,50,0,0,50,邱日清,"四2,3,4(工EC 6016)","['', '', '', '234', '', '', '']",《講授類》,[],False
https://selcrs.nsysu.edu.tw/menu5/showoutline.asp?SYEAR=114&SEM=2&CrsDat=PIS2000&Crsname=空間調查分析與規劃,,,False,人科學程,PIS2000,0,不分班,"空間調查分析與規劃
SPATIAL INVESTIGATION, ANALYSIS AND PLANNING",3,期,False,25,0,0,25,夏晧清,"三5,6,7(西SW 1007)","['', '', '567', '', '', '', '']",《講授類》,[],False
https://selcrs.nsysu.edu.tw/menu5/showoutline.asp?SYEAR=114&SEM=2&CrsDat=PIS2004&Crsname=當代社會問題與創新案例研究,,,False,人科學程,PIS2004,1,不分班,"當代社會問題與創新案例研究
STUDIES OF CONTEMPORARY  SOCIAL ISSUES AND INNOVATION CASES",3,期,True,50,2,29,21,夏晧清,"三2,3,4(西SW 1005)","['', '', '234', '', '', '', '']",《講授類》,[],False
https://selcrs.nsysu.edu.tw/menu5/showoutline.asp?SYEAR=114&SEM=2&CrsDat=PIS2005&Crsname=設計溝通與表達,,,False,人科學程,PIS2005,1,不分班,"設計溝通與表達
COMMUNICATION AND EXPRESSION THROUGH DESIGN",3,期,True,50,2,29,21,張淑美,"三5,6,7(西SW 1005)","['', '', '567', '', '', '', '']",《講授類》,[],False
https://selcrs.nsysu.edu.tw/menu5/showoutline.asp?SYEAR=114&SEM=2&CrsDat=PIS2009&Crsname=跨領域創新專題（一）,,,False,人科學程,PIS2009,2,不分班,"跨領域創新專題（一）
INDIVIDUAL STUDIES OF  CROSS-DOMAIN INNOVATION (1)",3,期,True,30,0,26,4,宋世祥,"二2,3,4(西SW 1007)","['', '234', '', '', '', '', '']",《講授類》,[],False
https://selcrs.nsysu.edu.tw/menu5/showoutline.asp?SYEAR=114&SEM=2&CrsDat=PIS2012&Crsname=關懷設計,,,False,人科學程,PIS2012,0,不分班,"關懷設計
PHILANTHROPIC DESIGN",3,期,False,25,0,0,25,張淑美,"二5,6,7(西SW 1005)","['', '567', '', '', '', '', '']",《講授類》,[],False
https://selcrs.nsysu.edu.tw/menu5/showoutline.asp?SYEAR=114&SEM=2&CrsDat=PIS2014&Crsname=精實創業,,,False,人科學程,PIS2014,0,不分班,"精實創業
THE LEAN STARTUP",3,期,False,30,0,0,30,謝如梅,"二8,6,7(西SW 1003)","['', '678', '', '', '', '', '']",《講授類》,[],False
https://selcrs.nsysu.edu.tw/menu5/showoutline.asp?SYEAR=114&SEM=2&CrsDat=PIS2016&Crsname=數位文化與人類學：理論與實踐,,,False,人科學程,PIS2016,0,不分班,"數位文化與人類學：理論與實踐
DIGITAL CULTURE AND ANTHROPOLOGY:THEORIES AND PRACTICE",3,期,False,25,0,0,25,宋世祥,"三2,3,4(西SW 1003)","['', '', '234', '', '', '', '']",《講授類》,[],False
https://selcrs.nsysu.edu.tw/menu5/showoutline.asp?SYEAR=114&SEM=2&CrsDat=PIS2017&Crsname=創意街區發展實務與藝術管理,,,False,人科學程,PIS2017,0,不分班,"創意街區發展實務與藝術管理
PRACTICE OF CREATIVE BLOCKS DEVELOPMENT AND ART MANAGEMENT",3,期,False,25,0,0,25,宋世祥,"四5,6,7(西SW 1004)","['', '', '', '567', '', '', '']",《講授類》,[],False
https://selcrs.nsysu.edu.tw/menu5/showoutline.asp?SYEAR=114&SEM=2&CrsDat=PIS2018&Crsname=創客進階,異動,更換時間1/2,False,人科學程,PIS2018,0,不分班,"創客進階
MAKER-ADVANCED",3,期,False,50,0,0,50,王兆璋,"五2,3,4(西SW 1007)","['', '', '', '', '234', '', '']",《講授類》,[],False
https://selcrs.nsysu.edu.tw/menu5/showoutline.asp?SYEAR=114&SEM=2&CrsDat=PIS2028&Crsname=基礎研究方法,,,False,人科學程,PIS2028,2,不分班,"基礎研究方法
INTRODUCTION TO RESEARCH METHODS",3,期,True,50,0,26,24,"夏晧清,謝如梅","四2,3,4(西SW 1005)","['', '', '', '234', '', '', '']",《講授類》,[],False
https://selcrs.nsysu.edu.tw/menu5/showoutline.asp?SYEAR=114&SEM=2&CrsDat=PIS3003&Crsname=創新設計或創業專題（一）,,,False,人科學程,PIS3003,3,不分班,"創新設計或創業專題（一）
INDEPENDENT STUDIES IN INNOVATION AND ENTREPRENEURSHIP (1)",3,期,True,50,2,30,20,"夏晧清,宋世祥,張淑美,王兆璋,謝如梅,鄭南玉","六2,3,4(西SW 1005)","['', '', '', '', '', '234', '']",《獨立研究》,[],False
https://selcrs.nsysu.edu.tw/menu5/showoutline.asp?SYEAR=114&SEM=2&CrsDat=III1003&Crsname=世界史中的原住民,,,False,國際學士原民專班,III1003,1,不分班,"世界史中的原住民
INDIGENOUS PEOPLES IN WORLD HISTORY",3,期,True,50,0,7,43,李馨慈,"五2,3,4(通GE 3013)","['', '', '', '', '234', '', '']",《講授類》,[],False
https://selcrs.nsysu.edu.tw/menu5/showoutline.asp?SYEAR=114&SEM=2&CrsDat=III1004&Crsname=文獻分析與田野實作,,,False,國際學士原民專班,III1004,1,不分班,"文獻分析與田野實作
LITERATURE ANALYSIS AND FIELD PRACTICE",3,期,True,50,0,7,43,"李育諭,王啟仲,許家豪","四5,6,7(通GE 4020)","['', '', '', '567', '', '', '']",《講授類》,[],False
https://selcrs.nsysu.edu.tw/menu5/showoutline.asp?SYEAR=114&SEM=2&CrsDat=III1005&Crsname=社會文化分析,,,False,國際學士原民專班,III1005,1,不分班,"社會文化分析
SOCIO-CULTURAL ANALYSIS",3,期,False,20,0,0,20,王啟仲,"二5,6,7(通GE 1008)","['', '567', '', '', '', '', '']",《講授類》,[],False
https://selcrs.nsysu.edu.tw/menu5/showoutline.asp?SYEAR=114&SEM=2&CrsDat=III1015&Crsname=科學、媒體與文化,,,False,國際學士原民專班,III1015,1,不分班,"科學、媒體與文化
SCIENCE, MEDIA, AND CULTURE",3,期,False,20,0,0,20,李育諭,"五2,3,4(通GE 1008)","['', '', '', '', '234', '', '']",《講授類》,[],False
https://selcrs.nsysu.edu.tw/menu5/showoutline.asp?SYEAR=114&SEM=2&CrsDat=III1016&Crsname=台灣政經發展,,,False,國際學士原民專班,III1016,1,不分班,"台灣政經發展
POLITICAL AND ECONOMIC DEVELOPMENT IN TAIWAN",3,期,False,20,0,0,20,許家豪,"二8,6,7(海ME 3006)","['', '678', '', '', '', '', '']",《講授類》,[],True
https://selcrs.nsysu.edu.tw/menu5/showoutline.asp?SYEAR=114&SEM=2&CrsDat=III1017&Crsname=歧視、偏見與社會正義,,,False,國際學士原民專班,III1017,1,不分班,"歧視、偏見與社會正義
DISCRIMINATION, BIAS AND SOCIAL JUSTICE",3,期,False,20,0,0,20,許家豪,"二2,3,4(海ME 3006)","['', '234', '', '', '', '', '']",《講授類》,[],False
https://selcrs.nsysu.edu.tw/menu5/showoutline.asp?SYEAR=114&SEM=2&CrsDat=III1018&Crsname=繪本藝術與創意實踐,,,False,國際學士原民專班,III1018,1,不分班,"繪本藝術與創意實踐
PICTURE BOOK ART AND CREATIVE PRACTICE",3,期,False,20,0,0,20,黃郁晴,"一5,6,7(西SW 1005)","['567', '', '', '', '', '', '']",《講授類》,[],False
https://selcrs.nsysu.edu.tw/menu5/showoutline.asp?SYEAR=114&SEM=2&CrsDat=DPBM102&Crsname=程式設計,,,False,後醫學系,DPBM102,1,不分班,"程式設計
PROGRAMING LANGUAGE",2,期,False,50,0,0,50,于松桓,"三3,4(PC 01電腦教室)","['', '', '34', '', '', '', '']","《講授類》
限後醫系修習",[],False
https://selcrs.nsysu.edu.tw/menu5/showoutline.asp?SYEAR=114&SEM=2&CrsDat=DPBM108&Crsname=臨床技能（一）,,,False,後醫學系,DPBM108,1,不分班,"臨床技能（一）
MEDICAL SKILL TRAINING PROGRAM(I)",0.5,年,True,23,0,18,5,"待聘,楊昭輝,王慧婷,莊蕙青,黃麗珊",,"['345678', '', '', '', '234', '', '']","《醫學類》
限後醫系修習",[],False
https://selcrs.nsysu.edu.tw/menu5/showoutline.asp?SYEAR=114&SEM=2&CrsDat=DPBM126&Crsname=醫學影像學原理,異動,更換部份時間1/5,False,後醫學系,DPBM126,1,不分班,"醫學影像學原理
MEDICAL IMAGING",0.5,期,True,50,6,18,32,"林偉哲,陳德全",,"['', '', '256', '', '56', '', '']","《醫學類》
限後醫系修習",[],False
https://selcrs.nsysu.edu.tw/menu5/showoutline.asp?SYEAR=114&SEM=2&CrsDat=DPBM134&Crsname=肌肉骨骼皮膚系統基礎醫學,,,False,後醫學系,DPBM134,1,不分班,"肌肉骨骼皮膚系統基礎醫學
THE BASIC MEDICAL SCIENCE OF MUSCULOSKELETAL, INTEGUMENT SYSTEMS",3,期,True,50,6,18,32,"劉勃佑,呂穎怡,廖嘉賓,柯瓊媛,柯翠玲,王文宏,葉明倫,詹佳穎,趙敏吾,鄭雅勻",,"['1234567', '12345678', '3467', '23456', '345', '', '']","《醫學類》
限後醫系修習",[],False
https://selcrs.nsysu.edu.tw/menu5/showoutline.asp?SYEAR=114&SEM=2&CrsDat=IB508&Crsname=國際人力資源管理,,,False,國際經營學程,IB508,0,不分班,"國際人力資源管理
INTERNATIONAL HUMAN RESOURCE MANAGEMENT",3,期,False,35,0,0,35,林帆,"四8,6,7(管CM 4078)","['', '', '', '678', '', '', '']","《講授類》
限IBMBA及GHRM MBA學程學生修習，欲加選學生請於異常處理時加選。",[],True
https://selcrs.nsysu.edu.tw/menu5/showoutline.asp?SYEAR=114&SEM=2&CrsDat=IB514&Crsname=管理資訊系統,,,False,國際經營學程,IB514,0,不分班,"管理資訊系統
MANAGEMENT INFORMATION SYSTEMS",3,期,False,35,0,0,35,溫丹瑋,"五2,3,4(管CM 1023)","['', '', '', '', '234', '', '']","《講授類》
限IBMBA及GHRM MBA學程學生修習，欲加選學生請於異常處理時加選。",[],True
https://selcrs.nsysu.edu.tw/menu5/showoutline.asp?SYEAR=114&SEM=2&CrsDat=IB515&Crsname=財務管理,,,False,國際經營學程,IB515,1,不分班,"財務管理
FINANCIAL MANAGEMENT",3,期,True,50,1,54,-4,張世賢,"二2,3,4(管CM 3051)","['', '234', '', '', '', '', '']","《講授類》
限IBMBA及GHRM MBA學程學生修習，欲加選學生請於異常處理時辦理加選。",[],True
https://selcrs.nsysu.edu.tw/menu5/showoutline.asp?SYEAR=114&SEM=2&CrsDat=IB517&Crsname=投資組合,,,False,國際經營學程,IB517,0,不分班,"投資組合
PORTFOLIO MANAGEMENT",3,期,False,30,0,0,30,鄭義,"一8,6,7(管CM 3022)","['678', '', '', '', '', '', '']","《講授類》
限IBMBA學程及GHRM MBA學程學生修習，欲加選學生請於異常處理時加選。",[],True
https://selcrs.nsysu.edu.tw/menu5/showoutline.asp?SYEAR=114&SEM=2&CrsDat=IB524&Crsname=國際企業永續發展,,,False,國際經營學程,IB524,0,不分班,"國際企業永續發展
SUSTAINABILITY OF GLOBAL ENTERPRISE",3,期,False,30,0,0,30,雷英瑞,"四8,6,7(管CM 1023)","['', '', '', '678', '', '', '']","《講授類》
限IBMBA及GHRM MBA學程學生修習，欲加選學生請於異常處理時加選",[],True
https://selcrs.nsysu.edu.tw/menu5/showoutline.asp?SYEAR=114&SEM=2&CrsDat=IB528&Crsname=亞太經營環境,,,False,國際經營學程,IB528,0,不分班,"亞太經營環境
ASIA PACIFIC BUSINESS ENVIRONMENT",3,期,False,30,0,0,30,雷英瑞,"三5,6,7(管CM 2025)","['', '', '567', '', '', '', '']","《講授類》
限IBMBA及GHRM MBA學程學生修習，欲加選學生請於異常處理時加選。",[],True
https://selcrs.nsysu.edu.tw/menu5/showoutline.asp?SYEAR=114&SEM=2&CrsDat=IB603&Crsname=全球供應鏈管理,,,False,國際經營學程,IB603,0,不分班,"全球供應鏈管理
GLOBAL SUPPLY CHAIN MANAGEMENT",3,期,False,35,0,0,35,楊淯程,"三2,3,4(管CM 1023)","['', '', '234', '', '', '', '']","《講授類》
限IBMBA及GHRM MBA學程學生修習，欲加選學生請於異常處理時加選。",[],True
https://selcrs.nsysu.edu.tw/menu5/showoutline.asp?SYEAR=114&SEM=2&CrsDat=IB610&Crsname=商管論文寫作,,,False,國際經營學程,IB610,0,不分班,"商管論文寫作
ACADEMIC WRITING FOR BUSINESS",3,期,False,35,0,0,35,待聘,"一2,3,4(管CM 1023)","['234', '', '', '', '', '', '']","《講授類》
限IBMBA學程及GHRM MBA學程學生修習，欲加選學生請於異常處理時加選。",[],True
https://selcrs.nsysu.edu.tw/menu5/showoutline.asp?SYEAR=114&SEM=2&CrsDat=IB612&Crsname=企業諮詢方法與實作,,,False,國際經營學程,IB612,0,不分班,"企業諮詢方法與實作
CONSULTING METHODS AND PRACTICE",3,期,False,30,0,0,30,張姮燕,"三5,6,7(管CM 3022)","['', '', '567', '', '', '', '']","《講授類》
與GHRM MBA併班上課，限IBMBA及GHRM MBA學生修習，欲加選學生請於異常處理時加選。",[],True
https://selcrs.nsysu.edu.tw/menu5/showoutline.asp?SYEAR=114&SEM=2&CrsDat=IB614&Crsname=研究方法,,,False,國際經營學程,IB614,1,不分班,"研究方法
RESEARCH METHODOLOGY",3,期,True,50,1,54,-4,陳文鑫,"四2,3,4(管CM 4112)","['', '', '', '234', '', '', '']","《講授類》
與GHRM MBA併班上課，限IBMBA及GHRM MBA學生修習，欲加選學生請於異常處理時加選。",[],True
https://selcrs.nsysu.edu.tw/menu5/showoutline.asp?SYEAR=114&SEM=2&CrsDat=GHRM507&Crsname=企業諮詢方法與實作,,,False,人管英語碩程,GHRM507,1,不分班,"企業諮詢方法與實作
CONSULTING METHODS AND PRACTICE",3,期,True,50,2,21,29,張姮燕,"三5,6,7(管CM 3022)","['', '', '567', '', '', '', '']","《講授類》
與IBMBA併班上課，限IBMBA及GHRM MBA學生修習，欲加選學生請於異常處理時加選。",[],True
https://selcrs.nsysu.edu.tw/menu5/showoutline.asp?SYEAR=114&SEM=2&CrsDat=GHRM512&Crsname=研究方法,,,False,人管英語碩程,GHRM512,1,不分班,"研究方法
RESEARCH METHODOLOGY",3,期,True,50,2,21,29,陳文鑫,"四2,3,4(管CM 4112)","['', '', '', '234', '', '', '']","《講授類》
與IBMBA併班上課，限IBMBA及GHRM MBA學生修習，欲加選學生請於異常處理時加選。",[],True
https://selcrs.nsysu.edu.tw/menu5/showoutline.asp?SYEAR=114&SEM=2&CrsDat=GHRM524&Crsname=領導風格與決策,,,False,人管英語碩程,GHRM524,0,不分班,"領導風格與決策
LEADERSHIP AND DECISION MAKING",3,期,False,30,0,0,30,待聘,"五8,6,7(管CM 1023)","['', '', '', '', '678', '', '']","《講授類》
限IBMBA學程及GHRM MBA學程學生修習，欲加選學生請於異常處理階段辦理加選",[],True
https://selcrs.nsysu.edu.tw/menu5/showoutline.asp?SYEAR=114&SEM=2&CrsDat=GHRM528&Crsname=組織政治學,,,False,人管英語碩程,GHRM528,0,不分班,"組織政治學
ORGANIZATIONAL POLITICS",3,期,False,30,0,0,30,華明儀,"一8,6,7(管CM 1023)","['678', '', '', '', '', '', '']","《講授類》
限IBMBA學程及GHRM MBA學程學生修習，欲加選學生請於異常處理階段辦理加選",[],True
https://selcrs.nsysu.edu.tw/menu5/showoutline.asp?SYEAR=114&SEM=2&CrsDat=GHRM536&Crsname=組織設計與數位轉型,,,False,人管英語碩程,GHRM536,0,不分班,"組織設計與數位轉型
ORGANIZATIONAL DESIGN AND DIGITAL TRANSFORMATION",3,期,False,20,0,0,20,李捷,"四8,6,7(管CM 1019)","['', '', '', '678', '', '', '']","《講授類》
限IBMBA學程及GHRM MBA學程學生修習，欲加選學生請於異常處理階段辦理加選",[],True
https://selcrs.nsysu.edu.tw/menu5/showoutline.asp?SYEAR=114&SEM=2&CrsDat=GHRM591&Crsname=生產與作業管理,,,False,人管英語碩程,GHRM591,0,不分班,"生產與作業管理
PRODUCTION AND OPERATIONS MANAGEMENT",3,期,False,35,0,0,35,劉易,"二8,6,7(管CM 3022)","['', '678', '', '', '', '', '']","《講授類》
限IBMBA學程及GHRM MBA學程學生修習，欲加選學生請於異常處理階段辦理加選",[],True
https://selcrs.nsysu.edu.tw/menu5/showoutline.asp?SYEAR=114&SEM=2&CrsDat=GHRM604&Crsname=人力發展管理,,,False,人管英語碩程,GHRM604,0,不分班,"人力發展管理
HUMAN RESOURCE DEVELOPMENT MANAGEMENT",3,期,False,30,0,0,30,施欣宜,"二8,6,7(管CM 1019)","['', '678', '', '', '', '', '']","《講授類》
限IBMBA學程及GHRM MBA學程學生修習，欲加選學生請於異常處理階段辦理加選",[],True
https://selcrs.nsysu.edu.tw/menu5/showoutline.asp?SYEAR=114&SEM=2&CrsDat=GHRM608&Crsname=人力資源職能發展,,,False,人管英語碩程,GHRM608,0,不分班,"人力資源職能發展
HUMAN RESOURCE COMPETENCY DEVELOPMENT",3,期,False,30,0,0,30,待聘,"五2,3,4(管CM 3022)","['', '', '', '', '234', '', '']","《講授類》
限IBMBA學程及GHRM MBA學程學生修習，欲加選學生請於異常處理階段辦理加選",[],True
https://selcrs.nsysu.edu.tw/menu5/showoutline.asp?SYEAR=114&SEM=2&CrsDat=GHRM651&Crsname=策略管理,,,False,人管英語碩程,GHRM651,0,不分班,"策略管理
STRATEGIC MANAGEMENT",3,期,False,30,0,0,30,蔡宗霖,"三2,3,4(管CM 2025)","['', '', '234', '', '', '', '']","《講授類》
限IBMBA學程及GHRM MBA學程學生修習，欲加選學生請於異常處理階段辦理加選",[],True
https://selcrs.nsysu.edu.tw/menu5/showoutline.asp?SYEAR=114&SEM=2&CrsDat=FI501&Crsname=金融產業專業實習（一）,,,False,金融創新產碩,FI501,1,不分班,"金融產業專業實習（一）
PROFESSIONAL PRACTICE IN FINANCIAL INDUSTRY (I)",1,期,True,15,0,15,0,邱敬貿,"二A,1(管CM 2026)(實驗)","['', 'A1', '', '', '', '', '']","《實習類》
限產碩專班學生修課；每周上課時數2小時(此課程為寒假先修)",[],False
https://selcrs.nsysu.edu.tw/menu5/showoutline.asp?SYEAR=114&SEM=2&CrsDat=FI502&Crsname=當前財金問題分析,,,False,金融創新產碩,FI502,1,不分班,"當前財金問題分析
CURRENT FINANCIAL PROBLEMS ANALYSIS",2,期,True,15,0,15,0,邱敬貿,"五C,D(管CM 1037)","['', '', '', '', 'CD', '', '']",《講授類》,[],False
https://selcrs.nsysu.edu.tw/menu5/showoutline.asp?SYEAR=114&SEM=2&CrsDat=FI505&Crsname=金融科技服務開發,,,False,金融創新產碩,FI505,0,不分班,"金融科技服務開發
THE DEVELOPMENT OF FINTECH SERVICES",3,期,False,50,0,0,50,"吳藺芝,邱敬貿","一8,6,7(管CM 1025)","['678', '', '', '', '', '', '']",《講授類》,[],False
https://selcrs.nsysu.edu.tw/menu5/showoutline.asp?SYEAR=114&SEM=2&CrsDat=FI603&Crsname=金融產業專業實習（四）,,,False,金融創新產碩,FI603,2,不分班,"金融產業專業實習（四）
PROFESSIONAL PRACTICE IN FINANCIAL INDUSTRY (IV)",1,期,True,15,0,15,0,邱敬貿,"四A,1(管CM 2026)(實驗)","['', '', '', 'A1', '', '', '']","《實習類》
限產碩專班學生修課；每周上課時數2小時(此課程為寒假先修)",[],False
https://selcrs.nsysu.edu.tw/menu5/showoutline.asp?SYEAR=114&SEM=2&CrsDat=FI605&Crsname=碩士論文專題（二）,,,False,金融創新產碩,FI605,2,不分班,"碩士論文專題（二）
INDEPENDENT STUDIES IN MASTER THESIS （II）",3,期,True,20,0,15,5,"吳藺芝,封之遠,張世賢,羅勝議,翁培師,蔡佳芬,蔡秉真,蔡維哲,蕭珮婕,邱敬貿","三A,1,B(管CM 2026)","['', '', 'A1B', '', '', '', '']",《獨立研究》,[],False
https://selcrs.nsysu.edu.tw/menu5/showoutline.asp?SYEAR=114&SEM=2&CrsDat=MBR502&Crsname=海洋生物科技專題研討（二）,,,True,海資碩,MBR502,1,不分班,"海洋生物科技專題研討（二）
SEMINAR IN MARINE BIOTECHNOLOGY (II)",2,期,True,50,0,0,50,張鈞涵,"一6,7(海MB 2015)","['67', '', '', '', '', '', '']","《研討類》
碩博士班併班上課。",[],False
https://selcrs.nsysu.edu.tw/menu5/showoutline.asp?SYEAR=114&SEM=2&CrsDat=MBR504&Crsname=海洋生態專題研討（二）,,,True,海資碩,MBR504,1,不分班,"海洋生態專題研討（二）
SEMINAR IN MARINE ECOLOGY (II)",2,期,True,50,0,0,50,劉商隱,"一6,7(海MB 1005)","['67', '', '', '', '', '', '']","《研討類》
碩博士班併班上課。",[],False
https://selcrs.nsysu.edu.tw/menu5/showoutline.asp?SYEAR=114&SEM=2&CrsDat=MBR505&Crsname=海洋生物資源特論,異動,更換主授教師1/8,False,海資碩,MBR505,1,不分班,"海洋生物資源特論
SPECIAL TOPICS IN MARINE BIOLOGICAL RESOURCES",3,期,False,50,0,0,50,"唐川禾,朱育民,李幸慧","四5,6,7(海生館第二研究大樓R 2002)","['', '', '', '567', '', '', '']","《講授類》
請注意上課地點在海生館。",[],False
https://selcrs.nsysu.edu.tw/menu5/showoutline.asp?SYEAR=114&SEM=2&CrsDat=MBR506&Crsname=基因選殖及轉殖生物技術實驗,,,False,海資碩,MBR506,1,不分班,"基因選殖及轉殖生物技術實驗
GENE CLONING AND TRANSFORMATION BIOTECHNOLOGY EXPERIMENT",2,期,False,50,0,0,50,李澤民,"五2,3,4,5,6,7(海MB 2012)(實驗)","['', '', '', '', '234567', '', '']",《實驗類》,[],False
https://selcrs.nsysu.edu.tw/menu5/showoutline.asp?SYEAR=114&SEM=2&CrsDat=MBR508&Crsname=海洋化學資源專題研討（二）,,,True,海資碩,MBR508,1,不分班,"海洋化學資源專題研討（二）
SEMINAR IN MARINE CHEMICAL RESOURCES (II)",2,期,True,50,0,0,50,李益銘,"一6,7(海MB 2014)","['67', '', '', '', '', '', '']","《研討類》
碩博士班併班上課。",[],False
https://selcrs.nsysu.edu.tw/menu5/showoutline.asp?SYEAR=114&SEM=2&CrsDat=MBR508A&Crsname=海洋化學資源專題研討（二）,,,True,海資碩,MBR508A,1,不分班,"海洋化學資源專題研討（二）
SEMINAR IN MARINE CHEMICAL RESOURCES (II)",2,期,False,50,0,0,50,"宋秉鈞,蘇瑞欣","一6,7(海生館第二研究大樓R 2002)","['67', '', '', '', '', '', '']","《研討類》
碩士班併班上課。上課地點在海生館。修畢本課程後，請依必修科目表分組必修規定辦理學分抵免。",[],False
https://selcrs.nsysu.edu.tw/menu5/showoutline.asp?SYEAR=114&SEM=2&CrsDat=MBR510&Crsname=分子細胞生物學（二）,,,True,海資碩,MBR510,1,不分班,"分子細胞生物學（二）
MOLECULAR CELL BIOLOGY(II)",2,期,True,50,0,0,50,王亮鈞,"四3,4(海MB 2016)","['', '', '', '34', '', '', '']",《講授類》,[],False
https://selcrs.nsysu.edu.tw/menu5/showoutline.asp?SYEAR=114&SEM=2&CrsDat=MBR510A&Crsname=分子細胞生物學（二）,,,True,海資碩,MBR510A,1,不分班,"分子細胞生物學（二）
MOLECULAR CELL BIOLOGY(II)",2,期,False,50,0,0,50,王立雪,"四3,4(海生館第二研究大樓R 2002)","['', '', '', '34', '', '', '']","《講授類》
請注意上課地點在海生館。",[],False
https://selcrs.nsysu.edu.tw/menu5/showoutline.asp?SYEAR=114&SEM=2&CrsDat=MBR511&Crsname=教學實習,,,True,海資碩,MBR511,1,不分班,"教學實習
TEACHING PRACTICE",1,期,True,50,0,0,50,李澤民,"一8,9(海MB 2009)(實驗)","['89', '', '', '', '', '', '']",《講授類》,[],False
https://selcrs.nsysu.edu.tw/menu5/showoutline.asp?SYEAR=114&SEM=2&CrsDat=MBR511A&Crsname=教學實習,,,True,海資碩,MBR511A,1,不分班,"教學實習
TEACHING PRACTICE",1,期,False,50,0,0,50,李幸慧,"一8,9(海生館第二研究大樓R 2002)(實驗)","['89', '', '', '', '', '', '']","《講授類》
請注意上課地點在海生館。",[],False
https://selcrs.nsysu.edu.tw/menu5/showoutline.asp?SYEAR=114&SEM=2&CrsDat=MBR524&Crsname=海洋底棲生物生態學,,,False,海資碩,MBR524,1,不分班,"海洋底棲生物生態學
ECOLOGY OF MARINE BENTHOS",3,期,False,50,0,0,50,劉商隱,"二5,6,7(海MB 2016)","['', '567', '', '', '', '', '']",《講授類》,[],False
https://selcrs.nsysu.edu.tw/menu5/showoutline.asp?SYEAR=114&SEM=2&CrsDat=MBR533&Crsname=分子檢測技術特論,,,False,海資碩,MBR533,1,不分班,"分子檢測技術特論
SPECIAL TOPICS IN MOLECULAR DIAGNOSTIC TECHNIQUES",3,期,False,50,0,0,50,"廖睿妘,李景欽","一2,3,4(海MB 2016)","['234', '', '', '', '', '', '']",《講授類》,[],False
https://selcrs.nsysu.edu.tw/menu5/showoutline.asp?SYEAR=114&SEM=2&CrsDat=MBR534&Crsname=生物科技特論,,,False,海資碩,MBR534,1,不分班,"生物科技特論
SPECIAL TOPICS IN BIOTECHNOLOGY",3,期,False,50,0,0,50,"廖睿妘,李景欽","二5,6,7(海MB 1009)","['', '567', '', '', '', '', '']",《講授類》,[],False
https://selcrs.nsysu.edu.tw/menu5/showoutline.asp?SYEAR=114&SEM=2&CrsDat=MBR540&Crsname=天然物化學（二）,,,False,海資碩,MBR540,1,不分班,"天然物化學（二）
NATURAL PRODUCT CHEMISTRY(II)",3,期,False,50,0,0,50,鄭源斌,"一2,3,4(海MB 3013)","['234', '', '', '', '', '', '']",《講授類》,[],False
https://selcrs.nsysu.edu.tw/menu5/showoutline.asp?SYEAR=114&SEM=2&CrsDat=MBR543&Crsname=天然葯物化學,,,False,海資碩,MBR543,1,不分班,"天然葯物化學
MEDICINAL CHEMISTRY OF NATURE PRODUCTS",2,期,False,50,0,0,50,"吳永昌,張鈞涵","五8,7(海MB 2016)","['', '', '', '', '78', '', '']",《講授類》,[],False
https://selcrs.nsysu.edu.tw/menu5/showoutline.asp?SYEAR=114&SEM=2&CrsDat=MBR546&Crsname=海上實習,,,False,海資碩,MBR546,1,不分班,"海上實習
OCEANOGRAPHY CRUISE PRACTICE",1,期,False,50,0,0,50,林秀瑾,"二8,9(海MB 2009)(實驗)","['', '89', '', '', '', '', '']","《講授類》
修課學生須先取得海科院舉辦之水域活動安全與自救訓練講習證明，始能參與水域活動(含實習航次)",[],False
https://selcrs.nsysu.edu.tw/menu5/showoutline.asp?SYEAR=114&SEM=2&CrsDat=MBR551&Crsname=海洋生物技術專研（二）,,,False,海資碩,MBR551,1,不分班,"海洋生物技術專研（二）
INDEPENDENT STUDIES IN MARINE BIOTECHNOLOGY (II)",2,期,False,50,0,0,50,"廖睿妘,李景欽,李澤民,王亮鈞","一A,1()","['A1', '', '', '', '', '', '']",《獨立研究》,[],False
https://selcrs.nsysu.edu.tw/menu5/showoutline.asp?SYEAR=114&SEM=2&CrsDat=MBR556&Crsname=海洋總體基因體學,,,False,海資碩,MBR556,1,不分班,"海洋總體基因體學
MARINE METAGENOMICS",2,期,False,50,0,0,50,"劉勃佑,林梅芳","三3,4(海MB 2009)","['', '', '34', '', '', '', '']",《講授類》,[],True
https://selcrs.nsysu.edu.tw/menu5/showoutline.asp?SYEAR=114&SEM=2&CrsDat=MBR559&Crsname=水生生態專題研究（二）,,,False,海資碩,MBR559,1,不分班,"水生生態專題研究（二）
INDEPENDENT STUDIES IN AQUATIC ECOLOGY (II)",2,期,False,50,0,0,50,"劉商隱,張桂祥,林梅芳,林秀瑾,水晶","一A,1()","['A1', '', '', '', '', '', '']",《獨立研究》,[],False
https://selcrs.nsysu.edu.tw/menu5/showoutline.asp?SYEAR=114&SEM=2&CrsDat=MBR560&Crsname=植物與藻類功能性基因研究導論,,,False,海資碩,MBR560,1,不分班,"植物與藻類功能性基因研究導論
INTRODUCTION TO FUNCTIONAL GENE RESEARCH IN PLANTS AND ALGAE",3,期,False,50,0,0,50,廖睿妘,"四5,6,7(海MB 2016)","['', '', '', '567', '', '', '']",《講授類》,[],False
https://selcrs.nsysu.edu.tw/menu5/showoutline.asp?SYEAR=114&SEM=2&CrsDat=MBR561&Crsname=物種和生態系統對氣候變遷反應的動態,,,False,海資碩,MBR561,1,不分班,"物種和生態系統對氣候變遷反應的動態
DYNAMICS OF SPECIES AND ECOSYSTEM RESPONSE TO CLIMATE CHANGE",2,期,False,50,0,0,50,水晶,"四3,4(海MB 2009)","['', '', '', '34', '', '', '']",《講授類》,[],True
https://selcrs.nsysu.edu.tw/menu5/showoutline.asp?SYEAR=114&SEM=2&CrsDat=MBR574&Crsname=海洋分子生態學,,,False,海資碩,MBR574,1,不分班,"海洋分子生態學
MARINE MOLECULAR ECOLOGY",3,期,False,50,0,0,50,"塗子萱,林梅芳,林秀瑾","五2,3,4(海MB 2016)","['', '', '', '', '234', '', '']",《講授類》,[],True
https://selcrs.nsysu.edu.tw/menu5/showoutline.asp?SYEAR=114&SEM=2&CrsDat=MBR577&Crsname=海洋化學生物學專題研究（二）,,,False,海資碩,MBR577,1,不分班,"海洋化學生物學專題研究（二）
INDEPENDENT STUDIES IN MARINE CHEMICAL BIOLOGY (II)",2,期,False,50,0,0,50,"廖志中,李益銘,鄭源斌","一A,1()","['A1', '', '', '', '', '', '']",《獨立研究》,[],False
https://selcrs.nsysu.edu.tw/menu5/showoutline.asp?SYEAR=114&SEM=2&CrsDat=MBR578&Crsname=海洋化學生物學專題研究（四）,,,False,海資碩,MBR578,2,不分班,"海洋化學生物學專題研究（四）
INDEPENDENT STUDIES IN MARINE CHEMICAL BIOLOGY (IV)",2,期,False,50,0,0,50,"廖志中,李益銘,翁靖如,鄭源斌","二A,1()","['', 'A1', '', '', '', '', '']",《獨立研究》,[],False
https://selcrs.nsysu.edu.tw/menu5/showoutline.asp?SYEAR=114&SEM=2&CrsDat=MBR593&Crsname=海洋生物多樣性與保育（二）,,,True,海資碩,MBR593,1,不分班,"海洋生物多樣性與保育（二）
MARINE BIODIVERSITY AND CONSERVATION （2）",2,期,True,50,0,0,50,"劉商隱,水晶","二3,4(海MB 2009)","['', '34', '', '', '', '', '']",《講授類》,[],True
https://selcrs.nsysu.edu.tw/menu5/showoutline.asp?SYEAR=114&SEM=2&CrsDat=MBR593A&Crsname=海洋生物多樣性與保育（二）,,,True,海資碩,MBR593A,1,不分班,"海洋生物多樣性與保育（二）
MARINE BIODIVERSITY AND CONSERVATION （2）",2,期,False,50,0,0,50,李欣,"二3,4(海生館第二研究大樓R 2002)","['', '34', '', '', '', '', '']","《講授類》
請注意上課地點在海生館。",[],True
https://selcrs.nsysu.edu.tw/menu5/showoutline.asp?SYEAR=114&SEM=2&CrsDat=MBR598&Crsname=海洋天然物與化學分析（二）,,,True,海資碩,MBR598,1,不分班,"海洋天然物與化學分析（二）
MARINE NATURAL PRODUCTS AND CHEMICAL ANALYSIS II",2,期,True,50,0,0,50,廖志中,"五3,4(海MB 3013)","['', '', '', '', '34', '', '']",《講授類》,[],True
https://selcrs.nsysu.edu.tw/menu5/showoutline.asp?SYEAR=114&SEM=2&CrsDat=MBR598A&Crsname=海洋天然物與化學分析（二）,,,True,海資碩,MBR598A,1,不分班,"海洋天然物與化學分析（二）
MARINE NATURAL PRODUCTS AND CHEMICAL ANALYSIS II",2,期,False,50,0,0,50,"宋秉鈞,蘇瑞欣","五3,4(海生館第二研究大樓R 2002)","['', '', '', '', '34', '', '']","《講授類》
請注意上課地點在海生館。",[],True
https://selcrs.nsysu.edu.tw/menu5/showoutline.asp?SYEAR=114&SEM=2&CrsDat=MBR599&Crsname=海洋活性成分於線蟲篩選平台原理與應用,,,False,海資碩,MBR599,1,不分班,"海洋活性成分於線蟲篩選平台原理與應用
PRINCIPLES AND APPLICATIONS OF MARINE BIOACTIVE COMPOUNDS IN NEMATODE SCREENING PLATFORMS",3,期,False,50,0,0,50,張鈞涵,"二2,3,4(海MB 2016)","['', '234', '', '', '', '', '']",《講授類》,[],False
https://selcrs.nsysu.edu.tw/menu5/showoutline.asp?SYEAR=114&SEM=2&CrsDat=MBR602&Crsname=海洋生物科技專題研討（四）,,,False,海資碩,MBR602,2,不分班,"海洋生物科技專題研討（四）
SEMINAR IN MARINE BIOTECHNOLOGY (IV)",2,期,False,50,0,0,50,張鈞涵,"一6,7(海MB 2015)","['67', '', '', '', '', '', '']","《研討類》
碩博士班併班上課。",[],False
https://selcrs.nsysu.edu.tw/menu5/showoutline.asp?SYEAR=114&SEM=2&CrsDat=MBR604&Crsname=海洋生態專題研討（四）,,,False,海資碩,MBR604,2,不分班,"海洋生態專題研討（四）
SEMINAR IN MARINE ECOLOGY (IV)",2,期,False,50,0,0,50,劉商隱,"一6,7(海MB 1005)","['67', '', '', '', '', '', '']","《研討類》
碩博士班併班上課。",[],False
https://selcrs.nsysu.edu.tw/menu5/showoutline.asp?SYEAR=114&SEM=2&CrsDat=MBR608&Crsname=海洋化學資源專題研討（四）,,,False,海資碩,MBR608,2,不分班,"海洋化學資源專題研討（四）
SEMINAR IN MARINE CHEMICAL RESOURCES (IV)",2,期,False,50,0,0,50,李益銘,"一6,7(海MB 2014)","['67', '', '', '', '', '', '']","《研討類》
碩博士班併班上課。",[],False
https://selcrs.nsysu.edu.tw/menu5/showoutline.asp?SYEAR=114&SEM=2&CrsDat=MBR608A&Crsname=海洋化學資源專題研討（四）,,,False,海資碩,MBR608A,2,不分班,"海洋化學資源專題研討（四）
SEMINAR IN MARINE CHEMICAL RESOURCES (IV)",2,期,False,50,0,0,50,"宋秉鈞,蘇瑞欣","一6,7(海生館第二研究大樓R 2002)","['67', '', '', '', '', '', '']","《研討類》
碩士班併班上課。請注意上課地點在海生館。",[],False
https://selcrs.nsysu.edu.tw/menu5/showoutline.asp?SYEAR=114&SEM=2&CrsDat=MBR614&Crsname=海洋生物技術專研（四）,,,False,海資碩,MBR614,2,不分班,"海洋生物技術專研（四）
INDEPENDENT STUDIES IN MARINE BIOTECHNOLOGY (IV)",2,期,False,50,0,0,50,"廖睿妘,李景欽,李澤民,王亮鈞","二A,1()","['', 'A1', '', '', '', '', '']",《獨立研究》,[],False
https://selcrs.nsysu.edu.tw/menu5/showoutline.asp?SYEAR=114&SEM=2&CrsDat=MBR622&Crsname=水生生態專題研究（四）,,,False,海資碩,MBR622,2,不分班,"水生生態專題研究（四）
INDEPENDENT STUDIES IN AQUATIC ECOLOGY (IV)",2,期,False,50,0,0,50,"劉商隱,張桂祥,林梅芳,林秀瑾,樊同雲,水晶,陳德豪","二A,1()","['', 'A1', '', '', '', '', '']",《獨立研究》,[],False
https://selcrs.nsysu.edu.tw/menu5/showoutline.asp?SYEAR=114&SEM=2&CrsDat=MAEV502&Crsname=海洋環境書報討論（二）,,,False,海工碩,MAEV502,1,不分班,"海洋環境書報討論（二）
SEMINAR IN MARINE ENVIRONMENT (II)",2,期,False,50,0,0,50,曾以帆,"四6,7(海ME 3002)","['', '', '', '67', '', '', '']",《演講/參訪》,[],False
https://selcrs.nsysu.edu.tw/menu5/showoutline.asp?SYEAR=114&SEM=2&CrsDat=MAEV506&Crsname=專題研究（二）,,,False,海工碩,MAEV506,1,不分班,"專題研究（二）
INDEPENDENT STUDIES(II)",3,期,False,50,0,0,50,指導教授,"五A,1,B()","['', '', '', '', 'A1B', '', '']",《獨立研究》,[],False
https://selcrs.nsysu.edu.tw/menu5/showoutline.asp?SYEAR=114&SEM=2&CrsDat=MAEV511&Crsname=數值方法,,,False,海工碩,MAEV511,1,不分班,"數值方法
NUMERICAL METHODS",3,期,False,50,0,0,50,莊偉良,"一2,3,4(海ME 3004)","['234', '', '', '', '', '', '']",《講授類》,[],False
https://selcrs.nsysu.edu.tw/menu5/showoutline.asp?SYEAR=114&SEM=2&CrsDat=MAEV515&Crsname=箱網養殖工程,,,False,海工碩,MAEV515,1,不分班,"箱網養殖工程
CAGE AQUACULTURAL ENGINEERING",3,期,False,50,0,0,50,黃材成,"一2,3,4(海ME 2007)","['234', '', '', '', '', '', '']",《講授類》,[],False
https://selcrs.nsysu.edu.tw/menu5/showoutline.asp?SYEAR=114&SEM=2&CrsDat=MAEV520&Crsname=波浪理論,,,False,海工碩,MAEV520,1,不分班,"波浪理論
WAVE THEORY",3,期,False,50,0,0,50,許弘莒,"一8,6,7(海ME 2007)","['678', '', '', '', '', '', '']",《講授類》,[],False
https://selcrs.nsysu.edu.tw/menu5/showoutline.asp?SYEAR=114&SEM=2&CrsDat=MAEV523&Crsname=海洋系統模擬（二）,,,False,海工碩,MAEV523,1,不分班,"海洋系統模擬（二）
MARINE SYSTEM MODELING (II)",3,期,False,50,0,0,50,歐雅森,"三5,6,7(海ME 2002)","['', '', '567', '', '', '', '']",《講授類》,[],True
https://selcrs.nsysu.edu.tw/menu5/showoutline.asp?SYEAR=114&SEM=2&CrsDat=MAEV530&Crsname=水工模型試驗,,,False,海工碩,MAEV530,1,不分班,"水工模型試驗
PHYSICAL MODELING IN HYDRAULIC AND OCEAN ENGINEERING",3,期,False,50,0,0,50,葉博弘,"二8,6,7(海ME 2005)","['', '678', '', '', '', '', '']",《講授類》,[],False
https://selcrs.nsysu.edu.tw/menu5/showoutline.asp?SYEAR=114&SEM=2&CrsDat=MAEV542&Crsname=海洋結構動力學,,,False,海工碩,MAEV542,1,不分班,"海洋結構動力學
STRUCTURE DYNAMICS IN OCEAN ENGINEERING",3,期,False,50,0,0,50,詹鵬台,"三2,3,4(海ME 2002)","['', '', '234', '', '', '', '']",《講授類》,[],True
https://selcrs.nsysu.edu.tw/menu5/showoutline.asp?SYEAR=114&SEM=2&CrsDat=MAEV546&Crsname=港灣工程案例探討與改進,,,False,海工碩,MAEV546,1,不分班,"港灣工程案例探討與改進
HARBOR ENGINEERING CASE STUDY& IMPROVEMENT",2,期,False,50,0,0,50,陳吉紀,"三2,3(海ME 2007)","['', '', '23', '', '', '', '']",《講授類》,[],False
https://selcrs.nsysu.edu.tw/menu5/showoutline.asp?SYEAR=114&SEM=2&CrsDat=MAEV557&Crsname=廢水生物處理方法,,,False,海工碩,MAEV557,1,不分班,"廢水生物處理方法
BIOLOGICAL TREATMENT FOR WASTEWATER",3,期,False,50,0,0,50,卓宴琳,"三5,6,7(海ME 3005)","['', '', '567', '', '', '', '']",《講授類》,[],True
https://selcrs.nsysu.edu.tw/menu5/showoutline.asp?SYEAR=114&SEM=2&CrsDat=MAEV562&Crsname=高等環境系統分析（二）,,,False,海工碩,MAEV562,1,不分班,"高等環境系統分析（二）
ADVANCED ENVIRONMENTAL SYSTEM ANALYSIS (II)",3,期,False,50,0,0,50,張揚祺,"二2,3,4(海ME 2001)","['', '234', '', '', '', '', '']",《講授類》,[],False
https://selcrs.nsysu.edu.tw/menu5/showoutline.asp?SYEAR=114&SEM=2&CrsDat=MAEV570&Crsname=近岸水動力模擬專題研究,,,False,海工碩,MAEV570,1,不分班,"近岸水動力模擬專題研究
INDEPENDENT STUDIES IN SIMULATION OF NEARSHORE HYDRODYNAMICS",2,期,False,50,0,0,50,曾以帆,"五A,1()","['', '', '', '', 'A1', '', '']",《獨立研究》,[],False
https://selcrs.nsysu.edu.tw/menu5/showoutline.asp?SYEAR=114&SEM=2&CrsDat=MAEV571&Crsname=海洋工程地球物理探測,,,False,海工碩,MAEV571,1,不分班,"海洋工程地球物理探測
MARINE  ENGINEERING  GEOPHYSICS",3,期,False,50,0,0,50,林俊宏,"三5,6,7(海ME 2005)","['', '', '567', '', '', '', '']",《講授類》,[],False
https://selcrs.nsysu.edu.tw/menu5/showoutline.asp?SYEAR=114&SEM=2&CrsDat=MAEV572&Crsname=海洋流體力學,,,False,海工碩,MAEV572,1,不分班,"海洋流體力學
OCEAN FLUID MECHANICS",3,期,False,50,0,0,50,歐雅森,"一8,6,7(海ME 2002)","['678', '', '', '', '', '', '']",《講授類》,[],True
https://selcrs.nsysu.edu.tw/menu5/showoutline.asp?SYEAR=114&SEM=2&CrsDat=MAEV576&Crsname=高等水工模型試驗,,,False,海工碩,MAEV576,1,不分班,"高等水工模型試驗
ADVANCED PHYSICAL MODELING IN HYDRAULIC AND OCEAN ENGINEERING",3,期,False,50,0,0,50,曾以帆,"二3,4,B(海ME 3005)","['', '34B', '', '', '', '', '']",《講授類》,[],False
https://selcrs.nsysu.edu.tw/menu5/showoutline.asp?SYEAR=114&SEM=2&CrsDat=MAEV593&Crsname=海域調查與量測,,,False,海工碩,MAEV593,1,不分班,"海域調查與量測
OFFSHORE SITE INVESTIGATION AND MEASUREMENT",3,期,False,50,0,0,50,曾以帆,"五3,4,B(海ME 2007)","['', '', '', '', '34B', '', '']",《講授類》,[],False
https://selcrs.nsysu.edu.tw/menu5/showoutline.asp?SYEAR=114&SEM=2&CrsDat=MAEV596&Crsname=海事工程風險分析及管理,,,False,海工碩,MAEV596,1,不分班,"海事工程風險分析及管理
RISK ANALYSIS AND MANAGEMENT FOR OFFSHORE ENGINEERING",3,期,False,50,0,0,50,柯宗廷,"五2,3,4(海ME 2001)","['', '', '', '', '234', '', '']",《講授類》,[],False
https://selcrs.nsysu.edu.tw/menu5/showoutline.asp?SYEAR=114&SEM=2&CrsDat=MAEV602&Crsname=海洋環境書報討論（四）,,,False,海工碩,MAEV602,2,不分班,"海洋環境書報討論（四）
SEMINAR IN MARINE ENVIRONMENT (IV)",2,期,False,50,0,0,50,張揚祺,"四6,7()","['', '', '', '67', '', '', '']",《演講/參訪》,[],False
https://selcrs.nsysu.edu.tw/menu5/showoutline.asp?SYEAR=114&SEM=2&CrsDat=MAEV628&Crsname=紊流學,,,False,海工碩,MAEV628,1,不分班,"紊流學
TURBULENCE",3,期,False,50,0,0,50,歐雅森,"二8,6,7(海ME 2002)","['', '678', '', '', '', '', '']",《講授類》,[],True
https://selcrs.nsysu.edu.tw/menu5/showoutline.asp?SYEAR=114&SEM=2&CrsDat=MAEV634&Crsname=波與孔隙物作用專研（二）,,,False,海工碩,MAEV634,2,不分班,"波與孔隙物作用專研（二）
IND. ST. IN WAVE-POROUS STRUCTURE INTERACTION (II)",2,期,False,50,0,0,50,許弘莒,"一A,1()","['A1', '', '', '', '', '', '']",《獨立研究》,[],False
https://selcrs.nsysu.edu.tw/menu5/showoutline.asp?SYEAR=114&SEM=2&CrsDat=MAEV661&Crsname=類神經網路,,,False,海工碩,MAEV661,1,不分班,"類神經網路
ARTIFICIAL NEURAL NETWORKS",3,期,False,50,0,0,50,鍾秉宸,"二5,6,7(海ME 3005)","['', '567', '', '', '', '', '']",《講授類》,[],True
https://selcrs.nsysu.edu.tw/menu5/showoutline.asp?SYEAR=114&SEM=2&CrsDat=MAEV663&Crsname=機器學習於海洋環境管理之應用,,,False,海工碩,MAEV663,1,不分班,"機器學習於海洋環境管理之應用
APPLIED MACHINE LEARNING FOR MARINE ENVIRONMENTAL MANAGEMENT",3,期,False,50,0,0,50,夏沛亞,"五2,3,4(海ME 2002)","['', '', '', '', '234', '', '']",《講授類》,[],True
https://selcrs.nsysu.edu.tw/menu5/showoutline.asp?SYEAR=114&SEM=2&CrsDat=MAEV676&Crsname=環境系統分析專題研究,,,False,海工碩,MAEV676,2,不分班,"環境系統分析專題研究
INDEPENDENT STUDIES IN ENVIRONMENTAL SYSTEM ANALYSIS",2,期,False,50,0,0,50,張揚祺,"二A,1()","['', 'A1', '', '', '', '', '']",《獨立研究》,[],False
https://selcrs.nsysu.edu.tw/menu5/showoutline.asp?SYEAR=114&SEM=2&CrsDat=MAEV677&Crsname=海洋環境管理專題研究,,,False,海工碩,MAEV677,1,不分班,"海洋環境管理專題研究
INDEPENDENT STUDIES IN MARINE ENVIRONMENTAL MANAGEMENT",2,期,False,50,0,0,50,陸曉筠,"一A,1()","['A1', '', '', '', '', '', '']",《獨立研究》,[],False
https://selcrs.nsysu.edu.tw/menu5/showoutline.asp?SYEAR=114&SEM=2&CrsDat=MA501&Crsname=專題討論,,,False,海事碩,MA501,1,不分班,"專題討論
SEMINAR",1,期,True,50,1,5,45,劉子銘,"二3,4(海MA 2034)","['', '34', '', '', '', '', '']",《研討類》,[],False
https://selcrs.nsysu.edu.tw/menu5/showoutline.asp?SYEAR=114&SEM=2&CrsDat=MA505&Crsname=社會科學研究方法,,,False,海事碩,MA505,0,不分班,"社會科學研究方法
RESEARCH METHODS IN SOCIAL SCIENCE",3,期,False,50,0,0,50,蔡宏政,"二5,6,7(海MA 2034)","['', '567', '', '', '', '', '']",《講授類》,[],False
https://selcrs.nsysu.edu.tw/menu5/showoutline.asp?SYEAR=114&SEM=2&CrsDat=MA506&Crsname=論文研究,,,False,海事碩,MA506,2,不分班,"論文研究
THESIS RESEARCH",2,期,True,50,0,7,43,"張懿,高世明","五A,1(各教師研究室)","['', '', '', '', 'A1', '', '']",《獨立研究》,[],False
https://selcrs.nsysu.edu.tw/menu5/showoutline.asp?SYEAR=114&SEM=2&CrsDat=MA583&Crsname=海洋法,,,False,海事碩,MA583,0,不分班,"海洋法
LAW OF THE SEA",3,期,False,50,0,0,50,高世明,"五D,E,F(海MA 2034)","['', '', '', '', 'DEF', '', '']",《講授類》,[],True
https://selcrs.nsysu.edu.tw/menu5/showoutline.asp?SYEAR=114&SEM=2&CrsDat=MA584&Crsname=漁業政策,,,False,海事碩,MA584,0,不分班,"漁業政策
FISHERIES POLICY",3,期,False,50,0,0,50,高世明,"五2,3,4(海MA 2034)","['', '', '', '', '234', '', '']",《講授類》,[],False
https://selcrs.nsysu.edu.tw/menu5/showoutline.asp?SYEAR=114&SEM=2&CrsDat=MA585&Crsname=行政法,,,False,海事碩,MA585,0,不分班,"行政法
ADMINISTRATIVE LAW",3,期,False,50,0,0,50,黃明和,"五8,6,7(海MA 2034)","['', '', '', '', '678', '', '']",《講授類》,[],False
https://selcrs.nsysu.edu.tw/menu5/showoutline.asp?SYEAR=114&SEM=2&CrsDat=MA611&Crsname=水下文化遺產保存、保護與管理,,,False,海事碩,MA611,0,不分班,"水下文化遺產保存、保護與管理
PRESERVATION, PROTECTION AND MANAGEMENT OF UNDERWATER CULTURAL HERITAGE",3,期,False,50,0,0,50,吳培福,"四C,D,E(海MA 2034)","['', '', '', 'CDE', '', '', '']",《講授類》,[],False
https://selcrs.nsysu.edu.tw/menu5/showoutline.asp?SYEAR=114&SEM=2&CrsDat=MA615&Crsname=生態資料處理,,,False,海事碩,MA615,0,不分班,"生態資料處理
ECOLOGICAL DATA ANALYSIS",3,期,False,50,0,0,50,林裕䕒,"四2,3,4(海MA 2034)","['', '', '', '234', '', '', '']",《講授類》,[],False
https://selcrs.nsysu.edu.tw/menu5/showoutline.asp?SYEAR=114&SEM=2&CrsDat=MA626&Crsname=原住民傳統知識與海洋生物多樣性保育,,,False,海事碩,MA626,0,不分班,"原住民傳統知識與海洋生物多樣性保育
ISLANDER TRADITIONAL KNOWLEDGE AND MARINE BIODIVERSITY CONSERVATION",3,期,False,50,0,0,50,劉子銘,"二8,9,7(海MA 1020)","['', '789', '', '', '', '', '']",《講授類》,[],False
https://selcrs.nsysu.edu.tw/menu5/showoutline.asp?SYEAR=114&SEM=2&CrsDat=MA628&Crsname=海洋政策與資源之經濟分析,,,False,海事碩,MA628,0,不分班,"海洋政策與資源之經濟分析
ECONOMIC ANALYSIS FOR MARINE POLICY AND NATURAL RESOURCE",3,期,False,50,0,0,50,劉子銘,"二B,5,6(海MA 1020)","['', 'B56', '', '', '', '', '']",《講授類》,[],True
https://selcrs.nsysu.edu.tw/menu5/showoutline.asp?SYEAR=114&SEM=2&CrsDat=MA633&Crsname=整合性海洋與海岸管理（二）：實務面向,,,False,海事碩,MA633,0,不分班,"整合性海洋與海岸管理（二）：實務面向
INTEGRATED OCEAN AND COASTAL MANAGEMENT (Ⅱ): PRACTICAL DIMENSION",3,期,False,50,0,0,50,張懿,"四5,6,7(海MA 2034)","['', '', '', '567', '', '', '']",《講授類》,[],True
https://selcrs.nsysu.edu.tw/menu5/showoutline.asp?SYEAR=114&SEM=2&CrsDat=MA635&Crsname=永續發展,,,False,海事碩,MA635,0,不分班,"永續發展
SUSTAINABLE DEVELOPMENT",3,期,False,50,0,0,50,蔡宏政,"三5,6,7(海MA 2034)","['', '', '567', '', '', '', '']",《講授類》,[],False
https://selcrs.nsysu.edu.tw/menu5/showoutline.asp?SYEAR=114&SEM=2&CrsDat=MA673&Crsname=環境變遷與調適專題研究（二）,,,False,海事碩,MA673,0,不分班,"環境變遷與調適專題研究（二）
INDEPENDENT STUDIES ON ENVIRONMENTAL CHANGE AND ADAPTATION(Ⅱ)",2,期,False,50,0,0,50,劉子銘,"三1,2()","['', '', '12', '', '', '', '']",《獨立研究》,[],False
https://selcrs.nsysu.edu.tw/menu5/showoutline.asp?SYEAR=114&SEM=2&CrsDat=MA675&Crsname=藍色經濟專題研究（二）,,,False,海事碩,MA675,0,不分班,"藍色經濟專題研究（二）
INDEPENDENT STUDIES ON BLUE ECONOMY(Ⅱ)",2,期,False,50,0,0,50,劉子銘,"三3,4()","['', '', '34', '', '', '', '']",《獨立研究》,[],False
https://selcrs.nsysu.edu.tw/menu5/showoutline.asp?SYEAR=114&SEM=2&CrsDat=DO509&Crsname=專題演講（二）,,,False,海科碩,DO509,0,不分班,"專題演講（二）
COLLOQUIUM (II)",1,期,False,50,0,0,50,張詠斌,三6(海MA 3040),"['', '', '6', '', '', '', '']",《演講/參訪》,[],False
https://selcrs.nsysu.edu.tw/menu5/showoutline.asp?SYEAR=114&SEM=2&CrsDat=DO511&Crsname=專題演講（四）,,,False,海科碩,DO511,0,不分班,"專題演講（四）
COLLOQUIUM (IV)",1,期,False,50,0,0,50,待聘,三7(海MA 3040),"['', '', '7', '', '', '', '']",《演講/參訪》,[],False
https://selcrs.nsysu.edu.tw/menu5/showoutline.asp?SYEAR=114&SEM=2&CrsDat=DO517&Crsname=海洋生態學,,,False,海科碩,DO517,0,不分班,"海洋生態學
MARINE ECOLOGY",3,期,False,50,0,0,50,"塗子萱,托星豪","二8,6,7(海MA 3020)","['', '678', '', '', '', '', '']","《講授類》
與MEC510併班上課。",[],False
https://selcrs.nsysu.edu.tw/menu5/showoutline.asp?SYEAR=114&SEM=2&CrsDat=MOES574&Crsname=專題研究（四）,,,False,材光碩,MOES574,2,,"專題研究（四）
INDEPENDENT STUDIES(IV)",3,期,False,50,0,0,50,林仕鑫,"二C,D,E()","['', 'CDE', '', '', '', '', '']","《獨立研究》
材料計算模擬相關專題。學生選課前請先與指導教授洽談。",[],True
https://selcrs.nsysu.edu.tw/menu5/showoutline.asp?SYEAR=114&SEM=2&CrsDat=MOES582&Crsname=高分子材料於產業研發應用之案例分析,,,False,材光碩,MOES582,0,,"高分子材料於產業研發應用之案例分析
CASE STUDIES FOR POLYMER MATERIALS IN APPLICATIONS OF INDUSTRY",3,期,False,60,0,0,60,李明旭,"五8,6,7(工MS 4019)","['', '', '', '', '678', '', '']",《講授類》,[],False
https://selcrs.nsysu.edu.tw/menu5/showoutline.asp?SYEAR=114&SEM=2&CrsDat=MOES584&Crsname=半導體製程原理,,,False,材光碩,MOES584,0,,"半導體製程原理
PRINCIPLES OF SEMICONDUCTOR MANUFACTURING TECHNOLOGY",3,期,False,50,0,0,50,蔡宗鳴,"四C,D,E(工MS 2004)","['', '', '', 'CDE', '', '', '']",《講授類》,[],False
https://selcrs.nsysu.edu.tw/menu5/showoutline.asp?SYEAR=114&SEM=2&CrsDat=MOES586&Crsname=材料之模擬與計算,,,False,材光碩,MOES586,0,,"材料之模擬與計算
MATERIALS SIMULATION AND COMPUTATION",3,期,False,50,0,0,50,林仕鑫,"五1,2,3(工MS 2001)","['', '', '', '', '123', '', '']",《講授類》,[],True
https://selcrs.nsysu.edu.tw/menu5/showoutline.asp?SYEAR=114&SEM=2&CrsDat=MOES587&Crsname=分析電化學,,,False,材光碩,MOES587,0,,"分析電化學
ANALYTICAL ELECTROCHEMISTRY",3,期,False,50,0,0,50,王致傑,"一8,6,7(工MS 4025)","['678', '', '', '', '', '', '']",《講授類》,[],False
https://selcrs.nsysu.edu.tw/menu5/showoutline.asp?SYEAR=114&SEM=2&CrsDat=MOES593&Crsname=有機半導體材料,,,False,材光碩,MOES593,0,,"有機半導體材料
ORGANIC SEMICONDUCTOR MATERIALS",3,期,False,50,0,0,50,王映樵,"一2,3,4(工MS 4025)","['234', '', '', '', '', '', '']",《講授類》,[],True
https://selcrs.nsysu.edu.tw/menu5/showoutline.asp?SYEAR=114&SEM=2&CrsDat=MOES594&Crsname=工程英文寫作,,,False,材光碩,MOES594,0,,"工程英文寫作
ENGLISH TECHNICAL WRITING",3,期,False,50,0,0,50,邱政維,"一5,6,7(工MS 2004)","['567', '', '', '', '', '', '']",《講授類》,[],True
https://selcrs.nsysu.edu.tw/menu5/showoutline.asp?SYEAR=114&SEM=2&CrsDat=MOES596&Crsname=統計熱力學,,,False,材光碩,MOES596,0,,"統計熱力學
STATISTICAL THERMODYNAMICS",3,期,False,50,0,0,50,林仕鑫,"二2,3,4(工MS 2001)","['', '234', '', '', '', '', '']",《講授類》,[],True
https://selcrs.nsysu.edu.tw/menu5/showoutline.asp?SYEAR=114&SEM=2&CrsDat=MOES597&Crsname=生物與仿生材料,新增,1/5,False,材光碩,MOES597,0,,"生物與仿生材料
BIOLOGICAL AND BIO-INSPIRED MATERIALS",3,期,False,21,0,0,21,待聘,"一5,6,7(國IL PC05)","['567', '', '', '', '', '', '']",《講授類》,[],False
https://selcrs.nsysu.edu.tw/menu5/showoutline.asp?SYEAR=114&SEM=2&CrsDat=MOES671&Crsname=進階材料模擬設計,,,False,材光碩,MOES671,0,,"進階材料模擬設計
ADVANCED AB INITIO MATERIALS DESIGN",3,期,False,50,0,0,50,呂德,"四5,6(工MS 2004) 五5(工MS 2004)","['', '', '', '56', '5', '', '']",《講授類》,[],True
https://selcrs.nsysu.edu.tw/menu5/showoutline.asp?SYEAR=114&SEM=2&CrsDat=MIS503&Crsname=資訊科技研究,,,True,資管碩,MIS503,1,,"資訊科技研究
SPECIAL ISSUES IN INFORMATION TECHNOLOGY",3,期,True,50,0,0,50,韓毅,"一8,6,7(管CM 4078)","['678', '', '', '', '', '', '']",《講授類》,[],False
https://selcrs.nsysu.edu.tw/menu5/showoutline.asp?SYEAR=114&SEM=2&CrsDat=MIS513&Crsname=計算機網路,,,False,資管碩,MIS513,0,,"計算機網路
COMPUTER NETWORKS",3,期,False,50,0,0,50,林耕霈,"三2,3,4(管CM 4069)","['', '', '234', '', '', '', '']",《講授類》,[],True
https://selcrs.nsysu.edu.tw/menu5/showoutline.asp?SYEAR=114&SEM=2&CrsDat=MIS513&Crsname=計算機網路,,,False,資管碩,MIS513,0,,"計算機網路
COMPUTER NETWORKS",3,期,False,50,0,0,50,林耕霈,"三2,3,4(管CM 4069)","['', '', '234', '', '', '', '']",《講授類》,[],True
https://selcrs.nsysu.edu.tw/menu5/showoutline.asp?SYEAR=114&SEM=2&CrsDat=MIS514&Crsname=生產與作業管理,,,False,資管碩,MIS514,0,,"生產與作業管理
PRODUCTION/OPERATION MANAGEMENT",3,期,False,50,0,0,50,劉賓陽,"二2,3,4(管CM 2016)","['', '234', '', '', '', '', '']",《講授類》,[],False
https://selcrs.nsysu.edu.tw/menu5/showoutline.asp?SYEAR=114&SEM=2&CrsDat=MIS514&Crsname=生產與作業管理,,,False,資管碩,MIS514,0,,"生產與作業管理
PRODUCTION/OPERATION MANAGEMENT",3,期,False,50,0,0,50,劉賓陽,"二2,3,4(管CM 2016)","['', '234', '', '', '', '', '']",《講授類》,[],False
https://selcrs.nsysu.edu.tw/menu5/showoutline.asp?SYEAR=114&SEM=2&CrsDat=MIS535&Crsname=服務品質管理,,,False,資管碩,MIS535,0,,"服務品質管理
SERVICE QUALITY MANAGEMENT",3,期,False,50,0,0,50,劉賓陽,"三D,E,F(管CM 2016)","['', '', 'DEF', '', '', '', '']",《講授類》,[],False
https://selcrs.nsysu.edu.tw/menu5/showoutline.asp?SYEAR=114&SEM=2&CrsDat=MIS535&Crsname=服務品質管理,,,False,資管碩,MIS535,0,,"服務品質管理
SERVICE QUALITY MANAGEMENT",3,期,False,50,0,0,50,劉賓陽,"三D,E,F(管CM 2016)","['', '', 'DEF', '', '', '', '']",《講授類》,[],False
https://selcrs.nsysu.edu.tw/menu5/showoutline.asp?SYEAR=114&SEM=2&CrsDat=MIS535&Crsname=服務品質管理,,,False,資管碩,MIS535,0,,"服務品質管理
SERVICE QUALITY MANAGEMENT",3,期,False,50,0,0,50,劉賓陽,"三D,E,F(管CM 2016)","['', '', 'DEF', '', '', '', '']",《講授類》,[],False
https://selcrs.nsysu.edu.tw/menu5/showoutline.asp?SYEAR=114&SEM=2&CrsDat=MIS537&Crsname=專案管理,,,False,資管碩,MIS537,0,,"專案管理
PROJECT MANAGEMENT",3,期,False,50,0,0,50,李捷,"四C,D,E(管CM 4069)","['', '', '', 'CDE', '', '', '']",《講授類》,[],True
https://selcrs.nsysu.edu.tw/menu5/showoutline.asp?SYEAR=114&SEM=2&CrsDat=MIS537&Crsname=專案管理,,,False,資管碩,MIS537,0,,"專案管理
PROJECT MANAGEMENT",3,期,False,50,0,0,50,李捷,"四C,D,E(管CM 4069)","['', '', '', 'CDE', '', '', '']",《講授類》,[],True
https://selcrs.nsysu.edu.tw/menu5/showoutline.asp?SYEAR=114&SEM=2&CrsDat=MIS537&Crsname=專案管理,,,False,資管碩,MIS537,0,,"專案管理
PROJECT MANAGEMENT",3,期,False,50,0,0,50,李捷,"四C,D,E(管CM 4069)","['', '', '', 'CDE', '', '', '']",《講授類》,[],True
https://selcrs.nsysu.edu.tw/menu5/showoutline.asp?SYEAR=114&SEM=2&CrsDat=MIS538&Crsname=網路安全,,,False,資管碩,MIS538,0,,"網路安全
NETWORK SECURITY",3,期,False,50,0,0,50,陳嘉玫,"六2,3,4(管CM 4078)","['', '', '', '', '', '234', '']",《講授類》,[],False
https://selcrs.nsysu.edu.tw/menu5/showoutline.asp?SYEAR=114&SEM=2&CrsDat=MIS538&Crsname=網路安全,,,False,資管碩,MIS538,0,,"網路安全
NETWORK SECURITY",3,期,False,50,0,0,50,陳嘉玫,"六2,3,4(管CM 4078)","['', '', '', '', '', '234', '']",《講授類》,[],False
https://selcrs.nsysu.edu.tw/menu5/showoutline.asp?SYEAR=114&SEM=2&CrsDat=MIS545&Crsname=資料探勘與知識發現,,,False,資管碩,MIS545,0,,"資料探勘與知識發現
DATA MINING AND KNOWLEDGE DISCOVERY",3,期,False,50,0,0,50,李偉柏,"四8,6,7(管CM 2025)","['', '', '', '678', '', '', '']",《講授類》,[],False
https://selcrs.nsysu.edu.tw/menu5/showoutline.asp?SYEAR=114&SEM=2&CrsDat=MIS545&Crsname=資料探勘與知識發現,,,False,資管碩,MIS545,0,,"資料探勘與知識發現
DATA MINING AND KNOWLEDGE DISCOVERY",3,期,False,50,0,0,50,李偉柏,"四8,6,7(管CM 2025)","['', '', '', '678', '', '', '']",《講授類》,[],False
https://selcrs.nsysu.edu.tw/menu5/showoutline.asp?SYEAR=114&SEM=2&CrsDat=MIS567&Crsname=資訊科技策略,,,False,資管碩,MIS567,0,,"資訊科技策略
INFORMATION TECHNOLOGY STRATEGY",3,期,False,50,0,0,50,吳仁和,"一C,D,E(管CM 4078)","['CDE', '', '', '', '', '', '']",《講授類》,[],False
https://selcrs.nsysu.edu.tw/menu5/showoutline.asp?SYEAR=114&SEM=2&CrsDat=MIS567&Crsname=資訊科技策略,,,False,資管碩,MIS567,0,,"資訊科技策略
INFORMATION TECHNOLOGY STRATEGY",3,期,False,50,0,0,50,吳仁和,"一C,D,E(管CM 4078)","['CDE', '', '', '', '', '', '']",《講授類》,[],False
https://selcrs.nsysu.edu.tw/menu5/showoutline.asp?SYEAR=114&SEM=2&CrsDat=MIS567&Crsname=資訊科技策略,,,False,資管碩,MIS567,0,,"資訊科技策略
INFORMATION TECHNOLOGY STRATEGY",3,期,False,50,0,0,50,吳仁和,"一C,D,E(管CM 4078)","['CDE', '', '', '', '', '', '']",《講授類》,[],False
https://selcrs.nsysu.edu.tw/menu5/showoutline.asp?SYEAR=114&SEM=2&CrsDat=MIS567&Crsname=資訊科技策略,,,False,資管碩,MIS567,0,,"資訊科技策略
INFORMATION TECHNOLOGY STRATEGY",3,期,False,50,0,0,50,吳仁和,"一C,D,E(管CM 4078)","['CDE', '', '', '', '', '', '']",《講授類》,[],False
https://selcrs.nsysu.edu.tw/menu5/showoutline.asp?SYEAR=114&SEM=2&CrsDat=MIS571&Crsname=商業智慧,,,False,資管碩,MIS571,0,,"商業智慧
BUSINESS INTELLIGENCE",3,期,False,50,0,0,50,林耕霈,"五2,3,4(管CM 4069)","['', '', '', '', '234', '', '']",《講授類》,[],False
https://selcrs.nsysu.edu.tw/menu5/showoutline.asp?SYEAR=114&SEM=2&CrsDat=MIS571&Crsname=商業智慧,,,False,資管碩,MIS571,0,,"商業智慧
BUSINESS INTELLIGENCE",3,期,False,50,0,0,50,林耕霈,"五2,3,4(管CM 4069)","['', '', '', '', '234', '', '']",《講授類》,[],False
https://selcrs.nsysu.edu.tw/menu5/showoutline.asp?SYEAR=114&SEM=2&CrsDat=MIS575&Crsname=教育機器人與物聯網,,,False,資管碩,MIS575,0,,"教育機器人與物聯網
EDUCATIONAL ROBOTICS AND IOTS",3,期,False,50,0,0,50,魏春旺,"四2,3,4(管CM 2016)","['', '', '', '234', '', '', '']","《講授類》
需自備筆電",[],False
https://selcrs.nsysu.edu.tw/menu5/showoutline.asp?SYEAR=114&SEM=2&CrsDat=MIS575&Crsname=教育機器人與物聯網,,,False,資管碩,MIS575,0,,"教育機器人與物聯網
EDUCATIONAL ROBOTICS AND IOTS",3,期,False,50,0,0,50,魏春旺,"四2,3,4(管CM 2016)","['', '', '', '234', '', '', '']","《講授類》
需自備筆電",[],False
https://selcrs.nsysu.edu.tw/menu5/showoutline.asp?SYEAR=114&SEM=2&CrsDat=MIS581&Crsname=社群媒體分析,,,False,資管碩,MIS581,0,,"社群媒體分析
SOCIAL MEDIA ANALYSIS",3,期,False,50,0,0,50,黃三益,"二C,D,E(管CM 4069)","['', 'CDE', '', '', '', '', '']",《講授類》,[],False
https://selcrs.nsysu.edu.tw/menu5/showoutline.asp?SYEAR=114&SEM=2&CrsDat=MIS581&Crsname=社群媒體分析,,,False,資管碩,MIS581,0,,"社群媒體分析
SOCIAL MEDIA ANALYSIS",3,期,False,50,0,0,50,黃三益,"二C,D,E(管CM 4069)","['', 'CDE', '', '', '', '', '']",《講授類》,[],False
https://selcrs.nsysu.edu.tw/menu5/showoutline.asp?SYEAR=114&SEM=2&CrsDat=MIS581&Crsname=社群媒體分析,,,False,資管碩,MIS581,0,,"社群媒體分析
SOCIAL MEDIA ANALYSIS",3,期,False,50,0,0,50,黃三益,"二C,D,E(管CM 4069)","['', 'CDE', '', '', '', '', '']",《講授類》,[],False
https://selcrs.nsysu.edu.tw/menu5/showoutline.asp?SYEAR=114&SEM=2&CrsDat=MIS581&Crsname=社群媒體分析,,,False,資管碩,MIS581,0,,"社群媒體分析
SOCIAL MEDIA ANALYSIS",3,期,False,50,0,0,50,黃三益,"二C,D,E(管CM 4069)","['', 'CDE', '', '', '', '', '']",《講授類》,[],False
https://selcrs.nsysu.edu.tw/menu5/showoutline.asp?SYEAR=114&SEM=2&CrsDat=MIS586&Crsname=數位科技趨勢與應用,,,False,資管碩,MIS586,1,,"數位科技趨勢與應用
DIGITAL TECHNOLOGY TRENDS AND APPLICATIONS",2,期,True,50,2,58,-8,楊淯程,"三6,7(管CM 2037)","['', '', '67', '', '', '', '']",《講授類》,[],False
https://selcrs.nsysu.edu.tw/menu5/showoutline.asp?SYEAR=114&SEM=2&CrsDat=MIS586&Crsname=數位科技趨勢與應用,,,False,資管碩,MIS586,1,,"數位科技趨勢與應用
DIGITAL TECHNOLOGY TRENDS AND APPLICATIONS",2,期,True,50,2,58,-8,楊淯程,"三6,7(管CM 2037)","['', '', '67', '', '', '', '']",《講授類》,[],False
https://selcrs.nsysu.edu.tw/menu5/showoutline.asp?SYEAR=114&SEM=2&CrsDat=MIS588&Crsname=資料視覺化,,,False,資管碩,MIS588,0,,"資料視覺化
DATA VISUALIZATION",3,期,False,50,0,0,50,韓毅,"二8,6,7(管CM 4078)","['', '678', '', '', '', '', '']",《講授類》,[],True
https://selcrs.nsysu.edu.tw/menu5/showoutline.asp?SYEAR=114&SEM=2&CrsDat=MIS588&Crsname=資料視覺化,,,False,資管碩,MIS588,0,,"資料視覺化
DATA VISUALIZATION",3,期,False,50,0,0,50,韓毅,"二8,6,7(管CM 4078)","['', '678', '', '', '', '', '']",《講授類》,[],True
https://selcrs.nsysu.edu.tw/menu5/showoutline.asp?SYEAR=114&SEM=2&CrsDat=MIS591&Crsname=ESG與企業永續發展,,,False,資管碩,MIS591,0,,"ESG與企業永續發展
ESG AND CORPORATE SUSTAINABLE DEVELOPMENT",3,期,False,50,0,0,50,張德民,"五8,6,7(管CM 4069)","['', '', '', '', '678', '', '']",《講授類》,[],False
https://selcrs.nsysu.edu.tw/menu5/showoutline.asp?SYEAR=114&SEM=2&CrsDat=MIS591&Crsname=ESG與企業永續發展,,,False,資管碩,MIS591,0,,"ESG與企業永續發展
ESG AND CORPORATE SUSTAINABLE DEVELOPMENT",3,期,False,50,0,0,50,張德民,"五8,6,7(管CM 4069)","['', '', '', '', '678', '', '']",《講授類》,[],False
https://selcrs.nsysu.edu.tw/menu5/showoutline.asp?SYEAR=114&SEM=2&CrsDat=HRM613&Crsname=績效管理與人才發展,異動,調整名額1/6,False,人管碩,HRM613,0,,"績效管理與人才發展
PERFORMANCE MANAGEMENT AND TALENT DEVELOPMENT",3,期,False,30,0,0,30,王豫萱,"五A,1,B(管CM 4112)","['', '', '', '', 'A1B', '', '']","《講授類》
限修人管所修習",[],False
https://selcrs.nsysu.edu.tw/menu5/showoutline.asp?SYEAR=114&SEM=2&CrsDat=HRM613&Crsname=績效管理與人才發展,異動,調整名額1/6,False,人管碩,HRM613,0,,"績效管理與人才發展
PERFORMANCE MANAGEMENT AND TALENT DEVELOPMENT",3,期,False,30,0,0,30,王豫萱,"五A,1,B(管CM 4112)","['', '', '', '', 'A1B', '', '']","《講授類》
限修人管所修習",[],False
https://selcrs.nsysu.edu.tw/menu5/showoutline.asp?SYEAR=114&SEM=2&CrsDat=CM507&Crsname=倫理與社會責任,,,False,管理學院(碩),CM507,0,,"倫理與社會責任
ETHICS AND SOCIAL RESPONSIBILITY",1,期,False,200,0,0,200,"王致遠,謝慧賢,鄭安授,陳世哲",一A(網路大學),"['A', '', '', '', '', '', '']","《講授類》
網大進行之非同步線上課程(二年級優先選課) 限管理學院研究所學生修習。 CM507與CM511為同系列課程，學生只能夠就此課程當中選擇一門課進行修習，已經修習過上述任何一個課程者均不得選課。",[],False
https://selcrs.nsysu.edu.tw/menu5/showoutline.asp?SYEAR=114&SEM=2&CrsDat=CM507&Crsname=倫理與社會責任,,,False,管理學院(碩),CM507,0,,"倫理與社會責任
ETHICS AND SOCIAL RESPONSIBILITY",1,期,False,200,0,0,200,"王致遠,謝慧賢,鄭安授,陳世哲",一A(網路大學),"['A', '', '', '', '', '', '']","《講授類》
網大進行之非同步線上課程(二年級優先選課) 限管理學院研究所學生修習。 CM507與CM511為同系列課程，學生只能夠就此課程當中選擇一門課進行修習，已經修習過上述任何一個課程者均不得選課。",[],False
https://selcrs.nsysu.edu.tw/menu5/showoutline.asp?SYEAR=114&SEM=2&CrsDat=CM507&Crsname=倫理與社會責任,,,False,管理學院(碩),CM507,0,,"倫理與社會責任
ETHICS AND SOCIAL RESPONSIBILITY",1,期,False,200,0,0,200,"王致遠,謝慧賢,鄭安授,陳世哲",一A(網路大學),"['A', '', '', '', '', '', '']","《講授類》
網大進行之非同步線上課程(二年級優先選課) 限管理學院研究所學生修習。 CM507與CM511為同系列課程，學生只能夠就此課程當中選擇一門課進行修習，已經修習過上述任何一個課程者均不得選課。",[],False
https://selcrs.nsysu.edu.tw/menu5/showoutline.asp?SYEAR=114&SEM=2&CrsDat=CM507&Crsname=倫理與社會責任,,,False,管理學院(碩),CM507,0,,"倫理與社會責任
ETHICS AND SOCIAL RESPONSIBILITY",1,期,False,200,0,0,200,"王致遠,謝慧賢,鄭安授,陳世哲",一A(網路大學),"['A', '', '', '', '', '', '']","《講授類》
網大進行之非同步線上課程(二年級優先選課) 限管理學院研究所學生修習。 CM507與CM511為同系列課程，學生只能夠就此課程當中選擇一門課進行修習，已經修習過上述任何一個課程者均不得選課。",[],False
https://selcrs.nsysu.edu.tw/menu5/showoutline.asp?SYEAR=114&SEM=2&CrsDat=CM507&Crsname=倫理與社會責任,,,False,管理學院(碩),CM507,0,,"倫理與社會責任
ETHICS AND SOCIAL RESPONSIBILITY",1,期,False,200,0,0,200,"王致遠,謝慧賢,鄭安授,陳世哲",一A(網路大學),"['A', '', '', '', '', '', '']","《講授類》
網大進行之非同步線上課程(二年級優先選課) 限管理學院研究所學生修習。 CM507與CM511為同系列課程，學生只能夠就此課程當中選擇一門課進行修習，已經修習過上述任何一個課程者均不得選課。",[],False
https://selcrs.nsysu.edu.tw/menu5/showoutline.asp?SYEAR=114&SEM=2&CrsDat=CM507&Crsname=倫理與社會責任,,,False,管理學院(碩),CM507,0,,"倫理與社會責任
ETHICS AND SOCIAL RESPONSIBILITY",1,期,False,200,0,0,200,"王致遠,謝慧賢,鄭安授,陳世哲",一A(網路大學),"['A', '', '', '', '', '', '']","《講授類》
網大進行之非同步線上課程(二年級優先選課) 限管理學院研究所學生修習。 CM507與CM511為同系列課程，學生只能夠就此課程當中選擇一門課進行修習，已經修習過上述任何一個課程者均不得選課。",[],False
https://selcrs.nsysu.edu.tw/menu5/showoutline.asp?SYEAR=114&SEM=2&CrsDat=CM507&Crsname=倫理與社會責任,,,False,管理學院(碩),CM507,0,,"倫理與社會責任
ETHICS AND SOCIAL RESPONSIBILITY",1,期,False,200,0,0,200,"王致遠,謝慧賢,鄭安授,陳世哲",一A(網路大學),"['A', '', '', '', '', '', '']","《講授類》
網大進行之非同步線上課程(二年級優先選課) 限管理學院研究所學生修習。 CM507與CM511為同系列課程，學生只能夠就此課程當中選擇一門課進行修習，已經修習過上述任何一個課程者均不得選課。",[],False
https://selcrs.nsysu.edu.tw/menu5/showoutline.asp?SYEAR=114&SEM=2&CrsDat=CM507&Crsname=倫理與社會責任,,,False,管理學院(碩),CM507,0,,"倫理與社會責任
ETHICS AND SOCIAL RESPONSIBILITY",1,期,False,200,0,0,200,"王致遠,謝慧賢,鄭安授,陳世哲",一A(網路大學),"['A', '', '', '', '', '', '']","《講授類》
網大進行之非同步線上課程(二年級優先選課) 限管理學院研究所學生修習。 CM507與CM511為同系列課程，學生只能夠就此課程當中選擇一門課進行修習，已經修習過上述任何一個課程者均不得選課。",[],False
https://selcrs.nsysu.edu.tw/menu5/showoutline.asp?SYEAR=114&SEM=2&CrsDat=CM507&Crsname=倫理與社會責任,,,False,管理學院(碩),CM507,0,,"倫理與社會責任
ETHICS AND SOCIAL RESPONSIBILITY",1,期,False,200,0,0,200,"王致遠,謝慧賢,鄭安授,陳世哲",一A(網路大學),"['A', '', '', '', '', '', '']","《講授類》
網大進行之非同步線上課程(二年級優先選課) 限管理學院研究所學生修習。 CM507與CM511為同系列課程，學生只能夠就此課程當中選擇一門課進行修習，已經修習過上述任何一個課程者均不得選課。",[],False
https://selcrs.nsysu.edu.tw/menu5/showoutline.asp?SYEAR=114&SEM=2&CrsDat=CM507&Crsname=倫理與社會責任,,,False,管理學院(碩),CM507,0,,"倫理與社會責任
ETHICS AND SOCIAL RESPONSIBILITY",1,期,False,200,0,0,200,"王致遠,謝慧賢,鄭安授,陳世哲",一A(網路大學),"['A', '', '', '', '', '', '']","《講授類》
網大進行之非同步線上課程(二年級優先選課) 限管理學院研究所學生修習。 CM507與CM511為同系列課程，學生只能夠就此課程當中選擇一門課進行修習，已經修習過上述任何一個課程者均不得選課。",[],False
https://selcrs.nsysu.edu.tw/menu5/showoutline.asp?SYEAR=114&SEM=2&CrsDat=CM507&Crsname=倫理與社會責任,,,False,管理學院(碩),CM507,0,,"倫理與社會責任
ETHICS AND SOCIAL RESPONSIBILITY",1,期,False,200,0,0,200,"王致遠,謝慧賢,鄭安授,陳世哲",一A(網路大學),"['A', '', '', '', '', '', '']","《講授類》
網大進行之非同步線上課程(二年級優先選課) 限管理學院研究所學生修習。 CM507與CM511為同系列課程，學生只能夠就此課程當中選擇一門課進行修習，已經修習過上述任何一個課程者均不得選課。",[],False
https://selcrs.nsysu.edu.tw/menu5/showoutline.asp?SYEAR=114&SEM=2&CrsDat=CM507&Crsname=倫理與社會責任,,,False,管理學院(碩),CM507,0,,"倫理與社會責任
ETHICS AND SOCIAL RESPONSIBILITY",1,期,False,200,0,0,200,"王致遠,謝慧賢,鄭安授,陳世哲",一A(網路大學),"['A', '', '', '', '', '', '']","《講授類》
網大進行之非同步線上課程(二年級優先選課) 限管理學院研究所學生修習。 CM507與CM511為同系列課程，學生只能夠就此課程當中選擇一門課進行修習，已經修習過上述任何一個課程者均不得選課。",[],False
https://selcrs.nsysu.edu.tw/menu5/showoutline.asp?SYEAR=114&SEM=2&CrsDat=CM507&Crsname=倫理與社會責任,,,False,管理學院(碩),CM507,0,,"倫理與社會責任
ETHICS AND SOCIAL RESPONSIBILITY",1,期,False,200,0,0,200,"王致遠,謝慧賢,鄭安授,陳世哲",一A(網路大學),"['A', '', '', '', '', '', '']","《講授類》
企業管理組;
網大進行之非同步線上課程(二年級優先選課) 限管理學院研究所學生修習。 CM507與CM511為同系列課程，學生只能夠就此課程當中選擇一門課進行修習，已經修習過上述任何一個課程者均不得選課。",[],False
https://selcrs.nsysu.edu.tw/menu5/showoutline.asp?SYEAR=114&SEM=2&CrsDat=CM507&Crsname=倫理與社會責任,,,False,管理學院(碩),CM507,0,,"倫理與社會責任
ETHICS AND SOCIAL RESPONSIBILITY",1,期,False,200,0,0,200,"王致遠,謝慧賢,鄭安授,陳世哲",一A(網路大學),"['A', '', '', '', '', '', '']","《講授類》
網大進行之非同步線上課程(二年級優先選課) 限管理學院研究所學生修習。 CM507與CM511為同系列課程，學生只能夠就此課程當中選擇一門課進行修習，已經修習過上述任何一個課程者均不得選課。",[],False
https://selcrs.nsysu.edu.tw/menu5/showoutline.asp?SYEAR=114&SEM=2&CrsDat=CM511&Crsname=國際商管倫理觀,,,False,管理學院(碩),CM511,0,,"國際商管倫理觀
ETHICS IN INTERNATIONAL BUSINESS MANAGEMENT",1,期,False,60,0,0,60,"王致遠,王豫萱,鄭安授",二A(網路大學),"['', 'A', '', '', '', '', '']","《講授類》
網大進行之非同步線上課程(二年級優先選課) 限管理學院研究所學生修習。 CM507與CM511為同系列課程，學生只能夠就此課程當中選擇一門課進行修習，已經修習過上述任何一個課程者均不得選課。",[],True
https://selcrs.nsysu.edu.tw/menu5/showoutline.asp?SYEAR=114&SEM=2&CrsDat=CM511&Crsname=國際商管倫理觀,,,False,管理學院(碩),CM511,0,,"國際商管倫理觀
ETHICS IN INTERNATIONAL BUSINESS MANAGEMENT",1,期,False,60,0,0,60,"王致遠,王豫萱,鄭安授",二A(網路大學),"['', 'A', '', '', '', '', '']","《講授類》
網大進行之非同步線上課程(二年級優先選課) 限管理學院研究所學生修習。 CM507與CM511為同系列課程，學生只能夠就此課程當中選擇一門課進行修習，已經修習過上述任何一個課程者均不得選課。",[],True
https://selcrs.nsysu.edu.tw/menu5/showoutline.asp?SYEAR=114&SEM=2&CrsDat=CM511&Crsname=國際商管倫理觀,,,False,管理學院(碩),CM511,0,,"國際商管倫理觀
ETHICS IN INTERNATIONAL BUSINESS MANAGEMENT",1,期,False,60,0,0,60,"王致遠,王豫萱,鄭安授",二A(網路大學),"['', 'A', '', '', '', '', '']","《講授類》
網大進行之非同步線上課程(二年級優先選課) 限管理學院研究所學生修習。 CM507與CM511為同系列課程，學生只能夠就此課程當中選擇一門課進行修習，已經修習過上述任何一個課程者均不得選課。",[],True
https://selcrs.nsysu.edu.tw/menu5/showoutline.asp?SYEAR=114&SEM=2&CrsDat=CM511&Crsname=國際商管倫理觀,,,False,管理學院(碩),CM511,0,,"國際商管倫理觀
ETHICS IN INTERNATIONAL BUSINESS MANAGEMENT",1,期,False,60,0,0,60,"王致遠,王豫萱,鄭安授",二A(網路大學),"['', 'A', '', '', '', '', '']","《講授類》
網大進行之非同步線上課程(二年級優先選課) 限管理學院研究所學生修習。 CM507與CM511為同系列課程，學生只能夠就此課程當中選擇一門課進行修習，已經修習過上述任何一個課程者均不得選課。",[],True
https://selcrs.nsysu.edu.tw/menu5/showoutline.asp?SYEAR=114&SEM=2&CrsDat=CM511&Crsname=國際商管倫理觀,,,False,管理學院(碩),CM511,0,,"國際商管倫理觀
ETHICS IN INTERNATIONAL BUSINESS MANAGEMENT",1,期,False,60,0,0,60,"王致遠,王豫萱,鄭安授",二A(網路大學),"['', 'A', '', '', '', '', '']","《講授類》
網大進行之非同步線上課程(二年級優先選課) 限管理學院研究所學生修習。 CM507與CM511為同系列課程，學生只能夠就此課程當中選擇一門課進行修習，已經修習過上述任何一個課程者均不得選課。",[],True
https://selcrs.nsysu.edu.tw/menu5/showoutline.asp?SYEAR=114&SEM=2&CrsDat=CM511&Crsname=國際商管倫理觀,,,False,管理學院(碩),CM511,0,,"國際商管倫理觀
ETHICS IN INTERNATIONAL BUSINESS MANAGEMENT",1,期,False,60,0,0,60,"王致遠,王豫萱,鄭安授",二A(網路大學),"['', 'A', '', '', '', '', '']","《講授類》
網大進行之非同步線上課程(二年級優先選課) 限管理學院研究所學生修習。 CM507與CM511為同系列課程，學生只能夠就此課程當中選擇一門課進行修習，已經修習過上述任何一個課程者均不得選課。",[],True
https://selcrs.nsysu.edu.tw/menu5/showoutline.asp?SYEAR=114&SEM=2&CrsDat=CM511&Crsname=國際商管倫理觀,,,False,管理學院(碩),CM511,0,,"國際商管倫理觀
ETHICS IN INTERNATIONAL BUSINESS MANAGEMENT",1,期,False,60,0,0,60,"王致遠,王豫萱,鄭安授",二A(網路大學),"['', 'A', '', '', '', '', '']","《講授類》
企業管理組;
網大進行之非同步線上課程(二年級優先選課) 限管理學院研究所學生修習。 CM507與CM511為同系列課程，學生只能夠就此課程當中選擇一門課進行修習，已經修習過上述任何一個課程者均不得選課。",[],True
https://selcrs.nsysu.edu.tw/menu5/showoutline.asp?SYEAR=114&SEM=2&CrsDat=CM511&Crsname=國際商管倫理觀,,,False,管理學院(碩),CM511,0,,"國際商管倫理觀
ETHICS IN INTERNATIONAL BUSINESS MANAGEMENT",1,期,False,60,0,0,60,"王致遠,王豫萱,鄭安授",二A(網路大學),"['', 'A', '', '', '', '', '']","《講授類》
網大進行之非同步線上課程(二年級優先選課) 限管理學院研究所學生修習。 CM507與CM511為同系列課程，學生只能夠就此課程當中選擇一門課進行修習，已經修習過上述任何一個課程者均不得選課。",[],True
https://selcrs.nsysu.edu.tw/menu5/showoutline.asp?SYEAR=114&SEM=2&CrsDat=CM511&Crsname=國際商管倫理觀,,,False,管理學院(碩),CM511,0,,"國際商管倫理觀
ETHICS IN INTERNATIONAL BUSINESS MANAGEMENT",1,期,False,60,0,0,60,"王致遠,王豫萱,鄭安授",二A(網路大學),"['', 'A', '', '', '', '', '']","《講授類》
網大進行之非同步線上課程(二年級優先選課) 限管理學院研究所學生修習。 CM507與CM511為同系列課程，學生只能夠就此課程當中選擇一門課進行修習，已經修習過上述任何一個課程者均不得選課。",[],True
https://selcrs.nsysu.edu.tw/menu5/showoutline.asp?SYEAR=114&SEM=2&CrsDat=CM511&Crsname=國際商管倫理觀,,,False,管理學院(碩),CM511,0,,"國際商管倫理觀
ETHICS IN INTERNATIONAL BUSINESS MANAGEMENT",1,期,False,60,0,0,60,"王致遠,王豫萱,鄭安授",二A(網路大學),"['', 'A', '', '', '', '', '']","《講授類》
網大進行之非同步線上課程(二年級優先選課) 限管理學院研究所學生修習。 CM507與CM511為同系列課程，學生只能夠就此課程當中選擇一門課進行修習，已經修習過上述任何一個課程者均不得選課。",[],True
https://selcrs.nsysu.edu.tw/menu5/showoutline.asp?SYEAR=114&SEM=2&CrsDat=BM503&Crsname=生產與作業管理,,,False,企企管碩,BM503,0,,"生產與作業管理
PRODUCTIONS AND OPERATIONS MANAGEMENT",3,期,False,50,0,0,50,彭聖翔,"五C,D,E(管CM 4069)","['', '', '', '', 'CDE', '', '']",《講授類》,[],False
https://selcrs.nsysu.edu.tw/menu5/showoutline.asp?SYEAR=114&SEM=2&CrsDat=BM503&Crsname=生產與作業管理,,,False,企企管碩,BM503,0,,"生產與作業管理
PRODUCTIONS AND OPERATIONS MANAGEMENT",3,期,False,50,0,0,50,彭聖翔,"五C,D,E(管CM 4069)","['', '', '', '', 'CDE', '', '']","《講授類》
企業管理組;",[],False
https://selcrs.nsysu.edu.tw/menu5/showoutline.asp?SYEAR=114&SEM=2&CrsDat=BM503&Crsname=生產與作業管理,,,False,企企管碩,BM503,0,,"生產與作業管理
PRODUCTIONS AND OPERATIONS MANAGEMENT",3,期,False,50,0,0,50,彭聖翔,"五C,D,E(管CM 4069)","['', '', '', '', 'CDE', '', '']",《講授類》,[],False
https://selcrs.nsysu.edu.tw/menu5/showoutline.asp?SYEAR=114&SEM=2&CrsDat=BM504&Crsname=行銷管理與研究,,,False,企企管碩,BM504,0,,"行銷管理與研究
MARKETING MANAGEMENT AND RESEARCH",3,期,False,50,0,0,50,張純端,"四2,3,4(管CM 3022)","['', '', '', '234', '', '', '']",《講授類》,[],True
https://selcrs.nsysu.edu.tw/menu5/showoutline.asp?SYEAR=114&SEM=2&CrsDat=BM504&Crsname=行銷管理與研究,,,False,企企管碩,BM504,0,,"行銷管理與研究
MARKETING MANAGEMENT AND RESEARCH",3,期,False,50,0,0,50,張純端,"四2,3,4(管CM 3022)","['', '', '', '234', '', '', '']",《講授類》,[],True
https://selcrs.nsysu.edu.tw/menu5/showoutline.asp?SYEAR=114&SEM=2&CrsDat=BM504&Crsname=行銷管理與研究,,,False,企企管碩,BM504,0,,"行銷管理與研究
MARKETING MANAGEMENT AND RESEARCH",3,期,False,50,0,0,50,張純端,"四2,3,4(管CM 3022)","['', '', '', '234', '', '', '']","《講授類》
企業管理組;",[],True
https://selcrs.nsysu.edu.tw/menu5/showoutline.asp?SYEAR=114&SEM=2&CrsDat=BM505&Crsname=財務管理與研究,,,False,企企管碩,BM505,0,,"財務管理與研究
FINANCIAL MANAGEMENT & RESEARCH",3,期,False,50,0,0,50,彭聰敏,"五E(管CM  1032) 五C,D(管CM 1032)","['', '', '', '', 'CDE', '', '']",《講授類》,[],True
https://selcrs.nsysu.edu.tw/menu5/showoutline.asp?SYEAR=114&SEM=2&CrsDat=BM505&Crsname=財務管理與研究,,,False,企企管碩,BM505,0,,"財務管理與研究
FINANCIAL MANAGEMENT & RESEARCH",3,期,False,50,0,0,50,彭聰敏,"五E(管CM  1032) 五C,D(管CM 1032)","['', '', '', '', 'CDE', '', '']","《講授類》
企業管理組;",[],True
https://selcrs.nsysu.edu.tw/menu5/showoutline.asp?SYEAR=114&SEM=2&CrsDat=BM505&Crsname=財務管理與研究,,,False,企企管碩,BM505,0,,"財務管理與研究
FINANCIAL MANAGEMENT & RESEARCH",3,期,False,50,0,0,50,彭聰敏,"五E(管CM  1032) 五C,D(管CM 1032)","['', '', '', '', 'CDE', '', '']",《講授類》,[],True
https://selcrs.nsysu.edu.tw/menu5/showoutline.asp?SYEAR=114&SEM=2&CrsDat=BM519&Crsname=孫子兵法策略原理,,,False,企企管碩,BM519,0,,"孫子兵法策略原理
STRATEGIC PRINCIPLES IN THE ART OF WAR OF SUN-ZI",3,期,False,50,0,0,50,莊旺川,"二C,D,E(管CM 3017)","['', 'CDE', '', '', '', '', '']",《講授類》,[],False
https://selcrs.nsysu.edu.tw/menu5/showoutline.asp?SYEAR=114&SEM=2&CrsDat=MBR556&Crsname=海洋總體基因體學,,,False,海資碩,MBR556,1,,"海洋總體基因體學
MARINE METAGENOMICS",2,期,False,50,0,0,50,"劉勃佑,林梅芳","三3,4(海MB 2009)","['', '', '34', '', '', '', '']",《講授類》,[],True
https://selcrs.nsysu.edu.tw/menu5/showoutline.asp?SYEAR=114&SEM=2&CrsDat=MBR561&Crsname=物種和生態系統對氣候變遷反應的動態,,,False,海資碩,MBR561,1,,"物種和生態系統對氣候變遷反應的動態
DYNAMICS OF SPECIES AND ECOSYSTEM RESPONSE TO CLIMATE CHANGE",2,期,False,50,0,0,50,水晶,"四3,4(海MB 2009)","['', '', '', '34', '', '', '']",《講授類》,[],True
https://selcrs.nsysu.edu.tw/menu5/showoutline.asp?SYEAR=114&SEM=2&CrsDat=MBR574&Crsname=海洋分子生態學,,,False,海資碩,MBR574,1,,"海洋分子生態學
MARINE MOLECULAR ECOLOGY",3,期,False,50,0,0,50,"塗子萱,林梅芳,林秀瑾","五2,3,4(海MB 2016)","['', '', '', '', '234', '', '']",《講授類》,[],True
https://selcrs.nsysu.edu.tw/menu5/showoutline.asp?SYEAR=114&SEM=2&CrsDat=MBR593&Crsname=海洋生物多樣性與保育（二）,,,True,海資碩,MBR593,1,,"海洋生物多樣性與保育（二）
MARINE BIODIVERSITY AND CONSERVATION （2）",2,期,True,50,0,0,50,"劉商隱,水晶","二3,4(海MB 2009)","['', '34', '', '', '', '', '']",《講授類》,[],True
https://selcrs.nsysu.edu.tw/menu5/showoutline.asp?SYEAR=114&SEM=2&CrsDat=MBR598&Crsname=海洋天然物與化學分析（二）,,,True,海資碩,MBR598,1,,"海洋天然物與化學分析（二）
MARINE NATURAL PRODUCTS AND CHEMICAL ANALYSIS II",2,期,True,50,0,0,50,廖志中,"五3,4(海MB 3013)","['', '', '', '', '34', '', '']",《講授類》,[],True
https://selcrs.nsysu.edu.tw/menu5/showoutline.asp?SYEAR=114&SEM=2&CrsDat=MAEV523&Crsname=海洋系統模擬（二）,,,False,海工碩,MAEV523,1,,"海洋系統模擬（二）
MARINE SYSTEM MODELING (II)",3,期,False,50,0,0,50,歐雅森,"三5,6,7(海ME 2002)","['', '', '567', '', '', '', '']",《講授類》,[],True
https://selcrs.nsysu.edu.tw/menu5/showoutline.asp?SYEAR=114&SEM=2&CrsDat=MAEV542&Crsname=海洋結構動力學,,,False,海工碩,MAEV542,1,,"海洋結構動力學
STRUCTURE DYNAMICS IN OCEAN ENGINEERING",3,期,False,50,0,0,50,詹鵬台,"三2,3,4(海ME 2002)","['', '', '234', '', '', '', '']",《講授類》,[],True
https://selcrs.nsysu.edu.tw/menu5/showoutline.asp?SYEAR=114&SEM=2&CrsDat=MAEV557&Crsname=廢水生物處理方法,,,False,海工碩,MAEV557,1,,"廢水生物處理方法
BIOLOGICAL TREATMENT FOR WASTEWATER",3,期,False,50,0,0,50,卓宴琳,"三5,6,7(海ME 3005)","['', '', '567', '', '', '', '']",《講授類》,[],True
https://selcrs.nsysu.edu.tw/menu5/showoutline.asp?SYEAR=114&SEM=2&CrsDat=MAEV572&Crsname=海洋流體力學,,,False,海工碩,MAEV572,1,,"海洋流體力學
OCEAN FLUID MECHANICS",3,期,False,50,0,0,50,歐雅森,"一8,6,7(海ME 2002)","['678', '', '', '', '', '', '']",《講授類》,[],True
https://selcrs.nsysu.edu.tw/menu5/showoutline.asp?SYEAR=114&SEM=2&CrsDat=MAEV628&Crsname=紊流學,,,False,海工碩,MAEV628,1,,"紊流學
TURBULENCE",3,期,False,50,0,0,50,歐雅森,"二8,6,7(海ME 2002)","['', '678', '', '', '', '', '']",《講授類》,[],True
https://selcrs.nsysu.edu.tw/menu5/showoutline.asp?SYEAR=114&SEM=2&CrsDat=MAEV661&Crsname=類神經網路,,,False,海工碩,MAEV661,1,,"類神經網路
ARTIFICIAL NEURAL NETWORKS",3,期,False,50,0,0,50,鍾秉宸,"二5,6,7(海ME 3005)","['', '567', '', '', '', '', '']",《講授類》,[],True
https://selcrs.nsysu.edu.tw/menu5/showoutline.asp?SYEAR=114&SEM=2&CrsDat=MAEV663&Crsname=機器學習於海洋環境管理之應用,,,False,海工碩,MAEV663,1,,"機器學習於海洋環境管理之應用
APPLIED MACHINE LEARNING FOR MARINE ENVIRONMENTAL MANAGEMENT",3,期,False,50,0,0,50,夏沛亞,"五2,3,4(海ME 2002)","['', '', '', '', '234', '', '']",《講授類》,[],True
https://selcrs.nsysu.edu.tw/menu5/showoutline.asp?SYEAR=114&SEM=2&CrsDat=MA583&Crsname=海洋法,,,False,海事碩,MA583,0,,"海洋法
LAW OF THE SEA",3,期,False,50,0,0,50,高世明,"五D,E,F(海MA 2034)","['', '', '', '', 'DEF', '', '']",《講授類》,[],True
https://selcrs.nsysu.edu.tw/menu5/showoutline.asp?SYEAR=114&SEM=2&CrsDat=MA628&Crsname=海洋政策與資源之經濟分析,,,False,海事碩,MA628,0,,"海洋政策與資源之經濟分析
ECONOMIC ANALYSIS FOR MARINE POLICY AND NATURAL RESOURCE",3,期,False,50,0,0,50,劉子銘,"二B,5,6(海MA 1020)","['', 'B56', '', '', '', '', '']",《講授類》,[],True
https://selcrs.nsysu.edu.tw/menu5/showoutline.asp?SYEAR=114&SEM=2&CrsDat=MA633&Crsname=整合性海洋與海岸管理（二）：實務面向,,,False,海事碩,MA633,0,,"整合性海洋與海岸管理（二）：實務面向
INTEGRATED OCEAN AND COASTAL MANAGEMENT (Ⅱ): PRACTICAL DIMENSION",3,期,False,50,0,0,50,張懿,"四5,6,7(海MA 2034)","['', '', '', '567', '', '', '']",《講授類》,[],True
https://selcrs.nsysu.edu.tw/menu5/showoutline.asp?SYEAR=114&SEM=2&CrsDat=DO627&Crsname=高等古海洋學,,,False,海科碩,DO627,0,,"高等古海洋學
ADVANCED PALEOCEANOGRAPHY",3,期,False,50,0,0,50,張詠斌,"五8,6,7(海MA 2009)","['', '', '', '', '678', '', '']",《講授類》,[],True
https://selcrs.nsysu.edu.tw/menu5/showoutline.asp?SYEAR=114&SEM=2&CrsDat=DO685&Crsname=海洋生物專題討論（二）,,,True,海科碩,DO685,1,,"海洋生物專題討論（二）
SEMINAR IN MARINE BIOLOGY (II)",1,期,True,50,0,0,50,托星豪,三6(海MA 2009),"['', '', '6', '', '', '', '']",《研討類》,[],True
https://selcrs.nsysu.edu.tw/menu5/showoutline.asp?SYEAR=114&SEM=2&CrsDat=DO687&Crsname=海洋生物專題討論（四）,,,False,海科碩,DO687,0,,"海洋生物專題討論（四）
SEMINAR IN MARINE BIOLOGY (IV)",1,期,False,50,0,0,50,陳慶能,三7(海MA 2009),"['', '', '7', '', '', '', '']",《研討類》,[],True
https://selcrs.nsysu.edu.tw/menu5/showoutline.asp?SYEAR=114&SEM=2&CrsDat=DO701&Crsname=進階科學英文,,,False,海科碩,DO701,0,,"進階科學英文
ADVANCED SCIENTIFIC ENGLISH",3,期,False,50,0,0,50,王敬湧,"四2,3,4(海MA 2009)","['', '', '', '234', '', '', '']","《講授類》
與DO405併班上課。",[],True
https://selcrs.nsysu.edu.tw/menu5/showoutline.asp?SYEAR=114&SEM=2&CrsDat=DO715&Crsname=海洋無脊椎生物學,,,False,海科碩,DO715,0,,"海洋無脊椎生物學
MARINE INVERTEBRATE BIOLOGY",3,期,False,50,0,0,50,熊寶兒,"四5,6,7(海MA 2022)","['', '', '', '567', '', '', '']",《講授類》,[],True
https://selcrs.nsysu.edu.tw/menu5/showoutline.asp?SYEAR=114&SEM=2&CrsDat=DO724&Crsname=科學倫理導論,,,False,海科碩,DO724,0,,"科學倫理導論
INTRODUCTION TO SCIENCE ETHICS",2,期,False,50,0,0,50,熊寶兒,"五6,7(海MA 2022)","['', '', '', '', '67', '', '']","《講授類》
與DO409併班上課。",[],True
