url,change,changeDescription,multipleCompulsory,department,id,grade,class,name,credit,yearSemester,compulsory,restrict,select,selected,remaining,teacher,room,classTime,description,tags,english
https://selcrs.nsysu.edu.tw/menu5/showoutline.asp?SYEAR=114&SEM=1&CrsDat=GEAI1323B&Crsname=計算機程式,,,False,跨院選修(工),GEAI1323B,0,不分班,"計算機程式
COMPUTER PROGRAMMING",3,期,True,10,1,6,4,魏家博,"四2,3,4(工EC 3012)","['', '', '', '234', '', '', '']","《講授類》
跨院通識與電機系EE1301B課程併班上課","['金融工程學程', '軟體工程學程', '計算物理及人工智慧微學程', '自然科學之程式應用學程', '半導體設備工程學程']",True
https://selcrs.nsysu.edu.tw/menu5/showoutline.asp?SYEAR=114&SEM=1&CrsDat=GEAI1324&Crsname=資料結構,,,False,跨院選修(工),GEAI1324,0,不分班,"資料結構
DATA STRUCTURES",3,期,False,10,1,9,1,周孜燦,"三5,6,7(工EC 3013)","['', '', '567', '', '', '', '']","《講授類》
限非資管系學生修習。跨院通識與電機系EE2305課程併班上課","['軟體工程學程', '永續能源學程', '計算物理及人工智慧微學程', '巨量資料分析學程', '金融科技學程', '智慧製造聯網微學程', '跨領域智慧製造學程', '自然科學之程式應用學程']",False
https://selcrs.nsysu.edu.tw/menu5/showoutline.asp?SYEAR=114&SEM=1&CrsDat=GEAI1326&Crsname=電磁學（一）,異動,更換教室9/8,False,跨院選修(工),GEAI1326,0,不分班,"電磁學（一）
ELECTROMAGNETIC THEORY (I)",3,期,True,10,0,9,1,李杰穎,"二5,6,7(工EC 1009)","['', '567', '', '', '', '', '']","《講授類》
跨院通識與電機系EE2500課程併班上課","['半導體元件學程', '半導體製程模組學程']",False
https://selcrs.nsysu.edu.tw/menu5/showoutline.asp?SYEAR=114&SEM=1&CrsDat=GEAI1326B&Crsname=電磁學（一）,,,False,跨院選修(工),GEAI1326B,0,不分班,"電磁學（一）
ELECTROMAGNETIC THEORY (I)",3,期,True,10,0,3,7,沈昭元,"二2,3,4(工EC 3013)","['', '234', '', '', '', '', '']","《講授類》
跨院通識與電機系EE2500B課程併班上課","['半導體元件學程', '半導體製程模組學程']",True
https://selcrs.nsysu.edu.tw/menu5/showoutline.asp?SYEAR=114&SEM=1&CrsDat=GEAI1328&Crsname=數位系統設計,,,False,跨院選修(工),GEAI1328,0,不分班,"數位系統設計
DESIGN OF DIGITAL SYSTEMS",3,期,True,10,0,8,2,李宗哲,"四5,6,7(工EC 1009)","['', '', '', '567', '', '', '']","《講授類》
跨院通識與電機系EE1700課程併班上課","['數位IC設計學程', '矽光子學程', '南星產業樞紐學程']",False
https://selcrs.nsysu.edu.tw/menu5/showoutline.asp?SYEAR=114&SEM=1&CrsDat=GEAI1328B&Crsname=數位系統設計,,,False,跨院選修(工),GEAI1328B,0,不分班,"數位系統設計
DESIGN OF DIGITAL SYSTEMS",3,期,True,10,0,3,7,王朝欽,"一2,3,4(工EC 3012)","['234', '', '', '', '', '', '']","《講授類》
跨院通識與電機系EE1700B課程併班上課","['數位IC設計學程', '矽光子學程', '南星產業樞紐學程']",True
https://selcrs.nsysu.edu.tw/menu5/showoutline.asp?SYEAR=114&SEM=1&CrsDat=GEAI1359&Crsname=人工智慧導論,異動,修正備註說明7/14,False,跨院選修(工),GEAI1359,0,不分班,"人工智慧導論
INTRODUCTION TO ARTIFICIAL INTELLIGENCE",3,期,False,10,1,12,-2,蔡崇煒,"二8,6,7(工EC 5012)","['', '678', '', '', '', '', '']","《講授類》
跨院通識與資工系CSE326課程併班上課","['科技創新與服務業管理學程', '跨領域智慧製造學程', '智慧製造聯網微學程', '製造與大數據分析微學程', '永續能源學程', '機器學習與多媒體技術學程', '機器學習與應用微學程', '人工智慧探索應用學分學程', '人工智慧自然語言技術學分學程', '無人載具學程', '計算物理及人工智慧微學程']",False
https://selcrs.nsysu.edu.tw/menu5/showoutline.asp?SYEAR=114&SEM=1&CrsDat=GEAI1361&Crsname=系統化工程設計概論,,,False,跨院選修(工),GEAI1361,0,不分班,"系統化工程設計概論
INTRODUCTION TO SYSTEMATIC  ENGINEERING DESIGN",3,期,False,25,0,5,20,楊政融,"二2,3,4(工EN 3021)","['', '234', '', '', '', '', '']","《講授類》
跨院通識與機電系MEME332課程併班上課",['碳流資訊盤查與低碳設計微學程'],False
https://selcrs.nsysu.edu.tw/menu5/showoutline.asp?SYEAR=114&SEM=1&CrsDat=GEAI1370&Crsname=工程電腦程式,,,False,跨院選修(工),GEAI1370,0,不分班,"工程電腦程式
ENGINEERING COMPUTER PROGRAMMING",3,期,True,5,1,5,0,朱訓鵬,"四2,3,4(工EN 4055-2)","['', '', '', '234', '', '', '']","《講授類》
跨院通識與機電系MEME103課程併班上課","['南星產業樞紐學程', '自然科學之程式應用學程', '半導體設備工程學程']",False
https://selcrs.nsysu.edu.tw/menu5/showoutline.asp?SYEAR=114&SEM=1&CrsDat=GEAI1370A&Crsname=工程電腦程式,,,False,跨院選修(工),GEAI1370A,0,不分班,"工程電腦程式
ENGINEERING COMPUTER PROGRAMMING",3,期,True,5,1,4,1,朱訓鵬,"一2,3,4(工EN 4055-2)","['234', '', '', '', '', '', '']","《講授類》
跨院通識與機電系MEME103A課程併班上課","['南星產業樞紐學程', '自然科學之程式應用學程', '半導體設備工程學程']",False
https://selcrs.nsysu.edu.tw/menu5/showoutline.asp?SYEAR=114&SEM=1&CrsDat=GEAI1371&Crsname=由創新申請專利,,,False,跨院選修(工),GEAI1371,0,不分班,"由創新申請專利
PATENT APPLICATION VIA INNOVATIONS",3,期,False,5,1,3,2,何應勤,"二8,9(工EN 3021) 四8(工EN 3021)","['', '89', '', '8', '', '', '']","《講授類》
跨院通識與機電系MEME336課程併班上課",[],True
https://selcrs.nsysu.edu.tw/menu5/showoutline.asp?SYEAR=114&SEM=1&CrsDat=GEAI1404&Crsname=企業概論,,,False,跨院選修(管),GEAI1404,0,不分班,"企業概論
INTRODUCTION TO BUSINESS",3,期,False,30,6,35,-5,蔡宗霖,"二5,6,7(管CM 3015)","['', '567', '', '', '', '', '']","《講授類》
跨院通識與企管系BM109課程併班上課",['海洋微生物及應用推廣微學程'],False
https://selcrs.nsysu.edu.tw/menu5/showoutline.asp?SYEAR=114&SEM=1&CrsDat=GEAI1405&Crsname=經濟學（一）,,,False,跨院選修(管),GEAI1405,0,不分班,"經濟學（一）
ECONOMICS(I)",3,期,True,10,9,17,-7,林晉禾,"三5,6,7(管CM 0052)","['', '', '567', '', '', '', '']","《講授類》
限非政經系學生修習。跨院通識與企管系BM105課程併班上課",[],False
https://selcrs.nsysu.edu.tw/menu5/showoutline.asp?SYEAR=114&SEM=1&CrsDat=GEAI1410&Crsname=經濟學實習（一）,,,False,跨院選修(管),GEAI1410,0,不分班,"經濟學實習（一）
ECONOMICS PRACITCE(I)",1,期,False,10,0,3,7,林晉禾,"一5,6(管CM 1037)(實驗)","['56', '', '', '', '', '', '']","《實習類》
限非政經系學生修習。跨院通識與企管系BM107課程併班上課",[],False
https://selcrs.nsysu.edu.tw/menu5/showoutline.asp?SYEAR=114&SEM=1&CrsDat=GEAI1412&Crsname=組織行為,,,False,跨院選修(管),GEAI1412,0,不分班,"組織行為
ORGANIZATIONAL BEHAVIOR",3,期,True,10,3,12,-2,施欣宜,"二2,3,4(管CM 1037)","['', '234', '', '', '', '', '']","《講授類》
跨院通識與企管系BM204課程併班上課",['人力資源管理學程'],False
https://selcrs.nsysu.edu.tw/menu5/showoutline.asp?SYEAR=114&SEM=1&CrsDat=GEAI1412A&Crsname=組織行為,,,False,跨院選修(管),GEAI1412A,0,不分班,"組織行為
ORGANIZATIONAL BEHAVIOR",3,期,True,10,0,11,-1,施欣宜,"二8,6,7(管CM 2037)","['', '678', '', '', '', '', '']","《講授類》
跨院通識與企管系BM204A課程併班上課",['人力資源管理學程'],False
https://selcrs.nsysu.edu.tw/menu5/showoutline.asp?SYEAR=114&SEM=1&CrsDat=GEAI1415&Crsname=會計學（一）,,,False,跨院選修(管),GEAI1415,0,不分班,"會計學（一）
ACCOUNTING (I)",3,期,True,10,2,13,-3,王萬成,"四5,6,7(管CM 2037)","['', '', '', '567', '', '', '']","《講授類》
跨院通識與企管系BM101課程併班上課",['會計學程'],False
https://selcrs.nsysu.edu.tw/menu5/showoutline.asp?SYEAR=114&SEM=1&CrsDat=GEAI1415A&Crsname=會計學（一）,,,False,跨院選修(管),GEAI1415A,0,不分班,"會計學（一）
ACCOUNTING (I)",3,期,True,10,2,12,-2,陳妮雲,"四2,3,4(管CM 2037)","['', '', '', '234', '', '', '']","《講授類》
跨院通識與企管系BM101A課程併班上課。",['會計學程'],False
https://selcrs.nsysu.edu.tw/menu5/showoutline.asp?SYEAR=114&SEM=1&CrsDat=GEAI1424&Crsname=統計學（一）,,,False,跨院選修(管),GEAI1424,0,不分班,"統計學（一）
STATISTICS (I)",3,期,True,5,4,7,-2,林晉禾,"三2,3,4(管CM 1037)","['', '', '234', '', '', '', '']","《講授類》
限非政經系學生修習。跨院通識與企管系BM201課程併班上課","['人工智慧探索應用學分學程', '巨量資料分析學程']",False
https://selcrs.nsysu.edu.tw/menu5/showoutline.asp?SYEAR=114&SEM=1&CrsDat=GEAI1425&Crsname=行銷管理,,,False,跨院選修(管),GEAI1425,0,不分班,"行銷管理
MARKETING MANAGEMENT",3,期,True,10,11,10,0,黃明新,"三5,6,7(管CM 1037)","['', '', '567', '', '', '', '']","《講授類》
跨院通識與企管系BM203課程併班上課","['音樂藝術管理與行銷學程', '行銷管理學程', '科技創新與服務業管理學程', '地方敘事與創生學程', '海洋生產模式整合學程']",False
https://selcrs.nsysu.edu.tw/menu5/showoutline.asp?SYEAR=114&SEM=1&CrsDat=GEAI1426&Crsname=會計學實習（一）,,,False,跨院選修(管),GEAI1426,0,不分班,"會計學實習（一）
ACCOUNTING PRACTICE(I)",1,期,False,10,0,8,2,王萬成,"四8,9(管CM 2037)(實驗)","['', '', '', '89', '', '', '']","《實習類》
跨院通識與企管系BM103課程併班上課",[],False
https://selcrs.nsysu.edu.tw/menu5/showoutline.asp?SYEAR=114&SEM=1&CrsDat=GEAI1426A&Crsname=會計學實習（一）,,,False,跨院選修(管),GEAI1426A,0,不分班,"會計學實習（一）
ACCOUNTING PRACTICE(I)",1,期,False,10,1,4,6,陳妮雲,"四8,9(管CM 3015)(實驗)","['', '', '', '89', '', '', '']","《實習類》
跨院通識與企管系BM103A課程併班上課",[],False
https://selcrs.nsysu.edu.tw/menu5/showoutline.asp?SYEAR=114&SEM=1&CrsDat=GEAI1439&Crsname=統計學實習（一）,異動,更換時間7/8,False,跨院選修(管),GEAI1439,0,不分班,"統計學實習（一）
EXERCISE FOR STATISTICS(I)",1,期,False,10,0,2,8,林晉禾,"四B,5(管CM 0052)(實驗)","['', '', '', 'B5', '', '', '']","《實習類》
限非政經系學生修習。跨院通識與企管系BM217課程併班上課",[],False
https://selcrs.nsysu.edu.tw/menu5/showoutline.asp?SYEAR=114&SEM=1&CrsDat=GEAI1449&Crsname=管理學概論,,,False,跨院選修(管),GEAI1449,0,不分班,"管理學概論
INTRODUCTION TO MANAGEMENT",1,期,False,90,29,90,0,王致遠,三B(網路大學),"['', '', 'B', '', '', '', '']","《講授類》
網大進行之非同步線上課程跨院通識與管理學院CM407課程併班上課",['人力資源管理學程'],False
https://selcrs.nsysu.edu.tw/menu5/showoutline.asp?SYEAR=114&SEM=1&CrsDat=GEAI1450&Crsname=經濟學概論,,,False,跨院選修(管),GEAI1450,0,不分班,"經濟學概論
INTRODUCTION TO ECONOMICS",1,期,False,95,16,102,-7,佘健源,四B(網路大學),"['', '', '', 'B', '', '', '']","《講授類》
限非政經系學生修習。網大進行之非同步線上課程跨院通識與管理學院CM409課程併班上課",[],False
https://selcrs.nsysu.edu.tw/menu5/showoutline.asp?SYEAR=114&SEM=1&CrsDat=GEAI1452&Crsname=新時代的科技法律陷阱,,,False,跨院選修(管),GEAI1452,0,不分班,"新時代的科技法律陷阱
TECHNOLOGY LAW AND ITS TRAPS IN THE MODERN SOCIETY",3,期,False,10,0,11,-1,盧憶,"四5,6,7(管CM 3015)","['', '', '', '567', '', '', '']","《講授類》
跨院通識與企管系BM369課程併班上課",['全球半導體經營管理微學程'],False
https://selcrs.nsysu.edu.tw/menu5/showoutline.asp?SYEAR=114&SEM=1&CrsDat=GEAI1455&Crsname=醫務管理概論,,,False,跨院選修(管),GEAI1455,0,不分班,"醫務管理概論
INTRODUCTION TO HEALTH CARE MANAGEMENT",3,期,False,30,1,29,1,黃俊智,"四5,6,7(管CM 1037)","['', '', '', '567', '', '', '']","《講授類》
跨院通識與企管系BM225A課程併班上課",[],False
https://selcrs.nsysu.edu.tw/menu5/showoutline.asp?SYEAR=114&SEM=1&CrsDat=GEAI1460&Crsname=管理資訊系統,,,False,跨院選修(管),GEAI1460,0,不分班,"管理資訊系統
MANAGEMENT INFORMATION SYSTEM",3,期,True,10,0,8,2,黃鋒樟,"二5,6,7(管CM 1037)","['', '567', '', '', '', '', '']","《講授類》
跨院通識與企管系BM303課程併班上課",['科技創新與服務業管理學程'],False
https://selcrs.nsysu.edu.tw/menu5/showoutline.asp?SYEAR=114&SEM=1&CrsDat=GEAI1515&Crsname=基礎環境科學,,,False,跨院選修(海),GEAI1515,0,不分班,"基礎環境科學
BASIC ENVIRONMENTAL SCIENCE",2,期,True,10,3,7,3,卓宴琳,"四3,4(海ME 3006)","['', '', '', '34', '', '', '']","《講授類》
跨院通識與海工系MAEV150課程併班上課","['環境教育學程', '環境科技與管理學程', '地方創生與永續發展整合學程', '淨零轉型與永續發展整合學程', '氣候變遷與調適學分學程', '企業社會責任學程', '永續管理微學程']",True
https://selcrs.nsysu.edu.tw/menu5/showoutline.asp?SYEAR=114&SEM=1&CrsDat=GEAI1521&Crsname=工程材料,,,False,跨院選修(海),GEAI1521,0,不分班,"工程材料
ENGINEERING MATERIAL",2,期,True,7,0,2,5,詹鵬台,"一5,6(海ME 2005)","['56', '', '', '', '', '', '']","《講授類》
跨院通識與海工系MAEV242課程併班上課",[],True
https://selcrs.nsysu.edu.tw/menu5/showoutline.asp?SYEAR=114&SEM=1&CrsDat=GEAI1522&Crsname=工程數學（一）,,,False,跨院選修(海),GEAI1522,0,不分班,"工程數學（一）
ENGINEERING MATHEMATICS(I)",3,期,True,7,1,1,6,曾以帆,"三2,3,4(海ME 2003)","['', '', '234', '', '', '', '']","《講授類》
限微積分（一）及微積分（二）50分(D)（含）以上修習，若未符合上述規定者，請洽授課老師後於異常處理階段加選。跨院通識與海工系MAEV203課程併班上課",[],True
https://selcrs.nsysu.edu.tw/menu5/showoutline.asp?SYEAR=114&SEM=1&CrsDat=GEAI1524&Crsname=測量學,,,False,跨院選修(海),GEAI1524,0,不分班,"測量學
SURVEYING",3,期,True,7,0,4,3,鍾秉宸,"二2,3,4(海ME 2005)","['', '234', '', '', '', '', '']","《講授類》
跨院通識與海工系MAEV261課程併班上課",['南星產業樞紐學程'],True
https://selcrs.nsysu.edu.tw/menu5/showoutline.asp?SYEAR=114&SEM=1&CrsDat=GEAI1533A&Crsname=海洋生物概論,,,False,跨院選修(海),GEAI1533A,0,不分班,"海洋生物概論
INTRODUCTION TO MARINE BIOLOGY",2,期,False,15,0,12,3,熊寶兒,"四8,9(海MA 1005)","['', '', '', '89', '', '', '']","《講授類》
跨院通識與海科系DO203A課程併班上課","['生物多樣性學程', '環境教育學程', '印象海味微學程', '科技與環境英語微學程', '自然生物資產微學程']",True
https://selcrs.nsysu.edu.tw/menu5/showoutline.asp?SYEAR=114&SEM=1&CrsDat=GEAI1535&Crsname=海洋地質概論,,,False,跨院選修(海),GEAI1535,0,不分班,"海洋地質概論
INTRODUCTION TO MARINE GEOLOGY",2,期,True,20,0,5,15,林慧玲,"四3,4(海MA 1005)","['', '', '', '34', '', '', '']","《講授類》
跨院通識與海科系DO131課程併班上課","['環境教育學程', '環境科技與管理學程', '氣候變遷與調適學分學程', '看見臺灣海岸微學程']",False
https://selcrs.nsysu.edu.tw/menu5/showoutline.asp?SYEAR=114&SEM=1&CrsDat=GEAI1536&Crsname=基礎海洋生態學,,,False,跨院選修(海),GEAI1536,0,不分班,"基礎海洋生態學
INTRODUCTION TO MARINE ECOLOGY",3,期,False,30,4,14,16,"劉莉蓮,塗子萱","二8,6,7(海MA 1005)","['', '678', '', '', '', '', '']","《講授類》
1. 適合大一、大二學生跨院選修。 2.隔年開設課程。跨院通識與海科系DO313課程併班上課","['生物多樣性學程', '環境教育學程', '熱帶海洋微學程', '探索海洋國家公園微學程']",False
https://selcrs.nsysu.edu.tw/menu5/showoutline.asp?SYEAR=114&SEM=1&CrsDat=GEAI1548&Crsname=魚類學,,,False,跨院選修(海),GEAI1548,0,不分班,"魚類學
ICHTHYOLOGY",2,期,False,20,4,18,2,林秀瑾,"二3,4(海MB 2015)","['', '34', '', '', '', '', '']","《講授類》
跨院通識與海資系MBR218課程併班上課","['生物多樣性學程', '熱帶海洋微學程', '印象海味微學程', '海洋生物資源與實務應用微學程', '海洋循環經濟學程']",False
https://selcrs.nsysu.edu.tw/menu5/showoutline.asp?SYEAR=114&SEM=1&CrsDat=GEAI1549&Crsname=生藥學,,,False,跨院選修(海),GEAI1549,0,不分班,"生藥學
PHARMACOGNOSY",3,期,False,20,1,19,1,廖志中,"一2,3,4(海MB 2015)","['234', '', '', '', '', '', '']","《講授類》
跨院通識與海資系MBR341課程併班上課","['生物技術學程', '海洋天然物微學程', '校園預防醫學暨食品安全學程', '海洋生產模式整合學程', '天然藥物合成學程', '海洋生物資源開發學程', '海洋生物資源開發學程']",False
https://selcrs.nsysu.edu.tw/menu5/showoutline.asp?SYEAR=114&SEM=1&CrsDat=GEAI1554&Crsname=海洋無脊椎動物學（一）,,,False,跨院選修(海),GEAI1554,0,不分班,"海洋無脊椎動物學（一）
MARINE INVERTEBRATE ZOOLOGY(I)",2,期,False,20,3,12,8,劉商隱,"五6,7(海MB 2016)","['', '', '', '', '67', '', '']","《講授類》
跨院通識與海資系MBR318課程併班上課","['生物多樣性學程', '環境教育學程', '熱帶海洋微學程', '印象海味微學程', '擁海學程', '海洋生物資源與實務應用微學程', '海洋生產模式整合學程', '海洋循環經濟學程']",False
https://selcrs.nsysu.edu.tw/menu5/showoutline.asp?SYEAR=114&SEM=1&CrsDat=GEAI1559&Crsname=基礎海洋學,,,False,跨院選修(海),GEAI1559,0,不分班,"基礎海洋學
FUNDAMENTALS OF OCEANOGRAPHY",3,期,False,95,3,50,45,"林玉詩,林裕䕒,簡國童,陳冠宇","五2,3,4(海MA 3021)","['', '', '', '', '234', '', '']","《講授類》
 跨院通識與海科院（學）MRSC102課程併班上課","['環境教育學程', '熱帶海洋微學程', '海洋永續發展產業科技微學程', '探索海洋國家公園微學程', '看見臺灣海岸微學程']",False
https://selcrs.nsysu.edu.tw/menu5/showoutline.asp?SYEAR=114&SEM=1&CrsDat=GEAI1563&Crsname=全球環境變遷概論,,,False,跨院選修(海),GEAI1563,0,不分班,"全球環境變遷概論
INTRODUCTION TO GLOBAL ENVIRONMENTAL CHANGE",2,期,False,35,1,4,31,"陳鎮東,雷漢杰","四3,4(海MA 3020)","['', '', '', '34', '', '', '']","《講授類》
跨院通識與海科系DO225課程併班上課","['環境教育學程', '地方創生與永續發展整合學程', '海洋永續發展產業科技微學程', '科技與環境英語微學程', '氣候變遷與調適學分學程']",True
https://selcrs.nsysu.edu.tw/menu5/showoutline.asp?SYEAR=114&SEM=1&CrsDat=GEAI1566&Crsname=海洋生物多樣性導論,,,False,跨院選修(海),GEAI1566,0,不分班,"海洋生物多樣性導論
INTRODUCTION TO MARINE BIODIVERSITY",2,期,True,20,1,5,15,"劉商隱,水晶","二6,7(海MB 2020)","['', '67', '', '', '', '', '']","《講授類》
跨院通識與海資系MBR227課程併班上課","['生物多樣性學程', '環境教育學程', '探索海洋國家公園微學程', '海洋生物資源與實務應用微學程', '臺灣研究學程', '自然生物資產微學程', '海洋循環經濟學程']",True
https://selcrs.nsysu.edu.tw/menu5/showoutline.asp?SYEAR=114&SEM=1&CrsDat=GEAI1575&Crsname=生態工程與實務,,,False,跨院選修(海),GEAI1575,0,不分班,"生態工程與實務
ECOLOGICAL ENGINEERING AND PRACTICE",3,期,False,5,0,4,1,林巧雯,"三2,3,4(海ME 2007)","['', '', '234', '', '', '', '']","《講授類》
跨院通識與海工系MAEV454課程併班上課","['生物多樣性學程', '環境教育學程', '環境科技與管理學程', '海洋永續發展產業科技微學程', '氣候變遷與調適學分學程', '看見臺灣海岸微學程']",False
https://selcrs.nsysu.edu.tw/menu5/showoutline.asp?SYEAR=114&SEM=1&CrsDat=GEAI1577&Crsname=海岸開發及保育工程,,,False,跨院選修(海),GEAI1577,0,不分班,"海岸開發及保育工程
COASTAL DEVELOPMENT AND RESTORATION ENGINEERING",3,期,False,7,1,6,1,曾以帆,"一8,6,7(海ME 2007)","['678', '', '', '', '', '', '']","《講授類》
跨院通識與海工系MAEV453課程併班上課","['環境教育學程', '海洋永續發展產業科技微學程', '氣候變遷與調適學分學程', '擁海學程', '看見臺灣海岸微學程', '綠色港市微學程']",False
https://selcrs.nsysu.edu.tw/menu5/showoutline.asp?SYEAR=114&SEM=1&CrsDat=GEAI1588&Crsname=訊息傳遞與藥物開發概論,,,False,跨院選修(海),GEAI1588,0,不分班,"訊息傳遞與藥物開發概論
INTRODUCTION OF SIGNAL TRANSDUCTION AND DRUG DISCOVERY",2,期,False,20,3,20,0,翁靖如,"二3,4(海MB 1009)","['', '34', '', '', '', '', '']","《講授類》
跨院通識與海資系MBR407課程併班上課","['生物技術學程', '海洋天然物微學程', '海洋生產模式整合學程', '天然藥物合成學程']",False
https://selcrs.nsysu.edu.tw/menu5/showoutline.asp?SYEAR=114&SEM=1&CrsDat=GEAI1592&Crsname=探索海洋國家公園,異動,修正部份時間6/23,False,跨院選修(海),GEAI1592,0,不分班,"探索海洋國家公園
EXPLORE MARINE NATIONAL PARKS",2,期,False,50,5,43,7,"劉莉蓮,張水鍇","五5,6(海MA 3020)","['', '', '', '', '56', '', '']","《講授類》
共同授課業界專家：海洋國家公園管理處徐韶良處長、吳岱穎執行秘書。跨院通識與海科院（學）MRSC120課程併班上課","['海洋永續發展產業科技微學程', '探索海洋國家公園微學程']",False
https://selcrs.nsysu.edu.tw/menu5/showoutline.asp?SYEAR=114&SEM=1&CrsDat=GEAI1593&Crsname=天然物化學概論,,,False,跨院選修(海),GEAI1593,0,不分班,"天然物化學概論
INTRODUCTION TO CHEMISTRY OF NATURAL PRODUCTS",3,期,False,20,1,7,13,翁靖如,"四2,3,4(海MB 1009)","['', '', '', '234', '', '', '']","《講授類》
跨院通識與海資系MBR411課程併班上課","['海洋天然物微學程', '海洋生產模式整合學程', '天然藥物合成學程']",False
https://selcrs.nsysu.edu.tw/menu5/showoutline.asp?SYEAR=114&SEM=1&CrsDat=GEAI1601&Crsname=心理學,,,False,跨院選修(社),GEAI1601,0,不分班,"心理學
INTRODUCTION TO PSYCHOLOGY",3,期,False,80,40,81,-1,"鄭雯,馮雅群","一5,6,7(社SS 2001)","['567', '', '', '', '', '', '']","《講授類》
跨院通識與社科院CSS101課程併班上課",['人力資源管理學程'],False
https://selcrs.nsysu.edu.tw/menu5/showoutline.asp?SYEAR=114&SEM=1&CrsDat=GEAI1609&Crsname=經濟學原理（一）,,,False,跨院選修(社),GEAI1609,0,不分班,"經濟學原理（一）
PRINCIPLES OF ECONOMICS(I)",3,期,False,40,12,53,-13,吳世傑,"一2,3,4(社SS 3005)","['234', '', '', '', '', '', '']","《講授類》
跨院通識與政經系PE101A課程併班上課",[],False
https://selcrs.nsysu.edu.tw/menu5/showoutline.asp?SYEAR=114&SEM=1&CrsDat=GEAI1644&Crsname=創意手機遊戲程式設計,異動,修正備註說明7/14,False,跨院選修(社),GEAI1644,0,不分班,"創意手機遊戲程式設計
CREATIVE MOBILE GAME PROGRAMMING",3,期,False,20,2,19,1,李春雄,"四2,3,4(圖IL PC03)","['', '', '', '234', '', '', '']","《講授類》
限非應數、電機、機電、資工、材光、光電、資管、海工系學生修習跨院通識與社科院CSS128課程併班上課",[],False
https://selcrs.nsysu.edu.tw/menu5/showoutline.asp?SYEAR=114&SEM=1&CrsDat=GEAI1649&Crsname=永續都市環境行為及心理學,,,False,跨院選修(社),GEAI1649,0,不分班,"永續都市環境行為及心理學
SUSTAINABLE URBAN ENVIRONMENTAL BEHAVIOR AND PSYCHOLOGY",3,期,False,80,11,86,-6,謝旭昇,"五8,6,7(社SS 3005)","['', '', '', '', '678', '', '']","《講授類》
跨院通識與社科院CSS133課程併班上課","['地方創生與永續發展整合學程', '碳流資訊盤查與低碳設計微學程', '淨零轉型與永續發展整合學程', '智慧城市與智慧運輸學程', '都市永續規劃與管理微學程', '地方創生與區域治理微學程', '綠色港市微學程', '永續管理微學程']",False
https://selcrs.nsysu.edu.tw/menu5/showoutline.asp?SYEAR=114&SEM=1&CrsDat=GEAI1652&Crsname=智慧城市與智慧運輸趨勢、發展及課題研析,,,False,跨院選修(社),GEAI1652,0,不分班,"智慧城市與智慧運輸趨勢、發展及課題研析
THE TREND, DEVELOPMENT, AND CHALLENGE OF SMART CITY AND SMART TRANSIT",3,期,False,80,27,83,-3,"夏晧清,李予綱","五5,6,7(社SS 3001)","['', '', '', '', '567', '', '']","《演講/參訪》
跨院通識與社科院CSS134課程併班上課","['製造與大數據分析微學程', '數據科學微學程', '都市文化與地景微學程', '環境、社會及公司治理微學程', '公共交通行動服務微學程', '智慧城市與智慧運輸學程', '城市行銷微學程', '都市永續規劃與管理微學程', '運輸管理微學程']",False
https://selcrs.nsysu.edu.tw/menu5/showoutline.asp?SYEAR=114&SEM=1&CrsDat=GEAI1654&Crsname=剖析都市：數據分析方法與應用,,,False,跨院選修(社),GEAI1654,0,不分班,"剖析都市：數據分析方法與應用
 THE ANATOMY OF THE CITY: DATA ANALYSIS METHOD AND APPLICATION",3,期,False,80,4,80,0,李予綱,"五2,3,4(社SS 3001)","['', '', '', '', '234', '', '']","《講授類》
跨院通識與社科院CSS120課程併班上課","['智慧城市與智慧運輸學程', '數據科學微學程']",False
https://selcrs.nsysu.edu.tw/menu5/showoutline.asp?SYEAR=114&SEM=1&CrsDat=GEAI1659&Crsname=和諧溝通與衝突解決,,,False,跨院選修(社),GEAI1659,0,不分班,"和諧溝通與衝突解決
HARMONIOUS COMMUNICATION AND CONFLICT RESOLUTION",2,期,False,30,8,30,0,陳利銘,"二3,4(社SS 2001)","['', '34', '', '', '', '', '']","《講授類》
本課程為教育學程課程。跨院通識與中學學程STP286課程併班上課",['社會情緒學習與內在永續發展微學程'],False
https://selcrs.nsysu.edu.tw/menu5/showoutline.asp?SYEAR=114&SEM=1&CrsDat=GEAI1665&Crsname=全球政治,,,False,跨院選修(社),GEAI1665,0,不分班,"全球政治
GLOBAL POLITICS",3,期,False,25,1,17,8,方志恒,"二8,6,7(社SS 4001)","['', '678', '', '', '', '', '']","《講授類》
跨院通識與社會系SOC257課程併班上課","['全球半導體經營管理微學程', '地方發展與永續農業微學程', '全球研究學分學程', '國際素養微學程']",True
https://selcrs.nsysu.edu.tw/menu5/showoutline.asp?SYEAR=114&SEM=1&CrsDat=GEAI1668&Crsname=文化地景專題: 遺產化的政治經濟學,,,False,跨院選修(社),GEAI1668,0,不分班,"文化地景專題: 遺產化的政治經濟學
TOPICS IN EAST ASIAN CITIES: CULTURAL ECONOMY AND CULTURAL GOVERNANCE",3,期,False,25,1,29,-4,蔡書瑋,"二2,3,4(社SS 1004)","['', '234', '', '', '', '', '']","《講授類》
跨院通識與社科院CSS151課程併班上課","['都市文化與地景微學程', '原民文化探索及永續發展學程', '智慧城市與智慧運輸學程']",False
https://selcrs.nsysu.edu.tw/menu5/showoutline.asp?SYEAR=114&SEM=1&CrsDat=GEAI1673&Crsname=數理統計,,,False,跨院選修(社),GEAI1673,0,不分班,"數理統計
MATHEMATICAL STATISTICS",3,期,False,35,2,21,14,鄭子長,"一8,6,7(社SS 1004)","['678', '', '', '', '', '', '']","《講授類》
跨院通識與社科院CSS157課程併班上課",[],False
https://selcrs.nsysu.edu.tw/menu5/showoutline.asp?SYEAR=114&SEM=1&CrsDat=GEAI1674&Crsname=歐洲人權法院裁判導讀,,,False,跨院選修(社),GEAI1674,0,不分班,"歐洲人權法院裁判導讀
INTRODUCTION TO ECHR CASE LAW",3,期,False,25,0,3,22,陳盈雪,"四5,6,7(社SS 1004)","['', '', '', '567', '', '', '']","《講授類》
跨院通識與社科院CSS159課程併班上課",[],True
https://selcrs.nsysu.edu.tw/menu5/showoutline.asp?SYEAR=114&SEM=1&CrsDat=GEAI1675&Crsname=性別教育,,,False,跨院選修(社),GEAI1675,0,不分班,"性別教育
GENDER EDUCATION",2,期,False,25,0,28,-3,"宋呈澔,林靜慧","三3,4(社SS 2001)","['', '', '34', '', '', '', '']","《講授類》
跨院通識與社科院CSS160課程併班上課","['性別研究學程', '社會情緒學習與內在永續發展微學程']",False
https://selcrs.nsysu.edu.tw/menu5/showoutline.asp?SYEAR=114&SEM=1&CrsDat=GEAI1678&Crsname=賽局導論,,,False,跨院選修(社),GEAI1678,0,不分班,"賽局導論
INTRODUCTION TO GAME THEORY",3,期,False,25,3,29,-4,許嘉麟,"四8,6,7(社SS 1005)","['', '', '', '678', '', '', '']","《講授類》
跨院通識與社科院CSS161課程併班上課",[],False
https://selcrs.nsysu.edu.tw/menu5/showoutline.asp?SYEAR=114&SEM=1&CrsDat=GEAI1679&Crsname=生態旅遊社會學,,,False,跨院選修(社),GEAI1679,0,不分班,"生態旅遊社會學
SOCIOLOGY OF ECOTOURISM",3,期,False,20,0,5,15,巴清雄,,"['', '123456789', '1234567DE', '123456789', '123456789', '123456789', '123456789']","《講授類》
暑假密集式授課8/12-8/17，限有修課同學選修跨院通識與社會系SOC306課程併班上課",[],True
https://selcrs.nsysu.edu.tw/menu5/showoutline.asp?SYEAR=114&SEM=1&CrsDat=GEAI1902&Crsname=新藥開發,,,False,跨院選修(醫),GEAI1902,0,不分班,"新藥開發
DRUG DISCOVERY AND DRUG DEVELOPMENT",2,期,False,35,18,37,-2,趙敏吾,"三6,7(醫IL 9012)","['', '', '67', '', '', '', '']","《講授類》
跨院通識與醫學院MED142課程併班上課",['基礎醫學數位微學程'],False
https://selcrs.nsysu.edu.tw/menu5/showoutline.asp?SYEAR=114&SEM=1&CrsDat=GEAI1904&Crsname=基礎藥理學,,,False,跨院選修(醫),GEAI1904,0,不分班,"基礎藥理學
BASIC PHARMACOLOGY",3,期,False,35,7,38,-3,趙敏吾,"二2,3,4(醫IL 9012)","['', '234', '', '', '', '', '']","《講授類》
跨院通識與醫學院MED143課程併班上課",['基礎醫學數位微學程'],False
https://selcrs.nsysu.edu.tw/menu5/showoutline.asp?SYEAR=114&SEM=1&CrsDat=GEAI1907&Crsname=醫學史（一）–西洋醫學史,,,False,跨院選修(醫),GEAI1907,0,不分班,"醫學史（一）–西洋醫學史
MEDICAL HISTORY(I)–WESTERN MEDICAL HISTORY",2,期,False,45,4,18,27,劉景寬,"四8,7(國IR 4002)","['', '', '', '78', '', '', '']","《講授類》
跨院通識與醫學院MED144課程併班上課",['基礎醫學數位微學程'],False
https://selcrs.nsysu.edu.tw/menu5/showoutline.asp?SYEAR=114&SEM=1&CrsDat=GEAI1908&Crsname=基礎生物學,,,False,跨院選修(醫),GEAI1908,0,不分班,"基礎生物學
BASIC CONCEPTS OF BIOLOGY",2,期,False,95,5,69,26,"張玉泉,薛佑玲,鄭光宏","四8,9(通GE 1010)","['', '', '', '89', '', '', '']","《講授類》
跨院通識與醫學院MED101課程併班上課",[],False
https://selcrs.nsysu.edu.tw/menu5/showoutline.asp?SYEAR=114&SEM=1&CrsDat=GEAI1909&Crsname=環境健康大數據資料分析暨視覺化實務,,,False,跨院選修(醫),GEAI1909,0,不分班,"環境健康大數據資料分析暨視覺化實務
ENVIRONMENTAL AND HEALTHY BIG DATA ANALYSIS WITH VISUALISED PRACTICE",3,期,False,30,1,23,7,鄭雅勻,"二5,6,7(圖IL PC01)","['', '567', '', '', '', '', '']","《講授類》
跨院通識與醫學院MED145課程併班上課",['科技與環境英語微學程'],True
https://selcrs.nsysu.edu.tw/menu5/showoutline.asp?SYEAR=114&SEM=1&CrsDat=GEAI1912&Crsname=生物統計與資訊,,,False,跨院選修(醫),GEAI1912,0,不分班,"生物統計與資訊
BIOSTATISTICS AND BIOINFORMATICS?",2,期,False,30,0,32,-2,鄭雅勻,"三3,4(圖IL PC01)","['', '', '34', '', '', '', '']","《講授類》
跨院通識與醫學院MED146課程併班上課","['金融工程學程', '基礎醫學數位微學程']",False
https://selcrs.nsysu.edu.tw/menu5/showoutline.asp?SYEAR=114&SEM=1&CrsDat=GEAI1913&Crsname=公共衛生學,,,False,跨院選修(醫),GEAI1913,0,不分班,"公共衛生學
PUBLIC HEALTH?",2,期,False,35,7,34,1,鄭雅勻,"四5,6(醫IL 9012)","['', '', '', '56', '', '', '']","《講授類》
跨院通識與醫學院MED147課程併班上課",['基礎醫學數位微學程'],False
https://selcrs.nsysu.edu.tw/menu5/showoutline.asp?SYEAR=114&SEM=1&CrsDat=GEAI1939&Crsname=共病時代-談人類與動物共通傳染病,,,False,跨院選修(醫),GEAI1939,0,不分班,"共病時代-談人類與動物共通傳染病
DISEASE, PLAGUE, AND CIVILIZATION",3,期,False,35,8,35,0,王文宏,"五5,6,7(醫IL 9012)","['', '', '', '', '567', '', '']","《講授類》
跨院通識與醫學院MED122課程併班上課",['基礎醫學數位微學程'],False
https://selcrs.nsysu.edu.tw/menu5/showoutline.asp?SYEAR=114&SEM=1&CrsDat=GEAI1940&Crsname=疾病瘟疫與文明,,,False,跨院選修(醫),GEAI1940,0,不分班,"疾病瘟疫與文明
DISEASE, PLAGUE, AND CIVILIZATION",3,期,False,35,8,36,-1,王文宏,"一2,3,4(醫IL 9012)","['234', '', '', '', '', '', '']","《講授類》
跨院通識與醫學院MED123課程併班上課",['校園預防醫學暨食品安全學程'],False
https://selcrs.nsysu.edu.tw/menu5/showoutline.asp?SYEAR=114&SEM=1&CrsDat=GEAI1941&Crsname=微生物與癌症,,,False,跨院選修(醫),GEAI1941,0,不分班,"微生物與癌症
CANCER MICROBIOLOGY",3,期,False,35,30,35,0,王文宏,"三2,3,4(醫IL 9012)","['', '', '234', '', '', '', '']","《講授類》
跨院通識與醫學院MED124課程併班上課",['基礎醫學數位微學程'],False
https://selcrs.nsysu.edu.tw/menu5/showoutline.asp?SYEAR=114&SEM=1&CrsDat=GEAI1943&Crsname=危老年代,,,False,跨院選修(醫),GEAI1943,0,不分班,"危老年代
AGING AND HEALTH",2,期,False,35,7,34,1,李昇翰,"二8,9(醫IL 9010)","['', '89', '', '', '', '', '']","《講授類》
跨院通識與醫學院MED126課程併班上課","['表達性藝術治療學程', '音樂應用與高齡友善多元性微學程', '音樂與高齡照護學程']",False
https://selcrs.nsysu.edu.tw/menu5/showoutline.asp?SYEAR=114&SEM=1&CrsDat=GEAI1944&Crsname=危險同居「人」：漫談居家有害生物,,,False,跨院選修(醫),GEAI1944,0,不分班,"危險同居「人」：漫談居家有害生物
PESTS IN HOUSEHOLD ENVIRONMENT",3,期,False,35,1,35,0,李昇翰,"一8,9,7(醫IL 9010)","['789', '', '', '', '', '', '']","《講授類》
跨院通識與醫學院MED127課程併班上課",[],False
https://selcrs.nsysu.edu.tw/menu5/showoutline.asp?SYEAR=114&SEM=1&CrsDat=GEAI1945&Crsname=環境與人類健康,,,False,跨院選修(醫),GEAI1945,0,不分班,"環境與人類健康
ENVIRONMENT AND HUMAN HEALTH",2,期,False,35,1,29,6,李昇翰,"三1,2(醫IL 9010)","['', '', '12', '', '', '', '']","《講授類》
跨院通識與醫學院MED128課程併班上課",[],False
https://selcrs.nsysu.edu.tw/menu5/showoutline.asp?SYEAR=114&SEM=1&CrsDat=GEAI1946&Crsname=基礎外傷急救,,,False,跨院選修(醫),GEAI1946,0,不分班,"基礎外傷急救
BASICS OF TRAUMA CARE",2,期,False,30,7,30,0,孫國清,"三6,7(醫IL 9010)","['', '', '67', '', '', '', '']","《講授類》
跨院通識與醫學院MED129課程併班上課",['全民國防微學程'],False
https://selcrs.nsysu.edu.tw/menu5/showoutline.asp?SYEAR=114&SEM=1&CrsDat=GEAI1948&Crsname=人體生理功能解密:生理學入門,,,False,跨院選修(醫),GEAI1948,0,不分班,"人體生理功能解密:生理學入門
HUMAN BODY FUNCTIONS: BASIC PHYSIOLOGY",3,期,False,35,2,35,0,柯瓊媛,"二8,9,7(醫IL 9012)","['', '789', '', '', '', '', '']","《講授類》
跨院通識與醫學院MED131課程併班上課",['基礎醫學數位微學程'],False
https://selcrs.nsysu.edu.tw/menu5/showoutline.asp?SYEAR=114&SEM=1&CrsDat=GEAI1950&Crsname=探索藥物：現實與電影中的藥物,,,False,跨院選修(醫),GEAI1950,0,不分班,"探索藥物：現實與電影中的藥物
EXPLORING DRUGS: DRUGS IN REALITY AND IN MOVIES",3,期,False,30,16,32,-2,陳亮傑,"二5,6,7(醫IL 9010)","['', '567', '', '', '', '', '']","《講授類》
跨院通識與醫學院MED133課程併班上課",[],False
https://selcrs.nsysu.edu.tw/menu5/showoutline.asp?SYEAR=114&SEM=1&CrsDat=GEAI1951&Crsname=藥物設計入門,,,False,跨院選修(醫),GEAI1951,0,不分班,"藥物設計入門
INTRODUCTION TO DRUG DESIGN",3,期,False,30,2,31,-1,陳亮傑,"五2,3,4(醫IL 9012)","['', '', '', '', '234', '', '']","《講授類》
跨院通識與醫學院MED134課程併班上課",[],False
https://selcrs.nsysu.edu.tw/menu5/showoutline.asp?SYEAR=114&SEM=1&CrsDat=GEAI1952&Crsname=人類免疫與代謝,,,False,跨院選修(醫),GEAI1952,0,不分班,"人類免疫與代謝
IMMUNOMETABOLISM OF HUMAN DISEASES",2,期,False,30,9,29,1,陳彥樺,"二5,6(醫IL 9012)","['', '56', '', '', '', '', '']","《講授類》
跨院通識與醫學院MED135課程併班上課",['基礎醫學數位微學程'],False
https://selcrs.nsysu.edu.tw/menu5/showoutline.asp?SYEAR=114&SEM=1&CrsDat=GEAI1954&Crsname=基因中的演化之舞,,,False,跨院選修(醫),GEAI1954,0,不分班,"基因中的演化之舞
TRACING THE TANGLED TRACKS OF EVOLUTIONARY JOURNEY IN GENOME",3,期,False,30,10,30,0,陳彥樺,"四2,3,4(圖IL PC02)","['', '', '', '234', '', '', '']","《講授類》
跨院通識與醫學院MED137課程併班上課",[],False
https://selcrs.nsysu.edu.tw/menu5/showoutline.asp?SYEAR=114&SEM=1&CrsDat=GEAI1957&Crsname=展示我們的健康-醫學與博物館學,,,False,跨院選修(醫),GEAI1957,0,不分班,"展示我們的健康-醫學與博物館學
MEDICINE AND MUSEOLOGY: EXHIBITING THE HEALTH",2,期,False,25,9,25,0,劉勃佑,"一8,9(醫IL 9012)","['89', '', '', '', '', '', '']","《講授類》
跨院通識與醫學院MED140課程併班上課",[],False
https://selcrs.nsysu.edu.tw/menu5/showoutline.asp?SYEAR=114&SEM=1&CrsDat=GEAI1958&Crsname=醫學媒體識讀與生醫文獻導讀,,,False,跨院選修(醫),GEAI1958,0,不分班,"醫學媒體識讀與生醫文獻導讀
MEDICAL MEDIA LITERACY AND BIOMEDICAL LITERATURE REVIEW",2,期,False,25,0,30,-5,劉勃佑,"四1,2(醫IL 9012)","['', '', '', '12', '', '', '']","《講授類》
跨院通識與醫學院MED141課程併班上課",[],False
https://selcrs.nsysu.edu.tw/menu5/showoutline.asp?SYEAR=114&SEM=1&CrsDat=GEAI1964&Crsname=神經心理學：大腦與情緒,,,False,跨院選修(醫),GEAI1964,0,不分班,"神經心理學：大腦與情緒
NEUROPSYCHOLOGY: THE BRAIN AND EMOTIONS",3,期,False,40,22,44,-4,楊仁豪,"五8,6,7(國IR 4002)","['', '', '', '', '678', '', '']","《講授類》
跨院通識與醫學院MED153課程併班上課","['表達性藝術治療學程', '音樂與高齡照護學程', '基礎醫學數位微學程']",False
https://selcrs.nsysu.edu.tw/menu5/showoutline.asp?SYEAR=114&SEM=1&CrsDat=GEAI1965&Crsname=癌症治療,,,False,跨院選修(醫),GEAI1965,0,不分班,"癌症治療
CANCER THERAPEUTICS",2,期,False,35,14,35,0,趙敏吾,"一5,6(醫IL 9010)","['56', '', '', '', '', '', '']","《講授類》
跨院通識與醫學院MED154課程併班上課",['基礎醫學數位微學程'],True
https://selcrs.nsysu.edu.tw/menu5/showoutline.asp?SYEAR=114&SEM=1&CrsDat=GEAI1966&Crsname=改變世界的分子：藥物的藝術與社會影響力,,,False,跨院選修(醫),GEAI1966,0,不分班,"改變世界的分子：藥物的藝術與社會影響力
THE MOLECULES THAT CHANGED THE WORLD: THE ART AND SOCIAL IMPACT OF MEDICINES",2,期,False,30,4,32,-2,陳亮傑,"一6,7(醫IL 9012)","['67', '', '', '', '', '', '']","《講授類》
跨院通識與醫學院MED155課程併班上課",[],False
https://selcrs.nsysu.edu.tw/menu5/showoutline.asp?SYEAR=114&SEM=1&CrsDat=GEAI1967&Crsname=深睡的力量：揭開睡眠與健康的面紗,,,False,跨院選修(醫),GEAI1967,0,不分班,"深睡的力量：揭開睡眠與健康的面紗
THE DEEP POWER OF SLEEP: UNDERSTANDING SLEEP AND HEALTH",3,期,False,25,10,30,-5,陳嬿今,"四5,6,7(醫IL 3013)","['', '', '', '567', '', '', '']","《講授類》
跨院通識與醫學院MED156課程併班上課",[],False
https://selcrs.nsysu.edu.tw/menu5/showoutline.asp?SYEAR=114&SEM=1&CrsDat=GEAI1968&Crsname=生活柯南：破解似是而非的迷思,異動,確認教師8/18,False,跨院選修(醫),GEAI1968,0,不分班,"生活柯南：破解似是而非的迷思
LIVING CONAN: CRACKING THE MYTHS OF PLAUSIBILITY",2,期,False,30,3,28,2,"葉俊吟,陳嬿今","四2,3(醫IL 3013)","['', '', '', '23', '', '', '']","《講授類》
跨院通識與醫學院MED157課程併班上課",[],False
https://selcrs.nsysu.edu.tw/menu5/showoutline.asp?SYEAR=114&SEM=1&CrsDat=GEAI1969&Crsname=與老共舞,異動,確認教師8/18,False,跨院選修(醫),GEAI1969,0,不分班,"與老共舞
LIVING WITH AGING: GERIATRIC CARE FOR OLDER ADULTS",3,期,False,25,2,22,3,"葉俊吟,陳嬿今","三5,6,7(醫IL 3013)","['', '', '567', '', '', '', '']","《講授類》
跨院通識與醫學院MED158課程併班上課","['表達性藝術治療學程', '音樂應用與高齡友善多元性微學程', '音樂與高齡照護學程']",True
https://selcrs.nsysu.edu.tw/menu5/showoutline.asp?SYEAR=114&SEM=1&CrsDat=GEAI1970&Crsname=看不見的魔力：生活中的微生物之應用,,,False,跨院選修(醫),GEAI1970,0,不分班,"看不見的魔力：生活中的微生物之應用
THE INVISIBLE MAGIC: MICROORGANISMS AND THEIR APPLICATIONS IN DAILY LIFE",2,期,False,25,3,10,15,陳彥樺,"三5,6(醫IL 9014)","['', '', '56', '', '', '', '']","《講授類》
跨院通識與醫學院MED159課程併班上課",[],True
https://selcrs.nsysu.edu.tw/menu5/showoutline.asp?SYEAR=114&SEM=1&CrsDat=GEAI1971&Crsname=智慧醫療：台灣醫療體系導覽,,,False,跨院選修(醫),GEAI1971,0,不分班,"智慧醫療：台灣醫療體系導覽
SMART HEALTHCARE: A GUIDE TO TAIWAN’S HEALTHCARE SYSTEM",2,期,False,30,10,39,-9,張博智,"四3,4(醫IL 9010)","['', '', '', '34', '', '', '']","《講授類》
跨院通識與醫學院MED164課程併班上課",[],False
https://selcrs.nsysu.edu.tw/menu5/showoutline.asp?SYEAR=114&SEM=1&CrsDat=GEAI1975&Crsname=令人驚奇的0-6歲幼兒成長旅程,,,False,跨院選修(醫),GEAI1975,0,不分班,"令人驚奇的0-6歲幼兒成長旅程
THE AMAZING JOURNEY OF GROWTH IN CHILDREN AGED 0-6 YEARS",2,期,False,40,1,9,31,陳秀玲,"四8,7(醫IL 9012)","['', '', '', '78', '', '', '']","《講授類》
跨院通識與醫學院MED162課程併班上課",[],False
https://selcrs.nsysu.edu.tw/menu5/showoutline.asp?SYEAR=114&SEM=1&CrsDat=GEAI1976&Crsname=新生兒急救：從零開始掌握關鍵技能,,,False,跨院選修(醫),GEAI1976,0,不分班,"新生兒急救：從零開始掌握關鍵技能
NEONATAL RESUSCITATION: MASTERING ESSENTIAL SKILLS FROM SCRATCH",2,期,False,40,5,31,9,陳秀玲,"三3,4(醫IL 9010)","['', '', '34', '', '', '', '']","《講授類》
跨院通識與醫學院MED163課程併班上課",['全民國防微學程'],False
https://selcrs.nsysu.edu.tw/menu5/showoutline.asp?SYEAR=114&SEM=1&CrsDat=GEAI1978&Crsname=身心健康醫學講座,異動,更換教室8/29,False,跨院選修(醫),GEAI1978,0,不分班,"身心健康醫學講座
SPECIAL LECTURES ON PHYSICAL AND MENTAL HEALTH",2,期,False,90,32,88,2,"余靈珊,王文宏","一5,6(海ME 3006)","['56', '', '', '', '', '', '']","《講授類》
跨院通識與醫學院MED167課程併班上課",['校園預防醫學暨食品安全學程'],False
https://selcrs.nsysu.edu.tw/menu5/showoutline.asp?SYEAR=114&SEM=1&CrsDat=GEAI1979&Crsname=中醫暨整合醫學,異動,確認教師8/20,False,跨院選修(醫),GEAI1979,0,不分班,"中醫暨整合醫學
CHINESE AND INTEGRATIVE MEDICINE",2,期,False,30,1,34,-4,"張嘉祐,許堯欽,謝孟倉,陳貞吟","四3,4(醫IL 9012)","['', '', '', '34', '', '', '']","《講授類》
跨院通識與醫學院MED168課程併班上課",[],False
https://selcrs.nsysu.edu.tw/menu5/showoutline.asp?SYEAR=114&SEM=1&CrsDat=GEAIE605&Crsname=通過體驗式學習自信地說英語（中級）,,,False,跨院EAP,GEAIE605,0,不分班,"通過體驗式學習自信地說英語（中級）
SPEAKING ENGLISH WITH CONFIDENCE THROUGH EXPERIENTIAL LEARNING(INTERMEDIATE LEVEL)",3,期,False,50,4,44,6,紀博善,"四2,3,4(社SS 2001)","['', '', '', '234', '', '', '']","《講授類》
限非外文系。建議英文程度『中級』以上程度學生修習選課。",['實用英語跨域學程'],True
https://selcrs.nsysu.edu.tw/menu5/showoutline.asp?SYEAR=114&SEM=1&CrsDat=GEAIE702&Crsname=英語簡報與口語表達（中高級）,,,False,跨院EAP,GEAIE702,0,不分班,"英語簡報與口語表達（中高級）
ENGLISH PRESENTATION AND ORAL EXPRESSION(HIGH-INTERMEDIATE LEVEL)",3,期,False,50,2,13,37,陳美淑,"三2,3,4(管CM 1019)","['', '', '234', '', '', '', '']","《講授類》
限非外文系。建議英文程度『中高級』以上程度學生修習選課。",['實用英語跨域學程'],True
https://selcrs.nsysu.edu.tw/menu5/showoutline.asp?SYEAR=114&SEM=1&CrsDat=GEAIE705&Crsname=科技英文閱讀（中高級）,異動,更換教室9/11,False,跨院EAP,GEAIE705,0,不分班,"科技英文閱讀（中高級）
ENGLISH READING FOR SCIENCE AND TECHNOLOGY（HIGH-INTERMEDIATE LEVEL）",3,期,False,50,1,31,19,陳美淑,"三5,6,7(社SS 3006)","['', '', '567', '', '', '', '']","《講授類》
限非外文系。建議英文程度『中高級』以上程度學生修習選課。",['實用英語跨域學程'],True
https://selcrs.nsysu.edu.tw/menu5/showoutline.asp?SYEAR=114&SEM=1&CrsDat=GEAIE706&Crsname=極限閱讀：挑戰想像力與創造力（中高級）,,,False,跨院EAP,GEAIE706,0,不分班,"極限閱讀：挑戰想像力與創造力（中高級）
EXTREME READING: CHALLENGES OF IMAGINATION AND CREATIVITY（HIGH-INTERMEDIATE LEVEL）",3,期,False,50,3,57,-7,陳瑞華,"四2,3,4(通GE 3011)","['', '', '', '234', '', '', '']","《講授類》
限非外文系。建議英文程度『中高級』以上程度學生修習選課。",['實用英語跨域學程'],True
https://selcrs.nsysu.edu.tw/menu5/showoutline.asp?SYEAR=114&SEM=1&CrsDat=GEAIE802&Crsname=演說與辯論（高級）,異動,確認時間及教室6/23,False,跨院EAP,GEAIE802,0,不分班,"演說與辯論（高級）
PUBLIC SPEECH AND DEBATE（ADVANCED LEVEL）",3,期,False,35,3,29,6,林毓凱,"二2,3,4(文LA 1002)","['', '234', '', '', '', '', '']","《講授類》
限非外文系。建議英文程度『高級』以上程度學生修習選課。",['實用英語跨域學程'],True
https://selcrs.nsysu.edu.tw/menu5/showoutline.asp?SYEAR=114&SEM=1&CrsDat=GEAP202&Crsname=21 世紀影響力寫作技巧（中高級）,,,False,跨院EAP,GEAP202,0,不分班,"21 世紀影響力寫作技巧（中高級）
WRITING FOR IMPACT IN THE 21ST CENTURY (HIGH-INTERMEDIATE LEVEL)",3,期,False,35,1,6,29,戴藤懋,"四2,3,4(海ME 2005)","['', '', '', '234', '', '', '']","《講授類》
限非外文系。建議英文程度『中高級』以上程度學生修習選課。",[],True
https://selcrs.nsysu.edu.tw/menu5/showoutline.asp?SYEAR=114&SEM=1&CrsDat=GEAP204&Crsname=英文溝通技巧與批判性思維 （中高級）,,,False,跨院EAP,GEAP204,0,不分班,"英文溝通技巧與批判性思維 （中高級）
ENGLISH COMMUNICATION SKILLS AND CRITICAL THINKING (HIGH-INTERMEDIATE LEVEL)",3,期,False,50,1,21,29,曾千紋,"五2,3,4(管CM 2025)","['', '', '', '', '234', '', '']","《講授類》
限非外文系。建議英文程度『中高級』以上程度學生修習選課。",[],True
https://selcrs.nsysu.edu.tw/menu5/showoutline.asp?SYEAR=114&SEM=1&CrsDat=DFLL207&Crsname=英文寫作二（一）,,,True,外文系,DFLL207,2,不分班,"英文寫作二（一）
ENGLISH WRITING II(I)",2,期,True,16,0,9,7,范澤凱,"三2,3,4(文LA 3015)","['', '', '234', '', '', '', '']","《講授類》
『本課程之限修，於加退選2階段開放選修』。限本系修畢「英文寫作一(一)、一(二)」學生修習",[],True
https://selcrs.nsysu.edu.tw/menu5/showoutline.asp?SYEAR=114&SEM=1&CrsDat=DFLL207A&Crsname=英文寫作二（一）,,,True,外文系,DFLL207A,2,不分班,"英文寫作二（一）
ENGLISH WRITING II(I)",2,期,True,16,0,15,1,盧家達,"三2,3,4(文LA 3016)","['', '', '234', '', '', '', '']","《講授類》
『本課程之限修，於加退選2階段開放選修』。限本系修畢「英文寫作一(一)、一(二)」學生修習",[],True
https://selcrs.nsysu.edu.tw/menu5/showoutline.asp?SYEAR=114&SEM=1&CrsDat=DFLL207B&Crsname=英文寫作二（一）,異動,更換教室9/11,True,外文系,DFLL207B,2,不分班,"英文寫作二（一）
ENGLISH WRITING II(I)",2,期,True,16,0,18,-2,盧莉茹,"三2,3,4(文LA 2001)","['', '', '234', '', '', '', '']","《講授類》
『本課程之限修，於加退選2階段開放選修』。限本系修畢「英文寫作一(一)、一(二)」學生修習",[],True
https://selcrs.nsysu.edu.tw/menu5/showoutline.asp?SYEAR=114&SEM=1&CrsDat=DFLL220&Crsname=英語語言學概論（一）,,,False,外文系,DFLL220,2,不分班,"英語語言學概論（一）
INTRODUCTION TO ENGLISH LINGUISTICS（I）",3,期,True,50,0,54,-4,徐淑瑛,"二2,3,4(文LA 3001)","['', '234', '', '', '', '', '']",《講授類》,['日本研究學程'],True
https://selcrs.nsysu.edu.tw/menu5/showoutline.asp?SYEAR=114&SEM=1&CrsDat=DFLL222&Crsname=歐洲文學：1350-1800,異動,更換教室9/9,True,外文系,DFLL222,2,不分班,"歐洲文學：1350-1800
EUROPEAN LITERATURE : AFTER 1350-1800",3,期,True,50,0,33,17,沈尚玉,"一5,6,7(文LA 3003)","['567', '', '', '', '', '', '']",《講授類》,"['法國語言、文化與社會學程', '西洋經典文學與文化學程']",True
https://selcrs.nsysu.edu.tw/menu5/showoutline.asp?SYEAR=114&SEM=1&CrsDat=DFLL224&Crsname=英國文學：1660以前,,,True,外文系,DFLL224,2,不分班,"英國文學：1660以前
ENGLISH LITERATURE : BEFORE 1660",3,期,True,50,0,22,28,范澤凱,"四5,6,7(文LA 3002)","['', '', '', '567', '', '', '']",《講授類》,"['法國語言、文化與社會學程', '西洋經典文學與文化學程']",True
https://selcrs.nsysu.edu.tw/menu5/showoutline.asp?SYEAR=114&SEM=1&CrsDat=DFLL232&Crsname=日文（一）,,,True,外文系,DFLL232,2,不分班,"日文（一）
JAPANESE(1)",3,期,True,20,8,24,-4,森國松江,"三5,6,7(文LA 3013)","['', '', '567', '', '', '', '']","《講授類》
『本課程之限修，於加退選2階段開放選修』。外文系學生優先選修。本課程限修，於加退選2階段開放選修。",['日本研究學程'],False
https://selcrs.nsysu.edu.tw/menu5/showoutline.asp?SYEAR=114&SEM=1&CrsDat=DFLL232A&Crsname=日文（一）,,,True,外文系,DFLL232A,2,不分班,"日文（一）
JAPANESE(1)",3,期,True,20,9,23,-3,森國松江,"三2,3,4(文LA 2003)","['', '', '234', '', '', '', '']","《講授類》
『本課程之限修，於加退選2階段開放選修』。非外文系學生優先選修",['日本研究學程'],False
https://selcrs.nsysu.edu.tw/menu5/showoutline.asp?SYEAR=114&SEM=1&CrsDat=DFLL234&Crsname=西班牙文（一）,,,True,外文系,DFLL234,2,不分班,"西班牙文（一）
SPANISH(I)",3,期,True,20,2,17,3,李優俐,"三5,6,7(文LA 3014)","['', '', '567', '', '', '', '']","《講授類》
『本課程之限修，於加退選2階段開放選修』。外文系學生優先選修。本課程限修，於加退選2階段開放選修。",['西洋經典文學與文化學程'],False
https://selcrs.nsysu.edu.tw/menu5/showoutline.asp?SYEAR=114&SEM=1&CrsDat=DFLL234A&Crsname=西班牙文（一）,,,True,外文系,DFLL234A,2,不分班,"西班牙文（一）
SPANISH(I)",3,期,True,20,2,8,12,李優俐,"三2,3,4(文LA 1002)","['', '', '234', '', '', '', '']","《講授類》
『本課程之限修，於加退選2階段開放選修』。非外文系學生優先選修",['西洋經典文學與文化學程'],False
https://selcrs.nsysu.edu.tw/menu5/showoutline.asp?SYEAR=114&SEM=1&CrsDat=DFLL236&Crsname=法文（一）,,,True,外文系,DFLL236,2,不分班,"法文（一）
FRENCH(I)",3,期,True,20,2,24,-4,王柔惠,"一2,3,4(文LA 3004)","['234', '', '', '', '', '', '']","《講授類》
『本課程之限修，於加退選2階段開放選修』。外文系學生優先選修。本課程限修，於加退選2階段開放選修。","['法國語言、文化與社會學程', '西洋經典文學與文化學程']",False
https://selcrs.nsysu.edu.tw/menu5/showoutline.asp?SYEAR=114&SEM=1&CrsDat=DFLL236A&Crsname=法文（一）,,,True,外文系,DFLL236A,2,不分班,"法文（一）
FRENCH(I)",3,期,True,20,1,23,-3,王柔惠,"一5,6,7(文LA 3002)","['567', '', '', '', '', '', '']","《講授類》
『本課程之限修，於加退選2階段開放選修』。非外文系同學優先選修","['法國語言、文化與社會學程', '西洋經典文學與文化學程']",False
https://selcrs.nsysu.edu.tw/menu5/showoutline.asp?SYEAR=114&SEM=1&CrsDat=DFLL238&Crsname=德文（一）,,,True,外文系,DFLL238,2,不分班,"德文（一）
GERMAN(I)",3,期,True,20,6,34,-14,盧家達,"三5,6,7(文LA 3004)","['', '', '567', '', '', '', '']","《講授類》
『本課程之限修，於加退選2階段開放選修』。外文系學生優先選修。本課程限修，於加退選2階段開放選修。",['西洋經典文學與文化學程'],True
https://selcrs.nsysu.edu.tw/menu5/showoutline.asp?SYEAR=114&SEM=1&CrsDat=DFLL238A&Crsname=德文（一）,,,True,外文系,DFLL238A,2,不分班,"德文（一）
GERMAN(I)",3,期,True,20,2,25,-5,陳麗雅,"三2,3,4(文LA 1001)","['', '', '234', '', '', '', '']","《講授類》
『本課程之限修，於加退選2階段開放選修』。非外文系同學優先選修",['西洋經典文學與文化學程'],False
https://selcrs.nsysu.edu.tw/menu5/showoutline.asp?SYEAR=114&SEM=1&CrsDat=DFLL303&Crsname=進階英文寫作,,,True,外文系,DFLL303,3,不分班,"進階英文寫作
ADVANCED ENGLISH WRITING",2,期,True,16,0,18,-2,黃心雅,"三2,3,4(文LA 3004)","['', '', '234', '', '', '', '']","《講授類》
『本課程之限修，於加退選2階段開放選修』。限本系修畢「英文寫作一(一)、一(二)」、「英文寫作二(一)、二(二)」學生修習",[],True
https://selcrs.nsysu.edu.tw/menu5/showoutline.asp?SYEAR=114&SEM=1&CrsDat=DFLL303A&Crsname=進階英文寫作,,,True,外文系,DFLL303A,3,不分班,"進階英文寫作
ADVANCED ENGLISH WRITING",2,期,True,16,1,23,-7,李佳容,"三2,3,4(文LA 3003)","['', '', '234', '', '', '', '']","《講授類》
『本課程之限修，於加退選2階段開放選修』。限本系修畢「英文寫作一(一)、一(二)」、「英文寫作二(一)、二(二)」學生修習",[],True
https://selcrs.nsysu.edu.tw/menu5/showoutline.asp?SYEAR=114&SEM=1&CrsDat=DFLL303B&Crsname=進階英文寫作,,,True,外文系,DFLL303B,3,不分班,"進階英文寫作
ADVANCED ENGLISH WRITING",2,期,True,16,0,16,0,徐淑瑛,"三2,3,4(文LA 3002)","['', '', '234', '', '', '', '']","《講授類》
『本課程之限修，於加退選2階段開放選修』。限本系修畢「英文寫作一(一)、一(二)」、「英文寫作二(一)、二(二)」學生修習",[],True
https://selcrs.nsysu.edu.tw/menu5/showoutline.asp?SYEAR=114&SEM=1&CrsDat=DFLL320&Crsname=英國文學：1800-1900,,,True,外文系,DFLL320,3,不分班,"英國文學：1800-1900
ENGLISH LITERATURE : 1800-1900",3,期,True,50,0,19,31,李佳容,"四2,3,4(文LA 3001)","['', '', '', '234', '', '', '']",《講授類》,['西洋經典文學與文化學程'],True
https://selcrs.nsysu.edu.tw/menu5/showoutline.asp?SYEAR=114&SEM=1&CrsDat=DFLL322&Crsname=英美詩歌（一）,異動,更換教室9/9,False,外文系,DFLL322,3,不分班,"英美詩歌（一）
ENGLISH AND AMERICAN POETRY(I)",3,期,False,50,0,22,28,范澤凱,"一5,6,7(文LA 3004)","['567', '', '', '', '', '', '']",《講授類》,['西洋經典文學與文化學程'],True
https://selcrs.nsysu.edu.tw/menu5/showoutline.asp?SYEAR=114&SEM=1&CrsDat=DFLL330&Crsname=英文中譯（一）,,,False,外文系,DFLL330,3,不分班,"英文中譯（一）
TRANSLATING ENGLISH TEXTS INTO CHINESE (I)",3,期,False,20,0,20,0,林毓凱,"二5,6,7(文LA 2003)","['', '567', '', '', '', '', '']",《講授類》,[],True
https://selcrs.nsysu.edu.tw/menu5/showoutline.asp?SYEAR=114&SEM=1&CrsDat=DFLL337&Crsname=觀光英語,,,False,外文系,DFLL337,3,不分班,"觀光英語
TOURISM ENGLISH",3,期,False,50,13,51,-1,施智閔,"三5,6,7(海ME 3006)","['', '', '567', '', '', '', '']",《講授類》,"['實用英語跨域學程', '地方敘事與創生學程', '臺灣研究學程', '地方敘事與文化設計微學程', '社區文創微學程']",True
https://selcrs.nsysu.edu.tw/menu5/showoutline.asp?SYEAR=114&SEM=1&CrsDat=DFLL340&Crsname=上演歌舞劇,,,False,外文系,DFLL340,3,不分班,"上演歌舞劇
STAGING A MUSICAL",3,期,False,50,0,36,14,溫惠珍,"四5,6,7(文LA 3003)","['', '', '', '567', '', '', '']",《講授類》,[],True
https://selcrs.nsysu.edu.tw/menu5/showoutline.asp?SYEAR=114&SEM=1&CrsDat=DFLL341&Crsname=日文（三）,,,False,外文系,DFLL341,3,不分班,"日文（三）
JAPANESE(III)",3,期,False,20,2,26,-6,森國松江,"一2,3,4(文LA 3013)","['234', '', '', '', '', '', '']",《講授類》,['日本研究學程'],False
https://selcrs.nsysu.edu.tw/menu5/showoutline.asp?SYEAR=114&SEM=1&CrsDat=DFLL343&Crsname=西班牙文（三）,,,False,外文系,DFLL343,3,不分班,"西班牙文（三）
SPANISH(III)",3,期,False,20,0,10,10,李優俐,"二5,6,7(文LA 3016)","['', '567', '', '', '', '', '']",《講授類》,['西洋經典文學與文化學程'],False
https://selcrs.nsysu.edu.tw/menu5/showoutline.asp?SYEAR=114&SEM=1&CrsDat=DFLL345&Crsname=法文（三）,異動,更換教室9/11,False,外文系,DFLL345,3,不分班,"法文（三）
FRENCH(III)",3,期,False,20,0,8,12,王柔惠,"四5,6,7(文LA 3014)","['', '', '', '567', '', '', '']",《講授類》,['西洋經典文學與文化學程'],False
https://selcrs.nsysu.edu.tw/menu5/showoutline.asp?SYEAR=114&SEM=1&CrsDat=DFLL347&Crsname=德文（三）,,,False,外文系,DFLL347,3,不分班,"德文（三）
GERMAN(III)",3,期,False,20,0,14,6,陳麗雅,"二2,3,4(文LA 3015)","['', '234', '', '', '', '', '']",《講授類》,['西洋經典文學與文化學程'],False
https://selcrs.nsysu.edu.tw/menu5/showoutline.asp?SYEAR=114&SEM=1&CrsDat=DFLL420&Crsname=美國文學：1865以前,,,True,外文系,DFLL420,4,不分班,"美國文學：1865以前
AMERICAN LITERATURE : BEFORE 1865",3,期,True,50,0,25,25,盧莉茹,"二2,3,4(文LA 2003)","['', '234', '', '', '', '', '']",《講授類》,"['法國語言、文化與社會學程', '西洋經典文學與文化學程']",True
https://selcrs.nsysu.edu.tw/menu5/showoutline.asp?SYEAR=114&SEM=1&CrsDat=DFLL437&Crsname=當代文學理論,,,False,外文系,DFLL437,4,不分班,"當代文學理論
CONTEMPORARY LITERARY THEORY",3,期,False,50,0,9,41,黃心雅,"三5,6,7(文LA 3003)","['', '', '567', '', '', '', '']",《講授類》,['西洋經典文學與文化學程'],True
https://selcrs.nsysu.edu.tw/menu5/showoutline.asp?SYEAR=114&SEM=1&CrsDat=DFLL438&Crsname=精神分析批評,,,False,外文系,DFLL438,4,不分班,"精神分析批評
PSYCHOANALYTIC CRITICISM",3,期,False,50,0,38,12,陳福仁,"一2,3,4(文LA 3002)","['234', '', '', '', '', '', '']",《研討類》,"['性別研究學程', '西洋經典文學與文化學程']",True
https://selcrs.nsysu.edu.tw/menu5/showoutline.asp?SYEAR=114&SEM=1&CrsDat=DFLL446&Crsname=外語教學法,,,False,外文系,DFLL446,4,不分班,"外語教學法
FOREIGN LANGUAGE TEACHING METHODS",3,期,False,50,0,31,19,楊郁芬,"四2,3,4(文LA 3004)","['', '', '', '234', '', '', '']",《講授類》,[],True
https://selcrs.nsysu.edu.tw/menu5/showoutline.asp?SYEAR=114&SEM=1&CrsDat=DFLL448&Crsname=英語語音學,新增,7/11,False,外文系,DFLL448,4,不分班,"英語語音學
ENGLISH PHONETICS",3,期,False,50,0,36,14,歐淑珍,"一2,3,4(文LA 3003)","['234', '', '', '', '', '', '']",《講授類》,[],True
https://selcrs.nsysu.edu.tw/menu5/showoutline.asp?SYEAR=114&SEM=1&CrsDat=DFLL453&Crsname=文學翻譯,異動,更換教室9/8,False,外文系,DFLL453,4,不分班,"文學翻譯
LITERARY TRANSLATION",3,期,False,20,3,27,-7,賴淑芳,"四5,6,7(文LA 7001)","['', '', '', '567', '', '', '']",《講授類》,[],True
https://selcrs.nsysu.edu.tw/menu5/showoutline.asp?SYEAR=114&SEM=1&CrsDat=DFLL461&Crsname=維多利亞時代女性詩人,異動,更換教室9/8,False,外文系,DFLL461,4,不分班,"維多利亞時代女性詩人
VICTORIAN WOMEN POETS",3,期,False,50,0,32,18,賴淑芳,"二5,6,7(文LA 7001)","['', '567', '', '', '', '', '']",《講授類》,"['性別研究學程', '西洋經典文學與文化學程']",True
https://selcrs.nsysu.edu.tw/menu5/showoutline.asp?SYEAR=114&SEM=1&CrsDat=DFLL462&Crsname=閱讀性/別,,,False,外文系,DFLL462,4,不分班,"閱讀性/別
READING GENDER AND SEXUALITY",3,期,False,50,0,39,11,沈尚玉,"五2,3,4(文LA 3003)","['', '', '', '', '234', '', '']",《講授類》,[],True
https://selcrs.nsysu.edu.tw/menu5/showoutline.asp?SYEAR=114&SEM=1&CrsDat=DFLL482&Crsname=實用日文,,,False,外文系,DFLL482,4,不分班,"實用日文
PRACTICAL JAPANESE",3,期,False,20,3,24,-4,森國松江,"一5,6,7(文LA 3013)","['567', '', '', '', '', '', '']",《講授類》,[],False
https://selcrs.nsysu.edu.tw/menu5/showoutline.asp?SYEAR=114&SEM=1&CrsDat=DFLL484&Crsname=實用西班牙文,,,False,外文系,DFLL484,4,不分班,"實用西班牙文
PRACTICAL SPANISH",3,期,False,20,0,7,13,高長空,"一5,6,7(文LA 3016)","['567', '', '', '', '', '', '']",《講授類》,['西洋經典文學與文化學程'],False
https://selcrs.nsysu.edu.tw/menu5/showoutline.asp?SYEAR=114&SEM=1&CrsDat=DFLL486&Crsname=實用法文,異動,更換教室9/11,False,外文系,DFLL486,4,不分班,"實用法文
PRACTICAL FRENCH",3,期,False,20,1,10,10,王柔惠,"四2,3,4(文LA 3014)","['', '', '', '234', '', '', '']",《講授類》,['西洋經典文學與文化學程'],False
https://selcrs.nsysu.edu.tw/menu5/showoutline.asp?SYEAR=114&SEM=1&CrsDat=DFLL488&Crsname=實用德文,,,False,外文系,DFLL488,4,不分班,"實用德文
PRACTICAL GERMAN",3,期,False,20,1,6,14,陳麗雅,"二5,6,7(文LA 3014)","['', '567', '', '', '', '', '']",《講授類》,['西洋經典文學與文化學程'],False
https://selcrs.nsysu.edu.tw/menu5/showoutline.asp?SYEAR=114&SEM=1&CrsDat=MUSI101&Crsname=合奏,異動,調整名額8/28,True,音樂系,MUSI101,1,不分班,"合奏
ENSEMBLE",2,期,True,75,0,67,8,楊智欽,"三6,7(文FA 4031) 五5,6(文FA 4031)","['', '', '67', '', '56', '', '']","《音樂類》
開放20個名額予跨院修課，學生選課於第一週參加樂團甄試，通過後始得修課，外系學生借用琴房練習，依規定繳交費用",['音樂劇學程'],False
https://selcrs.nsysu.edu.tw/menu5/showoutline.asp?SYEAR=114&SEM=1&CrsDat=MUSI102&Crsname=合唱,,,True,音樂系,MUSI102,1,不分班,"合唱
CHORUS",2,期,True,50,0,26,24,張成璞,"三6,7(文FA 4028) 四8,9(文FA 4028)","['', '', '67', '89', '', '', '']","《音樂類》
開放20個名額予跨院修課，選課學生須於第一週參加視譜及歌唱測驗，通過後始得修課，外系學生借用琴房練習須依規定繳交費用",['音樂劇學程'],False
https://selcrs.nsysu.edu.tw/menu5/showoutline.asp?SYEAR=114&SEM=1&CrsDat=MUSI104&Crsname=音樂基礎訓練（一）,,,True,音樂系,MUSI104,1,不分班,"音樂基礎訓練（一）
MUSICIAN SHIP (Ⅰ)",1,期,True,50,0,17,33,游詠晴,一2(文FA 4034),"['2', '', '', '', '', '', '']","《講授類》
限音樂系學生修課",[],False
https://selcrs.nsysu.edu.tw/menu5/showoutline.asp?SYEAR=114&SEM=1&CrsDat=MUSI104A&Crsname=音樂基礎訓練（一）,,,True,音樂系,MUSI104A,1,不分班,"音樂基礎訓練（一）
MUSICIAN SHIP (Ⅰ)",1,期,True,50,2,15,35,游詠晴,一3(文FA 4034),"['3', '', '', '', '', '', '']","《講授類》
限音樂系學生修課",[],False
https://selcrs.nsysu.edu.tw/menu5/showoutline.asp?SYEAR=114&SEM=1&CrsDat=MUSI112&Crsname=複音音樂與對位法,,,False,音樂系,MUSI112,2,不分班,"複音音樂與對位法
POLYPHONIC MUSIC AND COUNTERPOINT",2,期,False,50,2,23,27,李思嫺,"二3,4(文FA 4034)","['', '34', '', '', '', '', '']",《講授類》,[],False
https://selcrs.nsysu.edu.tw/menu5/showoutline.asp?SYEAR=114&SEM=1&CrsDat=MUSI113&Crsname=調性音樂理論與分析（一）,,,False,音樂系,MUSI113,1,不分班,"調性音樂理論與分析（一）
THEORY AND ANALYSIS IN TONAL MUSIC (I)",2,期,True,50,0,31,19,陳以軒,"二5,6(文FA 7003)","['', '56', '', '', '', '', '']",《講授類》,[],True
https://selcrs.nsysu.edu.tw/menu5/showoutline.asp?SYEAR=114&SEM=1&CrsDat=MUSI117&Crsname=主修（鋼琴）,異動,修正合授教師9/8,True,音樂系,MUSI117,1,不分班,"主修（鋼琴）
MAJOR (PIANO)",2,期,True,50,0,26,24,"唐佳迎,林雅叙,楊妮蓉,陳宜蓁,顏竹君,黃楚涵,黃瓊儀","六1,2()","['', '', '', '', '', '12', '']","《音樂類》
限音樂系學生修課",[],False
https://selcrs.nsysu.edu.tw/menu5/showoutline.asp?SYEAR=114&SEM=1&CrsDat=MUSI125&Crsname=主修（小提琴）,異動,調整合授教師9/8,True,音樂系,MUSI125,1,不分班,"主修（小提琴）
MAJOR (VIOLIN)",2,期,True,50,0,17,33,"林子平,熊書宜,葉翹任,陳鈺雯","六1,2()","['', '', '', '', '', '12', '']","《音樂類》
限音樂系學生修課",[],False
https://selcrs.nsysu.edu.tw/menu5/showoutline.asp?SYEAR=114&SEM=1&CrsDat=MUSI126&Crsname=主修（中提琴）,,,True,音樂系,MUSI126,1,不分班,"主修（中提琴）
MAJOR (VIOLA)",2,期,True,50,0,4,46,"富澤直子,莊孟勳","六1,2()","['', '', '', '', '', '12', '']","《音樂類》
限音樂系學生修課",[],False
https://selcrs.nsysu.edu.tw/menu5/showoutline.asp?SYEAR=114&SEM=1&CrsDat=MUSI127&Crsname=主修（大提琴）,異動,調整合授教師9/8,True,音樂系,MUSI127,1,不分班,"主修（大提琴）
MAJOR (VIOLONCELLO)",2,期,True,50,0,14,36,"曾加宜,謝孟軒","六1,2()","['', '', '', '', '', '12', '']","《音樂類》
限音樂系學生修課",[],False
https://selcrs.nsysu.edu.tw/menu5/showoutline.asp?SYEAR=114&SEM=1&CrsDat=MUSI128&Crsname=主修（低音提琴）,,,True,音樂系,MUSI128,1,不分班,"主修（低音提琴）
MAJOR (DOUBLE BASS)",2,期,True,50,0,1,49,阮晉志,"六1,2()","['', '', '', '', '', '12', '']","《音樂類》
限音樂系學生修課",[],False
https://selcrs.nsysu.edu.tw/menu5/showoutline.asp?SYEAR=114&SEM=1&CrsDat=MUSI138&Crsname=主修（聲樂）,,,True,音樂系,MUSI138,1,不分班,"主修（聲樂）
MAJOR (VOICE)",2,期,True,50,0,7,43,"林健吉,邱麗君,馮悅情,黃子珊","六1,2()","['', '', '', '', '', '12', '']","《音樂類》
限音樂系學生修課",[],False
https://selcrs.nsysu.edu.tw/menu5/showoutline.asp?SYEAR=114&SEM=1&CrsDat=MUSI146&Crsname=主修（雙簧管）,,,True,音樂系,MUSI146,1,不分班,"主修（雙簧管）
MAJOR (OBOE)",2,期,True,50,0,2,48,張瑞芝,"六1,2()","['', '', '', '', '', '12', '']","《音樂類》
限音樂系學生修課",[],False
https://selcrs.nsysu.edu.tw/menu5/showoutline.asp?SYEAR=114&SEM=1&CrsDat=MUSI147&Crsname=主修（豎笛）,,,True,音樂系,MUSI147,1,不分班,"主修（豎笛）
MAJOR CLARINET",2,期,True,50,0,6,44,"楊蕙祺,陳怡君","六1,2()","['', '', '', '', '', '12', '']","《音樂類》
限音樂系學生修課",[],False
https://selcrs.nsysu.edu.tw/menu5/showoutline.asp?SYEAR=114&SEM=1&CrsDat=MUSI148&Crsname=主修（長笛）,,,True,音樂系,MUSI148,1,不分班,"主修（長笛）
MAJOR (FLUTE)",2,期,True,50,0,9,41,"呂承祐,林鴻君,馬曉珮","六1,2()","['', '', '', '', '', '12', '']","《音樂類》
限音樂系學生修課",[],False
https://selcrs.nsysu.edu.tw/menu5/showoutline.asp?SYEAR=114&SEM=1&CrsDat=MUSI149&Crsname=主修（法國號）,異動,取消合授教師9/8,True,音樂系,MUSI149,1,不分班,"主修（法國號）
MAJOR (FRENCH HORN)",2,期,True,50,0,2,48,陳冠豪,"六1,2()","['', '', '', '', '', '12', '']","《音樂類》
限音樂系學生修課",[],False
https://selcrs.nsysu.edu.tw/menu5/showoutline.asp?SYEAR=114&SEM=1&CrsDat=MUSI150&Crsname=主修（小號）,,,True,音樂系,MUSI150,1,不分班,"主修（小號）
MAJOR (TRUMPET)",2,期,True,50,0,3,47,劉郁君,"六1,2()","['', '', '', '', '', '12', '']","《音樂類》
限音樂系學生修課",[],False
https://selcrs.nsysu.edu.tw/menu5/showoutline.asp?SYEAR=114&SEM=1&CrsDat=MUSI151&Crsname=主修（低音管）,,,True,音樂系,MUSI151,1,不分班,"主修（低音管）
MAJOR (BASSOON)",2,期,True,50,0,1,49,陳奕秀,"六1,2()","['', '', '', '', '', '12', '']","《音樂類》
限音樂系學生修課",[],False
https://selcrs.nsysu.edu.tw/menu5/showoutline.asp?SYEAR=114&SEM=1&CrsDat=MUSI152&Crsname=主修（長號）,,,True,音樂系,MUSI152,1,不分班,"主修（長號）
MAJOR(TROMBONE)",2,期,True,50,0,2,48,鄭詔駿,"六1,2()","['', '', '', '', '', '12', '']","《音樂類》
限音樂系學生修課",[],False
https://selcrs.nsysu.edu.tw/menu5/showoutline.asp?SYEAR=114&SEM=1&CrsDat=MUSI155&Crsname=主修（低音號）,,,True,音樂系,MUSI155,1,不分班,"主修（低音號）
MAJOR(TUBA)",2,期,True,50,0,3,47,湯志偉,"六1,2()","['', '', '', '', '', '12', '']","《音樂類》
限音樂系學生修課",[],False
https://selcrs.nsysu.edu.tw/menu5/showoutline.asp?SYEAR=114&SEM=1&CrsDat=MUSI156&Crsname=主修（薩克斯管）,,,True,音樂系,MUSI156,1,不分班,"主修（薩克斯管）
MAJOR (SAXOPHONE)",2,期,True,50,0,4,46,陳品樺,"六1,2()","['', '', '', '', '', '12', '']","《音樂類》
限音樂系學生修課",[],False
https://selcrs.nsysu.edu.tw/menu5/showoutline.asp?SYEAR=114&SEM=1&CrsDat=MUSI157&Crsname=主修 (上低音號),,,True,音樂系,MUSI157,1,不分班,"主修 (上低音號)
MAJOR (EUPHONIUM)",2,期,True,50,0,2,48,黃詩堯,"六1,2()","['', '', '', '', '', '12', '']","《音樂類》
限音樂系學生修課",[],False
https://selcrs.nsysu.edu.tw/menu5/showoutline.asp?SYEAR=114&SEM=1&CrsDat=MUSI160&Crsname=主修（打擊樂）,,,True,音樂系,MUSI160,1,不分班,"主修（打擊樂）
MAJOR (PERCUSSIONS)",2,期,True,50,0,8,42,"鄭雅心,陸淯姿","六1,2()","['', '', '', '', '', '12', '']","《音樂類》
限音樂系學生修課",[],False
https://selcrs.nsysu.edu.tw/menu5/showoutline.asp?SYEAR=114&SEM=1&CrsDat=MUSI168&Crsname=主修（創作與應用）,,,True,音樂系,MUSI168,1,不分班,"主修（創作與應用）
MUSIC COMPOSITION AND PRODUCTION",3,期,True,50,0,4,46,"李思嫺,江俊典","一8,9,7(文FA 6011)","['789', '', '', '', '', '', '']","《音樂類》
限音樂系創作與應用組學生修課",[],False
https://selcrs.nsysu.edu.tw/menu5/showoutline.asp?SYEAR=114&SEM=1&CrsDat=MUSI168A&Crsname=主修（創作與應用）,,,True,音樂系,MUSI168A,2,不分班,"主修（創作與應用）
MUSIC COMPOSITION AND PRODUCTION",3,期,True,50,0,4,46,"劉聖賢,陳以軒","一B,5,6(文FA 6011)","['B56', '', '', '', '', '', '']","《音樂類》
限音樂系創作與應用組學生修課",[],False
https://selcrs.nsysu.edu.tw/menu5/showoutline.asp?SYEAR=114&SEM=1&CrsDat=MUSI172&Crsname=爵士音樂理論與鍵盤和聲（二）,,,False,音樂系,MUSI172,1,不分班,"爵士音樂理論與鍵盤和聲（二）
JAZZ MUSIC THEORY AND KEYBOARD VOICING 2",2,期,False,50,0,13,37,黃盟傑,"二8,7(文FA 6011)","['', '78', '', '', '', '', '']","《講授類》
限音樂系學生修課",[],False
https://selcrs.nsysu.edu.tw/menu5/showoutline.asp?SYEAR=114&SEM=1&CrsDat=MUSI176&Crsname=中國音樂史,,,False,音樂系,MUSI176,1,不分班,"中國音樂史
A HISTORY OF CHINESE MUSIC",2,期,False,50,0,35,15,鄭溪和,"二8,9(文FA 7003)","['', '89', '', '', '', '', '']","《講授類》
限音樂系學生修課",['音樂藝術管理與行銷學程'],False
https://selcrs.nsysu.edu.tw/menu5/showoutline.asp?SYEAR=114&SEM=1&CrsDat=MUSI202&Crsname=管樂演奏實務,,,False,音樂系,MUSI202,3,不分班,"管樂演奏實務
WIND PERFORMANCE CLASS",2,期,False,50,0,4,46,林鴻君,"一8,7(文FA 4030)","['78', '', '', '', '', '', '']",《音樂類》,[],False
https://selcrs.nsysu.edu.tw/menu5/showoutline.asp?SYEAR=114&SEM=1&CrsDat=MUSI210&Crsname=音樂基礎訓練（三）,異動,更換教室9/8,True,音樂系,MUSI210,2,不分班,"音樂基礎訓練（三）
MUSICIANSHIP (Ⅲ)",1,期,True,50,0,9,41,楊妮蓉,一2(文FA 4030),"['2', '', '', '', '', '', '']","《講授類》
限音樂系學生修課，且須修畢音樂基礎訓練(一)及音樂基礎訓練(二)課程，始得修課。",[],False
https://selcrs.nsysu.edu.tw/menu5/showoutline.asp?SYEAR=114&SEM=1&CrsDat=MUSI210A&Crsname=音樂基礎訓練（三）,,,True,音樂系,MUSI210A,2,不分班,"音樂基礎訓練（三）
MUSICIANSHIP (Ⅲ)",1,期,True,50,0,11,39,楊妮蓉,一3(文FA 4030),"['3', '', '', '', '', '', '']","《講授類》
限音樂系學生修課，且須修畢音樂基礎訓練(一)及音樂基礎訓練(二)課程，始得修課。",[],False
https://selcrs.nsysu.edu.tw/menu5/showoutline.asp?SYEAR=114&SEM=1&CrsDat=MUSI218&Crsname=西洋音樂史（一）,,,False,音樂系,MUSI218,2,不分班,"西洋音樂史（一）
HISTORY OF WESTERN MUSIC I",2,期,True,50,2,48,2,郭瓊嬌,"五3,4(文FA 7003)","['', '', '', '', '34', '', '']",《講授類》,['音樂劇學程'],False
https://selcrs.nsysu.edu.tw/menu5/showoutline.asp?SYEAR=114&SEM=1&CrsDat=MUSI232&Crsname=調性音樂理論與分析（三）,,,False,音樂系,MUSI232,2,不分班,"調性音樂理論與分析（三）
THEORY AND ANALYSIS IN TONAL MUSIC (III)",2,期,True,50,0,26,24,李思嫺,"三3,4(文FA 4034)","['', '', '34', '', '', '', '']",《講授類》,[],False
https://selcrs.nsysu.edu.tw/menu5/showoutline.asp?SYEAR=114&SEM=1&CrsDat=MUSI254&Crsname=歌唱語韻（一）,,,False,音樂系,MUSI254,3,不分班,"歌唱語韻（一）
SINGING DICTION（I）",2,期,False,50,0,7,43,黃子珊,"一5,6(文FA 4030)","['56', '', '', '', '', '', '']","《講授類》
限音樂系學生修課",[],True
https://selcrs.nsysu.edu.tw/menu5/showoutline.asp?SYEAR=114&SEM=1&CrsDat=MUSI311&Crsname=室內樂曲目（二）,,,False,音樂系,MUSI311,3,不分班,"室內樂曲目（二）
CHAMBER MUSIC LITERATURE(II)",2,期,False,50,2,17,33,"熊書宜,謝孟軒","四8,9(文FA 4030)","['', '', '', '89', '', '', '']","《講授類》
限音樂系學生修課",[],False
https://selcrs.nsysu.edu.tw/menu5/showoutline.asp?SYEAR=114&SEM=1&CrsDat=MUSI314&Crsname=音樂治療,,,False,音樂系,MUSI314,3,不分班,"音樂治療
INTRODUCTION  TO  MUSIC THERAPY",2,期,False,50,1,33,17,鄭夙雯,"三3,4(文FA 7003)","['', '', '34', '', '', '', '']","《講授類》
限音樂系學生修課，限修人數中開放10個名額予跨院選修","['表達性藝術治療學程', '音樂應用與高齡友善多元性微學程', '音樂與高齡照護學程']",False
https://selcrs.nsysu.edu.tw/menu5/showoutline.asp?SYEAR=114&SEM=1&CrsDat=MUSI316&Crsname=基礎指揮法,,,False,音樂系,MUSI316,3,不分班,"基礎指揮法
BASIC CONDUCTION",2,期,False,50,0,26,24,楊智欽,五8(文FA 4031) 五7(文FA 4034),"['', '', '', '', '78', '', '']","《講授類》
限音樂系大三大四學生修課",[],False
https://selcrs.nsysu.edu.tw/menu5/showoutline.asp?SYEAR=114&SEM=1&CrsDat=MUSI328&Crsname=西洋音樂史（三）,,,False,音樂系,MUSI328,3,不分班,"西洋音樂史（三）
HISTORY OF WESTERN MUSIC III",3,期,True,50,0,36,14,郭瓊嬌,"四5,6,7(文FA 7003)","['', '', '', '567', '', '', '']",《講授類》,[],False
https://selcrs.nsysu.edu.tw/menu5/showoutline.asp?SYEAR=114&SEM=1&CrsDat=MUSI332&Crsname=鋼琴演奏技巧與詮釋,異動,確認教師7/25,False,音樂系,MUSI332,4,不分班,"鋼琴演奏技巧與詮釋
PIANO PERFORMING TECHNIQUES AND INTERPRETATION",2,期,False,50,1,14,36,唐佳迎,"一5,6(文FA 4034)","['56', '', '', '', '', '', '']","《講授類》
限音樂系學生修課",[],False
https://selcrs.nsysu.edu.tw/menu5/showoutline.asp?SYEAR=114&SEM=1&CrsDat=MUSI354&Crsname=管樂重奏（一）,,,False,音樂系,MUSI354,3,不分班,"管樂重奏（一）
WIND CHAMBER ENSEMBLE(I)",1,期,False,50,0,13,37,張瑞芝,"四4,B(文FA 4031)","['', '', '', '4B', '', '', '']",《音樂類》,[],False
https://selcrs.nsysu.edu.tw/menu5/showoutline.asp?SYEAR=114&SEM=1&CrsDat=MUSI359&Crsname=樂團管樂聲部詮釋概論,,,False,音樂系,MUSI359,3,不分班,"樂團管樂聲部詮釋概論
WIND INTERPRETATION OF ORCHESTRA EXCERPTS",2,期,False,50,0,17,33,張瑞芝,"四2,3(文FA 4030)","['', '', '', '23', '', '', '']",《講授類》,[],False
https://selcrs.nsysu.edu.tw/menu5/showoutline.asp?SYEAR=114&SEM=1&CrsDat=MUSI365&Crsname=擊樂曲目,,,False,音樂系,MUSI365,3,不分班,"擊樂曲目
PERCUSSION LITERATURE",2,期,False,50,0,18,32,鄭雅心,"五8,7(文FA 4030)","['', '', '', '', '78', '', '']",《講授類》,[],False
https://selcrs.nsysu.edu.tw/menu5/showoutline.asp?SYEAR=114&SEM=1&CrsDat=MUSI372&Crsname=主修（作曲）,異動,異動合授教師9/16,True,音樂系,MUSI372,3,不分班,"主修（作曲）
MAJOR (THEORY & COMPOSITION)",2,期,True,5,0,2,3,"應廣儀,陳以軒","六1,2()","['', '', '', '', '', '12', '']","《音樂類》
限音樂系學生修課",[],False
https://selcrs.nsysu.edu.tw/menu5/showoutline.asp?SYEAR=114&SEM=1&CrsDat=MUSI374&Crsname=主修（製作）,,,True,音樂系,MUSI374,3,不分班,"主修（製作）
MAJOR(PRODUCTION)",2,期,True,50,0,10,40,"劉聖賢,李思嫺,江俊典,陳以軒,顏竹君,黃盟傑","六1,2()","['', '', '', '', '', '12', '']","《音樂類》
限音樂系學生修課",[],False
https://selcrs.nsysu.edu.tw/menu5/showoutline.asp?SYEAR=114&SEM=1&CrsDat=MUSI376&Crsname=特定主題音樂創作（二）,,,False,音樂系,MUSI376,3,不分班,"特定主題音樂創作（二）
SPECIAL TOPICS ON MUSIC COMPOSITION (II)",2,期,False,50,0,16,34,李思嫺,"五3,4(文FA 4030)","['', '', '', '', '34', '', '']","《講授類》
限音樂系學生修課",[],False
https://selcrs.nsysu.edu.tw/menu5/showoutline.asp?SYEAR=114&SEM=1&CrsDat=MUSI384&Crsname=跨領域音樂設計與實作（二）,,,False,音樂系,MUSI384,3,不分班,"跨領域音樂設計與實作（二）
MUSIC DESIGN FOR MULTIMEDIA (II)",2,期,False,50,0,55,-5,陳以軒,"四3,4(文FA 4034)","['', '', '', '34', '', '', '']",《講授類》,"['沉浸式體驗技術與應用學程', '沉浸式體驗內容應用微學程']",False
https://selcrs.nsysu.edu.tw/menu5/showoutline.asp?SYEAR=114&SEM=1&CrsDat=MUSI410&Crsname=畢業製作,,,True,音樂系,MUSI410,4,不分班,"畢業製作
GRADUATION RECITAL",0,期,True,50,0,15,35,林雅叙,六B(),"['', '', '', '', '', 'B', '']","《講授類》
限音樂系學生修課",[],False
https://selcrs.nsysu.edu.tw/menu5/showoutline.asp?SYEAR=114&SEM=1&CrsDat=MUSI472&Crsname=音樂於高齡照護之設計與運用,,,False,音樂系,MUSI472,3,不分班,"音樂於高齡照護之設計與運用
DESIGN AND APPLICATION OF MUSIC IN LONG-TERM CARE",3,期,False,50,0,24,26,"陳嬿今,顏竹君","五2,3,4(文FA 4034)","['', '', '', '', '234', '', '']",《講授類》,"['表達性藝術治療學程', '音樂應用與高齡友善多元性微學程', '音樂與高齡照護學程']",False
https://selcrs.nsysu.edu.tw/menu5/showoutline.asp?SYEAR=114&SEM=1&CrsDat=TA101&Crsname=排演基礎（一）,異動,確認教師8/5,False,劇藝系,TA101,1,不分班,"排演基礎（一）
INTRODUCTION TO THEATRE PRODUCTION(I)",3,期,True,50,0,46,4,"何怡璉,杜思慧,蔡詔羽","三2,3,4(文FA 3012, 2019)","['', '', '234', '', '', '', '']",《展演》,[],False
https://selcrs.nsysu.edu.tw/menu5/showoutline.asp?SYEAR=114&SEM=1&CrsDat=TA103&Crsname=基礎表演（一）,,,True,劇藝系,TA103,1,不分班,"基礎表演（一）
BASIC ACTING(I)",3,期,True,25,1,27,-2,杜思慧,"二5,6,7(文FA 2017)","['', '567', '', '', '', '', '']","《展演》
限本系單號學生",[],False
https://selcrs.nsysu.edu.tw/menu5/showoutline.asp?SYEAR=114&SEM=1&CrsDat=TA103A&Crsname=基礎表演（一）,,,True,劇藝系,TA103A,1,不分班,"基礎表演（一）
BASIC ACTING(I)",3,期,True,25,0,20,5,楊士平,"二5,6,7(文FA 2019)","['', '567', '', '', '', '', '']","《展演》
限本系雙號學生",[],False
https://selcrs.nsysu.edu.tw/menu5/showoutline.asp?SYEAR=114&SEM=1&CrsDat=TA104&Crsname=劇場設計導論,,,True,劇藝系,TA104,1,不分班,"劇場設計導論
INTRODUCTION TO THEATRE DESIGN",2,期,True,25,1,25,0,李怡賡,"三6,7(文FA 1014, 3012)","['', '', '67', '', '', '', '']","《展演》
限本系單號學生",[],False
https://selcrs.nsysu.edu.tw/menu5/showoutline.asp?SYEAR=114&SEM=1&CrsDat=TA104A&Crsname=劇場設計導論,,,True,劇藝系,TA104A,1,不分班,"劇場設計導論
INTRODUCTION TO THEATRE DESIGN",2,期,True,25,0,21,4,曾景濱,"三6,7(文FA 1014, 3012)","['', '', '67', '', '', '', '']","《展演》
限本系雙號學生",[],False
https://selcrs.nsysu.edu.tw/menu5/showoutline.asp?SYEAR=114&SEM=1&CrsDat=TA106&Crsname=中國戲劇史（一）,,,False,劇藝系,TA106,2,不分班,"中國戲劇史（一）
HISTORY OF CHINESE DRAMA AND THEAER (I)",2,期,True,51,0,50,1,康尹貞,"二3,4(文FA 3009)","['', '34', '', '', '', '', '']",《講授類》,['跨文化人文思潮與美學微學程'],False
https://selcrs.nsysu.edu.tw/menu5/showoutline.asp?SYEAR=114&SEM=1&CrsDat=TA108&Crsname=劇本導讀,異動,更換教室7/8,False,劇藝系,TA108,1,不分班,"劇本導讀
PLAY READING AND ANALYSIS",2,期,True,50,0,47,3,康尹貞,"四6,7(文FA 3012)","['', '', '', '67', '', '', '']",《講授類》,[],False
https://selcrs.nsysu.edu.tw/menu5/showoutline.asp?SYEAR=114&SEM=1&CrsDat=TA151&Crsname=肢體開發（一）,,,False,劇藝系,TA151,1,不分班,"肢體開發（一）
PHYSICAL DEVELOPMENT（I）",2,期,False,30,5,30,0,廖志恒,,"['2345678', '12345678', '1234567', '2345678', '2345678', '', '']","《展演》
寒假密集授課1/5-1/9","['表達性藝術治療學程', '音樂劇學程']",False
https://selcrs.nsysu.edu.tw/menu5/showoutline.asp?SYEAR=114&SEM=1&CrsDat=TA171&Crsname=視覺藝術（一）：素描,,,False,劇藝系,TA171,1,不分班,"視覺藝術（一）：素描
VISUAL ARTS(I)：DRAWING",2,期,False,30,6,37,-7,王以亮,"五5,6(文FA 3009)","['', '', '', '', '56', '', '']",《展演》,[],False
https://selcrs.nsysu.edu.tw/menu5/showoutline.asp?SYEAR=114&SEM=1&CrsDat=TA191&Crsname=藝術概論,,,False,劇藝系,TA191,1,不分班,"藝術概論
INTRODUCTION TO THE ARTS",2,期,False,50,2,26,24,王以亮,"五3,4(文FA 3009)","['', '', '', '', '34', '', '']",《講授類》,['跨文化人文思潮與美學微學程'],False
https://selcrs.nsysu.edu.tw/menu5/showoutline.asp?SYEAR=114&SEM=1&CrsDat=TA204&Crsname=導演概論,,,False,劇藝系,TA204,2,不分班,"導演概論
INTRODUCTION TO THE HISTORY AND THEORY OF DIRECTING",2,期,True,50,0,43,7,楊士平,"四6,7(文FA 3009)","['', '', '', '67', '', '', '']",《講授類》,[],False
https://selcrs.nsysu.edu.tw/menu5/showoutline.asp?SYEAR=114&SEM=1&CrsDat=TA209&Crsname=西洋戲劇史（一）,,,False,劇藝系,TA209,1,不分班,"西洋戲劇史（一）
HISTORY OF WESTERN DRAMA(I)",2,期,True,50,0,48,2,黃資絜,"一5,6(文FA 3012)","['56', '', '', '', '', '', '']",《講授類》,['跨文化人文思潮與美學微學程'],False
https://selcrs.nsysu.edu.tw/menu5/showoutline.asp?SYEAR=114&SEM=1&CrsDat=TA251&Crsname=傳統戲曲表演身段（一）,,,False,劇藝系,TA251,1,不分班,"傳統戲曲表演身段（一）
PERFORMANCE TECHNIQUES OF CHINESE TRADITIONAL THEATRE",2,期,False,30,0,30,0,王海玲,"四8,9(文FA 2017)","['', '', '', '89', '', '', '']",《展演》,[],False
https://selcrs.nsysu.edu.tw/menu5/showoutline.asp?SYEAR=114&SEM=1&CrsDat=TA254&Crsname=進階表演（一）,,,False,劇藝系,TA254,2,不分班,"進階表演（一）
ADVANCED ACTING(I)",3,期,False,20,0,18,2,何怡璉,"一5,6,7(文FA 2017)","['567', '', '', '', '', '', '']","《展演》
限修畢基礎表演二",[],False
https://selcrs.nsysu.edu.tw/menu5/showoutline.asp?SYEAR=114&SEM=1&CrsDat=TA256&Crsname=聲音訓練,異動,更換時間8/18,False,劇藝系,TA256,2,不分班,"聲音訓練
VOCAL TRAINING",2,期,False,50,1,18,32,林宜誠,"一3,4(文FA 2017)","['34', '', '', '', '', '', '']","《展演》
限修畢基礎發聲",[],False
https://selcrs.nsysu.edu.tw/menu5/showoutline.asp?SYEAR=114&SEM=1&CrsDat=TA262&Crsname=排演（四）,,,False,劇藝系,TA262,2,不分班,"排演（四）
REHEARSAL（Ⅳ）",3,期,False,50,1,54,-4,"吳怡瑱,杜思慧,許仁豪","二8,9,C(文FA 3012, 2019)","['', '89C', '', '', '', '', '']","《展演》
限畢製助理",[],False
https://selcrs.nsysu.edu.tw/menu5/showoutline.asp?SYEAR=114&SEM=1&CrsDat=TA265&Crsname=音樂劇肢體訓練,,,False,劇藝系,TA265,2,不分班,"音樂劇肢體訓練
PHYSICAL TRAINING FOR MUSICAL THEATRE",3,期,False,30,0,12,18,廖志恒,,"['12345678', '12345678', '1234567', '12345678', '12345678', '12345678', '']","《展演》
暑假密集授課7/7-7/13",['音樂劇學程'],False
https://selcrs.nsysu.edu.tw/menu5/showoutline.asp?SYEAR=114&SEM=1&CrsDat=TA273&Crsname=進階技術繪圖,,,False,劇藝系,TA273,2,不分班,"進階技術繪圖
ADVANCED TECHNICAL DRAWING",3,期,False,50,0,19,31,曾景濱,"三2,3,4(圖IL PC 03)","['', '', '234', '', '', '', '']","《講授類》
限修畢技術繪圖",[],True
https://selcrs.nsysu.edu.tw/menu5/showoutline.asp?SYEAR=114&SEM=1&CrsDat=TA275&Crsname=燈光設計（一）,異動,更換時間及教室8/5,False,劇藝系,TA275,2,不分班,"燈光設計（一）
LIGHTING DESIGN (I)",2,期,False,20,0,20,0,蔡詔羽,"四3,4(文FA 3009, 2019)","['', '', '', '34', '', '', '']","《講授類》
限本系",[],False
https://selcrs.nsysu.edu.tw/menu5/showoutline.asp?SYEAR=114&SEM=1&CrsDat=TA276&Crsname=舞臺設計（一）,,,False,劇藝系,TA276,2,不分班,"舞臺設計（一）
STAGE DESIGN (Ｉ)",3,期,False,50,0,14,36,曾景濱,"二5,6,7(文FA 1014)","['', '567', '', '', '', '', '']","《展演》
限修畢基礎設計",[],False
https://selcrs.nsysu.edu.tw/menu5/showoutline.asp?SYEAR=114&SEM=1&CrsDat=TA284&Crsname=燈光技術,異動,更換時間8/5,False,劇藝系,TA284,2,不分班,"燈光技術
LIGHTING TECHNOLOGY",2,期,False,20,0,23,-3,蔡詔羽,"四1,2(文FA 3009, 2019)","['', '', '', '12', '', '', '']","《展演》
限修畢劇場技術基礎",[],False
https://selcrs.nsysu.edu.tw/menu5/showoutline.asp?SYEAR=114&SEM=1&CrsDat=TA302&Crsname=劇本創作（一）,異動,更換教室8/28,False,劇藝系,TA302,3,不分班,"劇本創作（一）
PLAYWRITING(I)",3,期,True,50,0,43,7,黃資絜,"四5,6,7(文FA 3007)","['', '', '', '567', '', '', '']",《講授類》,"['社區文創微學程', '中文創意跨域應用整合學程']",False
https://selcrs.nsysu.edu.tw/menu5/showoutline.asp?SYEAR=114&SEM=1&CrsDat=TA303&Crsname=西方名劇選讀,,,False,劇藝系,TA303,2,不分班,"西方名劇選讀
SELECTED READINGS OF WESTERN PLAYS",3,期,True,50,0,46,4,黃資絜,"三5,6,7(文FA 3009)","['', '', '567', '', '', '', '']",《講授類》,['跨文化人文思潮與美學微學程'],False
https://selcrs.nsysu.edu.tw/menu5/showoutline.asp?SYEAR=114&SEM=1&CrsDat=TA306&Crsname=演出製作（一）,,,True,劇藝系,TA306,3,不分班,"演出製作（一）
PRODUCTION(I)",3,期,True,50,0,43,7,"何怡璉,李怡賡,許仁豪","一8,9,C(文FA 3012, 2019)","['89C', '', '', '', '', '', '']","《講授類》
應符合學期製作施行細則",[],False
https://selcrs.nsysu.edu.tw/menu5/showoutline.asp?SYEAR=114&SEM=1&CrsDat=TA337&Crsname=戲劇構作實踐:現當代,,,False,劇藝系,TA337,3,不分班,"戲劇構作實踐:現當代
DRAMATURGICAL PRACTICE:MODERN&CONTEMPORARY PERIOD",2,期,False,50,0,17,33,許仁豪,"四3,4(文FA 3012)","['', '', '', '34', '', '', '']",《講授類》,['與社會交往的表演藝術微學程'],False
https://selcrs.nsysu.edu.tw/menu5/showoutline.asp?SYEAR=114&SEM=1&CrsDat=TA351&Crsname=導演（二）,,,False,劇藝系,TA351,3,不分班,"導演（二）
DIRECTING(II)",3,期,False,50,0,23,27,楊士平,"三5,6,7(文FA 2019)","['', '', '567', '', '', '', '']","《展演》
限修畢導演一",[],False
https://selcrs.nsysu.edu.tw/menu5/showoutline.asp?SYEAR=114&SEM=1&CrsDat=TA358&Crsname=音樂劇演唱技巧,,,False,劇藝系,TA358,3,不分班,"音樂劇演唱技巧
SINGING IN MUSICAL THEATRE",2,期,False,50,1,14,36,林宜誠,"四3,4(文FA 2017)","['', '', '', '34', '', '', '']",《展演》,['音樂劇學程'],False
https://selcrs.nsysu.edu.tw/menu5/showoutline.asp?SYEAR=114&SEM=1&CrsDat=TA359&Crsname=進階表演（三）,,,False,劇藝系,TA359,3,不分班,"進階表演（三）
ADVANCED ACTING（III）",3,期,False,50,0,22,28,杜思慧,"一5,6,7(文FA 2019)","['567', '', '', '', '', '', '']","《展演》
限修畢進階表演二",[],False
https://selcrs.nsysu.edu.tw/menu5/showoutline.asp?SYEAR=114&SEM=1&CrsDat=TA370&Crsname=排演（八）,異動,確認教師8/5,False,劇藝系,TA370,3,不分班,"排演（八）
REHEARSAL(Ⅷ)",3,期,False,50,0,21,29,"何怡璉,吳怡瑱,蔡詔羽","一8,9,C(文FA 3012, 2019)","['89C', '', '', '', '', '', '']","《展演》
限2025年度製作助理",[],False
https://selcrs.nsysu.edu.tw/menu5/showoutline.asp?SYEAR=114&SEM=1&CrsDat=TA371&Crsname=舞臺設計（三）,異動,更換教室8/28,False,劇藝系,TA371,3,不分班,"舞臺設計（三）
STAGE DESIGN (III)",3,期,False,50,0,15,35,吳怡瑱,"二5,6,7(文FA 2016)","['', '567', '', '', '', '', '']","《展演》
限修畢舞臺設計二",[],False
https://selcrs.nsysu.edu.tw/menu5/showoutline.asp?SYEAR=114&SEM=1&CrsDat=TA373&Crsname=服裝造型與構成（一）,異動,更換時間8/18,False,劇藝系,TA373,2,不分班,"服裝造型與構成（一）
CLOTHES PATTERN DESIGN AND PRACTICE(I)",3,期,False,20,0,18,2,劉美蓮,"一5,6,7(文FA 2016)","['567', '', '', '', '', '', '']","《講授類》
限修畢劇場技術基礎",[],False
https://selcrs.nsysu.edu.tw/menu5/showoutline.asp?SYEAR=114&SEM=1&CrsDat=TA403&Crsname=畢業製作（一）,,,True,劇藝系,TA403,4,不分班,"畢業製作（一）
GRADUATION PRODUCTION (Ⅰ)",3,期,True,50,0,43,7,"吳怡瑱,杜思慧,許仁豪","二8,9,C(文FA 3012, 2019)","['', '89C', '', '', '', '', '']","《展演》
應符合畢業製作施行細則",[],False
https://selcrs.nsysu.edu.tw/menu5/showoutline.asp?SYEAR=114&SEM=1&CrsDat=TA452&Crsname=創意表演（四）,異動,更換教室7/8,False,劇藝系,TA452,3,不分班,"創意表演（四）
CREATIVE PERFORMANCE (IV)",3,期,False,50,0,13,37,約書亞沙發兒,"二5,6,7(文FA 1015)","['', '567', '', '', '', '', '']","《展演》
the topic is social media and performance",[],True
https://selcrs.nsysu.edu.tw/menu5/showoutline.asp?SYEAR=114&SEM=1&CrsDat=TA474&Crsname=燈光設計專題研討,異動,更換時間及教室8/20,False,劇藝系,TA474,4,不分班,"燈光設計專題研討
SEMINAR IN LIGHTING DESIGN",3,期,False,50,0,9,41,蔡詔羽,"三5,6,7(文FA 3007)","['', '', '567', '', '', '', '']","《研討類》
限修畢燈光設計一",[],False
https://selcrs.nsysu.edu.tw/menu5/showoutline.asp?SYEAR=114&SEM=1&CrsDat=TA494&Crsname=戲劇治療與PBT設計,,,False,劇藝系,TA494,4,不分班,"戲劇治療與PBT設計
DRAMA THERAPY AND PBT DESIGN",3,期,False,50,0,15,35,梁翠梅,,"['2345678', '2345678', '234567', '2345678', '2345678', '234', '']","《講授類》
暑假密集授課8/20-8/30",['表達性藝術治療學程'],False
https://selcrs.nsysu.edu.tw/menu5/showoutline.asp?SYEAR=114&SEM=1&CrsDat=LIBA122&Crsname=跨文化人文思潮與美學導論,新增,8/5,False,文學院,LIBA122,0,不分班,"跨文化人文思潮與美學導論
INTRODUCTION TO CROSS-CULTURAL STUDIES AND AESTHETICS",3,期,False,20,1,7,13,何重誼,"四2,3,4(文LA 1001)","['', '', '', '234', '', '', '']",《講授類》,"['臺灣閩南語文書寫應用與創作微學程', '與社會交往的表演藝術微學程', '跨文化人文思潮與美學微學程', '當代策展與藝術行政學程']",True
https://selcrs.nsysu.edu.tw/menu5/showoutline.asp?SYEAR=114&SEM=1&CrsDat=LIBA124&Crsname=表演藝術走入城市生活（一）,,,False,文學院,LIBA124,0,不分班,"表演藝術走入城市生活（一）
THEATRE AND PERFORMAN CE ART INTO URBAN LIFE(I)",3,期,False,15,0,4,11,何怡璉,"三5,6,7(文FA 2017)","['', '', '567', '', '', '', '']",《展演》,['與社會交往的表演藝術微學程'],True
https://selcrs.nsysu.edu.tw/menu5/showoutline.asp?SYEAR=114&SEM=1&CrsDat=LIBA137&Crsname=電影創作與程式邏輯思維,,,False,文學院,LIBA137,0,不分班,"電影創作與程式邏輯思維
FILM CREATION AND PROGRAM LOGIC THINKING",3,期,False,30,2,11,19,陳俊宏,"三5,6,7(圖IL PC03)","['', '', '567', '', '', '', '']","《講授類》
『本課程之限修，於加退選2階段開放選修』。限非應數、電機、機電、資工、材光、光電、資管、海工系學生修習",[],False
https://selcrs.nsysu.edu.tw/menu5/showoutline.asp?SYEAR=114&SEM=1&CrsDat=LIBA143&Crsname=基礎程式設計應用,,,False,文學院,LIBA143,0,不分班,"基礎程式設計應用
APPLICATION OF BASIC PROGRAMMING",3,期,False,30,0,13,17,溫嘉榮,"五2,3,4(圖IL PC03)","['', '', '', '', '234', '', '']","《講授類》
『本課程之限修，於加退選2階段開放選修』。限非應數、電機、機電、資工、材光、光電、資管、海工系學生修習",[],False
https://selcrs.nsysu.edu.tw/menu5/showoutline.asp?SYEAR=114&SEM=1&CrsDat=LIBA252&Crsname=西洋哲學史,,,False,文學院,LIBA252,0,不分班,"西洋哲學史
HISTORY OF WESTERN PHILOSOPHY",3,期,False,30,1,6,24,高長空,"四8,6,7(文LA 1003)","['', '', '', '678', '', '', '']",《講授類》,[],False
https://selcrs.nsysu.edu.tw/menu5/showoutline.asp?SYEAR=114&SEM=1&CrsDat=BIOS101&Crsname=普通化學,,,False,生科系,BIOS101,1,不分班,"普通化學
GENERAL CHEMISTRY",3,期,True,50,0,42,8,蔡明利,"三5,6,7(海MA 3020)","['', '', '567', '', '', '', '']",《講授類》,[],False
https://selcrs.nsysu.edu.tw/menu5/showoutline.asp?SYEAR=114&SEM=1&CrsDat=BIOS101A&Crsname=普通化學,,,False,生科系,BIOS101A,1,全英班,"普通化學
GENERAL CHEMISTRY",3,期,True,50,0,20,30,楊佳寧,"五5,6,7(海MB 2015)","['', '', '', '', '567', '', '']",《講授類》,[],True
https://selcrs.nsysu.edu.tw/menu5/showoutline.asp?SYEAR=114&SEM=1&CrsDat=BIOS102&Crsname=普通化學實驗,,,False,生科系,BIOS102,1,不分班,"普通化學實驗
GENERAL CHEMISTRY LABORATORY",1,期,True,50,0,47,3,梁子輝,"一2,3,4(理SC 4019)(實驗)","['234', '', '', '', '', '', '']",《實驗類》,[],False
https://selcrs.nsysu.edu.tw/menu5/showoutline.asp?SYEAR=114&SEM=1&CrsDat=BIOS105&Crsname=微積分,,,False,生科系,BIOS105,1,不分班,"微積分
CALCULUS",3,期,True,50,1,36,14,莊秉樺,"五2,3,4(海MA 3020)","['', '', '', '', '234', '', '']","《講授類》
『本課程之限修，於加退選2階段開放選修』。限生科系",[],False
https://selcrs.nsysu.edu.tw/menu5/showoutline.asp?SYEAR=114&SEM=1&CrsDat=BIOS105A&Crsname=微積分,異動,確認教師8/18,False,生科系,BIOS105A,1,全英班,"微積分
CALCULUS",3,期,True,50,0,22,28,林建同,"五2,3,4(海MB 2015)","['', '', '', '', '234', '', '']","《講授類》
『本課程之限修，於加退選2階段開放選修』。限生科系",[],True
https://selcrs.nsysu.edu.tw/menu5/showoutline.asp?SYEAR=114&SEM=1&CrsDat=BIOS110&Crsname=普通生物學（一）,,,False,生科系,BIOS110,1,不分班,"普通生物學（一）
GENERAL BIOLOGY (I)",4,期,True,50,0,28,22,"張楊家豪,顏聖紘","四C,D,E,F(理SC 3005)","['', '', '', 'CDEF', '', '', '']",《講授類》,[],False
https://selcrs.nsysu.edu.tw/menu5/showoutline.asp?SYEAR=114&SEM=1&CrsDat=BIOS110A&Crsname=普通生物學（一）,,,False,生科系,BIOS110A,1,全英班,"普通生物學（一）
GENERAL BIOLOGY (I)",4,期,True,50,0,23,27,"邊安台,顏聖紘","四1,2,3,4(理SC 3005)","['', '', '', '1234', '', '', '']",《講授類》,[],True
https://selcrs.nsysu.edu.tw/menu5/showoutline.asp?SYEAR=114&SEM=1&CrsDat=BIOS111&Crsname=普通生物學實驗（一）,異動,修正備註說明8/21,False,生科系,BIOS111,1,不分班,"普通生物學實驗（一）
GENERAL BIOLOGY LABORATORY(I)",1,期,True,30,0,27,3,顏聖紘,"三2,3,4(理SC 3010)(實驗)","['', '', '234', '', '', '', '']","《實驗類》
『本課程之限修，於加退選2階段開放選修』。限本系、雙主修及輔系學生選修及本系一年級(B142010001-B142010026)選修。",[],False
https://selcrs.nsysu.edu.tw/menu5/showoutline.asp?SYEAR=114&SEM=1&CrsDat=BIOS111A&Crsname=普通生物學實驗（一）,異動,修正備註說明8/21,False,生科系,BIOS111A,1,不分班,"普通生物學實驗（一）
GENERAL BIOLOGY LABORATORY(I)",1,期,True,30,0,20,10,顏聖紘,"四5,6,7(理SC 3010)(實驗)","['', '', '', '567', '', '', '']","《實驗類》
『本課程之限修，於加退選2階段開放選修』。限本系、雙主修及輔系學生選修及本系一年級(B142015001-B142015023)選修。",[],False
https://selcrs.nsysu.edu.tw/menu5/showoutline.asp?SYEAR=114&SEM=1&CrsDat=BIOS160&Crsname=本地植物學,異動,更換教室7/24,False,生科系,BIOS160,3,不分班,"本地植物學
LOCAL FLORA",3,期,False,50,0,22,28,劉世慧,"四2,3,4(理SC 0008)","['', '', '', '234', '', '', '']",《講授類》,"['生物多樣性學程', '環境教育學程', '臺灣研究學程', '自然生物資產微學程']",False
https://selcrs.nsysu.edu.tw/menu5/showoutline.asp?SYEAR=114&SEM=1&CrsDat=BIOS197&Crsname=食品科學概論,,,False,生科系,BIOS197,3,不分班,"食品科學概論
INTRODUCTION TO FOOD SCIENCE",2,期,False,50,3,54,-4,吳長益,"五5,6(理SC 3005)","['', '', '', '', '56', '', '']",《講授類》,['校園預防醫學暨食品安全學程'],False
https://selcrs.nsysu.edu.tw/menu5/showoutline.asp?SYEAR=114&SEM=1&CrsDat=BIOS202&Crsname=有機化學（二）,異動,更換教室9/18,False,生科系,BIOS202,2,不分班,"有機化學（二）
ORGANIC CHEMISTRY(II)",2,期,True,50,0,36,14,王志偉,"四3,4(理SC 0012)","['', '', '', '34', '', '', '']",《講授類》,[],False
https://selcrs.nsysu.edu.tw/menu5/showoutline.asp?SYEAR=114&SEM=1&CrsDat=BIOS202A&Crsname=有機化學（二）,,,False,生科系,BIOS202A,2,全英班,"有機化學（二）
ORGANIC CHEMISTRY(II)",2,期,True,50,0,19,31,林渝亞,"一6,7(理MB 2015)","['67', '', '', '', '', '', '']",《講授類》,[],True
https://selcrs.nsysu.edu.tw/menu5/showoutline.asp?SYEAR=114&SEM=1&CrsDat=BIOS203&Crsname=有機化學實驗（二）,,,False,生科系,BIOS203,2,不分班,"有機化學實驗（二）
ORGANIC CHEMISTRY LABORATORY(II)",1,期,True,50,0,25,25,王志偉,"四5,6,7(理SC 4020)(實驗)","['', '', '', '567', '', '', '']",《實驗類》,[],False
https://selcrs.nsysu.edu.tw/menu5/showoutline.asp?SYEAR=114&SEM=1&CrsDat=BIOS203A&Crsname=有機化學實驗（二）,,,False,生科系,BIOS203A,2,全英班,"有機化學實驗（二）
ORGANIC CHEMISTRY LABORATORY(II)",1,期,True,50,0,17,33,林渝亞,"一2,3,4(理SC 4020)(實驗)","['234', '', '', '', '', '', '']",《實驗類》,[],True
https://selcrs.nsysu.edu.tw/menu5/showoutline.asp?SYEAR=114&SEM=1&CrsDat=BIOS210&Crsname=生物化學（一）,,,False,生科系,BIOS210,2,不分班,"生物化學（一）
BIOCHEMISTRY (I)",3,期,True,50,0,27,23,陳俊霖,"二2,3,4(理SC 0009)","['', '234', '', '', '', '', '']",《講授類》,"['生物技術學程', '天然藥物合成學程']",False
https://selcrs.nsysu.edu.tw/menu5/showoutline.asp?SYEAR=114&SEM=1&CrsDat=BIOS210A&Crsname=生物化學（一）,,,False,生科系,BIOS210A,2,全英班,"生物化學（一）
BIOCHEMISTRY (I)",3,期,True,50,0,20,30,謝文發,"四2,3,4(理SC 0009)","['', '', '', '234', '', '', '']",《講授類》,"['生物技術學程', '天然藥物合成學程']",True
https://selcrs.nsysu.edu.tw/menu5/showoutline.asp?SYEAR=114&SEM=1&CrsDat=BIOS211&Crsname=生物統計學,,,False,生科系,BIOS211,2,不分班,"生物統計學
BIOSTATISTICS",3,期,True,50,0,34,16,黃淑萍,"五2,3,4(理SC 3005)","['', '', '', '', '234', '', '']","《講授類》
『本課程之限修，於加退選2階段開放選修』。限生科系",['環境教育學程'],False
https://selcrs.nsysu.edu.tw/menu5/showoutline.asp?SYEAR=114&SEM=1&CrsDat=BIOS211A&Crsname=生物統計學,,,False,生科系,BIOS211A,2,全英班,"生物統計學
BIOSTATISTICS",3,期,True,50,0,29,21,夏燦風,"五2,3,4(理SC 0009)","['', '', '', '', '234', '', '']","《講授類》
『本課程之限修，於加退選2階段開放選修』。限生科系",['環境教育學程'],True
https://selcrs.nsysu.edu.tw/menu5/showoutline.asp?SYEAR=114&SEM=1&CrsDat=BIOS220&Crsname=基礎解剖學,,,False,生科系,BIOS220,2,不分班,"基礎解剖學
BASIC ANATOMY",3,期,False,50,1,31,19,汪海晏,"二5,6,7(理SC 3005)","['', '567', '', '', '', '', '']",《講授類》,[],False
https://selcrs.nsysu.edu.tw/menu5/showoutline.asp?SYEAR=114&SEM=1&CrsDat=BIOS223&Crsname=植物解剖學,,,False,生科系,BIOS223,2,不分班,"植物解剖學
PLANT ANATOMY",3,期,False,50,0,17,33,高資棟,"三5,6,7(理SC 3005)","['', '', '567', '', '', '', '']",《講授類》,[],True
https://selcrs.nsysu.edu.tw/menu5/showoutline.asp?SYEAR=114&SEM=1&CrsDat=BIOS260&Crsname=生物統計學實驗,,,False,生科系,BIOS260,2,不分班,"生物統計學實驗
BIOSTATISTICS LAB.",1,期,False,50,0,2,48,黃淑萍,"五5,6,7(圖IL PC03)(實驗)","['', '', '', '', '567', '', '']","《實驗類》
『本課程之限修，於加退選2階段開放選修』。限生科系",['環境教育學程'],False
https://selcrs.nsysu.edu.tw/menu5/showoutline.asp?SYEAR=114&SEM=1&CrsDat=BIOS261&Crsname=水生植物學,,,False,生科系,BIOS261,2,不分班,"水生植物學
THE BIOLOGY OF AQUATIC VASCULAR PLANTS",3,期,False,50,0,28,22,劉世慧,"三2,3,4(理SC 1003)","['', '', '234', '', '', '', '']",《講授類》,"['生物多樣性學程', '環境教育學程']",True
https://selcrs.nsysu.edu.tw/menu5/showoutline.asp?SYEAR=114&SEM=1&CrsDat=BIOS311&Crsname=分子生物學,,,False,生科系,BIOS311,3,不分班,"分子生物學
MOLECULAR BIOLOGY",3,期,True,50,0,25,25,"傅瀚儀,黃明德","二2,3,4(理SC 3005)","['', '234', '', '', '', '', '']",《講授類》,"['生物技術學程', '生物技術微學程', '海洋生物資源開發學程']",False
https://selcrs.nsysu.edu.tw/menu5/showoutline.asp?SYEAR=114&SEM=1&CrsDat=BIOS311A&Crsname=分子生物學,,,False,生科系,BIOS311A,3,全英班,"分子生物學
MOLECULAR BIOLOGY",3,期,True,50,0,23,27,"李豪嶧,賴至人,陳俊朝","二2,3,4(理BI 3001)","['', '234', '', '', '', '', '']",《講授類》,"['生物技術學程', '生物技術微學程', '海洋生物資源開發學程']",True
https://selcrs.nsysu.edu.tw/menu5/showoutline.asp?SYEAR=114&SEM=1&CrsDat=BIOS312&Crsname=植物生理學,,,False,生科系,BIOS312,3,不分班,"植物生理學
PLANT PHYSIOLOGY",3,期,True,50,0,30,20,"傅瀚儀,謝文發","一2,3,4(理SC 1003)","['234', '', '', '', '', '', '']",《講授類》,"['環境教育學程', '生物技術學程']",False
https://selcrs.nsysu.edu.tw/menu5/showoutline.asp?SYEAR=114&SEM=1&CrsDat=BIOS312A&Crsname=植物生理學,,,False,生科系,BIOS312A,3,全英班,"植物生理學
PLANT PHYSIOLOGY",3,期,True,50,0,17,33,"傅瀚儀,謝文發","一5,6,7(理SC 1003)","['567', '', '', '', '', '', '']",《講授類》,"['環境教育學程', '生物技術學程']",True
https://selcrs.nsysu.edu.tw/menu5/showoutline.asp?SYEAR=114&SEM=1&CrsDat=BIOS340&Crsname=植物細胞工程,,,False,生科系,BIOS340,3,不分班,"植物細胞工程
PLANT CELL ENGINEERING",3,期,False,50,0,10,40,"傅瀚儀,黃明德","五2,3,4(理BI 6005)","['', '', '', '', '234', '', '']",《講授類》,[],False
https://selcrs.nsysu.edu.tw/menu5/showoutline.asp?SYEAR=114&SEM=1&CrsDat=BIOS373&Crsname=節肢動物多樣性,異動,更換教室9/11,False,生科系,BIOS373,3,不分班,"節肢動物多樣性
ARTHROPOD DIVERSITY",3,期,False,50,0,4,46,費卡契,"四2,3,4(理SC 3008)","['', '', '', '234', '', '', '']",《講授類》,['自然生物資產微學程'],True
https://selcrs.nsysu.edu.tw/menu5/showoutline.asp?SYEAR=114&SEM=1&CrsDat=BIOS396&Crsname=生物科學專題（一）,,,False,生科系,BIOS396,3,不分班,"生物科學專題（一）
INDEPENDENT STUDIES IN BIOLOGICAL SCIENCES (I)",3,期,False,50,1,23,27,"汪海晏,費卡契,顏聖紘",三A() 四A() 五A(),"['', '', 'A', 'A', 'A', '', '']",《獨立研究》,[],False
https://selcrs.nsysu.edu.tw/menu5/showoutline.asp?SYEAR=114&SEM=1&CrsDat=BIOS410&Crsname=書報討論（一）,,,False,生科系,BIOS410,4,不分班,"書報討論（一）
SEMINAR(I)",1,期,True,50,0,41,9,黃明德,"四B,5(理SC 1003)","['', '', '', 'B5', '', '', '']","《演講/參訪》
『本課程之限修，於加退選2階段開放選修』。限本系大四生修習",[],False
https://selcrs.nsysu.edu.tw/menu5/showoutline.asp?SYEAR=114&SEM=1&CrsDat=BIOS434&Crsname=生物資訊學概論,,,False,生科系,BIOS434,4,不分班,"生物資訊學概論
INTRODUCTION TO BIOINFORMATICS",3,期,False,50,0,29,21,黃明德,"五5,6,7(圖IL PC02)","['', '', '', '', '567', '', '']",《講授類》,"['生物技術學程', '海洋微生物及應用推廣微學程', '海洋生物資源開發學程']",False
https://selcrs.nsysu.edu.tw/menu5/showoutline.asp?SYEAR=114&SEM=1&CrsDat=BIOS441&Crsname=基礎司法鑑定科學,,,False,生科系,BIOS441,4,不分班,"基礎司法鑑定科學
BASIC FORENSIC SCIENCES",3,期,False,50,1,43,7,汪海晏,"三5,6,7(理SC 1003)","['', '', '567', '', '', '', '']",《講授類》,[],False
https://selcrs.nsysu.edu.tw/menu5/showoutline.asp?SYEAR=114&SEM=1&CrsDat=BIOS444&Crsname=植物光生物學,,,False,生科系,BIOS444,4,不分班,"植物光生物學
PLANT PHOTOBIOLOGY",3,期,False,50,0,5,45,傅瀚儀,"三5,6,7(理SC 0009)","['', '', '567', '', '', '', '']",《講授類》,[],False
https://selcrs.nsysu.edu.tw/menu5/showoutline.asp?SYEAR=114&SEM=1&CrsDat=BIOS464&Crsname=演化生物學,,,False,生科系,BIOS464,3,不分班,"演化生物學
EVOLUTIONARY BIOLOGY",3,期,True,50,1,41,9,江友中,"二C,D,E(理SC 3005)","['', 'CDE', '', '', '', '', '']",《講授類》,"['生物多樣性學程', '環境教育學程', '生物技術學程', '海洋生物資源與實務應用微學程', '海洋循環經濟學程', '海洋生物資源開發學程']",False
https://selcrs.nsysu.edu.tw/menu5/showoutline.asp?SYEAR=114&SEM=1&CrsDat=DO332&Crsname=地球化學概論,異動,更換時間9/12,False,海科系,DO332,3,不分班,"地球化學概論
INTRODUCTION TO GEOCHEMISTRY",2,期,False,50,0,22,28,林玉詩,"五8,7(海MA 3040)","['', '', '', '', '78', '', '']",《講授類》,['環境教育學程'],False
https://selcrs.nsysu.edu.tw/menu5/showoutline.asp?SYEAR=114&SEM=1&CrsDat=DO341&Crsname=流體力學（一）,異動,更換教室9/5,False,海科系,DO341,3,不分班,"流體力學（一）
FLUID MECHANICS(I)",3,期,False,50,0,14,36,邱永盛,"三5,6,7(海MB 1005)","['', '', '567', '', '', '', '']",《講授類》,[],False
https://selcrs.nsysu.edu.tw/menu5/showoutline.asp?SYEAR=114&SEM=1&CrsDat=DO354&Crsname=機器學習概論及其在海洋科學的應用,異動,更換授課方式9/12,False,海科系,DO354,3,不分班,"機器學習概論及其在海洋科學的應用
INTRODUCTORY MACHINE LEARNING AND ITS APPLICATION IN MARINE SCIENCES",3,期,False,50,0,7,43,王敬湧,"四2,3,4(海ME 3004)","['', '', '', '234', '', '', '']","《講授類》
與DO720併班上課。",[],True
https://selcrs.nsysu.edu.tw/menu5/showoutline.asp?SYEAR=114&SEM=1&CrsDat=DO407&Crsname=畢業專題,,,False,海科系,DO407,4,不分班,"畢業專題
GRADUATION PROJECT",2,期,True,50,0,23,27,"王敬湧,陳冠宇","一3,4(海MA 1005)","['34', '', '', '', '', '', '']",《研討類》,[],False
https://selcrs.nsysu.edu.tw/menu5/showoutline.asp?SYEAR=114&SEM=1&CrsDat=DO408&Crsname=海洋GIS資料實作,,,False,海科系,DO408,4,不分班,"海洋GIS資料實作
PRACTICE OF MARINE GIS DATA",2,期,False,50,0,7,43,林玉詩,"五5,6(海MA 3040)","['', '', '', '', '56', '', '']","《講授類》
與DO723併班上課。",[],False
https://selcrs.nsysu.edu.tw/menu5/showoutline.asp?SYEAR=114&SEM=1&CrsDat=DO409&Crsname=科學倫理導論,新增,9/3,False,海科系,DO409,4,不分班,"科學倫理導論
INTRODUCTION TO SCIENCE ETHICS",2,期,False,50,0,2,48,熊寶兒,"二6,7(海MA 3040)","['', '67', '', '', '', '', '']",《講授類》,[],True
https://selcrs.nsysu.edu.tw/menu5/showoutline.asp?SYEAR=114&SEM=1&CrsDat=DO431&Crsname=古氣候學概論,,,False,海科系,DO431,4,不分班,"古氣候學概論
INTRODUCTION TO PALEOCLIMATOLOGY",2,期,False,50,0,24,26,張詠斌,"五3,4(海MA 2009)","['', '', '', '', '34', '', '']","《講授類》
與DO625併班上課。","['環境教育學程', '氣候變遷與調適學分學程']",False
https://selcrs.nsysu.edu.tw/menu5/showoutline.asp?SYEAR=114&SEM=1&CrsDat=DO433&Crsname=海洋地質論文研究（一）,新增,8/20,False,海科系,DO433,4,不分班,"海洋地質論文研究（一）
INDEPENDENT STUDIES IN MARINE GEOLOGY（I）",2,期,False,50,0,3,47,"張詠斌,林玉詩",三1(海MA 1020) 四1(海MA 1020),"['', '', '1', '1', '', '', '']",《獨立研究》,[],False
https://selcrs.nsysu.edu.tw/menu5/showoutline.asp?SYEAR=114&SEM=1&CrsDat=DO445&Crsname=中等物理海洋學,,,False,海科系,DO445,3,不分班,"中等物理海洋學
INTERMEDIATE PHYSICAL OCEANOGRAPHY",2,期,False,50,0,13,37,方盈智,"三3,4(海MA 3040)","['', '', '34', '', '', '', '']","《講授類》
1.需先修畢微積分(I)或物理海洋概論。 2. 與DO643併班上課。",[],False
https://selcrs.nsysu.edu.tw/menu5/showoutline.asp?SYEAR=114&SEM=1&CrsDat=DO447&Crsname=海洋災害,,,False,海科系,DO447,3,不分班,"海洋災害
OCEAN HAZARDS",2,期,False,50,0,5,45,曾若玄,"五3,4(海MA 1005)","['', '', '', '', '34', '', '']",《講授類》,[],False
https://selcrs.nsysu.edu.tw/menu5/showoutline.asp?SYEAR=114&SEM=1&CrsDat=MRSC102&Crsname=基礎海洋學,,,False,海科院（學）,MRSC102,0,不分班,"基礎海洋學
FUNDAMENTALS OF OCEANOGRAPHY",3,期,False,10,1,9,1,"林玉詩,林裕䕒,簡國童,陳冠宇","五2,3,4(海MA 3021)","['', '', '', '', '234', '', '']","《講授類》
限海工系及海科系以外學生選修。","['環境教育學程', '熱帶海洋微學程', '海洋永續發展產業科技微學程', '探索海洋國家公園微學程', '看見臺灣海岸微學程']",False
https://selcrs.nsysu.edu.tw/menu5/showoutline.asp?SYEAR=114&SEM=1&CrsDat=MRSC114&Crsname=海洋基礎科學,,,False,海科院（學）,MRSC114,1,不分班,"海洋基礎科學
BASIC MARINE SCIENCES",2,期,True,150,0,114,36,"林梅芳,陳冠宇,黃蔚人","一6,7(海MA 3021)","['67', '', '', '', '', '', '']","《講授類》
海資系、海工系及海科系大一必修。","['海洋永續發展產業科技微學程', '生物資訊與演化生態微學程', '擁海學程', '永續海洋休閒運動產業學程']",True
https://selcrs.nsysu.edu.tw/menu5/showoutline.asp?SYEAR=114&SEM=1&CrsDat=MRSC120&Crsname=探索海洋國家公園,異動,修正部份時間6/23,False,海科院（學）,MRSC120,0,不分班,"探索海洋國家公園
EXPLORE MARINE NATIONAL PARKS",2,期,False,30,1,17,13,"劉莉蓮,張水鍇","五5,6(海MA 3020)","['', '', '', '', '56', '', '']","《講授類》
共同授課業界專家：海洋國家公園管理處徐韶良處長、吳岱穎執行秘書。","['海洋永續發展產業科技微學程', '探索海洋國家公園微學程']",False
https://selcrs.nsysu.edu.tw/menu5/showoutline.asp?SYEAR=114&SEM=1&CrsDat=PE101&Crsname=經濟學原理（一）,異動,更換時間7/22,False,政經系,PE101,1,不分班,"經濟學原理（一）
PRINCIPLES OF ECONOMICS(I)",3,期,True,60,2,68,-8,張光亮,"四5,6,7(社SS 3005)","['', '', '', '567', '', '', '']",《講授類》,[],False
https://selcrs.nsysu.edu.tw/menu5/showoutline.asp?SYEAR=114&SEM=1&CrsDat=PE101A&Crsname=經濟學原理（一）,,,False,政經系,PE101A,1,不分班,"經濟學原理（一）
PRINCIPLES OF ECONOMICS(I)",3,期,False,10,1,11,-1,吳世傑,"一2,3,4(社SS 3005)","['234', '', '', '', '', '', '']","《講授類》
與跨院併班授課",[],False
https://selcrs.nsysu.edu.tw/menu5/showoutline.asp?SYEAR=114&SEM=1&CrsDat=PE109&Crsname=政治學,,,False,政經系,PE109,1,不分班,"政治學
POLITICS",3,期,True,55,9,63,-8,張其祿,"五2,3,4(社SS 3005)","['', '', '', '', '234', '', '']",《講授類》,[],False
https://selcrs.nsysu.edu.tw/menu5/showoutline.asp?SYEAR=114&SEM=1&CrsDat=PE110&Crsname=經濟數學（一）,,,False,政經系,PE110,1,不分班,"經濟數學（一）
MATHEMATICS FOR ECONOMICS (I)",3,期,True,50,0,61,-11,王俊傑,"一2,3,4(社SS 3001)","['234', '', '', '', '', '', '']",《講授類》,[],False
https://selcrs.nsysu.edu.tw/menu5/showoutline.asp?SYEAR=114&SEM=1&CrsDat=PE124&Crsname=行政學,,,False,政經系,PE124,1,不分班,"行政學
PUBLIC ADMINISTRATION",3,期,False,50,2,34,16,張其祿,"一5,6,7(社SS 1006)","['567', '', '', '', '', '', '']",《講授類》,[],False
https://selcrs.nsysu.edu.tw/menu5/showoutline.asp?SYEAR=114&SEM=1&CrsDat=PE127&Crsname=會計學,,,False,政經系,PE127,2,不分班,"會計學
ACCOUNTING",3,期,False,50,0,53,-3,李秉正,"三5,6,7(社SS 1005)","['', '', '567', '', '', '', '']",《講授類》,[],False
https://selcrs.nsysu.edu.tw/menu5/showoutline.asp?SYEAR=114&SEM=1&CrsDat=PE201&Crsname=個體經濟學（一）,,,False,政經系,PE201,2,不分班,"個體經濟學（一）
MICROECONOMICS(I)",3,期,True,80,1,64,16,李明軒,"二2,3,4(社SS 3001)","['', '234', '', '', '', '', '']",《講授類》,[],False
https://selcrs.nsysu.edu.tw/menu5/showoutline.asp?SYEAR=114&SEM=1&CrsDat=PE204&Crsname=總體經濟學（二）,,,False,政經系,PE204,3,不分班,"總體經濟學（二）
MACROECONOMICS(II)",3,期,True,55,0,55,0,童永年,"三2,3,4(社SS 3001)","['', '', '234', '', '', '', '']",《講授類》,[],False
https://selcrs.nsysu.edu.tw/menu5/showoutline.asp?SYEAR=114&SEM=1&CrsDat=PE206&Crsname=統計學（二）,,,False,政經系,PE206,2,不分班,"統計學（二）
STATISTICS(2)",3,期,True,65,0,51,14,王俊傑,"四2,3,4(社SS 3001)","['', '', '', '234', '', '', '']",《講授類》,"['智慧城市與智慧運輸學程', '數據科學微學程']",False
https://selcrs.nsysu.edu.tw/menu5/showoutline.asp?SYEAR=114&SEM=1&CrsDat=PE302&Crsname=國際政治經濟學,,,False,政經系,PE302,3,不分班,"國際政治經濟學
INTERNATIONAL POLITICAL ECONOMY",3,期,True,55,2,57,-2,辛翠玲,"四2,3,4(社SS 3005)","['', '', '', '234', '', '', '']",《講授類》,"['日本研究學程', '全球研究學分學程']",False
https://selcrs.nsysu.edu.tw/menu5/showoutline.asp?SYEAR=114&SEM=1&CrsDat=PE309&Crsname=政治經濟學（二）,異動,更換教室9/8,False,政經系,PE309,2,不分班,"政治經濟學（二）
THE POLICITAL ECONOMY (II)",3,期,True,60,0,56,4,陳若蘭,"一5,6,7(社SS 3005)","['567', '', '', '', '', '', '']",《講授類》,[],False
https://selcrs.nsysu.edu.tw/menu5/showoutline.asp?SYEAR=114&SEM=1&CrsDat=PE321&Crsname=國際貿易原理與政策（一）,,,False,政經系,PE321,3,不分班,"國際貿易原理與政策（一）
INTERNATIONAL TRADE:THEORY AND POLICIES(I)",3,期,False,50,1,31,19,吳世傑,"二8,6,7(社SS 1006)","['', '678', '', '', '', '', '']",《講授類》,[],False
https://selcrs.nsysu.edu.tw/menu5/showoutline.asp?SYEAR=114&SEM=1&CrsDat=PE331&Crsname=產業經濟學,,,False,政經系,PE331,3,不分班,"產業經濟學
INDUSTRIAL ECONOMICS",3,期,False,50,1,41,9,吳世傑,"二2,3,4(社SS 1006)","['', '234', '', '', '', '', '']",《講授類》,[],False
https://selcrs.nsysu.edu.tw/menu5/showoutline.asp?SYEAR=114&SEM=1&CrsDat=PE340&Crsname=全球化導論,異動,更換教室7/22,False,政經系,PE340,2,不分班,"全球化導論
INTRODUCTION TO GLOBALIZATION",3,期,False,50,0,40,10,陳若蘭,"四5,6,7(社SS 1006)","['', '', '', '567', '', '', '']",《講授類》,[],False
https://selcrs.nsysu.edu.tw/menu5/showoutline.asp?SYEAR=114&SEM=1&CrsDat=PE354&Crsname=資料分析與應用-R語言之應用,異動,更換教室9/8,False,政經系,PE354,3,不分班,"資料分析與應用-R語言之應用
DATA ANALYSIS AND MANIPULATION-R LANGUAGE APPLICATIONS",3,期,False,50,1,74,-24,張光亮,"一5,6,7(社SS 3001)","['567', '', '', '', '', '', '']",《講授類》,"['智慧城市與智慧運輸學程', '數據科學微學程']",False
https://selcrs.nsysu.edu.tw/menu5/showoutline.asp?SYEAR=114&SEM=1&CrsDat=PE404&Crsname=政經實作專題（二）,,,True,政經系,PE404,4,不分班,"政經實作專題（二）
INDEPENDENT STUDIES IN POLITICAL ECONOMIC（II）",3,期,True,50,0,4,46,辛翠玲,"四A,1,B(社SS 3005)","['', '', '', 'A1B', '', '', '']",《獨立研究》,[],False
https://selcrs.nsysu.edu.tw/menu5/showoutline.asp?SYEAR=114&SEM=1&CrsDat=PE404A&Crsname=政經實作專題（二）,,,True,政經系,PE404A,4,不分班,"政經實作專題（二）
INDEPENDENT STUDIES IN POLITICAL ECONOMIC（II）",3,期,True,50,0,6,44,張其祿,"五A,1,B(社SS 3005)","['', '', '', '', 'A1B', '', '']",《獨立研究》,[],False
https://selcrs.nsysu.edu.tw/menu5/showoutline.asp?SYEAR=114&SEM=1&CrsDat=PE404B&Crsname=政經實作專題（二）,異動,更換授課方式8/6,True,政經系,PE404B,4,不分班,"政經實作專題（二）
INDEPENDENT STUDIES IN POLITICAL ECONOMIC（II）",3,期,True,50,0,7,43,王俊傑,"四A,1,B(社SS 3001)","['', '', '', 'A1B', '', '', '']",《獨立研究》,[],True
https://selcrs.nsysu.edu.tw/menu5/showoutline.asp?SYEAR=114&SEM=1&CrsDat=PE404C&Crsname=政經實作專題（二）,,,True,政經系,PE404C,4,不分班,"政經實作專題（二）
INDEPENDENT STUDIES IN POLITICAL ECONOMIC（II）",3,期,True,50,0,10,40,李予綱,"五A,1,B(社SS 1005)","['', '', '', '', 'A1B', '', '']",《獨立研究》,[],False
https://selcrs.nsysu.edu.tw/menu5/showoutline.asp?SYEAR=114&SEM=1&CrsDat=PE404D&Crsname=政經實作專題（二）,,,True,政經系,PE404D,4,不分班,"政經實作專題（二）
INDEPENDENT STUDIES IN POLITICAL ECONOMIC（II）",3,期,True,50,0,9,41,張光亮,"三A,1,B(社SS 1005)","['', '', 'A1B', '', '', '', '']",《獨立研究》,[],False
https://selcrs.nsysu.edu.tw/menu5/showoutline.asp?SYEAR=114&SEM=1&CrsDat=PE404E&Crsname=政經實作專題（二）,異動,更換授課方式8/6,True,政經系,PE404E,4,不分班,"政經實作專題（二）
INDEPENDENT STUDIES IN POLITICAL ECONOMIC（II）",3,期,True,50,0,6,44,李明軒,"二A,1,B(社SS 3001)","['', 'A1B', '', '', '', '', '']",《獨立研究》,[],True
https://selcrs.nsysu.edu.tw/menu5/showoutline.asp?SYEAR=114&SEM=1&CrsDat=PE404F&Crsname=政經實作專題（二）,異動,更換授課方式8/6,True,政經系,PE404F,4,不分班,"政經實作專題（二）
INDEPENDENT STUDIES IN POLITICAL ECONOMIC（II）",3,期,True,50,0,6,44,陳若蘭,"一A,1,B(社SS 3001)","['A1B', '', '', '', '', '', '']",《獨立研究》,[],True
https://selcrs.nsysu.edu.tw/menu5/showoutline.asp?SYEAR=114&SEM=1&CrsDat=PE404G&Crsname=政經實作專題（二）,,,True,政經系,PE404G,4,不分班,"政經實作專題（二）
INDEPENDENT STUDIES IN POLITICAL ECONOMIC（II）",3,期,True,50,0,2,48,吳世傑,"一A,1,B(社SS 3005)","['A1B', '', '', '', '', '', '']",《獨立研究》,[],False
https://selcrs.nsysu.edu.tw/menu5/showoutline.asp?SYEAR=114&SEM=1&CrsDat=PE423&Crsname=賽局理論導論,,,False,政經系,PE423,3,不分班,"賽局理論導論
INTRODUCTION TO GAME THEORY",3,期,False,50,0,44,6,王俊傑,"三2,3,4(社SS 1006)","['', '', '234', '', '', '', '']",《講授類》,"['金融工程學程', '智慧城市與智慧運輸學程', '數據科學微學程']",False
https://selcrs.nsysu.edu.tw/menu5/showoutline.asp?SYEAR=114&SEM=1&CrsDat=SOC101&Crsname=社會學（一）,,,False,社會系,SOC101,1,不分班,"社會學（一）
SOCIOLOGY",3,期,True,50,0,51,-1,李宛儒,"四8,6,7(社SS 4001)","['', '', '', '678', '', '', '']","《講授類》
點選本課請同時點選《社會學實習（一）》",[],False
https://selcrs.nsysu.edu.tw/menu5/showoutline.asp?SYEAR=114&SEM=1&CrsDat=SOC105&Crsname=社會學實習（一）,,,False,社會系,SOC105,1,不分班,"社會學實習（一）
SOCIOLOGY PRACTICE ( I )",1,期,True,50,0,48,2,李宛儒,"三D,E(社SS 1003)(實驗)","['', '', 'DE', '', '', '', '']","《實習類》
本課程限選修本系《社會學（一）》之學生。",[],False
https://selcrs.nsysu.edu.tw/menu5/showoutline.asp?SYEAR=114&SEM=1&CrsDat=SOC130&Crsname=閱讀與寫作,異動,更換教室9/11,False,社會系,SOC130,1,不分班,"閱讀與寫作
READING AND WRITING",3,期,True,50,2,51,-1,楊又欣,"一8,6,7(社SS 4004-2)","['678', '', '', '', '', '', '']",《講授類》,['中文創意跨域應用整合學程'],False
https://selcrs.nsysu.edu.tw/menu5/showoutline.asp?SYEAR=114&SEM=1&CrsDat=SOC132&Crsname=語言與文化,異動,更換授課方式8/7,False,社會系,SOC132,1,不分班,"語言與文化
LANGUAGE AND CULTURE",3,期,False,50,0,19,31,江河清,"四8,6,7(社SS 1003)","['', '', '', '678', '', '', '']",《講授類》,['全球研究學分學程'],True
https://selcrs.nsysu.edu.tw/menu5/showoutline.asp?SYEAR=114&SEM=1&CrsDat=SOC201&Crsname=社會統計（一）,,,False,社會系,SOC201,2,不分班,"社會統計（一）
SOCIAL STATISTICS (I)",3,期,True,50,2,40,10,葉高華,"二2,3,4(圖IL PC02)","['', '234', '', '', '', '', '']","《講授類》
點選本課請同時點選《社會統計實習（一）》。",[],False
https://selcrs.nsysu.edu.tw/menu5/showoutline.asp?SYEAR=114&SEM=1&CrsDat=SOC202&Crsname=南方社會學,異動,更換時間8/4,False,社會系,SOC202,3,不分班,"南方社會學
SOUTHERN SOCIOLOGY",3,期,True,50,0,41,9,"林傳凱,王梅香","二2,3,4(社SS 4001)","['', '234', '', '', '', '', '']","《講授類》
限修過本系或跨院選修之社會學(一)(二)且及格",[],False
https://selcrs.nsysu.edu.tw/menu5/showoutline.asp?SYEAR=114&SEM=1&CrsDat=SOC203&Crsname=社會統計（二）,,,False,社會系,SOC203,3,不分班,"社會統計（二）
SOCIAL STATISTICS (II)",3,期,True,50,0,28,22,戴昀,"三2,3,4(圖IL PC02)","['', '', '234', '', '', '', '']","《講授類》
「限修過本系社會統計(一)且及格，點選本課請同時點選社會統計實習(二)」",[],False
https://selcrs.nsysu.edu.tw/menu5/showoutline.asp?SYEAR=114&SEM=1&CrsDat=SOC205&Crsname=觀光與社會,,,False,社會系,SOC205,2,不分班,"觀光與社會
TOURISM AND SOCIOLOGY",3,期,False,50,0,26,24,楊又欣,"二8,6,7(社SS 4004-2)","['', '678', '', '', '', '', '']",《講授類》,[],True
https://selcrs.nsysu.edu.tw/menu5/showoutline.asp?SYEAR=114&SEM=1&CrsDat=SOC212&Crsname=媒體與社會,異動,更換教室9/11,False,社會系,SOC212,2,不分班,"媒體與社會
MEDIA AND SOCIETY",3,期,False,50,1,25,25,戴昀,"四2,3,4(社SS 4004-2)","['', '', '', '234', '', '', '']",《講授類》,['全球研究學分學程'],True
https://selcrs.nsysu.edu.tw/menu5/showoutline.asp?SYEAR=114&SEM=1&CrsDat=SOC213&Crsname=環境社會學,,,False,社會系,SOC213,2,不分班,"環境社會學
ENVIRONMENTAL SOCIOLOGY",3,期,False,50,0,41,9,邱花妹,"四8,6,7(社SS 4004-2)","['', '', '', '678', '', '', '']",《講授類》,"['環境教育學程', '環境科技與管理學程', '公民參與微學程', '社會情緒學習與內在永續發展微學程', '全球研究學分學程', '氣候變遷與調適學分學程', '永續發展與社會創新微學程']",False
https://selcrs.nsysu.edu.tw/menu5/showoutline.asp?SYEAR=114&SEM=1&CrsDat=SOC220&Crsname=社會統計實習（一）,異動,更換時間7/8,False,社會系,SOC220,2,不分班,"社會統計實習（一）
SOCIAL STATISTICS PRACTICE ( I )",1,期,True,50,0,38,12,葉高華,"二C,D(圖IL PC02)(實驗)","['', 'CD', '', '', '', '', '']","《實習類》
本課程限選修本系《社會統計（一）》之學生。",[],False
https://selcrs.nsysu.edu.tw/menu5/showoutline.asp?SYEAR=114&SEM=1&CrsDat=SOC221&Crsname=社會統計實習（二）,,,False,社會系,SOC221,3,不分班,"社會統計實習（二）
SOCIAL STATISTICS PRACTICE ( II )",1,期,True,50,0,28,22,戴昀,"四C,D(圖IL PC 02)(實驗)","['', '', '', 'CD', '', '', '']","《實習類》
本課程限選修本系《社會統計（二）》之學生。",[],False
https://selcrs.nsysu.edu.tw/menu5/showoutline.asp?SYEAR=114&SEM=1&CrsDat=SOC252&Crsname=博物館社會學,異動,更換教室9/3,False,社會系,SOC252,2,不分班,"博物館社會學
MUSEUM SOCIOLOGY",3,期,False,50,2,56,-6,巴清雄,"五8,6,7(社SS 4001)","['', '', '', '', '678', '', '']",《講授類》,"['都市文化與地景微學程', '原民文化探索及永續發展學程', '當代策展與藝術行政學程', '臺灣研究學程']",False
https://selcrs.nsysu.edu.tw/menu5/showoutline.asp?SYEAR=114&SEM=1&CrsDat=SOC257&Crsname=全球政治,,,False,社會系,SOC257,3,不分班,"全球政治
GLOBAL POLITICS",3,期,False,25,5,9,16,方志恒,"二8,6,7(社SS 4001)","['', '678', '', '', '', '', '']",《講授類》,"['地方發展與永續農業微學程', '全球研究學分學程', '國際素養微學程']",True
https://selcrs.nsysu.edu.tw/menu5/showoutline.asp?SYEAR=114&SEM=1&CrsDat=SOC302&Crsname=社會理論（一）,,,False,社會系,SOC302,2,不分班,"社會理論（一）
SOCIAL THEORIES (I)",3,期,True,50,0,38,12,林傳凱,"二8,6,7(社SS 2001)","['', '678', '', '', '', '', '']","《講授類》
限修過本系或跨院選修之社會學(一)(二)且及格。",[],False
https://selcrs.nsysu.edu.tw/menu5/showoutline.asp?SYEAR=114&SEM=1&CrsDat=SOC303&Crsname=社會學質性研究方法（二）,異動,更換教室8/20,False,社會系,SOC303,3,不分班,"社會學質性研究方法（二）
QUALITATIVE RESEARCH METHODS IN SOCIOLOGY (II)",3,期,True,50,0,17,33,"王梅香,邱花妹","一2,3,4(社SS 4004-2)","['234', '', '', '', '', '', '']",《講授類》,[],False
https://selcrs.nsysu.edu.tw/menu5/showoutline.asp?SYEAR=114&SEM=1&CrsDat=SOC305&Crsname=社會學質性研究方法實習（二）,異動,更換時間9/10,False,社會系,SOC305,3,不分班,"社會學質性研究方法實習（二）
QUALITATIVE RESEARCH METHODS IN SOCIOLOGY: PRACTICE (II)",1,期,True,50,0,17,33,"王梅香,邱花妹",一1(社SS 4004-2)(實驗) 二9(社SS 4004-2)(實驗),"['1', '9', '', '', '', '', '']",《實習類》,[],False
https://selcrs.nsysu.edu.tw/menu5/showoutline.asp?SYEAR=114&SEM=1&CrsDat=SOC306&Crsname=生態旅遊社會學,異動,取消合授6/20,False,社會系,SOC306,3,不分班,"生態旅遊社會學
SOCIOLOGY OF ECOTOURISM",3,期,False,30,0,8,22,巴清雄,,"['', '123456789', '1234567DE', '123456789', '123456789', '123456789', '123456789']","《講授類》
暑假密集式授課8/12-8/17，限有修課同學選修",[],True
https://selcrs.nsysu.edu.tw/menu5/showoutline.asp?SYEAR=114&SEM=1&CrsDat=SOC307&Crsname=社會調查與文史轉譯：校園博物館實作（一）,異動,更換教室7/31,False,社會系,SOC307,3,不分班,"社會調查與文史轉譯：校園博物館實作（一）
SOCIAL SURVEY AND CULTURAL-HISTORICAL TRANSLATION: CAMPUS MUSEUM PRACTICE (I)",3,期,False,15,0,14,1,"林傳凱,王梅香",,"['123456789CD', '123456789CD', '1234567DEF', '123456789CD', '123456789CD', '', '']","《講授類》
暑假密集式授課9/1-9/5，限有修課同學選修",[],False
https://selcrs.nsysu.edu.tw/menu5/showoutline.asp?SYEAR=114&SEM=1&CrsDat=SOC323&Crsname=社會政策,異動,更換時間8/12,False,社會系,SOC323,3,不分班,"社會政策
SOCIAL POLICY",3,期,False,50,1,20,30,楊靜利,"三2,3,4(社SS 4004-2)","['', '', '234', '', '', '', '']",《講授類》,[],False
https://selcrs.nsysu.edu.tw/menu5/showoutline.asp?SYEAR=114&SEM=1&CrsDat=CSS101&Crsname=心理學,,,False,社科院,CSS101,0,不分班,"心理學
INTRODUCTION TO PSYCHOLOGY",3,期,False,20,11,21,-1,"鄭雯,馮雅群","一5,6,7(社SS 2001)","['567', '', '', '', '', '', '']",《講授類》,['人力資源管理學程'],False
https://selcrs.nsysu.edu.tw/menu5/showoutline.asp?SYEAR=114&SEM=1&CrsDat=CSS120&Crsname=剖析都市：數據分析方法與應用,,,False,社科院,CSS120,0,不分班,"剖析都市：數據分析方法與應用
THE ANATOMY OF THE CITY: DATA ANALYSIS METHOD AND APPLICATION",3,期,False,20,2,25,-5,李予綱,"五2,3,4(社SS 3001)","['', '', '', '', '234', '', '']",《講授類》,"['智慧城市與智慧運輸學程', '數據科學微學程']",False
https://selcrs.nsysu.edu.tw/menu5/showoutline.asp?SYEAR=114&SEM=1&CrsDat=CSS128&Crsname=創意手機遊戲程式設計,,,False,社科院,CSS128,0,不分班,"創意手機遊戲程式設計
CREATIVE MOBILE GAME PROGRAMMING",3,期,False,30,5,20,10,李春雄,"四2,3,4(圖IL PC03)","['', '', '', '234', '', '', '']","《講授類》
『本課程之限修，於加退選2階段開放選修』。限非應數、電機、機電、資工、材光、光電、資管、海工系學生修習",[],False
https://selcrs.nsysu.edu.tw/menu5/showoutline.asp?SYEAR=114&SEM=1&CrsDat=CSS133&Crsname=永續都市環境行為及心理學,,,False,社科院,CSS133,0,不分班,"永續都市環境行為及心理學
SUSTAINABLE URBAN ENVIRONMENTAL BEHAVIOR AND PSYCHOLOGY",3,期,False,20,0,21,-1,謝旭昇,"五8,6,7(社SS 3005)","['', '', '', '', '678', '', '']",《講授類》,"['地方創生與永續發展整合學程', '碳流資訊盤查與低碳設計微學程', '淨零轉型與永續發展整合學程', '智慧城市與智慧運輸學程', '都市永續規劃與管理微學程', '地方創生與區域治理微學程', '綠色港市微學程', '永續管理微學程']",False
https://selcrs.nsysu.edu.tw/menu5/showoutline.asp?SYEAR=114&SEM=1&CrsDat=CSS134&Crsname=智慧城市與智慧運輸趨勢、發展及課題研析,,,False,社科院,CSS134,0,不分班,"智慧城市與智慧運輸趨勢、發展及課題研析
THE TREND, DEVELOPMENT, AND CHALLENGE OF SMART CITY AND SMART TRANSIT",3,期,False,20,6,27,-7,"夏晧清,李予綱","五5,6,7(社SS 3001)","['', '', '', '', '567', '', '']",《演講/參訪》,"['製造與大數據分析微學程', '數據科學微學程', '都市文化與地景微學程', '環境、社會及公司治理微學程', '公共交通行動服務微學程', '智慧城市與智慧運輸學程', '城市行銷微學程', '都市永續規劃與管理微學程', '運輸管理微學程']",False
https://selcrs.nsysu.edu.tw/menu5/showoutline.asp?SYEAR=114&SEM=1&CrsDat=CSS140&Crsname=智慧城市數位轉型,,,False,社科院,CSS140,0,不分班,"智慧城市數位轉型
DIGITAL TRANSFORMATION OF SMART CITIES",3,期,False,80,0,30,50,李予綱,"三2,3,4(社SS 4001)","['', '', '234', '', '', '', '']",《講授類》,"['智慧城市與智慧運輸學程', '城市行銷微學程']",False
https://selcrs.nsysu.edu.tw/menu5/showoutline.asp?SYEAR=114&SEM=1&CrsDat=CSS151&Crsname=文化地景專題: 遺產化的政治經濟學,,,False,社科院,CSS151,0,不分班,"文化地景專題: 遺產化的政治經濟學
TOPICS IN EAST ASIAN CITIES: CULTURAL ECONOMY AND CULTURAL GOVERNANCE",3,期,False,25,0,11,14,蔡書瑋,"二2,3,4(社SS 1004)","['', '234', '', '', '', '', '']",《講授類》,"['都市文化與地景微學程', '原民文化探索及永續發展學程', '智慧城市與智慧運輸學程']",False
https://selcrs.nsysu.edu.tw/menu5/showoutline.asp?SYEAR=114&SEM=1&CrsDat=CSS157&Crsname=數理統計,新增,7/17,False,社科院,CSS157,0,不分班,"數理統計
MATHEMATICAL STATISTICS",3,期,False,15,2,4,11,鄭子長,"一8,6,7(社SS 1004)","['678', '', '', '', '', '', '']",《講授類》,[],False
https://selcrs.nsysu.edu.tw/menu5/showoutline.asp?SYEAR=114&SEM=1&CrsDat=CSS159&Crsname=歐洲人權法院裁判導讀,,,False,社科院,CSS159,0,不分班,"歐洲人權法院裁判導讀
INTRODUCTION TO ECHR CASE LAW",3,期,False,50,0,4,46,陳盈雪,"四5,6,7(社SS 1004)","['', '', '', '567', '', '', '']",《講授類》,[],True
https://selcrs.nsysu.edu.tw/menu5/showoutline.asp?SYEAR=114&SEM=1&CrsDat=CSS160&Crsname=性別教育,,,False,社科院,CSS160,0,不分班,"性別教育
GENDER EDUCATION",2,期,False,25,0,10,15,"宋呈澔,林靜慧","三3,4(社SS 2001)","['', '', '34', '', '', '', '']",《講授類》,"['性別研究學程', '社會情緒學習與內在永續發展微學程']",False
https://selcrs.nsysu.edu.tw/menu5/showoutline.asp?SYEAR=114&SEM=1&CrsDat=CSS161&Crsname=賽局導論,,,False,社科院,CSS161,0,不分班,"賽局導論
INTRODUCTION TO GAME THEORY",3,期,False,25,0,6,19,許嘉麟,"四8,6,7(社SS 1005)","['', '', '', '678', '', '', '']",《講授類》,[],False
https://selcrs.nsysu.edu.tw/menu5/showoutline.asp?SYEAR=114&SEM=1&CrsDat=CSS162&Crsname=社會問題法律個案分析,,,False,社科院,CSS162,0,不分班,"社會問題法律個案分析
LAW ANALYSIS FOR THE SOCIAL PROBLEM-CASE STUDY",3,期,False,20,4,15,5,陳盈雪,"四2,3,4(社SS 2011)","['', '', '', '234', '', '', '']",《講授類》,[],False
https://selcrs.nsysu.edu.tw/menu5/showoutline.asp?SYEAR=114&SEM=1&CrsDat=SWC101&Crsname=職涯探索與實習,異動,取消限修條件8/20,False,西灣學院,SWC101,0,不分班,"職涯探索與實習
CAREER EXPLORATION AND INTERNSHIP LEARNING",2,期,False,50,2,41,9,"王啟仲,王致遠","二8,9(西SW 1007)","['', '89', '', '', '', '', '']",《講授類》,['人力資源管理學程'],False
https://selcrs.nsysu.edu.tw/menu5/showoutline.asp?SYEAR=114&SEM=1&CrsDat=PIS1001&Crsname=文化人類學,,,False,人科學程,PIS1001,1,不分班,"文化人類學
CULTURAL ANTHROPOLOGY",3,期,True,30,0,28,2,宋世祥,"三2,3,4(西SW 1005)","['', '', '234', '', '', '', '']",《講授類》,"['日本研究學程', '當代策展與藝術行政學程']",False
https://selcrs.nsysu.edu.tw/menu5/showoutline.asp?SYEAR=114&SEM=1&CrsDat=PIS1002&Crsname=基礎程式應用,異動,確認教師8/12,False,人科學程,PIS1002,1,不分班,"基礎程式應用
BASIC COMPUTER PROGRAMMING AND APPLICATION",3,期,True,50,0,44,6,鄭南玉,"四2,3,4(西SW 1005)","['', '', '', '234', '', '', '']",《講授類》,[],False
https://selcrs.nsysu.edu.tw/menu5/showoutline.asp?SYEAR=114&SEM=1&CrsDat=PIS1006&Crsname=科學應用,異動,確認教師8/12,False,人科學程,PIS1006,2,不分班,"科學應用
SCIENTIFIC APPLICTIONAL",3,期,True,50,0,31,19,鄭南玉,"二5,6,7(西SW 1007)","['', '567', '', '', '', '', '']",《講授類》,[],False
https://selcrs.nsysu.edu.tw/menu5/showoutline.asp?SYEAR=114&SEM=1&CrsDat=PIS1009&Crsname=運輸規劃與管理,,,False,人科學程,PIS1009,1,不分班,"運輸規劃與管理
TRANSPORTATION PLANNING AND MANAGEMENT",3,期,False,20,0,13,7,夏晧清,"三5,6,7(西SW 1007)","['', '', '567', '', '', '', '']",《講授類》,"['智慧城市與智慧運輸學程', '運輸管理微學程']",False
https://selcrs.nsysu.edu.tw/menu5/showoutline.asp?SYEAR=114&SEM=1&CrsDat=PIS1103&Crsname=都市環境概論,,,False,人科學程,PIS1103,1,不分班,"都市環境概論
INTRODUCTION TO URBAN ENVIRONMENT",3,期,False,50,1,20,30,夏晧清,"二2,3,4(西SW 1005)","['', '234', '', '', '', '', '']",《講授類》,"['碳流資訊盤查與低碳設計微學程', '智慧城市與智慧運輸學程', '都市永續規劃與管理微學程', '綠色港市微學程']",False
https://selcrs.nsysu.edu.tw/menu5/showoutline.asp?SYEAR=114&SEM=1&CrsDat=PIS1201&Crsname=音場技術導論,,,False,人科學程,PIS1201,1,不分班,"音場技術導論
INTRODUCTION TO SOUND FIELD TECHNOLOGY",1,期,False,50,0,7,43,陳以軒,,"['', '', '', '678', '', '', '']",《講授類》,"['沉浸式體驗技術與應用學程', '音場技術與情境感受微學程', '沉浸式體驗內容應用微學程']",False
https://selcrs.nsysu.edu.tw/menu5/showoutline.asp?SYEAR=114&SEM=1&CrsDat=PIS1213&Crsname=場景設計導論,,,False,人科學程,PIS1213,1,不分班,"場景設計導論
INTRODUCTION TO SCENE DESIGN",2,期,False,50,0,12,38,李怡賡,"三3,4(文LA 1012)","['', '', '34', '', '', '', '']",《講授類》,[],False
https://selcrs.nsysu.edu.tw/menu5/showoutline.asp?SYEAR=114&SEM=1&CrsDat=PIS2001&Crsname=跨領域探索,異動,確認教師8/18,False,人科學程,PIS2001,2,不分班,"跨領域探索
CROSS-DISCIPLINARY EXPLORATION",1,期,True,50,0,30,20,"夏晧清,宋世祥,張淑美,謝如梅,鄭南玉",,"['', '', '', '', '', '789', '']",《講授類》,[],False
https://selcrs.nsysu.edu.tw/menu5/showoutline.asp?SYEAR=114&SEM=1&CrsDat=PIS2002&Crsname=設計思考,,,False,人科學程,PIS2002,2,不分班,"設計思考
DESIGN THINKING",3,期,True,30,1,29,1,宋世祥,"四5,6,7(西SW 1007)","['', '', '', '567', '', '', '']",《講授類》,"['社區文創微學程', '公民參與微學程', '生態想想微學程', 'STREAM永續發展培力微學程']",False
https://selcrs.nsysu.edu.tw/menu5/showoutline.asp?SYEAR=114&SEM=1&CrsDat=PIS2003&Crsname=科技創新趨勢與需求探索,,,False,人科學程,PIS2003,1,不分班,"科技創新趨勢與需求探索
EXPLORATION THE TRENDS OF TECHNICAL INNOVATION AND SOCIAL NEEDS",3,期,True,50,0,36,14,謝如梅,"一8,6,7(西SW 1005)","['678', '', '', '', '', '', '']",《講授類》,[],False
https://selcrs.nsysu.edu.tw/menu5/showoutline.asp?SYEAR=114&SEM=1&CrsDat=PIS2007&Crsname=創意街區發展與設計思考,,,False,人科學程,PIS2007,2,不分班,"創意街區發展與設計思考
CREATIVE DISTRICT DEVELOPMENT AND DESIGN THINKING",3,期,False,25,0,2,23,宋世祥,"二5,6,7(西SW 1004)","['', '567', '', '', '', '', '']",《講授類》,"['社區文創微學程', '公民參與微學程']",False
https://selcrs.nsysu.edu.tw/menu5/showoutline.asp?SYEAR=114&SEM=1&CrsDat=PIS2008&Crsname=設計心理學,,,False,人科學程,PIS2008,2,不分班,"設計心理學
DESIGN PSYCHOLOGY",3,期,False,50,0,24,26,張淑美,"二5,6,7(西SW 1005)","['', '567', '', '', '', '', '']",《講授類》,[],False
https://selcrs.nsysu.edu.tw/menu5/showoutline.asp?SYEAR=114&SEM=1&CrsDat=PIS2011&Crsname=創意設計方法,,,False,人科學程,PIS2011,2,不分班,"創意設計方法
CREATIVE DESIGN METHODS",3,期,False,20,1,17,3,張淑美,"三5,6,7(西SW 1005)","['', '', '567', '', '', '', '']",《講授類》,"['中文創意跨域應用整合學程', '創新創業微學程', 'STREAM永續發展培力微學程']",False
https://selcrs.nsysu.edu.tw/menu5/showoutline.asp?SYEAR=114&SEM=1&CrsDat=PIS3002&Crsname=跨領域創新專題（二）,異動,更換合授教師8/12,False,人科學程,PIS3002,3,不分班,"跨領域創新專題（二）
INDEPENDENT STUDIES IN CROSS-DISCIPLINARY INNOVATION (2)",3,期,True,50,0,31,19,"夏晧清,宋世祥,張淑美,王兆璋,謝如梅,鄭南玉","六2,3,4(西SW 1005)","['', '', '', '', '', '234', '']",《獨立研究》,[],False
https://selcrs.nsysu.edu.tw/menu5/showoutline.asp?SYEAR=114&SEM=1&CrsDat=PIS4002&Crsname=創新設計或創業專題研討,異動,修正時間9/1,False,人科學程,PIS4002,4,不分班,"創新設計或創業專題研討
SEMINAR IN INNOVATION AND ENTREPRENEURSHIP",2,期,True,50,1,28,22,"吳亦昕,夏晧清,宋世祥,張淑美,謝如梅","六5,6(西SW 1005)","['', '', '', '', '', '56', '']",《研討類》,[],False
https://selcrs.nsysu.edu.tw/menu5/showoutline.asp?SYEAR=114&SEM=1&CrsDat=III1001&Crsname=閱讀與寫作,異動,取消合授教師8/19,False,國際學士原民專班,III1001,1,不分班,"閱讀與寫作
READING AND WRITING",3,期,True,50,0,7,43,王宏仁,"四8,6,7(西SW 1004)","['', '', '', '678', '', '', '']",《講授類》,[],False
https://selcrs.nsysu.edu.tw/menu5/showoutline.asp?SYEAR=114&SEM=1&CrsDat=III1002&Crsname=南島文化概論,異動,更換教室9/12,False,國際學士原民專班,III1002,1,不分班,"南島文化概論
INTRODUCTION TO AUSTRONESIAN CULTURES",3,期,True,50,0,9,41,吳明仁,"五2,3,4(通GE 4020)","['', '', '', '', '234', '', '']",《講授類》,[],False
https://selcrs.nsysu.edu.tw/menu5/showoutline.asp?SYEAR=114&SEM=1&CrsDat=III1007&Crsname=流行音樂、科技與社會,異動,更換時間及教室8/12,False,國際學士原民專班,III1007,1,不分班,"流行音樂、科技與社會
POPULAR MUSIC, TECHNOLOGY AND SOCIETY",3,期,False,20,0,4,16,王啟仲,"三5,6,7(通GE 1010)","['', '', '567', '', '', '', '']",《講授類》,['文化產業創新學程'],False
https://selcrs.nsysu.edu.tw/menu5/showoutline.asp?SYEAR=114&SEM=1&CrsDat=III1009&Crsname=普世人權：觀念與挑戰,異動,更換時間及教室8/5,False,國際學士原民專班,III1009,1,不分班,"普世人權：觀念與挑戰
UNIVERSAL HUMAN RIGHTS: IDEAS AND CHALLENGES",3,期,False,20,0,3,17,許家豪,"一2,3,4(通GE 1008)","['234', '', '', '', '', '', '']",《講授類》,[],True
https://selcrs.nsysu.edu.tw/menu5/showoutline.asp?SYEAR=114&SEM=1&CrsDat=III1013&Crsname=都市農業與永續發展,,,False,國際學士原民專班,III1013,1,不分班,"都市農業與永續發展
URBAN AGRICULTURE AND SUSTAINABLE DEVELOPMENT",3,期,False,20,0,1,19,"李育諭,林季怡","五8,6,7(通GE 4016)","['', '', '', '', '678', '', '']",《講授類》,"['地方創生與永續發展整合學程', '地方發展與永續農業微學程', '氣候變遷與調適學分學程', '地方創生與區域治理微學程']",False
https://selcrs.nsysu.edu.tw/menu5/showoutline.asp?SYEAR=114&SEM=1&CrsDat=DPBM101&Crsname=習醫之道,,,False,後醫學系,DPBM101,1,不分班,"習醫之道
ON DOCTORING",0.5,期,True,50,0,18,32,陳彥旭,,"['78', '', '', '89', '89', '', '']","《演講/參訪》
限後醫系修習",[],False
https://selcrs.nsysu.edu.tw/menu5/showoutline.asp?SYEAR=114&SEM=1&CrsDat=DPBM103&Crsname=生物化學,,,False,後醫學系,DPBM103,1,不分班,"生物化學
BIOCHEMISTRY",2,期,True,50,0,18,32,"劉勃佑,孫羽佑,徐志文,李昇翰,李豪嶧,王文宏,趙敏吾,陳亮傑,陳彥樺",,"['234', '', '234', '', '234', '', '']","《醫學類》
限後醫系修習",[],False
https://selcrs.nsysu.edu.tw/menu5/showoutline.asp?SYEAR=114&SEM=1&CrsDat=DPBM108&Crsname=臨床技能（一）,異動,確認教師8/28,False,後醫學系,DPBM108,1,不分班,"臨床技能（一）
MEDICAL SKILL TRAINING PROGRAM(I)",0.5,年,True,23,0,18,5,王慧婷,,"['123456', '', '', '', '678', '', '']","《醫學類》
限後醫系修習",[],False
https://selcrs.nsysu.edu.tw/menu5/showoutline.asp?SYEAR=114&SEM=1&CrsDat=DPBM120&Crsname=大體解剖學,,,False,後醫學系,DPBM120,1,不分班,"大體解剖學
GROSS ANATOMY",4,期,True,50,0,18,32,"柯翠玲,甘祐瑜",,"['345678', '78', '1234567', '12345678', '23478', '', '']","《醫學類》
限後醫系修習",[],False
https://selcrs.nsysu.edu.tw/menu5/showoutline.asp?SYEAR=114&SEM=1&CrsDat=DPBM121&Crsname=大體解剖學實驗,,,False,後醫學系,DPBM121,1,不分班,"大體解剖學實驗
GROSS ANATOMY LABORATORY COURSE",3,期,True,50,0,18,32,"柯翠玲,甘祐瑜",,"['', '12345678', '1', '', '12345678', '', '']","《實驗類》
限後醫系修習",[],False
https://selcrs.nsysu.edu.tw/menu5/showoutline.asp?SYEAR=114&SEM=1&CrsDat=DPBM122&Crsname=醫學生理學導論,,,False,後醫學系,DPBM122,1,不分班,"醫學生理學導論
INTRODUCTION OF MEDICAL PHYSIOLOGY",1,期,True,50,0,18,32,柯瓊媛,,"['789', '129', '12', '124', '', '', '']","《醫學類》
限後醫系修習",[],False
https://selcrs.nsysu.edu.tw/menu5/showoutline.asp?SYEAR=114&SEM=1&CrsDat=DPBM123&Crsname=藥理學導論,,,False,後醫學系,DPBM123,1,不分班,"藥理學導論
THE BASIC PRINCIPLE OF PHARMACOLOGY",1,期,True,50,0,18,32,趙敏吾,,"['5678', '345678', '3456', '56', '', '', '']","《醫學類》
限後醫系修習",[],False
https://selcrs.nsysu.edu.tw/menu5/showoutline.asp?SYEAR=114&SEM=1&CrsDat=DPBM124&Crsname=組織病理學導論,,,False,後醫學系,DPBM124,1,不分班,"組織病理學導論
HISTOLOGY AND PATHOLOGY",1,期,True,50,0,18,32,"劉婷婷,甘祐瑜,陳德全",,"['23', '234', '234567', '56', '256', '', '']","《醫學類》
限後醫系修習",[],False
https://selcrs.nsysu.edu.tw/menu5/showoutline.asp?SYEAR=114&SEM=1&CrsDat=DPBM125&Crsname=醫學寄生蟲學,,,False,後醫學系,DPBM125,1,不分班,"醫學寄生蟲學
PARASITOLOGY",1,期,True,50,0,18,32,楊忠達,,"['3456', '356', '', '567', '34567', '', '']","《醫學類》
限後醫系修習",[],False
https://selcrs.nsysu.edu.tw/menu5/showoutline.asp?SYEAR=114&SEM=1&CrsDat=DPBM127&Crsname=人類免疫學導論,,,False,後醫學系,DPBM127,1,不分班,"人類免疫學導論
INTRODUCTION TO HUMAN IMMUNOLOGY",1,期,True,50,0,18,32,陳彥樺,,"['3456', '1256', '12', '56', '789', '', '']","《醫學類》
限後醫系修習",[],False
https://selcrs.nsysu.edu.tw/menu5/showoutline.asp?SYEAR=114&SEM=1&CrsDat=DPBM128&Crsname=醫用微生物學導論,,,False,後醫學系,DPBM128,1,不分班,"醫用微生物學導論
INTRODUCTION TO MEDICAL MICROBIOLOGY",2,期,True,50,0,18,32,"劉勃佑,王文宏",,"['5678', '56', '56', '23456', '56', '', '']","《醫學類》
限後醫系修習",[],False
https://selcrs.nsysu.edu.tw/menu5/showoutline.asp?SYEAR=114&SEM=1&CrsDat=DPBM129&Crsname=宿主感染、免疫與血液基礎醫學,,,False,後醫學系,DPBM129,1,不分班,"宿主感染、免疫與血液基礎醫學
THE BASIC MEDICAL SCIENCE OF HOST INFECTION, IMMUNITY AND BLOOD",2.5,期,True,50,0,18,32,"廖嘉賓,張博智,李恒昇,柯瓊媛,甘祐瑜,趙敏吾,陳彥樺",,"['345678', '', '234', '2345678', '2345678', '', '']","《醫學類》
限後醫系修習",[],False
https://selcrs.nsysu.edu.tw/menu5/showoutline.asp?SYEAR=114&SEM=1&CrsDat=DPBM130&Crsname=宿主感染、免疫與血液臨床醫學,異動,確認教師8/27,False,後醫學系,DPBM130,1,不分班,"宿主感染、免疫與血液臨床醫學
CLINICAL MEDICINE OF HOST INFECTION, IMMUNITY AND BLOOD",2,期,True,50,0,18,32,"吳冠陞,呂聆音,周稚偵,張博智,施正蓮,曾瑞成,曾鈺婷,朱國安,李欣蓉,林世哲,林峻宇,楊文祺,洪英中,王立峰,翁雅為,葉明倫,蔡宏津,趙敏吾,陳瑞光,顏伶容",,"['123456789', '', '1234', '25678', '234678', '', '']","《醫學類》
限後醫系修習",[],False
https://selcrs.nsysu.edu.tw/menu5/showoutline.asp?SYEAR=114&SEM=1&CrsDat=DPBM131&Crsname=醫學心理學,,,False,後醫學系,DPBM131,1,不分班,"醫學心理學
MEDICAL PSYCHOLOGY",1,期,True,50,0,18,32,馮雅群,,"['', '', '', '567', '56789', '', '']","《醫學類》
限後醫系修習",[],False
https://selcrs.nsysu.edu.tw/menu5/showoutline.asp?SYEAR=114&SEM=1&CrsDat=DPBM133&Crsname=溝通與專業素養（一）,,,False,後醫學系,DPBM133,1,不分班,"溝通與專業素養（一）
COMMUNICATION AND PROFESSIONALISM (I)",0.5,期,True,50,0,18,32,陳德全,,"['678', '', '', '678', '', '', '']","《醫學類》
限後醫系修習",[],False
https://selcrs.nsysu.edu.tw/menu5/showoutline.asp?SYEAR=114&SEM=1&CrsDat=DPBM150&Crsname=消化系統總體基因體學,,,False,後醫學系,DPBM150,1,不分班,"消化系統總體基因體學
GASTROINTESTINAL METAGENOMICS",2,期,False,50,0,6,44,劉勃佑,"三5,6(醫IL 9015)","['', '', '56', '', '', '', '']","《講授類》
限後醫系修習",[],False
https://selcrs.nsysu.edu.tw/menu5/showoutline.asp?SYEAR=114&SEM=1&CrsDat=DPBM151&Crsname=腫瘤分子生物學與微環境,,,False,後醫學系,DPBM151,1,不分班,"腫瘤分子生物學與微環境
TUMOR MOLECULARU BIOLOGY & MICROENVIRONMENT",2,期,False,50,0,1,49,柯瓊媛,"三5,6(醫IL 9016)","['', '', '56', '', '', '', '']","《講授類》
限後醫系修習",[],False
https://selcrs.nsysu.edu.tw/menu5/showoutline.asp?SYEAR=114&SEM=1&CrsDat=DPBM204&Crsname=臨床技能（二）,異動,確認教師8/27,False,後醫學系,DPBM204,2,不分班,"臨床技能（二）
MEDICAL SKILL TRAINING PROGRAM(II)",1,期,True,50,0,21,29,"余俊彥,梁深怡,沈元琦,王慧婷,蔡明釗",,"['12346789', '', '', '', '23456789', '', '']","《醫學類》
限後醫系修習",[],False
https://selcrs.nsysu.edu.tw/menu5/showoutline.asp?SYEAR=114&SEM=1&CrsDat=DPBM205&Crsname=溝通與專業素養（三）,,,False,後醫學系,DPBM205,2,不分班,"溝通與專業素養（三）
COMMUNICATION AND PROFESSIONALISM(III)",1,期,True,50,0,21,29,陳德全,,"['678', '678', '', '', '', '', '']","《醫學類》
限後醫系修習",[],False
https://selcrs.nsysu.edu.tw/menu5/showoutline.asp?SYEAR=114&SEM=1&CrsDat=DPBM213&Crsname=心臟血管基礎醫學,,,False,後醫學系,DPBM213,2,不分班,"心臟血管基礎醫學
THE BASIC MEDICAL SCIENCE OF CARDIOVASCULAR SYSTEM",3,期,True,50,0,21,29,"劉勃佑,李昇翰,柯瓊媛,王文宏,甘祐瑜,鄭雅勻,陳亮傑,陳彥旭,陳彥樺",,"['34567', '12345678', '3456', '34568', '345678', '', '']","《醫學類》
限後醫系修習",[],False
https://selcrs.nsysu.edu.tw/menu5/showoutline.asp?SYEAR=114&SEM=1&CrsDat=DPBM214&Crsname=心臟血管臨床醫學,異動,確認教師8/8,False,後醫學系,DPBM214,2,不分班,"心臟血管臨床醫學
CLINICAL MEDICINE OF CARDIOVASCULAR SYSTEM",2,期,True,50,0,21,29,"張博智,張瑋婷,施志遠,李威杰,陳彥旭",,"['345678', '345678', '234567', '67', '2345678', '', '']","《醫學類》
限後醫系修習",[],False
https://selcrs.nsysu.edu.tw/menu5/showoutline.asp?SYEAR=114&SEM=1&CrsDat=DPBM215&Crsname=呼吸系統基礎醫學,,,False,後醫學系,DPBM215,2,不分班,"呼吸系統基礎醫學
THE BASIC MEDICAL SCIENCES OF RESPIRATORY SYSTEM",2,期,True,50,0,21,29,"劉勃佑,朱彰堯,李昇翰,柯瓊媛,柯翠玲,王文宏,鄭雅勻,陳亮傑,陳彥樺",,"['345678', '123567', '3456', '23456', '45', '', '']","《醫學類》
限後醫系修習",[],False
https://selcrs.nsysu.edu.tw/menu5/showoutline.asp?SYEAR=114&SEM=1&CrsDat=DPBM216&Crsname=呼吸系統臨床醫學,異動,更換部份時間8/12,False,後醫學系,DPBM216,2,不分班,"呼吸系統臨床醫學
CLINICAL MEDICINE OF RESPIRATORY SYSTEM",2,期,True,50,0,21,29,"張博智,李昇翰,王文宏,蔣士仁,鄭舒帆,鄭雅勻",,"['56789', '23456789', '23', '5678', '235678', '', '']","《醫學類》
限後醫系修習",[],False
https://selcrs.nsysu.edu.tw/menu5/showoutline.asp?SYEAR=114&SEM=1&CrsDat=DPBM217&Crsname=消化系統基礎醫學,,,False,後醫學系,DPBM217,2,不分班,"消化系統基礎醫學
THE BASIC MEDICAL SCIENCE OF DIGESTIVE SYSTEM",2,期,True,50,0,21,29,"劉勃佑,柯瓊媛,柯翠玲,王文宏",,"['23567', '234567', '1234', '23456', '', '', '']","《醫學類》
限後醫系修習",[],False
https://selcrs.nsysu.edu.tw/menu5/showoutline.asp?SYEAR=114&SEM=1&CrsDat=DPBM218&Crsname=消化系統臨床醫學,異動,確認教師8/27,False,後醫學系,DPBM218,2,不分班,"消化系統臨床醫學
CLINICAL MEDICINE OF RESPIRATORY SYSTEM",2,期,True,50,0,21,29,"劉婷婷,張博智,葉明倫,蔡明釗,陳亮傑,陳彥樺",,"['34567', '345678', '234', '12345678', '1234567', '', '']","《醫學類》
限後醫系修習",[],False
https://selcrs.nsysu.edu.tw/menu5/showoutline.asp?SYEAR=114&SEM=1&CrsDat=DPBM219&Crsname=腎臟與泌尿系統基礎醫學,,,False,後醫學系,DPBM219,2,不分班,"腎臟與泌尿系統基礎醫學
THE BASIC MEDICAL SCIENCE OF  KIDNEY AND URETERAL",2,期,True,50,0,21,29,"劉勃佑,李昇翰,柯瓊媛,甘祐瑜,葉明倫,鄭雅勻,陳亮傑,陳彥樺",,"['34567', '345679', '34', '3456', '345678', '', '']","《醫學類》
限後醫系修習",[],False
https://selcrs.nsysu.edu.tw/menu5/showoutline.asp?SYEAR=114&SEM=1&CrsDat=DPBM220&Crsname=腎臟與泌尿系統臨床醫學,異動,確認教師8/27,False,後醫學系,DPBM220,2,不分班,"腎臟與泌尿系統臨床醫學
CLINICAL MEDICINE OF KIDNEY AND URETERAL",2,期,True,50,0,21,29,"張博智,沈元琦,王弘仁,葉明倫,陳建旭,陳彥樺,陳德全",,"['234567', '12345678', '234', '234', '23456', '', '']","《醫學類》
限後醫系修習",[],False
https://selcrs.nsysu.edu.tw/menu5/showoutline.asp?SYEAR=114&SEM=1&CrsDat=DPBM221&Crsname=腫瘤學,異動,調整教師時間8/19,False,後醫學系,DPBM221,2,不分班,"腫瘤學
ONCOLOGY",1,期,True,50,0,21,29,"劉婷婷,王文宏,葉明倫,趙敏吾,陳彥樺,陳德全,陳秀玲",,"['4', '345678', '234', '234678', '67', '', '']","《醫學類》
限後醫系修習",[],False
https://selcrs.nsysu.edu.tw/menu5/showoutline.asp?SYEAR=114&SEM=1&CrsDat=DPBM235&Crsname=藥物科技,,,False,後醫學系,DPBM235,2,不分班,"藥物科技
PHARMACEUTICAL TECHNOLOGY",2,期,False,50,0,7,43,陳亮傑,"三5,6(醫IL 9017)","['', '', '56', '', '', '', '']","《講授類》
限後醫系修習",[],False
https://selcrs.nsysu.edu.tw/menu5/showoutline.asp?SYEAR=114&SEM=1&CrsDat=DPBM236&Crsname=組織學研究法,,,False,後醫學系,DPBM236,2,不分班,"組織學研究法
RESEARCH METHODS IN HISTOLOGY",2,期,False,50,0,3,47,甘祐瑜,"三5,6(醫IL 9018)","['', '', '56', '', '', '', '']","《講授類》
限後醫系修習",[],False
https://selcrs.nsysu.edu.tw/menu5/showoutline.asp?SYEAR=114&SEM=1&CrsDat=DPBM237&Crsname=基礎臨床核心課程與案例分析,異動,確認教師8/12,False,後醫學系,DPBM237,2,不分班,"基礎臨床核心課程與案例分析
BASIC CLINICAL CORE CURRICULUM AND CASE ANALYSIS",1,期,False,50,0,1,49,"朱國安,林明毅,陳建良",三7(醫IL 9014),"['', '', '7', '', '', '', '']","《講授類》
限後醫系修習",[],False
https://selcrs.nsysu.edu.tw/menu5/showoutline.asp?SYEAR=114&SEM=1&CrsDat=DPBM302&Crsname=內科學實習（一）,,,False,後醫學系,DPBM302,3,不分班,"內科學實習（一）
CLERKSHIP IN INTERNAL MEDICINE(I)",6,年,True,23,0,22,1,"張瑋婷,待聘",,"['12345678', '12345678', '1234567', '12345678', '12345678', '', '']","《臨床實習》
限後醫系修習",[],False
https://selcrs.nsysu.edu.tw/menu5/showoutline.asp?SYEAR=114&SEM=1&CrsDat=DPBM303&Crsname=外科學實習（一）,,,False,後醫學系,DPBM303,3,不分班,"外科學實習（一）
CLERKSHIP IN SURGERY(I)",6,年,True,23,0,22,1,"張博智,待聘",,"['12345678', '12345678', '1234567', '12345678', '12345678', '', '']","《臨床實習》
限後醫系修習",[],False
https://selcrs.nsysu.edu.tw/menu5/showoutline.asp?SYEAR=114&SEM=1&CrsDat=DPBM304&Crsname=婦產科學實習（一）,,,False,後醫學系,DPBM304,3,不分班,"婦產科學實習（一）
CLERKSHIP IN OBSTETRICS AND GYNECOLOGY(I)",4,年,True,23,0,22,1,"待聘,林立德",,"['12345678', '12345678', '1234567', '12345678', '12345678', '', '']","《臨床實習》
限後醫系修習",[],False
https://selcrs.nsysu.edu.tw/menu5/showoutline.asp?SYEAR=114&SEM=1&CrsDat=DPBM305&Crsname=兒科學實習（一）,,,False,後醫學系,DPBM305,3,不分班,"兒科學實習（一）
CLERKSHIP IN PEDIATRICS(I)",4,年,True,23,0,22,1,"待聘,蕭志誠",,"['12345678', '12345678', '1234567', '12345678', '12345678', '', '']","《臨床實習》
限後醫系修習",[],False
https://selcrs.nsysu.edu.tw/menu5/showoutline.asp?SYEAR=114&SEM=1&CrsDat=DPBM308&Crsname=復健科學實習,,,False,後醫學系,DPBM308,3,不分班,"復健科學實習
CLERKSHIP IN REHABILITATION MEDICINE",2,年,True,23,0,22,1,"劉亦修,待聘",,"['12345678', '12345678', '1234567', '123456789', '12345678', '', '']","《臨床實習》
限後醫系修習",[],False
https://selcrs.nsysu.edu.tw/menu5/showoutline.asp?SYEAR=114&SEM=1&CrsDat=DPBM309&Crsname=家庭醫學實習,,,False,後醫學系,DPBM309,3,不分班,"家庭醫學實習
CLERKSHIP IN FAMILY MEDICINE",2,年,True,23,0,22,1,"待聘,駱聰成",,"['12345678', '12345678', '1234567', '12345678', '12345678', '', '']","《臨床實習》
限後醫系修習",[],False
https://selcrs.nsysu.edu.tw/menu5/showoutline.asp?SYEAR=114&SEM=1&CrsDat=DPBM316&Crsname=急重症醫學,異動,更換時間及教師7/22,False,後醫學系,DPBM316,3,不分班,"急重症醫學
EMERGENCY AND CRITICAL CARE",1,期,True,50,0,22,28,"王慧婷,陳德全",,"['', '123456789', '', '', '', '', '']","《醫學類》
限後醫系學生修課",[],False
https://selcrs.nsysu.edu.tw/menu5/showoutline.asp?SYEAR=114&SEM=1&CrsDat=DPBM317&Crsname=醫療政策與法律,,,False,後醫學系,DPBM317,3,不分班,"醫療政策與法律
HEALTHCARE POLICY AND LAW",1,期,True,50,0,22,28,"張博智,蘇昱日,陳德全",,"['', '', '1234567', '', '2345678', '', '']","《講授類》
限後醫系學生修課",[],False
https://selcrs.nsysu.edu.tw/menu5/showoutline.asp?SYEAR=114&SEM=1&CrsDat=DPBM318&Crsname=臨床營養學,,,False,後醫學系,DPBM318,3,不分班,"臨床營養學
CLINICAL NUTRITION",1,期,True,50,0,22,28,李容婷,,"['236789', '2346789', '23467', '', '', '', '']","《醫學類》
限後醫系修課",[],False
https://selcrs.nsysu.edu.tw/menu5/showoutline.asp?SYEAR=114&SEM=1&CrsDat=DPBM319&Crsname=麻醉學,,,False,後醫學系,DPBM319,3,不分班,"麻醉學
ANESTHESIOLOGY",1,期,True,50,0,22,28,"何淳寧,洪國全,葉明倫,邢中熹",,"['', '', '', '12345678', '3', '', '']","《醫學類》
限後醫系修習",[],False
https://selcrs.nsysu.edu.tw/menu5/showoutline.asp?SYEAR=114&SEM=1&CrsDat=DPBM320&Crsname=實證醫學,,,False,後醫學系,DPBM320,2,不分班,"實證醫學
EVIDENCE-BASED MEDICINE",1,期,True,50,0,21,29,陳彥旭,,"['567', '', '', '567', '567', '', '']","《醫學類》
限後醫系修習",[],False
https://selcrs.nsysu.edu.tw/menu5/showoutline.asp?SYEAR=114&SEM=1&CrsDat=DPBM321&Crsname=醫學倫理,,,False,後醫學系,DPBM321,3,不分班,"醫學倫理
MEDICAL ETHICS",1,期,True,50,0,22,28,"楊婉儀,王宏仁,王慧婷,蔡孟翰,陳德全",,"['12345678', '', '56', '', '56', '', '']","《醫學類》
限後醫系修習",[],False
https://selcrs.nsysu.edu.tw/menu5/showoutline.asp?SYEAR=114&SEM=1&CrsDat=DPBM322&Crsname=社區與偏鄉實習（一）,,,False,後醫學系,DPBM322,3,不分班,"社區與偏鄉實習（一）
CLERKSHIP IN COMMUNITY MEDICINE, AND  MEDICAL CARE IN THE REMOTE AREAS (I)",6,年,True,50,0,22,28,"周明岳,待聘",,"['12345678', '12345678', '1234567', '12345678', '12345678', '', '']","《臨床實習》
限後醫系修習",[],False
https://selcrs.nsysu.edu.tw/menu5/showoutline.asp?SYEAR=114&SEM=1&CrsDat=DPBM323&Crsname=神經科學實習,,,False,後醫學系,DPBM323,3,不分班,"神經科學實習
CLERKSHIP IN NEUROLOGY",2,年,True,50,0,22,28,"待聘,謝孟倉",,"['123456789', '12345678', '1234567', '123456789', '12345678', '', '']","《臨床實習》
限後醫系修習",[],False
https://selcrs.nsysu.edu.tw/menu5/showoutline.asp?SYEAR=114&SEM=1&CrsDat=DPBM324&Crsname=精神科學實習,,,False,後醫學系,DPBM324,3,不分班,"精神科學實習
CLERKSHIP IN PSYCHIATRY",2,年,True,50,0,22,28,"張志誠,待聘",,"['123456789', '12345678', '1234567', '12345678', '123456789', '', '']","《臨床實習》
限後醫系修習",[],False
https://selcrs.nsysu.edu.tw/menu5/showoutline.asp?SYEAR=114&SEM=1&CrsDat=DPBM325&Crsname=臨床技能測驗（一）,,,False,後醫學系,DPBM325,3,不分班,"臨床技能測驗（一）
CLINICAL TECHNIQUES (I)",0,年,True,50,0,22,28,王慧婷,,"['', '', '', '', '', '123456789', '123456789']","《臨床實習》
限後醫系修習",[],False
https://selcrs.nsysu.edu.tw/menu5/showoutline.asp?SYEAR=114&SEM=1&CrsDat=DPBM328&Crsname=臨床診療解析,異動,更換時間8/28,False,後醫學系,DPBM328,3,不分班,"臨床診療解析
CLINICAL DIAGNOSIS",1,期,False,50,0,7,43,"朱國安,林明毅,陳建良",二B(高雄榮總臨床技能教室),"['', 'B', '', '', '', '', '']","《講授類》
限後醫系學生修習",[],False
https://selcrs.nsysu.edu.tw/menu5/showoutline.asp?SYEAR=114&SEM=1&CrsDat=DPBM401&Crsname=社區實習（二）,,,False,後醫學系,DPBM401,4,不分班,"社區實習（二）
CLERKSHIP IN COMMUNITY MEDICINE(II)",4,年,True,50,0,23,27,"待聘,駱聰成",,"['12345678', '12345678', '1234567', '12345678', '12345678', '', '']","《臨床實習》
限後醫系修習",[],False
https://selcrs.nsysu.edu.tw/menu5/showoutline.asp?SYEAR=114&SEM=1&CrsDat=DPBM402&Crsname=內科學實習（二）,,,False,後醫學系,DPBM402,4,不分班,"內科學實習（二）
CLERKSHIP IN INTERNAL MEDICINE(II)",10,年,True,50,0,23,27,"待聘,陳建良",,"['123456789', '123456789', '1234567', '123456789', '123456789', '', '']","《臨床實習》
限後醫系修習",[],False
https://selcrs.nsysu.edu.tw/menu5/showoutline.asp?SYEAR=114&SEM=1&CrsDat=DPBM403&Crsname=外科學實習（二）,,,False,後醫學系,DPBM403,4,不分班,"外科學實習（二）
CLERKSHIP IN SURGERY(II)",10,年,True,50,0,23,27,"劉文忠,待聘",,"['123456789', '123456789', '1234567', '123456789', '123456789', '', '']","《臨床實習》
限後醫系修習",[],False
https://selcrs.nsysu.edu.tw/menu5/showoutline.asp?SYEAR=114&SEM=1&CrsDat=DPBM404&Crsname=婦產科學實習（二）,,,False,後醫學系,DPBM404,4,不分班,"婦產科學實習（二）
CLERKSHIP IN OBSTETRICS AND GYNECOLOGY(II)",4,年,True,50,0,23,27,"劉文雄,待聘",,"['123456789', '12345678', '1234567', '123456789', '123456789', '', '']","《臨床實習》
限後醫系修習",[],False
https://selcrs.nsysu.edu.tw/menu5/showoutline.asp?SYEAR=114&SEM=1&CrsDat=DPBM405&Crsname=兒科學實習（二）,,,False,後醫學系,DPBM405,4,不分班,"兒科學實習（二）
CLERKSHIP IN PEDIATRICS(II)",4,年,True,50,0,23,27,"待聘,陳秀玲",,"['12345678', '123456', '123456', '123456', '123456', '', '']","《臨床實習》
限後醫系修習",[],False
https://selcrs.nsysu.edu.tw/menu5/showoutline.asp?SYEAR=114&SEM=1&CrsDat=DPBM406&Crsname=急診科學實習,,,False,後醫學系,DPBM406,4,不分班,"急診科學實習
CLERKSHIP IN EMERGENCY MEDICINE",2,年,True,23,0,23,0,"待聘,王慧婷",,"['123456', '123456', '123456', '123456', '123456', '', '']","《臨床實習》
限後醫系修習",[],False
https://selcrs.nsysu.edu.tw/menu5/showoutline.asp?SYEAR=114&SEM=1&CrsDat=DPBM407&Crsname=臨床實習選修（二）,,,False,後醫學系,DPBM407,4,不分班,"臨床實習選修（二）
CLERKSHIP IN ELECTIVE COURSE(II)",4,年,True,50,0,23,27,"待聘,林明毅",,"['1234', '1234', '1234', '1234', '1234', '', '']","《臨床實習》
限後醫系修習",[],False
https://selcrs.nsysu.edu.tw/menu5/showoutline.asp?SYEAR=114&SEM=1&CrsDat=DPBM408&Crsname=臨床技能（五）,,,False,後醫學系,DPBM408,4,不分班,"臨床技能（五）
MEDICAL SKILL TRAINING PROGRAM(V)",1,年,True,50,0,23,27,"王慧婷,蔡明釗,郭光哲",,"['123456789', '123456789', '', '', '', '', '']","《醫學類》
限後醫系學生修課",[],False
https://selcrs.nsysu.edu.tw/menu5/showoutline.asp?SYEAR=114&SEM=1&CrsDat=DPBM409&Crsname=醫學資訊、實證醫學與研究（五）,,,False,後醫學系,DPBM409,4,不分班,"醫學資訊、實證醫學與研究（五）
MEDICAL INFORMATION, EVIDENCE-BASED MEDICINE AND RESEARCH(V)",1,期,True,50,0,23,27,張博智,,"['', '', '', '123456789', '123456789', '', '']","《醫學類》
限後醫系學生修課",[],False
https://selcrs.nsysu.edu.tw/menu5/showoutline.asp?SYEAR=114&SEM=1&CrsDat=DPBM410&Crsname=溝通與專業素養（七）,,,False,後醫學系,DPBM410,4,不分班,"溝通與專業素養（七）
COMMUNICATION AND PROFESSIONALISM(VII)",1,期,True,50,0,23,27,陳德全,,"['123456789', '12', '1234567', '', '', '', '']","《醫學類》
限後醫系學生修課",[],False
https://selcrs.nsysu.edu.tw/menu5/showoutline.asp?SYEAR=114&SEM=1&CrsDat=DPBM419&Crsname=影像醫學科實習,,,False,後醫學系,DPBM419,3,不分班,"影像醫學科實習
CLERKSHIP IN MEDICAL IMAGING",2,年,True,50,0,22,28,"待聘,林偉哲",,"['12345678', '12345678', '1234567', '12345678', '12345678', '', '']","《臨床實習》
限後醫系修習",[],False
https://selcrs.nsysu.edu.tw/menu5/showoutline.asp?SYEAR=114&SEM=1&CrsDat=BMST101&Crsname=普通生物學,,,False,生醫科技系,BMST101,1,全英班,"普通生物學
GENERAL BIOLOGY",3,期,True,50,0,35,15,林萱文,"一2,3,4(醫IL 3013)","['234', '', '', '', '', '', '']",《講授類》,[],True
https://selcrs.nsysu.edu.tw/menu5/showoutline.asp?SYEAR=114&SEM=1&CrsDat=BMST102&Crsname=普通生物學實驗,,,False,生醫科技系,BMST102,1,全英班,"普通生物學實驗
GENERAL BIOLOGY LABORATORY",1,期,True,50,0,40,10,林萱文,"一5,6,7(醫IL 3004)(實驗)","['567', '', '', '', '', '', '']",《實驗類》,[],True
https://selcrs.nsysu.edu.tw/menu5/showoutline.asp?SYEAR=114&SEM=1&CrsDat=BMST103&Crsname=微積分（一）,,,False,生醫科技系,BMST103,1,全英班,"微積分（一）
CALCULUS（Ⅰ）",3,期,True,50,0,36,14,余冠儒,"五2,3,4(理SC 1005)","['', '', '', '', '234', '', '']",《講授類》,['人工智慧與數學學程'],True
https://selcrs.nsysu.edu.tw/menu5/showoutline.asp?SYEAR=114&SEM=1&CrsDat=BMST104&Crsname=生物醫學科技導論（一）,,,False,生醫科技系,BMST104,1,全英班,"生物醫學科技導論（一）
INTRODUCTION TO BIOMEDICAL SCIENCE AND TECHNOLOGY（I）",2,期,True,50,0,36,14,"巫建興,林萱文,楊仁豪,楊易軒","四5,6(醫IL 3005)","['', '', '', '56', '', '', '']",《講授類》,[],True
https://selcrs.nsysu.edu.tw/menu5/showoutline.asp?SYEAR=114&SEM=1&CrsDat=BMST203&Crsname=細胞生物學,異動,確認教師7/21,False,生醫科技系,BMST203,2,全英班,"細胞生物學
CELL BIOLOGY",3,期,True,50,1,29,21,"張玉泉,李豪嶧,楊仁豪,許晉銓","二2,3,4(醫IL 3013)","['', '234', '', '', '', '', '']",《講授類》,[],True
https://selcrs.nsysu.edu.tw/menu5/showoutline.asp?SYEAR=114&SEM=1&CrsDat=BMST204&Crsname=材料科學導論,,,False,生醫科技系,BMST204,2,全英班,"材料科學導論
FUNDAMENTALS OF MATERIALS SCIENCE",3,期,True,50,1,28,22,楊易軒,"一2,3,4(醫IL 3005)","['234', '', '', '', '', '', '']",《講授類》,[],True
https://selcrs.nsysu.edu.tw/menu5/showoutline.asp?SYEAR=114&SEM=1&CrsDat=BMST214&Crsname=有機化學,,,False,生醫科技系,BMST214,2,全英班,"有機化學
ORGANIC CHEMISTRY",3,期,True,50,1,27,23,黃建智,"五2,3,4(醫IL 3013)","['', '', '', '', '234', '', '']",《講授類》,[],True
https://selcrs.nsysu.edu.tw/menu5/showoutline.asp?SYEAR=114&SEM=1&CrsDat=BMST221&Crsname=生物醫學科技特論,新增,7/21,False,生醫科技系,BMST221,2,全英班,"生物醫學科技特論
SPECIAL TOPIC IN BIOMEDICAL SCIENCE AND TECHNOLOGY",1,期,True,50,0,24,26,"余靈珊,張玉泉,范秀芳,陳志杰",四5(醫IL 3017),"['', '', '', '5', '', '', '']",《講授類》,[],True
https://selcrs.nsysu.edu.tw/menu5/showoutline.asp?SYEAR=114&SEM=1&CrsDat=BMST232&Crsname=工程電腦程式,,,False,生醫科技系,BMST232,1,全英班,"工程電腦程式
ENGINEERING COMPUTER PROGRAMMING",3,期,False,50,1,12,38,巫建興,"三5,6,7(圖IL PC01)","['', '', '567', '', '', '', '']",《講授類》,[],True
https://selcrs.nsysu.edu.tw/menu5/showoutline.asp?SYEAR=114&SEM=1&CrsDat=BMST235&Crsname=工程數學（一）,異動,更換授課方式8/4,False,生醫科技系,BMST235,2,全英班,"工程數學（一）
ENGINEERING MATHEMATICS (I)",3,期,False,50,0,17,33,楊易軒,"二5,6,7(醫IL 3016)","['', '567', '', '', '', '', '']",《講授類》,[],False
https://selcrs.nsysu.edu.tw/menu5/showoutline.asp?SYEAR=114&SEM=1&CrsDat=BMST237&Crsname=電子電路學,異動,更換授課方式7/10,False,生醫科技系,BMST237,2,全英班,"電子電路學
ELECTRONIC CIRCUIT",3,期,False,50,0,19,31,巫建興,"四2,3,4(醫IL 3016)","['', '', '', '234', '', '', '']",《講授類》,[],False
https://selcrs.nsysu.edu.tw/menu5/showoutline.asp?SYEAR=114&SEM=1&CrsDat=BMST238&Crsname=奈米生物科技概論,新增,7/16,False,生醫科技系,BMST238,1,全英班,"奈米生物科技概論
INTRODUCTION TO NANOBIOTECHNOLOGY",3,期,False,50,1,11,39,李孟娟,"二5,6,7(醫IL 3015)","['', '567', '', '', '', '', '']",《講授類》,[],True
https://selcrs.nsysu.edu.tw/menu5/showoutline.asp?SYEAR=114&SEM=1&CrsDat=BMST239&Crsname=再生醫學與組織工程,新增,7/16,False,生醫科技系,BMST239,2,全英班,"再生醫學與組織工程
REGENERATIVE MEDICINE AND TISSUE ENGINEERING",3,期,False,50,2,10,40,李孟娟,"五5,6,7(醫IL 3015)","['', '', '', '', '567', '', '']",《講授類》,[],True
https://selcrs.nsysu.edu.tw/menu5/showoutline.asp?SYEAR=114&SEM=1&CrsDat=NURS101&Crsname=護理學導論與職涯發展,,,False,護理系,NURS101,1,不分班,"護理學導論與職涯發展
INTRODUCTION TO NURSING AND CAREER DEVELOPMENT",2,期,True,50,0,40,10,郭素娥,"一8,7(醫IL 3005)","['78', '', '', '', '', '', '']",《講授類》,[],False
https://selcrs.nsysu.edu.tw/menu5/showoutline.asp?SYEAR=114&SEM=1&CrsDat=NURS102&Crsname=解剖學與臨床應用,異動,更換主合授6/25,False,護理系,NURS102,1,不分班,"解剖學與臨床應用
HUMAN ANATOMY AND CLINICAL APPLICATIONS",3,期,True,50,0,41,9,"柯翠玲,甘祐瑜","四5,6(醫IL 3004) 四8,7(醫IL 3004)(實驗)","['', '', '', '5678', '', '', '']",《實驗類》,[],False
https://selcrs.nsysu.edu.tw/menu5/showoutline.asp?SYEAR=114&SEM=1&CrsDat=NURS103&Crsname=生理學與臨床應用,,,False,護理系,NURS103,1,不分班,"生理學與臨床應用
PHYSIOLOGY AND CLINICAL APPLICATIONS",3,期,True,50,0,44,6,柯瓊媛,"五2,3,4(醫IL 3005)","['', '', '', '', '234', '', '']",《講授類》,[],False
https://selcrs.nsysu.edu.tw/menu5/showoutline.asp?SYEAR=114&SEM=1&CrsDat=NURS104&Crsname=醫學心理學,,,False,護理系,NURS104,1,不分班,"醫學心理學
MEDICAL PSYCHOLOGY",2,期,True,50,0,45,5,馮雅群,"三3,4(醫IL 3005)","['', '', '34', '', '', '', '']",《講授類》,[],False
https://selcrs.nsysu.edu.tw/menu5/showoutline.asp?SYEAR=114&SEM=1&CrsDat=NURS112&Crsname=關懷與人際互動,異動,確認教師7/31,False,護理系,NURS112,1,不分班,"關懷與人際互動
CARING AND INTERPERSONAL COMMUNICATION",2,期,False,50,1,27,23,葉俊吟,"一5,6(醫IL 3005)","['56', '', '', '', '', '', '']",《講授類》,[],False
https://selcrs.nsysu.edu.tw/menu5/showoutline.asp?SYEAR=114&SEM=1&CrsDat=NURS113&Crsname=空氣污染跨域新作為,,,False,護理系,NURS113,1,不分班,"空氣污染跨域新作為
AIR POLLUTION: INTERDISCIPLINARY INNOVATION AND ACTION",3,期,False,50,0,7,43,郭素娥,"四2,3,4(醫IL 3005)","['', '', '', '234', '', '', '']",《講授類》,[],False
https://selcrs.nsysu.edu.tw/menu5/showoutline.asp?SYEAR=114&SEM=1&CrsDat=NURS210&Crsname=人工智慧於醫療科技之運用,新增,07/22,False,護理系,NURS210,1,不分班,"人工智慧於醫療科技之運用
APPLICATIONS OF ARTIFICIAL INTELLIGENCE IN MEDICAL TECHNOLOGY",2,期,False,50,0,27,23,葉俊吟,"一3,4(醫IL 3017)","['34', '', '', '', '', '', '']",《講授類》,[],False
https://selcrs.nsysu.edu.tw/menu5/showoutline.asp?SYEAR=114&SEM=1&CrsDat=MED101&Crsname=基礎生物學,,,False,醫學院,MED101,0,不分班,"基礎生物學
BASIC CONCEPTS OF BIOLOGY",2,期,False,5,0,1,4,"張玉泉,薛佑玲,鄭光宏","四8,9(通GE 1010)","['', '', '', '89', '', '', '']","《講授類》
『本課程之限修，於加退選2階段開放選修』。限醫學院大學部學生修習",[],False
https://selcrs.nsysu.edu.tw/menu5/showoutline.asp?SYEAR=114&SEM=1&CrsDat=MED122&Crsname=共病時代-談人類與動物共通傳染病,,,False,醫學院,MED122,0,不分班,"共病時代-談人類與動物共通傳染病
DISCUSSING ZOONOTIC DISEASES IN HUMANS AND ANIMALS",3,期,False,15,8,14,1,王文宏,"五5,6,7(醫IL 9012)","['', '', '', '', '567', '', '']","《講授類》
『本課程之限修，於加退選2階段開放選修』。限醫學院大學部學生修習",['基礎醫學數位微學程'],False
https://selcrs.nsysu.edu.tw/menu5/showoutline.asp?SYEAR=114&SEM=1&CrsDat=MED123&Crsname=疾病瘟疫與文明,,,False,醫學院,MED123,0,不分班,"疾病瘟疫與文明
DISEASE, PLAGUE, AND CIVILIZATION",3,期,False,15,21,15,0,王文宏,"一2,3,4(醫IL 9012)","['234', '', '', '', '', '', '']","《講授類》
『本課程之限修，於加退選2階段開放選修』。限醫學院大學部學生修習",['校園預防醫學暨食品安全學程'],False
https://selcrs.nsysu.edu.tw/menu5/showoutline.asp?SYEAR=114&SEM=1&CrsDat=MED124&Crsname=微生物與癌症,,,False,醫學院,MED124,0,不分班,"微生物與癌症
CANCER MICROBIOLOGY",3,期,False,15,24,15,0,王文宏,"三2,3,4(醫IL 9012)","['', '', '234', '', '', '', '']","《講授類》
『本課程之限修，於加退選2階段開放選修』。限醫學院大學部學生修習",['基礎醫學數位微學程'],False
https://selcrs.nsysu.edu.tw/menu5/showoutline.asp?SYEAR=114&SEM=1&CrsDat=MED126&Crsname=危老年代,,,False,醫學院,MED126,0,不分班,"危老年代
AGING AND HEALTH",2,期,False,15,1,6,9,李昇翰,"二8,9(醫IL 9010)","['', '89', '', '', '', '', '']","《講授類》
『本課程之限修，於加退選2階段開放選修』。限醫學院大學部學生修習","['表達性藝術治療學程', '音樂應用與高齡友善多元性微學程', '音樂與高齡照護學程']",False
https://selcrs.nsysu.edu.tw/menu5/showoutline.asp?SYEAR=114&SEM=1&CrsDat=MED127&Crsname=危險同居「人」：漫談居家有害生物,,,False,醫學院,MED127,0,不分班,"危險同居「人」：漫談居家有害生物
PESTS IN HOUSEHOLD ENVIRONMENT",3,期,False,15,0,5,10,李昇翰,"一8,9,7(醫IL 9010)","['789', '', '', '', '', '', '']","《講授類》
『本課程之限修，於加退選2階段開放選修』。限醫學院大學部學生修習",[],False
https://selcrs.nsysu.edu.tw/menu5/showoutline.asp?SYEAR=114&SEM=1&CrsDat=MED128&Crsname=環境與人類健康,,,False,醫學院,MED128,0,不分班,"環境與人類健康
ENVIRONMENT AND HUMAN HEALTH",2,期,False,15,1,2,13,李昇翰,"三1,2(醫IL 9010)","['', '', '12', '', '', '', '']","《講授類》
『本課程之限修，於加退選2階段開放選修』。限醫學院大學部學生修習",[],False
https://selcrs.nsysu.edu.tw/menu5/showoutline.asp?SYEAR=114&SEM=1&CrsDat=MED129&Crsname=基礎外傷急救,,,False,醫學院,MED129,0,不分班,"基礎外傷急救
BASICS OF TRAUMA CARE",2,期,False,5,2,5,0,孫國清,"三6,7(醫IL 9010)","['', '', '67', '', '', '', '']","《講授類》
『本課程之限修，於加退選2階段開放選修』。限醫學院大學部學生修習",['全民國防微學程'],False
https://selcrs.nsysu.edu.tw/menu5/showoutline.asp?SYEAR=114&SEM=1&CrsDat=MED131&Crsname=人體生理功能解密:生理學入門,,,False,醫學院,MED131,0,不分班,"人體生理功能解密:生理學入門
HUMAN BODY FUNCTIONS: BASIC PHYSIOLOGY",3,期,False,15,3,8,7,柯瓊媛,"二8,9,7(醫IL 9012)","['', '789', '', '', '', '', '']","《講授類》
『本課程之限修，於加退選2階段開放選修』。限醫學院大學部學生修習",['基礎醫學數位微學程'],False
https://selcrs.nsysu.edu.tw/menu5/showoutline.asp?SYEAR=114&SEM=1&CrsDat=MED133&Crsname=探索藥物：現實與電影中的藥物,,,False,醫學院,MED133,0,不分班,"探索藥物：現實與電影中的藥物
EXPLORING DRUGS: DRUGS IN REALITY AND IN MOVIES",3,期,False,20,7,20,0,陳亮傑,"二5,6,7(醫IL 9010)","['', '567', '', '', '', '', '']","《講授類》
『本課程之限修，於加退選2階段開放選修』。限醫學院大學部學生修習",[],False
https://selcrs.nsysu.edu.tw/menu5/showoutline.asp?SYEAR=114&SEM=1&CrsDat=MED134&Crsname=藥物設計入門,,,False,醫學院,MED134,0,不分班,"藥物設計入門
INTRODUCTION TO DRUG DESIGN",3,期,False,20,1,2,18,陳亮傑,"五2,3,4(醫IL 9012)","['', '', '', '', '234', '', '']","《講授類》
『本課程之限修，於加退選2階段開放選修』。限醫學院大學部學生修習",[],False
https://selcrs.nsysu.edu.tw/menu5/showoutline.asp?SYEAR=114&SEM=1&CrsDat=MED135&Crsname=人類免疫與代謝,,,False,醫學院,MED135,0,不分班,"人類免疫與代謝
IMMUNOMETABOLISM OF HUMAN DISEASES",2,期,False,20,3,12,8,陳彥樺,"二5,6(醫IL 9012)","['', '56', '', '', '', '', '']","《講授類》
『本課程之限修，於加退選2階段開放選修』。限醫學院大學部學生修習",['基礎醫學數位微學程'],False
https://selcrs.nsysu.edu.tw/menu5/showoutline.asp?SYEAR=114&SEM=1&CrsDat=MED137&Crsname=基因中的演化之舞,,,False,醫學院,MED137,0,不分班,"基因中的演化之舞
TRACING THE TANGLED TRACKS OF EVOLUTIONARY JOURNEY IN GENOME",3,期,False,20,3,6,14,陳彥樺,"四2,3,4(圖IL PC02)","['', '', '', '234', '', '', '']","《講授類》
『本課程之限修，於加退選2階段開放選修』。限醫學院大學部學生修習",[],False
https://selcrs.nsysu.edu.tw/menu5/showoutline.asp?SYEAR=114&SEM=1&CrsDat=MED140&Crsname=展示我們的健康-醫學與博物館學,,,False,醫學院,MED140,0,不分班,"展示我們的健康-醫學與博物館學
MEDICINE AND MUSEOLOGY: EXHIBITING THE HEALTH",2,期,False,25,3,6,19,劉勃佑,"一8,9(醫IL 9012)","['89', '', '', '', '', '', '']","《講授類》
『本課程之限修，於加退選2階段開放選修』。限醫學院大學部學生修習",[],False
https://selcrs.nsysu.edu.tw/menu5/showoutline.asp?SYEAR=114&SEM=1&CrsDat=MED141&Crsname=醫學媒體識讀與生醫文獻導讀,,,False,醫學院,MED141,0,不分班,"醫學媒體識讀與生醫文獻導讀
MEDICAL MEDIA LITERACY AND BIOMEDICAL LITERATURE REVIEW",2,期,False,25,0,2,23,劉勃佑,"四1,2(醫IL 9012)","['', '', '', '12', '', '', '']","《講授類》
『本課程之限修，於加退選2階段開放選修』。限醫學院大學部學生修習",[],False
https://selcrs.nsysu.edu.tw/menu5/showoutline.asp?SYEAR=114&SEM=1&CrsDat=MED142&Crsname=新藥開發,,,False,醫學院,MED142,0,不分班,"新藥開發
DRUG DISCOVERY AND DRUG DEVELOPMENT",2,期,False,15,33,17,-2,趙敏吾,"三6,7(醫IL 9012)","['', '', '67', '', '', '', '']","《講授類》
『本課程之限修，於加退選2階段開放選修』。限醫學院大學部學生修習",['基礎醫學數位微學程'],False
https://selcrs.nsysu.edu.tw/menu5/showoutline.asp?SYEAR=114&SEM=1&CrsDat=MED143&Crsname=基礎藥理學,,,False,醫學院,MED143,0,不分班,"基礎藥理學
BASIC PHARMACOLOGY",3,期,False,15,31,15,0,趙敏吾,"二2,3,4(醫IL 9012)","['', '234', '', '', '', '', '']","《講授類》
『本課程之限修，於加退選2階段開放選修』。限醫學院大學部學生修習",['基礎醫學數位微學程'],False
https://selcrs.nsysu.edu.tw/menu5/showoutline.asp?SYEAR=114&SEM=1&CrsDat=MED144&Crsname=醫學史（一）–西洋醫學史,,,False,醫學院,MED144,0,不分班,"醫學史（一）–西洋醫學史
MEDICAL HISTORY(I)–WESTERN MEDICAL HISTORY",2,期,False,5,0,3,2,劉景寬,"四8,7(國IR 4002)","['', '', '', '78', '', '', '']","《講授類》
『本課程之限修，於加退選2階段開放選修』。限醫學院大學部學生修習",['基礎醫學數位微學程'],False
https://selcrs.nsysu.edu.tw/menu5/showoutline.asp?SYEAR=114&SEM=1&CrsDat=MED145&Crsname=環境健康大數據資料分析暨視覺化實務,,,False,醫學院,MED145,0,不分班,"環境健康大數據資料分析暨視覺化實務
ENVIRONMENTAL AND HEALTHY BIG DATA ANALYSIS WITH VISUALISED PRACTICE",3,期,False,20,2,0,20,鄭雅勻,"二5,6,7(圖IL PC01)","['', '567', '', '', '', '', '']","《講授類》
『本課程之限修，於加退選2階段開放選修』。限醫學院大學部學生修習",['科技與環境英語微學程'],True
https://selcrs.nsysu.edu.tw/menu5/showoutline.asp?SYEAR=114&SEM=1&CrsDat=MED146&Crsname=生物統計與資訊,,,False,醫學院,MED146,0,不分班,"生物統計與資訊
BIOSTATISTICS AND BIOINFORMATICS",2,期,False,20,0,5,15,鄭雅勻,"三3,4(圖IL PC01)","['', '', '34', '', '', '', '']","《講授類》
『本課程之限修，於加退選2階段開放選修』。限醫學院大學部學生修習","['金融工程學程', '基礎醫學數位微學程']",False
https://selcrs.nsysu.edu.tw/menu5/showoutline.asp?SYEAR=114&SEM=1&CrsDat=MED147&Crsname=公共衛生學,,,False,醫學院,MED147,0,不分班,"公共衛生學
PUBLIC HEALTH",2,期,False,15,2,12,3,鄭雅勻,"四5,6(醫IL 9012)","['', '', '', '56', '', '', '']","《講授類》
『本課程之限修，於加退選2階段開放選修』。限醫學院大學部學生修習",['基礎醫學數位微學程'],False
https://selcrs.nsysu.edu.tw/menu5/showoutline.asp?SYEAR=114&SEM=1&CrsDat=MED153&Crsname=神經心理學：大腦與情緒,,,False,醫學院,MED153,0,不分班,"神經心理學：大腦與情緒
NEUROPSYCHOLOGY: THE BRAIN AND EMOTIONS",3,期,False,10,6,13,-3,楊仁豪,"五8,6,7(國IR 4002)","['', '', '', '', '678', '', '']","《講授類》
『本課程之限修，於加退選2階段開放選修』。限醫學院大學部學生修習","['表達性藝術治療學程', '音樂與高齡照護學程', '基礎醫學數位微學程']",False
https://selcrs.nsysu.edu.tw/menu5/showoutline.asp?SYEAR=114&SEM=1&CrsDat=MED154&Crsname=癌症治療,,,False,醫學院,MED154,0,不分班,"癌症治療
CANCER THERAPEUTICS",2,期,False,15,6,15,0,趙敏吾,"一5,6(醫IL 9010)","['56', '', '', '', '', '', '']","《講授類》
『本課程之限修，於加退選2階段開放選修』。限醫學院大學部學生修習",['基礎醫學數位微學程'],True
https://selcrs.nsysu.edu.tw/menu5/showoutline.asp?SYEAR=114&SEM=1&CrsDat=MED155&Crsname=改變世界的分子：藥物的藝術與社會影響力,,,False,醫學院,MED155,0,不分班,"改變世界的分子：藥物的藝術與社會影響力
THE MOLECULES THAT CHANGED THE WORLD: THE ART AND SOCIAL IMPACT OF MEDICINES",2,期,False,20,1,5,15,陳亮傑,"一6,7(醫IL 9012)","['67', '', '', '', '', '', '']","《講授類》
『本課程之限修，於加退選2階段開放選修』。限醫學院大學部學生修習",[],False
https://selcrs.nsysu.edu.tw/menu5/showoutline.asp?SYEAR=114&SEM=1&CrsDat=MED156&Crsname=深睡的力量：揭開睡眠與健康的面紗,,,False,醫學院,MED156,0,不分班,"深睡的力量：揭開睡眠與健康的面紗
THE DEEP POWER OF SLEEP: UNDERSTANDING SLEEP AND HEALTH",3,期,False,5,1,5,0,陳嬿今,"四5,6,7(醫IL 3013)","['', '', '', '567', '', '', '']","《講授類》
『本課程之限修，於加退選2階段開放選修』。限醫學院大學部學生修習",[],False
https://selcrs.nsysu.edu.tw/menu5/showoutline.asp?SYEAR=114&SEM=1&CrsDat=MED157&Crsname=生活柯南：破解似是而非的迷思,異動,確認教師8/18,False,醫學院,MED157,0,不分班,"生活柯南：破解似是而非的迷思
LIVING CONAN: CRACKING THE MYTHS OF PLAUSIBILITY",2,期,False,20,0,2,18,"葉俊吟,陳嬿今","四2,3(醫IL 3013)","['', '', '', '23', '', '', '']","《講授類》
『本課程之限修，於加退選2階段開放選修』。限醫學院大學部學生修習",[],False
https://selcrs.nsysu.edu.tw/menu5/showoutline.asp?SYEAR=114&SEM=1&CrsDat=MED158&Crsname=與老共舞,異動,確認教師8/18,False,醫學院,MED158,0,不分班,"與老共舞
LIVING WITH AGING: GERIATRIC CARE FOR OLDER ADULTS",3,期,False,5,0,2,3,"葉俊吟,陳嬿今","三5,6,7(醫IL 3013)","['', '', '567', '', '', '', '']","《講授類》
『本課程之限修，於加退選2階段開放選修』。限醫學院大學部學生修習","['表達性藝術治療學程', '音樂應用與高齡友善多元性微學程', '音樂與高齡照護學程']",True
https://selcrs.nsysu.edu.tw/menu5/showoutline.asp?SYEAR=114&SEM=1&CrsDat=MED159&Crsname=看不見的魔力：生活中的微生物之應用,,,False,醫學院,MED159,0,不分班,"看不見的魔力：生活中的微生物之應用
THE INVISIBLE MAGIC: MICROORGANISMS AND THEIR APPLICATIONS IN DAILY LIFE",2,期,False,25,0,0,25,陳彥樺,"三5,6(醫IL 9014)","['', '', '56', '', '', '', '']","《講授類》
『本課程之限修，於加退選2階段開放選修』。限醫學院大學部學生修習",[],True
https://selcrs.nsysu.edu.tw/menu5/showoutline.asp?SYEAR=114&SEM=1&CrsDat=MED162&Crsname=令人驚奇的0-6歲幼兒成長旅程,,,False,醫學院,MED162,0,不分班,"令人驚奇的0-6歲幼兒成長旅程
THE AMAZING JOURNEY OF GROWTH IN CHILDREN AGED 0-6 YEARS",2,期,False,10,0,1,9,陳秀玲,"四8,7(醫IL 9012)","['', '', '', '78', '', '', '']","《講授類》
『本課程之限修，於加退選2階段開放選修』。限醫學院大學部學生修習",[],False
https://selcrs.nsysu.edu.tw/menu5/showoutline.asp?SYEAR=114&SEM=1&CrsDat=MED163&Crsname=新生兒急救：從零開始掌握關鍵技能,,,False,醫學院,MED163,0,不分班,"新生兒急救：從零開始掌握關鍵技能
NEONATAL RESUSCITATION: MASTERING ESSENTIAL SKILLS FROM SCRATCH",2,期,False,10,0,2,8,陳秀玲,"三3,4(醫IL 9010)","['', '', '34', '', '', '', '']","《講授類》
『本課程之限修，於加退選2階段開放選修』。限醫學院大學部學生修習",['全民國防微學程'],False
https://selcrs.nsysu.edu.tw/menu5/showoutline.asp?SYEAR=114&SEM=1&CrsDat=MED164&Crsname=智慧醫療：台灣醫療體系導覽,,,False,醫學院,MED164,0,不分班,"智慧醫療：台灣醫療體系導覽
SMART HEALTHCARE: A GUIDE TO TAIWAN’S HEALTHCARE SYSTEM",2,期,False,20,3,18,2,張博智,"四3,4(醫IL 9010)","['', '', '', '34', '', '', '']","《講授類》
『本課程之限修，於加退選2階段開放選修』。限醫學院大學部學生修習",[],False
https://selcrs.nsysu.edu.tw/menu5/showoutline.asp?SYEAR=114&SEM=1&CrsDat=MED167&Crsname=身心健康醫學講座,異動,更換教室8/29,False,醫學院,MED167,0,不分班,"身心健康醫學講座
SPECIAL LECTURES ON PHYSICAL AND MENTAL HEALTH",2,期,False,30,5,30,0,"余靈珊,王文宏","一5,6(海ME 3006)","['56', '', '', '', '', '', '']","《講授類》
『本課程之限修，於加退選2階段開放選修』。限醫學院大學部學生修習",['校園預防醫學暨食品安全學程'],False
https://selcrs.nsysu.edu.tw/menu5/showoutline.asp?SYEAR=114&SEM=1&CrsDat=MED168&Crsname=中醫暨整合醫學,異動,確認教師8/20,False,醫學院,MED168,0,不分班,"中醫暨整合醫學
CHINESE AND INTEGRATIVE MEDICINE",2,期,False,20,2,8,12,"張嘉祐,許堯欽,謝孟倉,陳貞吟","四3,4(醫IL 9012)","['', '', '', '34', '', '', '']","《講授類》
『本課程之限修，於加退選2階段開放選修』。限醫學院大學部學生修習",[],False
https://selcrs.nsysu.edu.tw/menu5/showoutline.asp?SYEAR=114&SEM=1&CrsDat=CL504&Crsname=治學方法,異動,修正合授教師資料7/15,False,中文碩,CL504,1,不分班,"治學方法
RESEARCH METHODS",3,期,True,50,1,18,32,"杜佳倫,紀志昌,莫加南","三5,6,7(文LA 4012)","['', '', '567', '', '', '', '']",《講授類》,[],False
https://selcrs.nsysu.edu.tw/menu5/showoutline.asp?SYEAR=114&SEM=1&CrsDat=CL505&Crsname=專題研究,,,False,中文碩,CL505,0,不分班,"專題研究
INDEPENDENT STUDIES",1,期,False,50,0,2,48,羅景文,五5(文LA 6034),"['', '', '', '', '5', '', '']","《獨立研究》
限二年級以上且已確定指導教授之碩博士生修習",[],False
https://selcrs.nsysu.edu.tw/menu5/showoutline.asp?SYEAR=114&SEM=1&CrsDat=CL517&Crsname=中國書法美學,,,False,中文碩,CL517,0,不分班,"中國書法美學
THE AESTHETICS OF CHINESE CALLIGRAPHY",3,期,False,50,1,12,38,陳秋宏,"三2,3,4(文LA 5004)","['', '', '234', '', '', '', '']",《講授類》,['跨文化人文思潮與美學微學程'],False
https://selcrs.nsysu.edu.tw/menu5/showoutline.asp?SYEAR=114&SEM=1&CrsDat=CL533&Crsname=中國園林文學專題,,,False,中文碩,CL533,0,不分班,"中國園林文學專題
SEMINAR ON CHINESE GARDEN LITERATURE",3,期,False,50,0,9,41,林孜曄,"一2,3,4(文LA 4014)","['234', '', '', '', '', '', '']",《講授類》,[],False
https://selcrs.nsysu.edu.tw/menu5/showoutline.asp?SYEAR=114&SEM=1&CrsDat=CL534&Crsname=臺灣當代文學研究（一）,,,False,中文碩,CL534,0,不分班,"臺灣當代文學研究（一）
CONTEMPORARY TAIWAN LITERATURE STUDIES (I)",3,期,False,50,0,11,39,黃資婷,"五2,3,4(文LA 4014)","['', '', '', '', '234', '', '']",《講授類》,[],False
https://selcrs.nsysu.edu.tw/menu5/showoutline.asp?SYEAR=114&SEM=1&CrsDat=CL582&Crsname=歐美漢學專題,異動,確認教師8/11,False,中文碩,CL582,0,不分班,"歐美漢學專題
SPECIAL TOPICS IN SINOLOGY OF EUROPE AND THE U.S.",3,期,False,50,0,3,47,何重誼,"二2,3,4(文LA 4013)","['', '234', '', '', '', '', '']",《講授類》,[],False
https://selcrs.nsysu.edu.tw/menu5/showoutline.asp?SYEAR=114&SEM=1&CrsDat=CL604&Crsname=春秋今文學（一）,異動,更換上課時間8/20,False,中文碩,CL604,0,不分班,"春秋今文學（一）
STUDIES IN CHUN-CHIU CLASSICS(I)",3,期,False,50,0,5,45,楊濟襄,"二3,4,B(文LA 4012)","['', '34B', '', '', '', '', '']","《講授類》
碩博合開",[],False
https://selcrs.nsysu.edu.tw/menu5/showoutline.asp?SYEAR=114&SEM=1&CrsDat=CL637&Crsname=歷史與敘事,異動,修正備註說明6/25,False,中文碩,CL637,0,不分班,"歷史與敘事
HISTORY AND NARRATIVE",3,期,False,50,0,2,48,江政寬,"四2,3,4(文LA 4012)","['', '', '', '234', '', '', '']","《講授類》
限碩博士班學生選修",[],False
https://selcrs.nsysu.edu.tw/menu5/showoutline.asp?SYEAR=114&SEM=1&CrsDat=CL638&Crsname=陽明後學研究,,,False,中文碩,CL638,0,不分班,"陽明後學研究
STUDIES ON THE POST-YANGMING SCHOOL",3,期,False,50,0,12,38,吳孟謙,"三2,3,4(文LA 4013)","['', '', '234', '', '', '', '']",《講授類》,[],False
https://selcrs.nsysu.edu.tw/menu5/showoutline.asp?SYEAR=114&SEM=1&CrsDat=CL678&Crsname=雙語和雙文化教學專題,,,False,中文碩,CL678,0,不分班,"雙語和雙文化教學專題
SEMINAR IN BILINGUAL AND BICULTURAL EDUCATION",3,期,False,50,0,4,46,蘇凰蘭,"四2,3,4(文LA 4013)","['', '', '', '234', '', '', '']",《講授類》,[],False
https://selcrs.nsysu.edu.tw/menu5/showoutline.asp?SYEAR=114&SEM=1&CrsDat=DFLL501&Crsname=學術寫作與書目學,,,True,外文碩,DFLL501,1,不分班,"學術寫作與書目學
ACADEMIC WRITING AND BIBLIOGRAPHY",3,期,True,50,0,7,43,洪敏秀,"三2,3,4(文LA 3018)","['', '', '234', '', '', '', '']","《講授類》
碩士班甲組",[],True
https://selcrs.nsysu.edu.tw/menu5/showoutline.asp?SYEAR=114&SEM=1&CrsDat=DFLL504&Crsname=研究方法與學術寫作,,,True,外文碩,DFLL504,1,不分班,"研究方法與學術寫作
RESEARCH METHODS AND ACADEMIC WRITING",3,期,True,50,4,8,42,曾銘裕,"一2,3,4(文LA 3017)","['234', '', '', '', '', '', '']","《講授類》
碩士班乙組",[],True
https://selcrs.nsysu.edu.tw/menu5/showoutline.asp?SYEAR=114&SEM=1&CrsDat=DFLL613&Crsname=維多利亞文學：詩歌,,,False,外文碩,DFLL613,0,不分班,"維多利亞文學：詩歌
VICTORIAN LITERATURE : POETRY",3,期,False,50,0,15,35,賴淑芳,"三5,6,7(文LA 3018)","['', '', '567', '', '', '', '']",《講授類》,[],True
https://selcrs.nsysu.edu.tw/menu5/showoutline.asp?SYEAR=114&SEM=1&CrsDat=DFLL633&Crsname=拉崗精神分析,,,False,外文碩,DFLL633,0,不分班,"拉崗精神分析
LACANIAN PSYCHOANALYSIS",3,期,False,50,0,10,40,陳福仁,"二2,3,4(文LA 3018)","['', '234', '', '', '', '', '']",《講授類》,['法國語言、文化與社會學程'],True
https://selcrs.nsysu.edu.tw/menu5/showoutline.asp?SYEAR=114&SEM=1&CrsDat=DFLL647&Crsname=記憶與文學,,,False,外文碩,DFLL647,0,不分班,"記憶與文學
MEMORY AND LITERATURE",3,期,False,50,0,10,40,黃心雅,"二5,6,7(文LA 3018)","['', '567', '', '', '', '', '']",《講授類》,[],True
https://selcrs.nsysu.edu.tw/menu5/showoutline.asp?SYEAR=114&SEM=1&CrsDat=DFLL662&Crsname=譬喻、認知與創意,,,False,外文碩,DFLL662,0,不分班,"譬喻、認知與創意
METAPHOR, COGNITION, AND CREATIVITY",3,期,False,50,0,8,42,曾銘裕,"三2,3,4(文LA 3017)","['', '', '234', '', '', '', '']",《講授類》,[],True
https://selcrs.nsysu.edu.tw/menu5/showoutline.asp?SYEAR=114&SEM=1&CrsDat=DFLL663&Crsname=語言與社會,,,False,外文碩,DFLL663,0,不分班,"語言與社會
LANGUAGE AND SOCIETY",3,期,False,50,0,14,36,白士禮,"二2,3,4(文LA 3017)","['', '234', '', '', '', '', '']",《講授類》,[],True
https://selcrs.nsysu.edu.tw/menu5/showoutline.asp?SYEAR=114&SEM=1&CrsDat=DFLL666&Crsname=外語教學與科技：理論與實踐,,,False,外文碩,DFLL666,0,不分班,"外語教學與科技：理論與實踐
FOREIGN LANGUAGE INSTRUCTION AND TECHNOLOGY：THEORY & PRACTICE",3,期,False,50,0,13,37,楊郁芬,"一5,6,7(文LA 3017)","['567', '', '', '', '', '', '']",《講授類》,[],True
https://selcrs.nsysu.edu.tw/menu5/showoutline.asp?SYEAR=114&SEM=1&CrsDat=DFLL680&Crsname=專題研究,,,True,外文碩,DFLL680,2,不分班,"專題研究
INDEPENDENT STUDIES",3,期,True,50,0,1,49,徐淑瑛,"四5,6,7()","['', '', '', '567', '', '', '']",《獨立研究》,[],True
https://selcrs.nsysu.edu.tw/menu5/showoutline.asp?SYEAR=114&SEM=1&CrsDat=DFLL680A&Crsname=專題研究,異動,更換時間6/18,True,外文碩,DFLL680A,2,不分班,"專題研究
INDEPENDENT STUDIES",3,期,True,50,0,1,49,盧莉茹,"二8,9() 三B()","['', '89', 'B', '', '', '', '']",《獨立研究》,[],True
https://selcrs.nsysu.edu.tw/menu5/showoutline.asp?SYEAR=114&SEM=1&CrsDat=DFLL680B&Crsname=專題研究,異動,更正設定8/29,True,外文碩,DFLL680B,2,不分班,"專題研究
INDEPENDENT STUDIES",3,期,True,50,0,1,49,陳福仁,"一5,6,7()","['567', '', '', '', '', '', '']",《獨立研究》,[],True
https://selcrs.nsysu.edu.tw/menu5/showoutline.asp?SYEAR=114&SEM=1&CrsDat=DFLL680C&Crsname=專題研究,異動,更正設定8/29,True,外文碩,DFLL680C,2,不分班,"專題研究
INDEPENDENT STUDIES",3,期,True,50,0,1,49,白士禮,"一2,3,4()","['234', '', '', '', '', '', '']",《獨立研究》,[],True
https://selcrs.nsysu.edu.tw/menu5/showoutline.asp?SYEAR=114&SEM=1&CrsDat=MUSI502&Crsname=音樂理論總論,,,False,音樂碩,MUSI502,0,不分班,"音樂理論總論
MUSIC THEORY REVIEW",3,期,False,50,0,9,41,游詠晴,"三2,3,4(文FA 6011)","['', '', '234', '', '', '', '']",《講授類》,[],False
https://selcrs.nsysu.edu.tw/menu5/showoutline.asp?SYEAR=114&SEM=1&CrsDat=MUSI503&Crsname=鋼琴室內樂（一）,異動,確認教師7/25,False,音樂碩,MUSI503,0,不分班,"鋼琴室內樂（一）
PIANO CHAMBER MUSIC（I）",1,期,False,50,1,12,38,唐佳迎,"四5,6(文FA 5008)","['', '', '', '56', '', '', '']","《音樂類》
限音樂系學生修課",[],False
https://selcrs.nsysu.edu.tw/menu5/showoutline.asp?SYEAR=114&SEM=1&CrsDat=MUSI505&Crsname=音樂研究導論,,,False,音樂碩,MUSI505,1,不分班,"音樂研究導論
INTRODUCTION TO MUSIC RESEARCH",2,期,True,50,0,12,38,郭瓊嬌,"五5,6(文FA 6011)","['', '', '', '', '56', '', '']",《講授類》,[],False
https://selcrs.nsysu.edu.tw/menu5/showoutline.asp?SYEAR=114&SEM=1&CrsDat=MUSI515&Crsname=鍵盤（一）,異動,調整合授教師9/8,False,音樂碩,MUSI515,0,不分班,"鍵盤（一）
KEYBOARD (I)",2,期,False,50,0,5,45,"唐佳迎,林雅叙,陳宜蓁,顏竹君,黃楚涵","六1,2()","['', '', '', '', '', '12', '']","《音樂類》
限音樂系學生修課",[],False
https://selcrs.nsysu.edu.tw/menu5/showoutline.asp?SYEAR=114&SEM=1&CrsDat=MUSI516&Crsname=鍵盤（二）,,,False,音樂碩,MUSI516,0,不分班,"鍵盤（二）
KEYBOARD(II)",2,期,False,50,0,1,49,陳宜蓁,"六1,2()","['', '', '', '', '', '12', '']","《音樂類》
限音樂系學生修課",[],False
https://selcrs.nsysu.edu.tw/menu5/showoutline.asp?SYEAR=114&SEM=1&CrsDat=MUSI535&Crsname=弦樂一（大提琴）,,,False,音樂碩,MUSI535,0,不分班,"弦樂一（大提琴）
STRINGS I (CELLO)",2,期,False,50,0,2,48,"張毅心,曾加宜","六1,2()","['', '', '', '', '', '12', '']","《音樂類》
限音樂系學生修課",[],False
https://selcrs.nsysu.edu.tw/menu5/showoutline.asp?SYEAR=114&SEM=1&CrsDat=MUSI536&Crsname=弦樂一（中、小提琴）,,,False,音樂碩,MUSI536,0,不分班,"弦樂一（中、小提琴）
STRINGS I (VIOLA & VIOLIN)",2,期,False,50,0,1,49,陳鈺雯,"六1,2()","['', '', '', '', '', '12', '']","《音樂類》
限音樂系學生修課",[],False
https://selcrs.nsysu.edu.tw/menu5/showoutline.asp?SYEAR=114&SEM=1&CrsDat=MUSI547&Crsname=管樂一（長笛）,,,False,音樂碩,MUSI547,0,不分班,"管樂一（長笛）
WOODWIND I (FLUTE)",2,期,False,50,0,3,47,林鴻君,"六1,2()","['', '', '', '', '', '12', '']","《音樂類》
限音樂系學生修課",[],False
https://selcrs.nsysu.edu.tw/menu5/showoutline.asp?SYEAR=114&SEM=1&CrsDat=MUSI560&Crsname=聲樂（一）,,,False,音樂碩,MUSI560,0,不分班,"聲樂（一）
VOICE (I)",2,期,False,50,0,1,49,黃子珊,"六1,2()","['', '', '', '', '', '12', '']","《音樂類》
限音樂系學生修課",[],False
https://selcrs.nsysu.edu.tw/menu5/showoutline.asp?SYEAR=114&SEM=1&CrsDat=MUSI563&Crsname=聲樂演唱技巧探討,,,False,音樂碩,MUSI563,0,不分班,"聲樂演唱技巧探討
SINGING TECHNIQUE",2,期,False,50,1,3,47,黃子珊,"三6,7(文FA 6011-1)","['', '', '67', '', '', '', '']",《講授類》,[],True
https://selcrs.nsysu.edu.tw/menu5/showoutline.asp?SYEAR=114&SEM=1&CrsDat=MUSI564&Crsname=擊樂 (一),,,False,音樂碩,MUSI564,0,不分班,"擊樂 (一)
PERCUSSION (I)",2,期,False,50,0,1,49,"鄭雅心,陸淯姿","六1,2()","['', '', '', '', '', '12', '']","《音樂類》
限音樂系學生修課",[],False
https://selcrs.nsysu.edu.tw/menu5/showoutline.asp?SYEAR=114&SEM=1&CrsDat=MUSI569&Crsname=管弦樂指揮（一）,,,False,音樂碩,MUSI569,0,不分班,"管弦樂指揮（一）
ORCHESTRAL CONDUCTING (I)",2,期,False,50,0,2,48,楊智欽,"六1,2()","['', '', '', '', '', '12', '']","《音樂類》
限音樂系學生修課",[],False
https://selcrs.nsysu.edu.tw/menu5/showoutline.asp?SYEAR=114&SEM=1&CrsDat=MUSI589&Crsname=作曲（一）,,,False,音樂碩,MUSI589,0,不分班,"作曲（一）
COMPOSITION(I)",2,期,False,50,0,1,49,李思嫺,"六1,2()","['', '', '', '', '', '12', '']","《音樂類》
限音樂系學生修課",[],False
https://selcrs.nsysu.edu.tw/menu5/showoutline.asp?SYEAR=114&SEM=1&CrsDat=MUSI610&Crsname=鍵盤（三）,,,False,音樂碩,MUSI610,0,不分班,"鍵盤（三）
KEYBOARD (III)",2,期,False,50,0,2,48,林雅叙,"六1,2()","['', '', '', '', '', '12', '']","《音樂類》
限音樂系學生修課",[],False
https://selcrs.nsysu.edu.tw/menu5/showoutline.asp?SYEAR=114&SEM=1&CrsDat=MUSI611&Crsname=鍵盤（四）,,,False,音樂碩,MUSI611,0,不分班,"鍵盤（四）
KEYBOARD(IV)",2,期,False,50,0,3,47,"林雅叙,顏竹君,黃瓊儀","六1,2()","['', '', '', '', '', '12', '']","《音樂類》
限音樂系學生修課",[],False
https://selcrs.nsysu.edu.tw/menu5/showoutline.asp?SYEAR=114&SEM=1&CrsDat=MUSI612&Crsname=大鍵琴（一）,,,False,音樂碩,MUSI612,0,不分班,"大鍵琴（一）
HARPSICHORD(I)",1,期,False,12,0,6,6,李美文,"一3,4(文FA 5008)(實驗)","['34', '', '', '', '', '', '']","《音樂類》
限音樂系碩士班學生修課，開放各組別學生選課",[],False
https://selcrs.nsysu.edu.tw/menu5/showoutline.asp?SYEAR=114&SEM=1&CrsDat=MUSI614&Crsname=鋼琴合作,,,False,音樂碩,MUSI614,0,不分班,"鋼琴合作
PIANO ACCOMPANIMENT",2,期,False,50,1,17,33,林雅叙,"四3,4(文FA 5008)","['', '', '', '34', '', '', '']",《講授類》,[],False
https://selcrs.nsysu.edu.tw/menu5/showoutline.asp?SYEAR=114&SEM=1&CrsDat=MUSI622&Crsname=弦樂三（中、小提琴）,,,False,音樂碩,MUSI622,0,不分班,"弦樂三（中、小提琴）
STRINGS III (VIOLA & VIOLIN)",2,期,False,50,0,6,44,"張群,林子平,莊孟勳,葉翹任,陳鈺雯","六1,2()","['', '', '', '', '', '12', '']","《音樂類》
限音樂系學生修課",[],False
https://selcrs.nsysu.edu.tw/menu5/showoutline.asp?SYEAR=114&SEM=1&CrsDat=MUSI623&Crsname=弦樂四（大提琴）,,,False,音樂碩,MUSI623,0,不分班,"弦樂四（大提琴）
STRINGS IV(CELLO)",2,期,False,50,0,1,49,謝孟軒,"六1,2()","['', '', '', '', '', '12', '']","《音樂類》
限音樂系學生修課",[],False
https://selcrs.nsysu.edu.tw/menu5/showoutline.asp?SYEAR=114&SEM=1&CrsDat=MUSI636&Crsname=管樂三（長笛）,,,False,音樂碩,MUSI636,0,不分班,"管樂三（長笛）
WOODWIND III (FLUTE)",2,期,False,50,0,2,48,"呂承祐,林鴻君","六1,2()","['', '', '', '', '', '12', '']","《音樂類》
限音樂系學生修課",[],False
https://selcrs.nsysu.edu.tw/menu5/showoutline.asp?SYEAR=114&SEM=1&CrsDat=MUSI639&Crsname=管樂四（長笛）,,,False,音樂碩,MUSI639,0,不分班,"管樂四（長笛）
WOODWIND I V(FLUTE)",2,期,False,50,0,1,49,林鴻君,"六1,2()","['', '', '', '', '', '12', '']","《音樂類》
限音樂系學生修課",[],False
https://selcrs.nsysu.edu.tw/menu5/showoutline.asp?SYEAR=114&SEM=1&CrsDat=MUSI642&Crsname=名家演奏（唱）風格探討（二）,異動,更換教室9/8,False,音樂碩,MUSI642,0,不分班,"名家演奏（唱）風格探討（二）
PERFORMANCE STYLE STUSIES OF MASTERS（II）",2,期,False,50,0,18,32,陳鈺雯,"一8,7(文FA 4031)","['78', '', '', '', '', '', '']",《講授類》,[],False
https://selcrs.nsysu.edu.tw/menu5/showoutline.asp?SYEAR=114&SEM=1&CrsDat=MUSI644&Crsname=管樂室內樂（一）,,,False,音樂碩,MUSI644,0,不分班,"管樂室內樂（一）
WIND CHAMBER MUSIC (I)",1,期,False,50,0,6,44,張瑞芝,"三6,7(文FA 5008)","['', '', '67', '', '', '', '']",《音樂類》,[],False
https://selcrs.nsysu.edu.tw/menu5/showoutline.asp?SYEAR=114&SEM=1&CrsDat=MUSI646&Crsname=管樂團合奏（一）,,,False,音樂碩,MUSI646,0,不分班,"管樂團合奏（一）
WIND BAND （I）",1,期,False,50,0,5,45,林鴻君,"二8,9(文FA 4030)(實驗)","['', '89', '', '', '', '', '']",《音樂類》,[],False
https://selcrs.nsysu.edu.tw/menu5/showoutline.asp?SYEAR=114&SEM=1&CrsDat=MUSI665&Crsname=管弦樂文獻（一）,異動,更換教室9/10,False,音樂碩,MUSI665,0,不分班,"管弦樂文獻（一）
ORCHESTRAL LITERATURE (I)",2,期,False,50,0,21,29,楊智欽,"二6,7(文FA 4030)","['', '67', '', '', '', '', '']",《講授類》,[],False
https://selcrs.nsysu.edu.tw/menu5/showoutline.asp?SYEAR=114&SEM=1&CrsDat=MUSI684&Crsname=仙克分析法,,,False,音樂碩,MUSI684,0,不分班,"仙克分析法
SCHENKERIAN ANALYSIS",2,期,False,50,0,8,42,李思嫺,"一3,4(文FA 6011)","['34', '', '', '', '', '', '']",《講授類》,[],False
https://selcrs.nsysu.edu.tw/menu5/showoutline.asp?SYEAR=114&SEM=1&CrsDat=MUSI695&Crsname=二十世紀音樂史,,,False,音樂碩,MUSI695,0,不分班,"二十世紀音樂史
20TH-CENTURY MUSIC HISTORY",3,期,False,50,0,14,36,郭瓊嬌,"二2,3,4(文FA 6011)","['', '234', '', '', '', '', '']",《講授類》,[],False
https://selcrs.nsysu.edu.tw/menu5/showoutline.asp?SYEAR=114&SEM=1&CrsDat=MUSI698&Crsname=音樂學術寫作技巧,,,False,音樂碩,MUSI698,0,不分班,"音樂學術寫作技巧
ACADEMIC WRITING TECHNIQUES FOR MUSIC DISCOURSE",1,期,False,50,0,3,47,"陳品樺,陳宜蓁,陳鈺雯",三A(),"['', '', 'A', '', '', '', '']","《音樂類》
限音樂系學生修課",[],False
https://selcrs.nsysu.edu.tw/menu5/showoutline.asp?SYEAR=114&SEM=1&CrsDat=PHIL501&Crsname=當代歐陸哲學,,,False,哲學碩,PHIL501,1,不分班,"當代歐陸哲學
CONTEMPORARY CONTINENTAL PHILOSOPHY",3,期,True,50,0,13,37,宋灝,"二8,6,7(文LA 2009)","['', '678', '', '', '', '', '']",《講授類》,[],False
https://selcrs.nsysu.edu.tw/menu5/showoutline.asp?SYEAR=114&SEM=1&CrsDat=PHIL517&Crsname=政治哲學,,,False,哲學碩,PHIL517,0,不分班,"政治哲學
POLITICAL PHILOSOPHY",3,期,False,50,0,3,47,洪世謙,"三5,6,7(文LA 2009)","['', '', '567', '', '', '', '']",《講授類》,['公民參與微學程'],False
https://selcrs.nsysu.edu.tw/menu5/showoutline.asp?SYEAR=114&SEM=1&CrsDat=PHIL533&Crsname=胡塞爾：現象學心理學,,,False,哲學碩,PHIL533,0,不分班,"胡塞爾：現象學心理學
HUSSERL: PHENOMENOLOGICAL PSYCHOLOGY",3,期,False,50,0,7,43,游淙祺,"五2,3,4(文LA 7001)","['', '', '', '', '234', '', '']",《講授類》,[],False
https://selcrs.nsysu.edu.tw/menu5/showoutline.asp?SYEAR=114&SEM=1&CrsDat=PHIL546&Crsname=時間哲學:跨文化觀點,,,False,哲學碩,PHIL546,0,不分班,"時間哲學:跨文化觀點
PHILOSOPHY OF TIME FROM A TRANSCULTURAL PERSPECTIVE",3,期,False,50,0,16,34,宋灝,"二2,3,4(文LA 2009)","['', '234', '', '', '', '', '']",《講授類》,[],False
https://selcrs.nsysu.edu.tw/menu5/showoutline.asp?SYEAR=114&SEM=1&CrsDat=PHIL552&Crsname=佛教詮釋學,,,False,哲學碩,PHIL552,0,不分班,"佛教詮釋學
BUDDHIST HERMENEUTICS",3,期,False,50,0,13,37,越建東,"四2,3,4(文LA 7001)","['', '', '', '234', '', '', '']",《講授類》,[],False
https://selcrs.nsysu.edu.tw/menu5/showoutline.asp?SYEAR=114&SEM=1&CrsDat=PHIL586&Crsname=動物哲學,,,False,哲學碩,PHIL586,0,不分班,"動物哲學
PHILOSOPHY OF ANIMALS",3,期,False,50,0,9,41,高長空,"四2,3,4(文LA 2009)","['', '', '', '234', '', '', '']",《講授類》,[],False
https://selcrs.nsysu.edu.tw/menu5/showoutline.asp?SYEAR=114&SEM=1&CrsDat=PHIL601&Crsname=當代德語哲學與美學專題,,,False,哲學碩,PHIL601,0,不分班,"當代德語哲學與美學專題
INDEPENDENT STUDIES IN CONTEMPORARY GERMAN PHILOSOPHY AND AESTHETICS",2,期,False,50,0,2,48,宋灝,"三3,4(文LA 7001)","['', '', '34', '', '', '', '']","《獨立研究》
『本課程之限修，於加退選2階段開放選修』。限哲學所學生",[],False
https://selcrs.nsysu.edu.tw/menu5/showoutline.asp?SYEAR=114&SEM=1&CrsDat=PHIL602&Crsname=當代法語哲學與美學專題,,,False,哲學碩,PHIL602,0,不分班,"當代法語哲學與美學專題
INDEPENDENT STUDIES IN CONTEMPORARY FRENCH PHILOSOPHY AND AESTHETICS",2,期,False,50,1,1,49,楊婉儀,"三1,2(文LA 2008)","['', '', '12', '', '', '', '']","《獨立研究》
『本課程之限修，於加退選2階段開放選修』。限哲學所學生",[],False
https://selcrs.nsysu.edu.tw/menu5/showoutline.asp?SYEAR=114&SEM=1&CrsDat=IHCM616&Crsname=老年健康照護研究與管理,,,False,企醫管碩,IHCM616,0,不分班,"老年健康照護研究與管理
HEALTH SERVICES RESEARCH AND MANAGEMENT FOR AGING POPULATION",3,期,False,50,0,13,37,李英俊,"二8,6,7(管CM 3035)","['', '678', '', '', '', '', '']",《講授類》,[],False
https://selcrs.nsysu.edu.tw/menu5/showoutline.asp?SYEAR=114&SEM=1&CrsDat=IHCM628&Crsname=醫院經營管理,,,False,企醫管碩,IHCM628,0,不分班,"醫院經營管理
HOSPITAL OPERATIONS MANAGEMENT",3,期,False,50,0,4,46,顏家祺,"四C,D,E(管CM 3017)","['', '', '', 'CDE', '', '', '']",《講授類》,['醫務管理整合學程'],False
https://selcrs.nsysu.edu.tw/menu5/showoutline.asp?SYEAR=114&SEM=1&CrsDat=IHCM635&Crsname=醫療監管科學,異動,更換時間7/25,False,企醫管碩,IHCM635,0,不分班,"醫療監管科學
REGULATORY SCIENCE OF MEDICAL HEALTHCARE",3,期,False,50,0,6,44,李清潭,"二C,D,E(管CM 1032)","['', 'CDE', '', '', '', '', '']",《講授類》,[],False
https://selcrs.nsysu.edu.tw/menu5/showoutline.asp?SYEAR=114&SEM=1&CrsDat=IB502&Crsname=統計與計量方法,,,False,國際經營學程,IB502,1,不分班,"統計與計量方法
STATISTICS AND QUANTITATIVE METHODS",3,期,True,50,0,43,7,李澄賢,"二2,3,4(管CM 3051)","['', '234', '', '', '', '', '']","《講授類》
限IBMBA學程及GHRM MBA學程學生修習，欲加選學生請於異常處理時加選。",[],True
https://selcrs.nsysu.edu.tw/menu5/showoutline.asp?SYEAR=114&SEM=1&CrsDat=IB506&Crsname=組織理論與管理,異動,更換教室9/16,False,國際經營學程,IB506,0,不分班,"組織理論與管理
ORGANISATIONAL THEORY AND MANAGEMENT",3,期,False,30,0,26,4,林帆,"一2,3,4(管CM 4069)","['234', '', '', '', '', '', '']","《講授類》
與GHRM併班上課，限IBMBA及GHRM學生修習，欲加選學生請於異常處理時加選。",[],True
https://selcrs.nsysu.edu.tw/menu5/showoutline.asp?SYEAR=114&SEM=1&CrsDat=IB519&Crsname=國際行銷,,,False,國際經營學程,IB519,0,不分班,"國際行銷
INTERNATIONAL MARKETING MANAGEMENT",3,期,False,35,1,32,3,陳文鑫,"三5,6,7(管CM 1023)","['', '', '567', '', '', '', '']","《講授類》
限IBMBA學程及GHRM MBA學程學生修習，欲加選學生請於異常處理時加選。",['行銷管理學程'],True
https://selcrs.nsysu.edu.tw/menu5/showoutline.asp?SYEAR=114&SEM=1&CrsDat=IB521&Crsname=會計學,,,False,國際經營學程,IB521,0,不分班,"會計學
ACCOUNTING",3,期,False,35,1,27,8,馬威爾,"四8,6,7(管CM 1023)","['', '', '', '678', '', '', '']","《講授類》
限IBMBA學程及GHRM MBA學程學生修習，欲加選學生請於異常處理時加選。",['金融工程學程'],True
https://selcrs.nsysu.edu.tw/menu5/showoutline.asp?SYEAR=114&SEM=1&CrsDat=IB531&Crsname=社會企業商業模式發展與實作,,,False,國際經營學程,IB531,0,不分班,"社會企業商業模式發展與實作
BUSINESS MODEL DEVELOPMENT AND PRACTICE OF SOCIAL ENTERPRISES",3,期,False,30,0,36,-6,鄭義,"二8,6,7(管CM 1019)","['', '678', '', '', '', '', '']","《講授類》
限IBMBA學程及GHRM MBA學程學生修習，欲加選學生請於異常處理時加選。",[],True
https://selcrs.nsysu.edu.tw/menu5/showoutline.asp?SYEAR=114&SEM=1&CrsDat=IB533&Crsname=商業數據分析實務,新增,7/14,False,國際經營學程,IB533,0,不分班,"商業數據分析實務
THE PRACTICE OF BUSINESS ANALYTICS",3,期,False,20,0,19,1,卓雍然,"四2,3,4(管CM 3051)","['', '', '', '234', '', '', '']","《講授類》
限IBMBA學程及GHRM MBA學程學生修習，欲加選學生請於異常處理時加選。",[],True
https://selcrs.nsysu.edu.tw/menu5/showoutline.asp?SYEAR=114&SEM=1&CrsDat=IB535&Crsname=國際經濟,,,False,國際經營學程,IB535,0,不分班,"國際經濟
INTERNATIONAL ECONOMICS",3,期,False,35,0,27,8,安大衛,"二8,6,7(管CM 1023)","['', '678', '', '', '', '', '']","《講授類》
限IBMBA學程及GHRM MBA學程學生修習，欲加選學生請於異常處理時加選。",[],True
https://selcrs.nsysu.edu.tw/menu5/showoutline.asp?SYEAR=114&SEM=1&CrsDat=IB538&Crsname=企業倫理與社會責任實踐,,,False,國際經營學程,IB538,1,不分班,"企業倫理與社會責任實踐
THE PRACTICE OF CORPORATE ETHICS AND SOCIAL RESPONSIBILITY",2,期,True,50,0,47,3,劉易,"五6,7(管CM 4112)","['', '', '', '', '67', '', '']","《講授類》
與GHRM併班上課，限IBMBA及GHRM學生修習，欲加選學生請於異常處理時加選。",[],True
https://selcrs.nsysu.edu.tw/menu5/showoutline.asp?SYEAR=114&SEM=1&CrsDat=IB539&Crsname=永續領導力論壇,,,False,國際經營學程,IB539,1,不分班,"永續領導力論壇
SUSTAINABLE LEADERSHIP FORUM",1,期,True,50,0,46,4,劉易,五8(管CM 4112),"['', '', '', '', '8', '', '']","《研討類》
與GHRM併班上課，限IBMBA及GHRM學生修習，欲加選學生請於異常處理時加選。",[],True
https://selcrs.nsysu.edu.tw/menu5/showoutline.asp?SYEAR=114&SEM=1&CrsDat=IB540&Crsname=亞太創新經濟研討,,,False,國際經營學程,IB540,0,不分班,"亞太創新經濟研討
SEMINAR ON THE INNOVATION ECONOMY IN THE ASIA-PACIFIC REGION",3,期,False,50,0,16,34,"佘健源,安大衛",,"['234678', '678', '234567', '678', '234678', '', '']","《研討類》
此為暑期密集授課課程(6/23-7/7),僅限有修該課程之學生修習。",[],True
https://selcrs.nsysu.edu.tw/menu5/showoutline.asp?SYEAR=114&SEM=1&CrsDat=IB616&Crsname=國際企業管理,異動,確認教師9/11,False,國際經營學程,IB616,1,不分班,"國際企業管理
INTERNATIONAL BUSINESS MANAGEMENT",3,期,True,50,0,56,-6,溫丹瑋,"三2,3,4(管CM 2037)","['', '', '234', '', '', '', '']","《講授類》
限IBMBA學程及GHRM MBA學程學生修習，欲加選學生請於異常處理時加選。",[],True
https://selcrs.nsysu.edu.tw/menu5/showoutline.asp?SYEAR=114&SEM=1&CrsDat=IB693&Crsname=亞洲經營管理,新增,9/10,False,國際經營學程,IB693,0,不分班,"亞洲經營管理
THE ASIAN  BUSINESS CONTEXT",3,期,False,50,0,27,23,劉易,,"['567', '', '567', '', '', '', '']","《講授類》
限管院ACT學程課程,正課54小時。",[],True
https://selcrs.nsysu.edu.tw/menu5/showoutline.asp?SYEAR=114&SEM=1&CrsDat=IB695&Crsname=創新與創業管理,新增,9/10,False,國際經營學程,IB695,0,不分班,"創新與創業管理
INNOVATION AND ENTREPRENEURSHIP",3,期,False,50,0,27,23,安大衛,,"['234', '', '', '', '234', '', '']","《講授類》
限管院ACT學程課程，正課54小時，","['科技創新與服務業管理學程', '企業社會責任學程', '公共事務與企業社會責任微學程']",True
https://selcrs.nsysu.edu.tw/menu5/showoutline.asp?SYEAR=114&SEM=1&CrsDat=GHRM501&Crsname=組織理論與管理,異動,更換教室9/16,False,人管英語碩程,GHRM501,1,不分班,"組織理論與管理
ORGANIZATION THEORY & MANAGEMENT",3,期,True,50,0,30,20,林帆,"一2,3,4(管CM 4069)","['234', '', '', '', '', '', '']","《講授類》
與IBMBA併班上課，限IBMBA及GHRM學生修習，欲加選學生請於異常處理時加選。",[],True
https://selcrs.nsysu.edu.tw/menu5/showoutline.asp?SYEAR=114&SEM=1&CrsDat=GHRM502&Crsname=組織行為,,,False,人管英語碩程,GHRM502,1,不分班,"組織行為
ORGANIZATIONAL BEHAVIOR",3,期,True,50,0,34,16,張姮燕,"三2,3,4(管CM 1023)","['', '', '234', '', '', '', '']","《講授類》
限IBMBA學程及GHRM MBA學程學生修習，欲加選學生請於異常處理階段辦理加選。",[],True
https://selcrs.nsysu.edu.tw/menu5/showoutline.asp?SYEAR=114&SEM=1&CrsDat=GHRM503&Crsname=人力資源管理,,,False,人管英語碩程,GHRM503,1,不分班,"人力資源管理
HUMAN RESOURCE MANAGEMENT",3,期,True,50,0,21,29,施欣宜,"一8,6,7(管CM 2037)","['678', '', '', '', '', '', '']","《講授類》
與企管碩BM506併班上課，限IBMBA及GHRM學生修習，欲加選學生請於異常處理時加選。",[],True
https://selcrs.nsysu.edu.tw/menu5/showoutline.asp?SYEAR=114&SEM=1&CrsDat=GHRM510&Crsname=企業倫理與社會責任實踐,,,False,人管英語碩程,GHRM510,1,不分班,"企業倫理與社會責任實踐
THE PRACTICE OF CORPORATE ETHICS AND SOCIAL RESPONSIBILITY",2,期,True,50,0,20,30,劉易,"五6,7(管CM 4112)","['', '', '', '', '67', '', '']","《講授類》
與IBMBA併班上課，限IBMBA及GHRM學生修習，欲加選學生請於異常處理時加選。",[],True
https://selcrs.nsysu.edu.tw/menu5/showoutline.asp?SYEAR=114&SEM=1&CrsDat=GHRM511&Crsname=永續領導力論壇,,,False,人管英語碩程,GHRM511,1,不分班,"永續領導力論壇
SUSTAINABLE LEADERSHIP FORUM",1,期,True,50,0,22,28,劉易,五8(管CM 4112),"['', '', '', '', '8', '', '']","《研討類》
與IBMBA併班上課，限IBMBA及GHRM學生修習，欲加選學生請於異常處理時加選。",[],True
https://selcrs.nsysu.edu.tw/menu5/showoutline.asp?SYEAR=114&SEM=1&CrsDat=GHRM531&Crsname=論文寫作,,,False,人管英語碩程,GHRM531,0,不分班,"論文寫作
THESIS WRITING",3,期,False,30,0,25,5,林帆,"二2,3,4(管CM 1023)","['', '234', '', '', '', '', '']","《講授類》
限IBMBA學程及GHRM MBA學程學生修習，欲加選學生請於異常處理階段辦理加選。",[],True
https://selcrs.nsysu.edu.tw/menu5/showoutline.asp?SYEAR=114&SEM=1&CrsDat=GHRM532&Crsname=創業精神與人力資源管理,異動,更換教室8/18,False,人管英語碩程,GHRM532,0,不分班,"創業精神與人力資源管理
ENTREPRENEURSHIP AND HUMAN RESOURCE MANAGEMENT",3,期,False,30,0,9,21,雷英瑞,"二8,6,7(管CM 3022)","['', '678', '', '', '', '', '']","《講授類》
限IBMBA學程及GHRM MBA學程學生修習，欲加選學生請於異常處理階段辦理加選。",[],True
https://selcrs.nsysu.edu.tw/menu5/showoutline.asp?SYEAR=114&SEM=1&CrsDat=GHRM650&Crsname=國際行銷管理,異動,更換時間及教室9/11,False,人管英語碩程,GHRM650,0,不分班,"國際行銷管理
INTERNATIONAL MARKETING MANAGEMENT",3,期,False,35,1,21,14,陳文鑫,"四8,6,7(管CM 2015)","['', '', '', '678', '', '', '']","《講授類》
限IBMBA學程及GHRM MBA學程學生修習，欲加選學生請於異常處理階段辦理加選。",[],True
https://selcrs.nsysu.edu.tw/menu5/showoutline.asp?SYEAR=114&SEM=1&CrsDat=GHRM653&Crsname=跨文化管理,異動,確認教師8/8,False,人管英語碩程,GHRM653,0,不分班,"跨文化管理
CROSS CULTURAL MANAGEMENT",3,期,False,35,3,18,17,華明儀,"五2,3,4(管CM 1023)","['', '', '', '', '234', '', '']","《講授類》
限IBMBA學程及GHRM MBA學程學生修習，欲加選學生請於異常處理階段辦理加選。",[],True
https://selcrs.nsysu.edu.tw/menu5/showoutline.asp?SYEAR=114&SEM=1&CrsDat=FI601&Crsname=金融產業專業實習（二）,,,False,金融創新產碩,FI601,2,不分班,"金融產業專業實習（二）
PROFESSIONAL PRACTICE IN FINANCIAL INDUSTRY （II）",2,期,True,15,0,15,0,蔡維哲,"六1,2,3,4(管CM 1025)(實驗)","['', '', '', '', '', '1234', '']","《實習類》
限產碩專班學生修課；每周上課時數4小時(此課程為暑假先修)",[],False
https://selcrs.nsysu.edu.tw/menu5/showoutline.asp?SYEAR=114&SEM=1&CrsDat=FI602&Crsname=金融產業專業實習（三）,,,False,金融創新產碩,FI602,2,不分班,"金融產業專業實習（三）
PROFESSIONAL PRACTICE IN FINANCIAL INDUSTRY （III）",2,期,True,15,0,15,0,蔡維哲,"六8,5,6,7(管CM 1025)(實驗)","['', '', '', '', '', '5678', '']","《實習類》
限產碩專班學生修課；每周上課時數4小時(此課程為暑假先修)",[],False
https://selcrs.nsysu.edu.tw/menu5/showoutline.asp?SYEAR=114&SEM=1&CrsDat=FI604&Crsname=碩士論文專題（一）,,,False,金融創新產碩,FI604,2,不分班,"碩士論文專題（一）
INDEPENDENT STUDIES IN MASTER THESIS （I）",3,期,True,15,0,14,1,"吳藺芝,封之遠,張世賢,羅勝議,翁培師,蔡佳芬,蔡秉真,蔡維哲,蕭珮婕,邱敬貿","三A,1,B(管CM 2026)","['', '', 'A1B', '', '', '', '']",《獨立研究》,[],False
https://selcrs.nsysu.edu.tw/menu5/showoutline.asp?SYEAR=114&SEM=1&CrsDat=MBR501&Crsname=海洋生物科技專題研討（一）,,,True,海資碩,MBR501,1,不分班,"海洋生物科技專題研討（一）
SEMINAR IN MARINE BIOTECHNOLOGY (I)",2,期,True,50,0,11,39,張鈞涵,"一6,7(海MB 2020)","['67', '', '', '', '', '', '']","《研討類》
碩博士班併班上課",[],False
https://selcrs.nsysu.edu.tw/menu5/showoutline.asp?SYEAR=114&SEM=1&CrsDat=MBR503&Crsname=海洋生態專題研討（一）,異動,增加合授教師9/9,True,海資碩,MBR503,1,不分班,"海洋生態專題研討（一）
SEMINAR IN MARINE ECOLOGY (I)",2,期,True,50,0,8,42,"林梅芳,水晶","一6,7(海MB 1005)","['67', '', '', '', '', '', '']","《研討類》
碩博士班併班上課",[],False
https://selcrs.nsysu.edu.tw/menu5/showoutline.asp?SYEAR=114&SEM=1&CrsDat=MBR507&Crsname=海洋化學資源專題研討（一）,,,True,海資碩,MBR507,1,不分班,"海洋化學資源專題研討（一）
SEMINAR IN MARINE CHEMICAL RESOURCES (I)",2,期,True,50,0,4,46,鄭源斌,"一6,7(海MB 2014)","['67', '', '', '', '', '', '']","《研討類》
碩博士班併班上課",[],False
https://selcrs.nsysu.edu.tw/menu5/showoutline.asp?SYEAR=114&SEM=1&CrsDat=MBR507A&Crsname=海洋化學資源專題研討（一）,,,True,海資碩,MBR507A,1,不分班,"海洋化學資源專題研討（一）
SEMINAR IN MARINE CHEMICAL RESOURCES (I)",2,期,False,50,0,2,48,"宋秉鈞,蘇瑞欣","一6,7(海生館第二研究大樓R 2002)","['67', '', '', '', '', '', '']","《研討類》
碩士班併班上課。上課地點在海生館。學生修畢本課程後，請依必修科目表分組必修規定辦理學分抵免。",[],False
https://selcrs.nsysu.edu.tw/menu5/showoutline.asp?SYEAR=114&SEM=1&CrsDat=MBR509&Crsname=分子細胞生物學（一）,,,True,海資碩,MBR509,1,不分班,"分子細胞生物學（一）
MOLECULAR CELL BIOLOGY(I)",2,期,True,50,0,8,42,李景欽,"二3,4(海MB 2016)","['', '34', '', '', '', '', '']",《講授類》,[],False
https://selcrs.nsysu.edu.tw/menu5/showoutline.asp?SYEAR=114&SEM=1&CrsDat=MBR511&Crsname=教學實習,異動,更換教師8/20,True,海資碩,MBR511,1,不分班,"教學實習
TEACHING PRACTICE",1,期,True,50,0,12,38,張鈞涵,"二8,9(海MB 2016)(實驗)","['', '89', '', '', '', '', '']",《講授類》,[],False
https://selcrs.nsysu.edu.tw/menu5/showoutline.asp?SYEAR=114&SEM=1&CrsDat=MBR511A&Crsname=教學實習,,,True,海資碩,MBR511A,1,不分班,"教學實習
TEACHING PRACTICE",1,期,False,50,0,1,49,李幸慧,"二8,9(海生館第二研究大樓R 2002)(實驗)","['', '89', '', '', '', '', '']","《講授類》
上課地點在海生館",[],False
https://selcrs.nsysu.edu.tw/menu5/showoutline.asp?SYEAR=114&SEM=1&CrsDat=MBR519&Crsname=珊瑚資源特論,,,False,海資碩,MBR519,1,不分班,"珊瑚資源特論
SPECIAL TOPICS IN CORAL RESOURCES",2,期,False,50,0,10,40,水晶,"二3,4(海MB 2009)","['', '34', '', '', '', '', '']",《講授類》,[],True
https://selcrs.nsysu.edu.tw/menu5/showoutline.asp?SYEAR=114&SEM=1&CrsDat=MBR532&Crsname=生物科學寫作及簡報概論,,,False,海資碩,MBR532,1,不分班,"生物科學寫作及簡報概論
INTRODUCTORY GUIDE TO SCIENTIFIC WRITING AND ORAL PRESENTATION IN BIOLOGICAL RESEARCH",3,期,False,50,0,18,32,王亮鈞,"二5,6,7(海MB 1009)","['', '567', '', '', '', '', '']",《講授類》,[],True
https://selcrs.nsysu.edu.tw/menu5/showoutline.asp?SYEAR=114&SEM=1&CrsDat=MBR541&Crsname=天然藥物特論,,,False,海資碩,MBR541,1,不分班,"天然藥物特論
SPECIAL TOPICS IN MEDICINAL NATURAL PRODUCTS",3,期,False,50,0,7,43,鄭源斌,"二5,6,7(海MB 3013)","['', '567', '', '', '', '', '']",《講授類》,"['生物技術學程', '海洋生物資源開發學程']",False
https://selcrs.nsysu.edu.tw/menu5/showoutline.asp?SYEAR=114&SEM=1&CrsDat=MBR545&Crsname=色層分析,,,False,海資碩,MBR545,1,不分班,"色層分析
CHROMATOGRAPHY",2,期,False,50,0,4,46,廖志中,"二1,2(海MB 3013)","['', '12', '', '', '', '', '']",《講授類》,"['生物技術學程', '天然藥物合成學程']",True
https://selcrs.nsysu.edu.tw/menu5/showoutline.asp?SYEAR=114&SEM=1&CrsDat=MBR550&Crsname=海洋生物技術專研（一）,異動,確認教師9/9,False,海資碩,MBR550,1,不分班,"海洋生物技術專研（一）
INDEPENDENT STUDIES IN MARINE BIOTECHNOLOGY (I)",2,期,False,50,0,9,41,"廖睿妘,李景欽,李澤民,王亮鈞","四8,9(各研究室)","['', '', '', '89', '', '', '']",《獨立研究》,[],False
https://selcrs.nsysu.edu.tw/menu5/showoutline.asp?SYEAR=114&SEM=1&CrsDat=MBR557&Crsname=藥物開發特論,,,False,海資碩,MBR557,1,不分班,"藥物開發特論
SPECIAL TOPICS IN DRUG DISCOVERY",2,期,False,50,0,3,47,翁靖如,"五8,7(海MB 2009)","['', '', '', '', '78', '', '']",《講授類》,['海洋天然物微學程'],True
https://selcrs.nsysu.edu.tw/menu5/showoutline.asp?SYEAR=114&SEM=1&CrsDat=MBR558&Crsname=水生生態專題研究（一）,異動,確認教師9/9,False,海資碩,MBR558,1,不分班,"水生生態專題研究（一）
INDEPENDENT STUDIES INAQUATIC ECOLOGY (I)",2,期,False,50,0,6,44,"劉商隱,張桂祥,林秀瑾,樊同雲","四8,9(各研究室)","['', '', '', '89', '', '', '']",《獨立研究》,[],False
https://selcrs.nsysu.edu.tw/menu5/showoutline.asp?SYEAR=114&SEM=1&CrsDat=MBR560&Crsname=植物與藻類功能性基因研究導論,,,False,海資碩,MBR560,1,不分班,"植物與藻類功能性基因研究導論
INTRODUCTION TO FUNCTIONAL GENE RESEARCH IN PLANTS AND ALGAE",3,期,False,50,0,3,47,廖睿妘,"三5,6,7(海MB 2016)","['', '', '567', '', '', '', '']",《講授類》,['生物技術微學程'],False
https://selcrs.nsysu.edu.tw/menu5/showoutline.asp?SYEAR=114&SEM=1&CrsDat=MBR563&Crsname=分子病毒學特論,,,False,海資碩,MBR563,1,不分班,"分子病毒學特論
SPECIAL TOPICS IN MOLECULAR VIROLOGY",3,期,False,50,0,1,49,李景欽,"一2,3,4(海MB 3013)","['234', '', '', '', '', '', '']",《講授類》,[],False
https://selcrs.nsysu.edu.tw/menu5/showoutline.asp?SYEAR=114&SEM=1&CrsDat=MBR579&Crsname=海洋化學生物學專題研究（一）,異動,確認教師9/9,False,海資碩,MBR579,1,不分班,"海洋化學生物學專題研究（一）
INDEPENDENT STUDIES IN MARINE CHEMICAL BIOLOGY (I)",2,期,False,50,0,5,45,"廖志中,李益銘,鄭源斌","四8,9(各研究室)","['', '', '', '89', '', '', '']",《獨立研究》,[],False
https://selcrs.nsysu.edu.tw/menu5/showoutline.asp?SYEAR=114&SEM=1&CrsDat=MBR592&Crsname=海洋生物多樣性與保育（一）,,,True,海資碩,MBR592,1,不分班,"海洋生物多樣性與保育（一）
MARINE BIODIVERSITY AND CONSERVATION （1）",2,期,True,50,0,16,34,劉商隱,"三3,4(海MB 2016)","['', '', '34', '', '', '', '']",《講授類》,"['生物多樣性學程', '環境教育學程']",True
https://selcrs.nsysu.edu.tw/menu5/showoutline.asp?SYEAR=114&SEM=1&CrsDat=MBR597&Crsname=海洋天然物與化學分析（一）,,,True,海資碩,MBR597,1,不分班,"海洋天然物與化學分析（一）
MARINE NATURAL PRODUCTS AND CHEMICAL ANALYSIS I",2,期,True,50,1,5,45,"李益銘,翁靖如","五5,6(海MB 3013)","['', '', '', '', '56', '', '']",《講授類》,[],True
https://selcrs.nsysu.edu.tw/menu5/showoutline.asp?SYEAR=114&SEM=1&CrsDat=MBR597A&Crsname=海洋天然物與化學分析（一）,,,True,海資碩,MBR597A,1,不分班,"海洋天然物與化學分析（一）
MARINE NATURAL PRODUCTS AND CHEMICAL ANALYSIS I",2,期,False,50,0,2,48,"宋秉鈞,蘇瑞欣","五5,6(海生館第二研究大樓R 2002)","['', '', '', '', '56', '', '']","《講授類》
上課地點在海生館",[],True
https://selcrs.nsysu.edu.tw/menu5/showoutline.asp?SYEAR=114&SEM=1&CrsDat=MBR601&Crsname=海洋生物科技專題研討（三）,,,False,海資碩,MBR601,2,不分班,"海洋生物科技專題研討（三）
SEMINAR IN MARINE BIOTECHNOLOGY (III)",2,期,False,50,0,2,48,張鈞涵,"一6,7(海MB 2020)","['67', '', '', '', '', '', '']","《研討類》
碩博士班併班上課",[],False
https://selcrs.nsysu.edu.tw/menu5/showoutline.asp?SYEAR=114&SEM=1&CrsDat=MBR603&Crsname=海洋生態專題研討（三）,異動,增加合授教師9/9,False,海資碩,MBR603,2,不分班,"海洋生態專題研討（三）
SEMINAR IN MARINE ECOLOGY (III)",2,期,False,50,0,3,47,"林梅芳,水晶","一6,7(海MB 1005)","['67', '', '', '', '', '', '']","《研討類》
碩博士班併班上課",[],False
https://selcrs.nsysu.edu.tw/menu5/showoutline.asp?SYEAR=114&SEM=1&CrsDat=MBR607&Crsname=海洋化學資源專題研討（三）,,,False,海資碩,MBR607,2,不分班,"海洋化學資源專題研討（三）
SEMINAR IN MARINE CHEMICAL RESOURCES (III)",2,期,False,50,0,3,47,鄭源斌,"一6,7(海MB 2014)","['67', '', '', '', '', '', '']","《研討類》
碩博士班併班上課",[],False
https://selcrs.nsysu.edu.tw/menu5/showoutline.asp?SYEAR=114&SEM=1&CrsDat=MBR607A&Crsname=海洋化學資源專題研討（三）,,,False,海資碩,MBR607A,2,不分班,"海洋化學資源專題研討（三）
SEMINAR IN MARINE CHEMICAL RESOURCES (III)",2,期,False,50,0,5,45,"宋秉鈞,蘇瑞欣","一6,7(海生館第二研究大樓R 2002)","['67', '', '', '', '', '', '']","《研討類》
碩士班併班上課。上課地點在海生館。",[],False
https://selcrs.nsysu.edu.tw/menu5/showoutline.asp?SYEAR=114&SEM=1&CrsDat=MBR613&Crsname=海洋生物技術專研（三）,異動,確認教師9/9,False,海資碩,MBR613,2,不分班,"海洋生物技術專研（三）
INDEPENDENT STUDIES IN MARINE BIOTECHNOLOGY (III)",2,期,False,50,0,2,48,"李景欽,李澤民","四A,1(各研究室)","['', '', '', 'A1', '', '', '']",《獨立研究》,[],False
https://selcrs.nsysu.edu.tw/menu5/showoutline.asp?SYEAR=114&SEM=1&CrsDat=MBR621&Crsname=水生生態專題研究（三）,異動,確認教師9/9,False,海資碩,MBR621,2,不分班,"水生生態專題研究（三）
INDEPENDENT STUDIES IN AQUATIC ECOLOGY (III)",2,期,False,50,0,4,46,"樊同雲,陳德豪","四A,1(各研究室)","['', '', '', 'A1', '', '', '']",《獨立研究》,[],False
https://selcrs.nsysu.edu.tw/menu5/showoutline.asp?SYEAR=114&SEM=1&CrsDat=MBR635&Crsname=海洋化學生物學專題研究（三）,異動,確認教師9/9,False,海資碩,MBR635,2,不分班,"海洋化學生物學專題研究（三）
INDEPENDENT STUDIES IN MARINE CHEMICAL BIOLOGY (III)",2,期,False,50,0,5,45,"翁靖如,鄭源斌","四A,1(各研究室)","['', '', '', 'A1', '', '', '']",《獨立研究》,[],False
https://selcrs.nsysu.edu.tw/menu5/showoutline.asp?SYEAR=114&SEM=1&CrsDat=MAEV501&Crsname=海洋環境書報討論（一）,,,False,海工碩,MAEV501,1,不分班,"海洋環境書報討論（一）
SEMINAR IN MARINE ENVIRONMENT (I)",2,期,False,50,0,20,30,莊偉良,"四6,7(海ME 3002)","['', '', '', '67', '', '', '']",《演講/參訪》,[],False
https://selcrs.nsysu.edu.tw/menu5/showoutline.asp?SYEAR=114&SEM=1&CrsDat=MAEV505&Crsname=專題研究（一）,異動,確認教師9/3,False,海工碩,MAEV505,2,不分班,"專題研究（一）
INDEPENDENT STUDIES(I)",3,期,False,50,0,27,23,"卓宴琳,夏沛亞,張揚祺,曾以帆,李政賢,林俊宏,林巧雯,王右仁,莊偉良,許弘莒,詹鵬台,鍾秉宸,陸曉筠","三1,B() 四1()","['', '', '1B', '1', '', '', '']",《獨立研究》,[],False
https://selcrs.nsysu.edu.tw/menu5/showoutline.asp?SYEAR=114&SEM=1&CrsDat=MAEV521&Crsname=高等流體力學,,,False,海工碩,MAEV521,1,不分班,"高等流體力學
ADVANCED FLUID MECHANICS",3,期,False,50,0,4,46,李政賢,"一5,6,7(海ME 3005)","['567', '', '', '', '', '', '']",《講授類》,[],False
https://selcrs.nsysu.edu.tw/menu5/showoutline.asp?SYEAR=114&SEM=1&CrsDat=MAEV522&Crsname=海洋系統模擬（一）,,,False,海工碩,MAEV522,1,不分班,"海洋系統模擬（一）
MARINE SYSTEM MODELING(I)",3,期,False,50,0,2,48,歐雅森,"二8,6,7(海ME 2002)","['', '678', '', '', '', '', '']",《講授類》,[],True
https://selcrs.nsysu.edu.tw/menu5/showoutline.asp?SYEAR=114&SEM=1&CrsDat=MAEV548&Crsname=離岸結構矩陣分析,,,False,海工碩,MAEV548,1,不分班,"離岸結構矩陣分析
MATRIX ANALYSIS OF OFFSHORE STRUCTURES",3,期,False,50,0,3,47,詹鵬台,"二8,6,7(海ME 2007)","['', '678', '', '', '', '', '']",《講授類》,['海事工程學程'],True
https://selcrs.nsysu.edu.tw/menu5/showoutline.asp?SYEAR=114&SEM=1&CrsDat=MAEV558&Crsname=海岸變遷專題研究,,,False,海工碩,MAEV558,1,不分班,"海岸變遷專題研究
INDEPENDENT STUDIES IN COASTAL PROCESSES",3,期,False,50,0,1,49,曾以帆,"一A,9,1()","['A19', '', '', '', '', '', '']",《獨立研究》,[],False
https://selcrs.nsysu.edu.tw/menu5/showoutline.asp?SYEAR=114&SEM=1&CrsDat=MAEV5600&Crsname=海洋及森林碳匯與碳權概論,,,False,海工碩,MAEV5600,1,不分班,"海洋及森林碳匯與碳權概論
INTRODUCTION TO MARINE AND FOREST CARBON SINKS AND CARBON CREDITS",3,期,False,50,0,19,31,王右仁,"二8,6,7(海ME 2001)","['', '678', '', '', '', '', '']",《講授類》,"['海洋永續發展產業科技微學程', '淨零轉型微學程', '淨零轉型與永續發展整合學程', '海事工程學程']",True
https://selcrs.nsysu.edu.tw/menu5/showoutline.asp?SYEAR=114&SEM=1&CrsDat=MAEV561&Crsname=高等環境系統分析（一）,,,False,海工碩,MAEV561,1,不分班,"高等環境系統分析（一）
ADVANCED ENVIRONMENTAL SYSTEM ANALYSIS (I)",3,期,False,50,0,3,47,張揚祺,"四2,3,4(海ME 2002)","['', '', '', '234', '', '', '']",《講授類》,[],False
https://selcrs.nsysu.edu.tw/menu5/showoutline.asp?SYEAR=114&SEM=1&CrsDat=MAEV566&Crsname=地理資訊系統於海岸規劃之應用,,,False,海工碩,MAEV566,1,不分班,"地理資訊系統於海岸規劃之應用
GIS APPLICATIONS IN COASTAL PLANNING",3,期,False,50,0,13,37,鍾秉宸,"一5,6,7(海ME 2002)","['567', '', '', '', '', '', '']",《講授類》,['看見臺灣海岸微學程'],False
https://selcrs.nsysu.edu.tw/menu5/showoutline.asp?SYEAR=114&SEM=1&CrsDat=MAEV575&Crsname=離岸浮式構造物工程導論,,,False,海工碩,MAEV575,1,不分班,"離岸浮式構造物工程導論
INTRODUCTION TO MARITIME AND OCEAN ENGINEERING OF FLOATING OFFSHORE STRUCTURES",3,期,False,50,0,7,43,林俊宏,"三2,3,4(海ME 3005)","['', '', '234', '', '', '', '']",《講授類》,['海事工程學程'],False
https://selcrs.nsysu.edu.tw/menu5/showoutline.asp?SYEAR=114&SEM=1&CrsDat=MAEV601&Crsname=海洋環境書報討論（三）,,,False,海工碩,MAEV601,2,不分班,"海洋環境書報討論（三）
SEMINAR IN MARINE ENVIRONMENT (III)",2,期,False,50,0,18,32,卓宴琳,"四6,7(海ME 3002)","['', '', '', '67', '', '', '']",《演講/參訪》,[],False
https://selcrs.nsysu.edu.tw/menu5/showoutline.asp?SYEAR=114&SEM=1&CrsDat=MAEV648&Crsname=海岸現場試驗,,,False,海工碩,MAEV648,1,不分班,"海岸現場試驗
COASTAL FIELD EXPERIMENT",3,期,False,50,0,10,40,曾以帆,"三5,6,7(海ME 3005)","['', '', '567', '', '', '', '']",《講授類》,[],False
https://selcrs.nsysu.edu.tw/menu5/showoutline.asp?SYEAR=114&SEM=1&CrsDat=MAEV651&Crsname=生態系統及棲地復育生態工程學,,,False,海工碩,MAEV651,1,不分班,"生態系統及棲地復育生態工程學
ECOLOGICAL ENGINEERING FOR ECOSYSTEM AND HABITAT RESTORATION",3,期,False,50,0,8,42,林巧雯,"三5,6,7(海ME 2007)","['', '', '567', '', '', '', '']",《講授類》,"['生物多樣性學程', '環境教育學程']",True
https://selcrs.nsysu.edu.tw/menu5/showoutline.asp?SYEAR=114&SEM=1&CrsDat=MAEV662&Crsname=應用Python於海洋環境資料分析,,,False,海工碩,MAEV662,1,不分班,"應用Python於海洋環境資料分析
PYTHON FOR MARINE ENVIRONMENTAL DATA ANALYSIS",3,期,False,50,0,12,38,夏沛亞,"一8,6,7(海ME 3004)","['678', '', '', '', '', '', '']",《講授類》,[],True
https://selcrs.nsysu.edu.tw/menu5/showoutline.asp?SYEAR=114&SEM=1&CrsDat=MAEV679&Crsname=波與孔隙物作用專研（一）,,,False,海工碩,MAEV679,2,不分班,"波與孔隙物作用專研（一）
INDEPENDENT STUDIES IN WAVE-POROUS STRUCTURE (I)",2,期,False,50,0,2,48,許弘莒,"一A,1()","['A1', '', '', '', '', '', '']",《獨立研究》,[],False
https://selcrs.nsysu.edu.tw/menu5/showoutline.asp?SYEAR=114&SEM=1&CrsDat=MA501&Crsname=專題討論,,,False,海事碩,MA501,1,不分班,"專題討論
SEMINAR",1,期,True,50,0,5,45,高世明,"二3,4(海MA 2034)","['', '34', '', '', '', '', '']",《研討類》,[],False
https://selcrs.nsysu.edu.tw/menu5/showoutline.asp?SYEAR=114&SEM=1&CrsDat=MA502&Crsname=海洋事務總論,,,False,海事碩,MA502,1,不分班,"海洋事務總論
MARINE AFFAIRS",3,期,True,50,0,6,44,蔡宏政,"二5,6,7(海MA 2034)","['', '567', '', '', '', '', '']",《講授類》,"['環境教育學程', '海洋永續發展產業科技微學程']",False
https://selcrs.nsysu.edu.tw/menu5/showoutline.asp?SYEAR=114&SEM=1&CrsDat=MA504&Crsname=海洋學導論,異動,更換教室9/11,False,海事碩,MA504,0,不分班,"海洋學導論
INTRODUCTION TO OCEANOGRAPHY",3,期,False,50,1,6,44,"劉莉蓮,張詠斌,李逸環,雷漢杰","一2,3,4(海MA 2009)","['234', '', '', '', '', '', '']",《講授類》,['環境教育學程'],False
https://selcrs.nsysu.edu.tw/menu5/showoutline.asp?SYEAR=114&SEM=1&CrsDat=MA505&Crsname=社會科學研究方法,,,False,海事碩,MA505,0,不分班,"社會科學研究方法
RESEARCH METHODS IN SOCIAL SCIENCE",3,期,False,50,0,2,48,蔡宏政,"三5,6,7(海MA 2034)","['', '', '567', '', '', '', '']",《講授類》,['環境教育學程'],True
https://selcrs.nsysu.edu.tw/menu5/showoutline.asp?SYEAR=114&SEM=1&CrsDat=MA506&Crsname=論文研究,,,False,海事碩,MA506,2,不分班,"論文研究
THESIS RESEARCH",2,期,True,50,0,7,43,"張懿,高世明","五A,1(授課教師研究室)","['', '', '', '', 'A1', '', '']",《獨立研究》,[],False
https://selcrs.nsysu.edu.tw/menu5/showoutline.asp?SYEAR=114&SEM=1&CrsDat=MA546&Crsname=海洋政策,,,False,海事碩,MA546,0,不分班,"海洋政策
MARINE POLICY",3,期,False,50,0,6,44,高世明,"一D,E,F(海MA 2034)","['DEF', '', '', '', '', '', '']",《講授類》,['環境教育學程'],False
https://selcrs.nsysu.edu.tw/menu5/showoutline.asp?SYEAR=114&SEM=1&CrsDat=MA562&Crsname=海洋與環境政策,,,False,海事碩,MA562,0,不分班,"海洋與環境政策
OCEAN AND ENVIRONMENTAL POLICY",3,期,False,50,0,5,45,高世明,"五2,3,4(海MA 2034)","['', '', '', '', '234', '', '']",《講授類》,"['環境教育學程', '氣候變遷與調適學分學程']",True
https://selcrs.nsysu.edu.tw/menu5/showoutline.asp?SYEAR=114&SEM=1&CrsDat=MA577&Crsname=資源經濟學,,,False,海事碩,MA577,0,不分班,"資源經濟學
RESOURCE ECONOMICS",3,期,False,50,1,1,49,劉子銘,"二8,9,7(海MA 1020)","['', '789', '', '', '', '', '']",《講授類》,"['環境教育學程', '氣候變遷與調適學分學程']",True
https://selcrs.nsysu.edu.tw/menu5/showoutline.asp?SYEAR=114&SEM=1&CrsDat=MA613&Crsname=國際水下文化遺產法,,,False,海事碩,MA613,0,不分班,"國際水下文化遺產法
INTERNATIONAL UNDERWATER CULTURAL HERITAGE LAW",3,期,False,50,0,2,48,吳培福,"四C,D,E(海MA 2034)","['', '', '', 'CDE', '', '', '']",《講授類》,['環境教育學程'],False
https://selcrs.nsysu.edu.tw/menu5/showoutline.asp?SYEAR=114&SEM=1&CrsDat=MA619&Crsname=海洋保護區：規劃與執行,,,False,海事碩,MA619,0,不分班,"海洋保護區：規劃與執行
MARINE PROTECTED AREA: PLANNING AND IMPLEMENTING",3,期,False,50,0,4,46,張水鍇,"五8,9,7(海MA 2034)","['', '', '', '', '789', '', '']",《講授類》,[],False
https://selcrs.nsysu.edu.tw/menu5/showoutline.asp?SYEAR=114&SEM=1&CrsDat=MA620&Crsname=海洋空間規劃,異動,更換時間6/20,False,海事碩,MA620,0,不分班,"海洋空間規劃
MARINE SPATIAL PLANNING",3,期,False,50,1,10,40,張懿,"四5,6,7(海MA 2034)","['', '', '', '567', '', '', '']",《講授類》,['海洋永續發展產業科技微學程'],True
https://selcrs.nsysu.edu.tw/menu5/showoutline.asp?SYEAR=114&SEM=1&CrsDat=MA622&Crsname=海洋環境與漁業資源,新增,8/12,False,海事碩,MA622,0,不分班,"海洋環境與漁業資源
MARINE ENVIRONMENT AND FISHERY RESOURCES",3,期,False,50,0,5,45,張懿,"一5,6,7(海MA 2034)","['567', '', '', '', '', '', '']",《講授類》,[],True
https://selcrs.nsysu.edu.tw/menu5/showoutline.asp?SYEAR=114&SEM=1&CrsDat=MA670&Crsname=海洋空間規劃專題研究（一）,,,False,海事碩,MA670,0,不分班,"海洋空間規劃專題研究（一）
INDEPENDENT STUDIES ON MARINE SPATIAL PLANNING(Ⅰ)",2,期,False,50,0,1,49,張懿,"三A,1()","['', '', 'A1', '', '', '', '']",《獨立研究》,[],False
https://selcrs.nsysu.edu.tw/menu5/showoutline.asp?SYEAR=114&SEM=1&CrsDat=MA672&Crsname=環境變遷與調適專題研究（一）,,,False,海事碩,MA672,0,不分班,"環境變遷與調適專題研究（一）
INDEPENDENT STUDIES ON ENVIRONMENTAL CHANGE AND ADAPTATION(Ⅰ)",2,期,False,50,0,1,49,劉子銘,"三3,4()","['', '', '34', '', '', '', '']",《獨立研究》,[],False
https://selcrs.nsysu.edu.tw/menu5/showoutline.asp?SYEAR=114&SEM=1&CrsDat=MA674&Crsname=藍色經濟專題研究（一）,,,False,海事碩,MA674,0,不分班,"藍色經濟專題研究（一）
INDEPENDENT STUDIES ON BLUE ECONOMY(Ⅰ)",2,期,False,50,0,1,49,劉子銘,"二3,4()","['', '34', '', '', '', '', '']",《獨立研究》,[],False
https://selcrs.nsysu.edu.tw/menu5/showoutline.asp?SYEAR=114&SEM=1&CrsDat=DO501&Crsname=海洋學導論,異動,更換教室9/11,False,海科碩,DO501,0,不分班,"海洋學導論
INTRODUCTION TO OCEANOGRAPHY",3,期,False,50,1,13,37,"劉莉蓮,張詠斌,李逸環,雷漢杰","一2,3,4(海MA 2009)","['234', '', '', '', '', '', '']",《講授類》,['環境教育學程'],False
https://selcrs.nsysu.edu.tw/menu5/showoutline.asp?SYEAR=114&SEM=1&CrsDat=DO502&Crsname=海上實習,,,False,海科碩,DO502,0,不分班,"海上實習
OCEANOGRAPHIC CRUISE",1,期,False,50,0,8,42,"塗子萱,李逸環,黃蔚人","一6,7(海MA 3020)(實驗)","['67', '', '', '', '', '', '']",《實習類》,"['環境教育學程', '擁海學程']",False
https://selcrs.nsysu.edu.tw/menu5/showoutline.asp?SYEAR=114&SEM=1&CrsDat=DO508&Crsname=專題演講（一）,,,False,海科碩,DO508,0,不分班,"專題演講（一）
COLLOQUIUM (I)",1,期,False,50,0,4,46,雷漢杰,三6(海MA 3040),"['', '', '6', '', '', '', '']",《演講/參訪》,[],False
https://selcrs.nsysu.edu.tw/menu5/showoutline.asp?SYEAR=114&SEM=1&CrsDat=DO510&Crsname=專題演講（三）,,,False,海科碩,DO510,0,不分班,"專題演講（三）
COLLOQUIUM (III)",1,期,False,50,0,2,48,簡國童,三7(海MA 3040),"['', '', '7', '', '', '', '']",《演講/參訪》,[],False
https://selcrs.nsysu.edu.tw/menu5/showoutline.asp?SYEAR=114&SEM=1&CrsDat=DO524&Crsname=環礁生態研究,,,False,海科碩,DO524,0,不分班,"環礁生態研究
ATOLL ECOLOGY RESEARCH",2,期,False,5,0,3,2,塗子萱,"二3,4(海MA 3020)","['', '34', '', '', '', '', '']","《講授類》
限有參與東沙環礁實地訓練者選修。暑假期間在東沙上課，受限機位、空間因素，限修人數為5人。",[],False
https://selcrs.nsysu.edu.tw/menu5/showoutline.asp?SYEAR=114&SEM=1&CrsDat=DO562&Crsname=高等海洋地質學,,,False,海科碩,DO562,0,不分班,"高等海洋地質學
ADVANCED MARINE GEOLOGY",3,期,False,50,0,2,48,林慧玲,"二2,3,4(海MA 2009)","['', '234', '', '', '', '', '']",《講授類》,['環境科技與管理學程'],False
https://selcrs.nsysu.edu.tw/menu5/showoutline.asp?SYEAR=114&SEM=1&CrsDat=DO563&Crsname=海洋沉積物分析,,,False,海科碩,DO563,0,不分班,"海洋沉積物分析
ANALYSES OF MARINE SEDIMENTS",2,期,False,50,0,4,46,林慧玲,"三3,4(海MA 2009)","['', '', '34', '', '', '', '']",《講授類》,[],False
https://selcrs.nsysu.edu.tw/menu5/showoutline.asp?SYEAR=114&SEM=1&CrsDat=DO574&Crsname=海洋汙染,,,False,海科碩,DO574,0,不分班,"海洋汙染
MARINE POLLUTION",3,期,False,50,0,2,48,雷漢杰,"四8,6,7(海MA 2009)","['', '', '', '678', '', '', '']",《講授類》,[],False
https://selcrs.nsysu.edu.tw/menu5/showoutline.asp?SYEAR=114&SEM=1&CrsDat=DO614&Crsname=海洋觀測與調查,,,False,海科碩,DO614,0,不分班,"海洋觀測與調查
OCEAN OBSERVATION AND INVESTIGATION",3,期,False,50,0,3,47,簡國童,"四8,6,7(海MA 3040)","['', '', '', '678', '', '', '']","《講授類》
與DO324併班上課。","['環境教育學程', '擁海學程']",False
https://selcrs.nsysu.edu.tw/menu5/showoutline.asp?SYEAR=114&SEM=1&CrsDat=DO625&Crsname=古氣候學概論,,,False,海科碩,DO625,0,不分班,"古氣候學概論
INTRODUCTION TO PALEOCLIMATOLOGY",2,期,False,50,0,6,44,張詠斌,"五3,4(海MA 2009)","['', '', '', '', '34', '', '']","《講授類》
與DO431併班上課。","['環境教育學程', '氣候變遷與調適學分學程']",False
https://selcrs.nsysu.edu.tw/menu5/showoutline.asp?SYEAR=114&SEM=1&CrsDat=DO643&Crsname=中等物理海洋學,,,False,海科碩,DO643,0,不分班,"中等物理海洋學
INTERMEDIATE PHYSICAL OCEANOGRAPHY",2,期,False,50,0,6,44,方盈智,"三3,4(海MA 3040)","['', '', '34', '', '', '', '']","《講授類》
與DO445併班上課。",[],False
https://selcrs.nsysu.edu.tw/menu5/showoutline.asp?SYEAR=114&SEM=1&CrsDat=DO647&Crsname=現場觀測與資料分析,異動,專簽更換授課方式10/15,False,海科碩,DO647,0,不分班,"現場觀測與資料分析
FIELD OBSERVATIONS AND DATA ANALYSIS",3,期,False,50,0,4,46,李逸環,"四8,6,7(海MA 1020)","['', '', '', '678', '', '', '']",《講授類》,[],False
https://selcrs.nsysu.edu.tw/menu5/showoutline.asp?SYEAR=114&SEM=1&CrsDat=DO667&Crsname=海洋生物專題研究（一）,,,False,海科碩,DO667,1,不分班,"海洋生物專題研究（一）
INDEPENDENT STUDIES IN MARINE BIOLOGY（I）",3,期,True,50,0,13,37,"劉莉蓮,塗子萱,廖德裕,托星豪,熊寶兒,王志騰,陳慶能","三D,E,F()","['', '', 'DEF', '', '', '', '']",《獨立研究》,[],False
https://selcrs.nsysu.edu.tw/menu5/showoutline.asp?SYEAR=114&SEM=1&CrsDat=DO673&Crsname=海洋地質及生地化學專題研究（三）,,,False,海科碩,DO673,0,不分班,"海洋地質及生地化學專題研究（三）
INDEPENDENT STUDIES IN MARINE GEOLOGY AND BIOGEOCHEMISTRY (III)",3,期,False,50,0,6,44,"張詠斌,林慧玲,林玉詩,簡國童,雷漢杰,黃蔚人","五C,D,E()","['', '', '', '', 'CDE', '', '']",《獨立研究》,[],False
https://selcrs.nsysu.edu.tw/menu5/showoutline.asp?SYEAR=114&SEM=1&CrsDat=DO677&Crsname=物理海洋專題研究（三）,,,False,海科碩,DO677,0,不分班,"物理海洋專題研究（三）
INDEPENDENT STUDIES IN PHYSICAL OCEANOGRAPHY (III)",3,期,False,50,0,6,44,"方盈智,李逸環,陳冠宇","四C,D,E()","['', '', '', 'CDE', '', '', '']",《獨立研究》,[],False
https://selcrs.nsysu.edu.tw/menu5/showoutline.asp?SYEAR=114&SEM=1&CrsDat=DO684&Crsname=海洋生物專題討論（一）,,,False,海科碩,DO684,1,不分班,"海洋生物專題討論（一）
SEMINAR IN MARINE BIOLOGY (I)",1,期,True,50,0,9,41,塗子萱,三6(海MA 1005),"['', '', '6', '', '', '', '']",《研討類》,[],True
https://selcrs.nsysu.edu.tw/menu5/showoutline.asp?SYEAR=114&SEM=1&CrsDat=DO686&Crsname=海洋生物專題討論（三）,,,False,海科碩,DO686,0,不分班,"海洋生物專題討論（三）
SEMINAR IN MARINE BIOLOGY (III)",1,期,False,50,0,7,43,王志騰,三7(海MA 1005),"['', '', '7', '', '', '', '']",《研討類》,[],True
https://selcrs.nsysu.edu.tw/menu5/showoutline.asp?SYEAR=114&SEM=1&CrsDat=DO692&Crsname=物理海洋專題討論（一）,,,False,海科碩,DO692,0,不分班,"物理海洋專題討論（一）
SEMINAR IN PHYSICAL OCEANOGRAPHY (I)",1,期,False,50,0,6,44,李逸環,三6(),"['', '', '6', '', '', '', '']",《研討類》,[],False
https://selcrs.nsysu.edu.tw/menu5/showoutline.asp?SYEAR=114&SEM=1&CrsDat=DO694&Crsname=物理海洋專題討論（三）,,,False,海科碩,DO694,0,不分班,"物理海洋專題討論（三）
SEMINAR IN PHYSICAL OCEANOGRAPHY (III)",1,期,False,50,0,1,49,陳冠宇,三7(),"['', '', '7', '', '', '', '']",《研討類》,[],False
https://selcrs.nsysu.edu.tw/menu5/showoutline.asp?SYEAR=114&SEM=1&CrsDat=DO696&Crsname=高等物理海洋學（一）,異動,更換時間及教室9/12,False,海科碩,DO696,0,不分班,"高等物理海洋學（一）
ADVANCED PHYSICAL OCEANOGRAPHY (I)",2,期,False,50,0,3,47,陳冠宇,"五6,7(海MB 2014)","['', '', '', '', '67', '', '']",《講授類》,[],False
https://selcrs.nsysu.edu.tw/menu5/showoutline.asp?SYEAR=114&SEM=1&CrsDat=DO702&Crsname=進階藻類學與實作,異動,專簽核准中文授課10/2,False,海科碩,DO702,0,不分班,"進階藻類學與實作
ADVANCED PHYCOLOGY AND PRACTICE",3,期,False,50,4,1,49,陳慶能,"五1,2,3(海MA 1020)","['', '', '', '', '123', '', '']",《講授類》,[],False
https://selcrs.nsysu.edu.tw/menu5/showoutline.asp?SYEAR=114&SEM=1&CrsDat=DO711&Crsname=珊瑚礁生物學,異動,更換時間及教室8/19,False,海科碩,DO711,0,不分班,"珊瑚礁生物學
BIOLOGY OF CORAL REEFS",2,期,False,50,0,5,45,王志騰,"三3,4(海MA 1005)","['', '', '34', '', '', '', '']",《講授類》,[],False
https://selcrs.nsysu.edu.tw/menu5/showoutline.asp?SYEAR=114&SEM=1&CrsDat=DO717&Crsname=海洋基礎生產力,,,False,海科碩,DO717,0,不分班,"海洋基礎生產力
MARINE PRIMARY PRODUCTIVITY",2,期,False,50,1,2,48,托星豪,"四3,4(海MA 2009)","['', '', '', '34', '', '', '']",《講授類》,[],True
https://selcrs.nsysu.edu.tw/menu5/showoutline.asp?SYEAR=114&SEM=1&CrsDat=DO718&Crsname=應用統計學（一）,,,False,海科碩,DO718,0,不分班,"應用統計學（一）
APPLIED STATISTICS (I)",2,期,False,50,0,2,48,托星豪,"一3,4(海MA 2034)","['34', '', '', '', '', '', '']","《講授類》
選修「應用統計學(一)」課程需同時選修「應用統計學實習(一)」課程。","['環境教育學程', '擁海學程']",False
https://selcrs.nsysu.edu.tw/menu5/showoutline.asp?SYEAR=114&SEM=1&CrsDat=DO719&Crsname=應用統計學實習（一）,,,False,海科碩,DO719,0,不分班,"應用統計學實習（一）
APPLIED STATISTICS PRACTICE (I)",1,期,False,50,0,2,48,吳淑娟,"一5,6,7(圖IL PC02)(實驗)","['567', '', '', '', '', '', '']","《實習類》
選修「應用統計學實習(一)」課程需同時選修「應用統計學(一)」課程。",[],False
https://selcrs.nsysu.edu.tw/menu5/showoutline.asp?SYEAR=114&SEM=1&CrsDat=DO720&Crsname=機器學習概論及其在海洋科學的應用,異動,更換授課方式9/12,False,海科碩,DO720,0,不分班,"機器學習概論及其在海洋科學的應用
INTRODUCTORY MACHINE LEARNING AND ITS APPLICATION IN MARINE SCIENCES",3,期,False,50,0,5,45,王敬湧,"四2,3,4(海ME 3004)","['', '', '', '234', '', '', '']","《講授類》
與DO354併班上課。",[],True
https://selcrs.nsysu.edu.tw/menu5/showoutline.asp?SYEAR=114&SEM=1&CrsDat=DO723&Crsname=海洋GIS資料實作,,,False,海科碩,DO723,0,不分班,"海洋GIS資料實作
PRACTICE OF MARINE GIS DATA",2,期,False,50,0,2,48,林玉詩,"五5,6(海MA 3040)","['', '', '', '', '56', '', '']","《講授類》
與DO408併班上課。",[],False
https://selcrs.nsysu.edu.tw/menu5/showoutline.asp?SYEAR=114&SEM=1&CrsDat=DO724&Crsname=科學倫理導論,新增,9/3,False,海科碩,DO724,0,不分班,"科學倫理導論
INTRODUCTION TO SCIENCE ETHICS",2,期,False,50,0,2,48,熊寶兒,"二6,7(海MA 3040)","['', '67', '', '', '', '', '']",《講授類》,[],True
https://selcrs.nsysu.edu.tw/menu5/showoutline.asp?SYEAR=114&SEM=1&CrsDat=UT502&Crsname=海上實習（一）,,,False,海下科技碩,UT502,0,不分班,"海上實習（一）
CRUISE PRACTICE (I)",1,期,False,50,0,12,38,周佑誠,"五8,9(海MA 2052)(實驗)","['', '', '', '', '89', '', '']","《實習類》
本課程限海下科技研究所碩士班研究生及已取得海下科技研究所五學年學碩士資格之大學部學生選修。",[],False
https://selcrs.nsysu.edu.tw/menu5/showoutline.asp?SYEAR=114&SEM=1&CrsDat=UT508&Crsname=工程聲學,,,False,海下科技碩,UT508,0,不分班,"工程聲學
ENGINEERING ACOUSTICS",3,期,False,50,1,11,39,魏瑞昌,"三5,6,7(海MA 2052)","['', '', '567', '', '', '', '']",《講授類》,"['環境教育學程', '海事工程學程', '南星產業樞紐學程']",False
https://selcrs.nsysu.edu.tw/menu5/showoutline.asp?SYEAR=114&SEM=1&CrsDat=UT513&Crsname=電腦語言與數值模擬,,,False,海下科技碩,UT513,0,不分班,"電腦語言與數值模擬
COMPUTER LANGUAGE AND SIMULATION",3,期,False,50,0,7,43,王兆璋,"二2,3,4(海MA 2052)","['', '234', '', '', '', '', '']",《講授類》,['海洋永續發展產業科技微學程'],False
https://selcrs.nsysu.edu.tw/menu5/showoutline.asp?SYEAR=114&SEM=1&CrsDat=UT514&Crsname=數值方法與軟體應用,,,False,海下科技碩,UT514,0,不分班,"數值方法與軟體應用
NUMERICAL METHODS WITH MATLAB",3,期,False,50,0,11,39,陳信宏,"三2,3,4(海MA 2052)","['', '', '234', '', '', '', '']",《講授類》,[],True
https://selcrs.nsysu.edu.tw/menu5/showoutline.asp?SYEAR=114&SEM=1&CrsDat=UT520&Crsname=訊號與系統,,,False,海下科技碩,UT520,0,不分班,"訊號與系統
SIGNALS AND SYSTEMS",3,期,False,50,0,10,40,魏瑞昌,"二8,6,7(海MA 2052)","['', '678', '', '', '', '', '']",《講授類》,"['海事工程學程', '南星產業樞紐學程']",False
https://selcrs.nsysu.edu.tw/menu5/showoutline.asp?SYEAR=114&SEM=1&CrsDat=UT530&Crsname=海下科技研討（一）,,,False,海下科技碩,UT530,1,不分班,"海下科技研討（一）
SEMINAR IN UNDERSEA TECHNOLOGY (I)",2,期,True,50,0,12,38,邱永盛,"五6,7(海MA 2052)","['', '', '', '', '67', '', '']",《研討類》,[],False
https://selcrs.nsysu.edu.tw/menu5/showoutline.asp?SYEAR=114&SEM=1&CrsDat=UT534&Crsname=海下科技研討（三）,,,False,海下科技碩,UT534,0,不分班,"海下科技研討（三）
SEMINAR IN UNDERSEA TECHNOLOGY (III)",2,期,False,50,0,10,40,謝孟璋,"五6,7(海MA 1020)","['', '', '', '', '67', '', '']",《研討類》,[],False
https://selcrs.nsysu.edu.tw/menu5/showoutline.asp?SYEAR=114&SEM=1&CrsDat=UT543&Crsname=模糊邏輯控制與水下載具應用,,,False,海下科技碩,UT543,0,不分班,"模糊邏輯控制與水下載具應用
FUZZY LOGIC CONTROL AND ITS APPLICATION TO UNDERWATER VEHICLES",3,期,False,50,0,5,45,周佑誠,"四2,3,4(海MA 2052)","['', '', '', '234', '', '', '']",《講授類》,"['海洋永續發展產業科技微學程', '無人載具學程']",True
https://selcrs.nsysu.edu.tw/menu5/showoutline.asp?SYEAR=114&SEM=1&CrsDat=UT544&Crsname=海洋環境監測與感測器設計,,,False,海下科技碩,UT544,0,不分班,"海洋環境監測與感測器設計
MARINE ENVIRONMENTAL MONITORING AND SENSOR DESIGN",3,期,False,50,0,16,34,謝孟璋,"五2,3,4(海MA 2052)","['', '', '', '', '234', '', '']",《講授類》,[],True
https://selcrs.nsysu.edu.tw/menu5/showoutline.asp?SYEAR=114&SEM=1&CrsDat=UT632&Crsname=水中聲學專題研究（一）,,,False,海下科技碩,UT632,0,不分班,"水中聲學專題研究（一）
INDEPENDENT STUDIES IN UNDERWATER ACOUSTICS (I)",2,期,False,50,1,6,44,"周佑誠,王兆璋,謝孟璋,邱永盛,陳信宏,魏瑞昌","一3,4(海MA 2052)","['34', '', '', '', '', '', '']",《獨立研究》,[],False
https://selcrs.nsysu.edu.tw/menu5/showoutline.asp?SYEAR=114&SEM=1&CrsDat=UT633&Crsname=水下機電專題研究（一）,,,False,海下科技碩,UT633,0,不分班,"水下機電專題研究（一）
INDEPENDENT STUDIES IN UNDERWATER MECHATRONICS (I)",2,期,False,50,0,7,43,"周佑誠,王兆璋,謝孟璋,邱永盛,陳信宏,魏瑞昌","一1,2(海MA 2052)","['12', '', '', '', '', '', '']",《獨立研究》,[],False
https://selcrs.nsysu.edu.tw/menu5/showoutline.asp?SYEAR=114&SEM=1&CrsDat=MEC501&Crsname=海洋生態與保育專題討論（一）,,,False,海生保育碩,MEC501,1,不分班,"海洋生態與保育專題討論（一）
SEMINAR IN MARINE ECOLOGY AND CONSERVATION（I）",1,期,True,50,0,6,44,林裕䕒,三6(海MA 2009),"['', '', '6', '', '', '', '']",《研討類》,[],True
https://selcrs.nsysu.edu.tw/menu5/showoutline.asp?SYEAR=114&SEM=1&CrsDat=MEC503&Crsname=海洋生態與保育專題研究（一）,異動,調整合授教師6/25,False,海生保育碩,MEC503,2,不分班,"海洋生態與保育專題研究（一）
INDEPENDENT STUDIES IN MARINE ECOLOGY AND CONSERVATION（I）",3,期,True,50,0,5,45,"劉商隱,劉莉蓮,塗子萱,廖德裕,張揚祺,張桂祥,徐華遜,托星豪,林裕䕒,陳孟仙,陳慶能",一B(海MA 1020) 二B(海MA 1020) 三B(海MA 1020),"['B', 'B', 'B', '', '', '', '']",《獨立研究》,[],True
https://selcrs.nsysu.edu.tw/menu5/showoutline.asp?SYEAR=114&SEM=1&CrsDat=MEC506&Crsname=海上實習,,,False,海生保育碩,MEC506,0,不分班,"海上實習
OCEANOGRAPHIC CRUISE",1,期,False,50,1,3,47,"塗子萱,李逸環,黃蔚人","一6,7(海MA 3020)(實驗)","['67', '', '', '', '', '', '']",《實習類》,['環境教育學程'],False
https://selcrs.nsysu.edu.tw/menu5/showoutline.asp?SYEAR=114&SEM=1&CrsDat=MEC507&Crsname=海洋學導論,異動,更換教室9/11,False,海生保育碩,MEC507,0,不分班,"海洋學導論
INTRODUCTION TO OCEANOGRAPHY",3,期,False,50,0,6,44,"劉莉蓮,張詠斌,李逸環,雷漢杰","一2,3,4(海MA 2009)","['234', '', '', '', '', '', '']",《講授類》,['環境教育學程'],False
https://selcrs.nsysu.edu.tw/menu5/showoutline.asp?SYEAR=114&SEM=1&CrsDat=MEC508A&Crsname=海洋生態與保育專題討論（三）,異動,確認教師8/12,False,海生保育碩,MEC508A,0,不分班,"海洋生態與保育專題討論（三）
SEMINAR IN MARINE ECOLOGY AND CONSERVATION（III）",1,期,False,50,0,4,46,林裕䕒,三7(海MA 1020),"['', '', '7', '', '', '', '']",《研討類》,[],True
https://selcrs.nsysu.edu.tw/menu5/showoutline.asp?SYEAR=114&SEM=1&CrsDat=MEC513&Crsname=海洋生物多樣性與保育（一）,,,True,海生保育碩,MEC513,1,不分班,"海洋生物多樣性與保育（一）
MARINE BIODIVERSITY AND CONSERVATION （1）",2,期,True,50,0,6,44,劉商隱,"三3,4(海MB 2016)","['', '', '34', '', '', '', '']",《講授類》,['環境教育學程'],True
https://selcrs.nsysu.edu.tw/menu5/showoutline.asp?SYEAR=114&SEM=1&CrsDat=MEC514&Crsname=海洋保育個案研析,異動,取消合授教師7/21,False,海生保育碩,MEC514,1,不分班,"海洋保育個案研析
CASE STUDIES IN MARINE CONSERVATION",3,期,True,50,0,7,43,林裕䕒,"五5,6,7(海MB 2020)","['', '', '', '', '567', '', '']",《研討類》,[],False
https://selcrs.nsysu.edu.tw/menu5/showoutline.asp?SYEAR=114&SEM=1&CrsDat=MEC520&Crsname=生物統計,,,True,海生保育碩,MEC520,1,不分班,"生物統計
BIOSTATISTICS",3,期,True,50,1,11,39,林裕䕒,"四2,3,4(海MB 3013)","['', '', '', '234', '', '', '']",《講授類》,[],True
https://selcrs.nsysu.edu.tw/menu5/showoutline.asp?SYEAR=114&SEM=1&CrsDat=MEC522&Crsname=軟骨魚類特論,,,False,海生保育碩,MEC522,0,不分班,"軟骨魚類特論
SPECIAL TOPICS ON CHONDRICHTHYAN FISHES",2,期,False,50,0,7,43,徐華遜,"二3,4(海MA 1020)","['', '34', '', '', '', '', '']","《講授類》
課程時間及教室不確定，請留意開課前信件通知",[],False
https://selcrs.nsysu.edu.tw/menu5/showoutline.asp?SYEAR=114&SEM=1&CrsDat=MEC523&Crsname=海洋及森林碳匯與碳權概論,,,False,海生保育碩,MEC523,0,不分班,"海洋及森林碳匯與碳權概論
INTRODUCTION TO MARINE AND FOREST CARBON SINKS AND CARBON CREDITS",3,期,False,50,1,4,46,王右仁,"二8,6,7(海ME 2001)","['', '678', '', '', '', '', '']",《講授類》,['海洋永續發展產業科技微學程'],True
https://selcrs.nsysu.edu.tw/menu5/showoutline.asp?SYEAR=114&SEM=1&CrsDat=OWP501&Crsname=離岸風電概論,,,False,離岸風電碩,OWP501,1,不分班,"離岸風電概論
INTRODUCTION TO OFFSHORE WIND ENERGY",3,期,False,50,0,19,31,王右仁,"四3,4,B(海ME 2001)","['', '', '', '34B', '', '', '']",《講授類》,"['海洋永續發展產業科技微學程', '永續能源學程', '淨零轉型微學程', '淨零轉型與永續發展整合學程', '海事工程學程']",False
https://selcrs.nsysu.edu.tw/menu5/showoutline.asp?SYEAR=114&SEM=1&CrsDat=OWP502&Crsname=離岸風電書報討論（一）,,,False,離岸風電碩,OWP502,1,不分班,"離岸風電書報討論（一）
SEMINAR IN OFFSHORE WIND POWER (Ⅰ)",2,期,False,50,0,2,48,莊偉良,"四6,7(海ME 3002)","['', '', '', '67', '', '', '']",《演講/參訪》,[],False
https://selcrs.nsysu.edu.tw/menu5/showoutline.asp?SYEAR=114&SEM=1&CrsDat=OWP504&Crsname=離岸風電書報討論（三）,,,False,離岸風電碩,OWP504,2,不分班,"離岸風電書報討論（三）
SEMINAR IN OFFSHORE WIND POWER (Ⅲ)",2,期,False,50,0,4,46,卓宴琳,"四6,7(海ME 3002)","['', '', '', '67', '', '', '']",《演講/參訪》,[],False
https://selcrs.nsysu.edu.tw/menu5/showoutline.asp?SYEAR=114&SEM=1&CrsDat=OWP513&Crsname=離岸浮式構造物工程導論,,,False,離岸風電碩,OWP513,1,不分班,"離岸浮式構造物工程導論
INTRODUCTION TO MARITIME AND OCEAN ENGINEERING OF FLOATING OFFSHORE STRUCTURES",3,期,False,50,0,3,47,林俊宏,"三2,3,4(海ME 3005)","['', '', '234', '', '', '', '']",《講授類》,['海事工程學程'],False
https://selcrs.nsysu.edu.tw/menu5/showoutline.asp?SYEAR=114&SEM=1&CrsDat=IPS501&Crsname=台灣政府與政治,異動,更換教室9/4,False,政治碩,IPS501,0,不分班,"台灣政府與政治
TAIWAN GOVERNMENT  AND POLITICS",3,期,False,50,0,42,8,張晉赫,"四2,3,4(社SS 1005)","['', '', '', '234', '', '', '']",《講授類》,['日本研究學程'],True
https://selcrs.nsysu.edu.tw/menu5/showoutline.asp?SYEAR=114&SEM=1&CrsDat=IPS507&Crsname=社會科學方法論,,,True,政治碩,IPS507,1,不分班,"社會科學方法論
SOCIAL SCIENCE METHODOLOGY",3,期,True,50,0,20,30,陳宗巖,"一2,3,4(社SS 3010-2)","['234', '', '', '', '', '', '']",《講授類》,[],False
https://selcrs.nsysu.edu.tw/menu5/showoutline.asp?SYEAR=114&SEM=1&CrsDat=IPS518&Crsname=政治理論與思想史,,,True,政治碩,IPS518,1,不分班,"政治理論與思想史
POLITICAL
THEORY AND
HISTORY OF
POLITICAL
THOUGHT",3,期,True,50,0,7,43,楊尚儒,"二5,6,7(社SS 3008)","['', '567', '', '', '', '', '']",《講授類》,[],False
https://selcrs.nsysu.edu.tw/menu5/showoutline.asp?SYEAR=114&SEM=1&CrsDat=IPS531&Crsname=國際關係,,,True,政治碩,IPS531,1,不分班,"國際關係
INTERNATIONAL RELATIONS",3,期,True,50,0,33,17,黃韋豪,"一5,6,7(社SS 3010-2)","['567', '', '', '', '', '', '']",《講授類》,['法國語言、文化與社會學程'],True
https://selcrs.nsysu.edu.tw/menu5/showoutline.asp?SYEAR=114&SEM=1&CrsDat=IPS540&Crsname=全球政治,異動,調整名額7/10,False,政治碩,IPS540,0,不分班,"全球政治
GLOBAL POLITICS",3,期,False,25,0,17,8,方志恒,"二8,6,7(社SS 4001)","['', '678', '', '', '', '', '']",《講授類》,['地方發展與永續農業微學程'],True
https://selcrs.nsysu.edu.tw/menu5/showoutline.asp?SYEAR=114&SEM=1&CrsDat=IPS602&Crsname=專題研究（一）,,,False,政治碩,IPS602,0,不分班,"專題研究（一）
INDEPENDENT STUDIES(I)",3,期,False,50,0,2,48,陳宗巖,"五2,3,4()","['', '', '', '', '234', '', '']","《獨立研究》
限政治所博碩士生經所屬指導教授同意後選修",[],False
https://selcrs.nsysu.edu.tw/menu5/showoutline.asp?SYEAR=114&SEM=1&CrsDat=IPS602A&Crsname=專題研究（一）,,,False,政治碩,IPS602A,0,不分班,"專題研究（一）
INDEPENDENT STUDIES(I)",3,期,False,50,0,1,49,張晉赫,"五2,3,4()","['', '', '', '', '234', '', '']","《獨立研究》
限政治所博碩士生經所屬指導教授同意後選修",[],False
https://selcrs.nsysu.edu.tw/menu5/showoutline.asp?SYEAR=114&SEM=1&CrsDat=IPS602B&Crsname=專題研究（一）,,,False,政治碩,IPS602B,0,不分班,"專題研究（一）
INDEPENDENT STUDIES(I)",3,期,False,50,0,1,49,黃韋豪,"五2,3,4()","['', '', '', '', '234', '', '']","《獨立研究》
限政治所博碩士生經所屬指導教授同意後選修",[],False
https://selcrs.nsysu.edu.tw/menu5/showoutline.asp?SYEAR=114&SEM=1&CrsDat=IPS611&Crsname=女性主義與政治,異動,更換教室8/28,False,政治碩,IPS611,0,不分班,"女性主義與政治
FEMINISM AND POLITICS",3,期,False,50,1,21,29,林婉萍,"三5,6,7(社SS 3010-2)","['', '', '567', '', '', '', '']",《講授類》,[],True
https://selcrs.nsysu.edu.tw/menu5/showoutline.asp?SYEAR=114&SEM=1&CrsDat=IPS652&Crsname=民意與政治行為研究,異動,取消備註說明8/26,False,政治碩,IPS652,0,不分班,"民意與政治行為研究
PUBLIC OPINION AND POLITICAL BEHAVIOR",3,期,False,50,1,20,30,劉正山,"四5,6,7(社SS 3010-2)","['', '', '', '567', '', '', '']",《講授類》,"['公民參與微學程', '政經大數據分析微學程']",False
https://selcrs.nsysu.edu.tw/menu5/showoutline.asp?SYEAR=114&SEM=1&CrsDat=IPS654&Crsname=當代民主政治的延續與變遷,,,False,政治碩,IPS654,0,不分班,"當代民主政治的延續與變遷
CONTINUITY AND CHANGE IN THE POLITICS OF CONTEMPORARY DEMOCRACIES",3,期,False,50,0,20,30,張晉赫,"三2,3,4(社SS 3010-2)","['', '', '234', '', '', '', '']",《講授類》,[],True
https://selcrs.nsysu.edu.tw/menu5/showoutline.asp?SYEAR=114&SEM=1&CrsDat=ECON501&Crsname=個體經濟學（一）,異動,取消合授教師7/31,False,經濟碩,ECON501,1,不分班,"個體經濟學（一）
MICROECONOMICS (I)",3,期,True,50,1,30,20,劉楚俊,"三2,3,4(社SS 3002-1)","['', '', '234', '', '', '', '']",《講授類》,[],False
https://selcrs.nsysu.edu.tw/menu5/showoutline.asp?SYEAR=114&SEM=1&CrsDat=ECON502&Crsname=計量經濟學（一）,,,False,經濟碩,ECON502,1,不分班,"計量經濟學（一）
ECONOMETRICS (I)",3,期,True,50,0,37,13,李慶男,"一2,3,4(社SS 3002-1)","['234', '', '', '', '', '', '']",《講授類》,['金融科技學程'],False
https://selcrs.nsysu.edu.tw/menu5/showoutline.asp?SYEAR=114&SEM=1&CrsDat=ECON503&Crsname=總體經濟學（一）,,,False,經濟碩,ECON503,1,不分班,"總體經濟學（一）
MACROECONOMICS (I)",3,期,True,50,0,31,19,陳冠任,"四2,3,4(社SS 2003-2)","['', '', '', '234', '', '', '']",《講授類》,[],False
https://selcrs.nsysu.edu.tw/menu5/showoutline.asp?SYEAR=114&SEM=1&CrsDat=ECON510&Crsname=數理經濟學,,,False,經濟碩,ECON510,1,不分班,"數理經濟學
MATHEMATICAL ECONOMICS",3,期,True,50,0,29,21,許嘉麟,"三5,6,7(社SS 3002-1)","['', '', '567', '', '', '', '']",《講授類》,[],True
https://selcrs.nsysu.edu.tw/menu5/showoutline.asp?SYEAR=114&SEM=1&CrsDat=ECON611&Crsname=景氣循環理論,,,False,經濟碩,ECON611,2,不分班,"景氣循環理論
BUSINESS CYCLE THEORY",3,期,False,50,0,7,43,陳冠任,"一8,6,7(社SS 3002-1)","['678', '', '', '', '', '', '']",《講授類》,[],True
https://selcrs.nsysu.edu.tw/menu5/showoutline.asp?SYEAR=114&SEM=1&CrsDat=ECON622&Crsname=財務計量應用,,,False,經濟碩,ECON622,2,不分班,"財務計量應用
APPLICATIONS OF FINANNCIAL ECONOMETRICS",3,期,False,50,0,16,34,鄭子長,"四8,6,7(社SS 2003-2)","['', '', '', '678', '', '', '']",《講授類》,[],True
https://selcrs.nsysu.edu.tw/menu5/showoutline.asp?SYEAR=114&SEM=1&CrsDat=ECON682A&Crsname=專題研究（三）,,,False,經濟碩,ECON682A,2,不分班,"專題研究（三）
INDEPENDENT STUDIES(III)",3,期,False,50,0,4,46,童永年,"四8,6,7(社SS 1014)","['', '', '', '678', '', '', '']",《獨立研究》,[],False
https://selcrs.nsysu.edu.tw/menu5/showoutline.asp?SYEAR=114&SEM=1&CrsDat=ECON682B&Crsname=專題研究（三）,,,False,經濟碩,ECON682B,2,不分班,"專題研究（三）
INDEPENDENT STUDIES(III)",3,期,False,50,0,3,47,陳冠任,"四8,6,7(社SS 3002-1)","['', '', '', '678', '', '', '']",《獨立研究》,[],False
https://selcrs.nsysu.edu.tw/menu5/showoutline.asp?SYEAR=114&SEM=1&CrsDat=ECON682C&Crsname=專題研究（三）,,,False,經濟碩,ECON682C,2,不分班,"專題研究（三）
INDEPENDENT STUDIES(III)",3,期,False,50,0,4,46,鄭宜玲,"五8,6,7(社SS 2003-2)","['', '', '', '', '678', '', '']",《獨立研究》,[],False
https://selcrs.nsysu.edu.tw/menu5/showoutline.asp?SYEAR=114&SEM=1&CrsDat=ECON682D&Crsname=專題研究（三）,,,False,經濟碩,ECON682D,2,不分班,"專題研究（三）
INDEPENDENT STUDIES(III)",3,期,False,50,0,3,47,李慶男,"三5,6,7(社SS 3002-1)","['', '', '567', '', '', '', '']",《獨立研究》,[],False
https://selcrs.nsysu.edu.tw/menu5/showoutline.asp?SYEAR=114&SEM=1&CrsDat=ECON682E&Crsname=專題研究（三）,,,False,經濟碩,ECON682E,2,不分班,"專題研究（三）
INDEPENDENT STUDIES(III)",3,期,False,50,0,1,49,許嘉麟,"五8,6,7(社SS 1014)","['', '', '', '', '678', '', '']",《獨立研究》,[],False
https://selcrs.nsysu.edu.tw/menu5/showoutline.asp?SYEAR=114&SEM=1&CrsDat=ECON682F&Crsname=專題研究（三）,,,False,經濟碩,ECON682F,2,不分班,"專題研究（三）
INDEPENDENT STUDIES(III)",3,期,False,50,0,1,49,劉楚俊,"一8,6,7(社SS 2003-2)","['678', '', '', '', '', '', '']",《獨立研究》,[],False
https://selcrs.nsysu.edu.tw/menu5/showoutline.asp?SYEAR=114&SEM=1&CrsDat=ECON682G&Crsname=專題研究（三）,,,False,經濟碩,ECON682G,2,不分班,"專題研究（三）
INDEPENDENT STUDIES(III)",3,期,False,50,0,7,43,鄭子長,"二2,3,4(社SS 1014)","['', '234', '', '', '', '', '']",《獨立研究》,[],False
https://selcrs.nsysu.edu.tw/menu5/showoutline.asp?SYEAR=114&SEM=1&CrsDat=ECON688&Crsname=書報討論（一）,異動,更換教師7/31,False,經濟碩,ECON688,2,不分班,"書報討論（一）
SEMINAR IN ECONOMICS (I)",1,期,False,50,0,23,27,童永年,二6(社SS 3002-1),"['', '6', '', '', '', '', '']",《演講/參訪》,[],False
https://selcrs.nsysu.edu.tw/menu5/showoutline.asp?SYEAR=114&SEM=1&CrsDat=IOE505&Crsname=教育統計學研究,,,False,教育碩,IOE505,0,不分班,"教育統計學研究
STUDIES IN EDUCATIONAL STATISTICS",3,期,False,50,0,9,41,施慶麟,"三2,3,4(社SS 3006)","['', '', '234', '', '', '', '']",《講授類》,['政經大數據分析微學程'],False
https://selcrs.nsysu.edu.tw/menu5/showoutline.asp?SYEAR=114&SEM=1&CrsDat=IOE513&Crsname=教育政策分析,,,False,教育碩,IOE513,0,不分班,"教育政策分析
ANALYSES ON EDUCATIONAL POLICIES",3,期,False,50,0,9,41,林靜慧,"一8,6,7(社SS 2002-1)","['678', '', '', '', '', '', '']",《講授類》,[],False
https://selcrs.nsysu.edu.tw/menu5/showoutline.asp?SYEAR=114&SEM=1&CrsDat=IOE537&Crsname=課程發展與設計,異動,更換教室9/9,False,教育碩,IOE537,0,不分班,"課程發展與設計
CURRICULUM DEVELOPMENT AND DESIGN",3,期,False,50,0,3,47,周珮儀,"二2,3,4(社SS 2006)","['', '234', '', '', '', '', '']",《講授類》,['環境教育學程'],False
https://selcrs.nsysu.edu.tw/menu5/showoutline.asp?SYEAR=114&SEM=1&CrsDat=IOE540&Crsname=質性研究法,,,False,教育碩,IOE540,0,不分班,"質性研究法
QUALITATIVE RESEARCH METHODS",3,期,False,50,0,8,42,莊雪華,"三B,5,6(社SS 2006)","['', '', 'B56', '', '', '', '']",《講授類》,[],False
https://selcrs.nsysu.edu.tw/menu5/showoutline.asp?SYEAR=114&SEM=1&CrsDat=IOE548&Crsname=教學設計,,,False,教育碩,IOE548,0,不分班,"教學設計
INSTRUCTIONAL DESIGN",3,期,False,50,0,10,40,張至慶,"四8,6,7(社SS 2005)","['', '', '', '678', '', '', '']",《講授類》,[],True
https://selcrs.nsysu.edu.tw/menu5/showoutline.asp?SYEAR=114&SEM=1&CrsDat=IOE554&Crsname=專題研討（一）,,,False,教育碩,IOE554,1,不分班,"專題研討（一）
SEMINAR IN EDUCATIONAL RESEARCH",1,期,True,50,0,13,37,陳菁徽,三7(社SS 2001),"['', '', '7', '', '', '', '']",《研討類》,[],False
https://selcrs.nsysu.edu.tw/menu5/showoutline.asp?SYEAR=114&SEM=1&CrsDat=IOE566&Crsname=結構方程模式,,,False,教育碩,IOE566,0,不分班,"結構方程模式
STRUCTURAL EQUATION MODELS",3,期,False,50,0,4,46,鄭雯,"一2,3,4(社SS 3006)","['234', '', '', '', '', '', '']",《講授類》,[],True
https://selcrs.nsysu.edu.tw/menu5/showoutline.asp?SYEAR=114&SEM=1&CrsDat=IOE575&Crsname=多元文化教育研究,,,False,教育碩,IOE575,0,不分班,"多元文化教育研究
RESEARCH ON MULTICULTURAL EDUCATION",3,期,False,50,1,5,45,紀博善,"一B,5,6(社SS 2002-2)","['B56', '', '', '', '', '', '']",《講授類》,"['社會情緒學習與內在永續發展微學程', '全球研究學分學程']",True
https://selcrs.nsysu.edu.tw/menu5/showoutline.asp?SYEAR=114&SEM=1&CrsDat=IOE584&Crsname=永續發展教育研究,,,False,教育碩,IOE584,0,不分班,"永續發展教育研究
EDUCATION FOR SUSTAINABLE DEVELOPMENT RESEARCH",3,期,False,50,0,4,46,周珮儀,"一2,3,4(社SS 2002-1)","['234', '', '', '', '', '', '']",《講授類》,"['環境教育學程', '社會情緒學習與內在永續發展微學程', '原民文化探索及永續發展學程', 'STREAM永續發展培力微學程']",False
https://selcrs.nsysu.edu.tw/menu5/showoutline.asp?SYEAR=114&SEM=1&CrsDat=IOE591&Crsname=認知心理學研究,新增,8/20,False,教育碩,IOE591,0,不分班,"認知心理學研究
STUDIES IN COGNITIVE PSYCHOLOGY",3,期,False,50,0,9,41,楊淑晴,"五B,5,6(社SS 2002-2)","['', '', '', '', 'B56', '', '']",《講授類》,[],False
https://selcrs.nsysu.edu.tw/menu5/showoutline.asp?SYEAR=114&SEM=1&CrsDat=IOE598&Crsname=大學生健康,,,False,教育碩,IOE598,0,不分班,"大學生健康
COLLEGE STUDENT HEALTH",3,期,False,50,0,10,40,陳威霖,"四5,6,7(社SS 2002-1)","['', '', '', '567', '', '', '']",《講授類》,[],False
https://selcrs.nsysu.edu.tw/menu5/showoutline.asp?SYEAR=114&SEM=1&CrsDat=IOE599&Crsname=創意思考與教學研究,,,False,教育碩,IOE599,0,不分班,"創意思考與教學研究
STUDIES IN CREATIVE THINKING AND TEACHING",3,期,False,50,2,5,45,游銘仁,"四2,3,4(西SW 1004)","['', '', '', '234', '', '', '']",《講授類》,['STREAM永續發展培力微學程'],False
https://selcrs.nsysu.edu.tw/menu5/showoutline.asp?SYEAR=114&SEM=1&CrsDat=IOE601&Crsname=人工智慧教育,,,False,教育碩,IOE601,0,不分班,"人工智慧教育
ARTIFICIAL INTELLIGENCE IN EDUCATION",3,期,False,50,1,3,47,陳菁徽,"四2,3,4(社SS 2002-1)","['', '', '', '234', '', '', '']",《講授類》,[],True
https://selcrs.nsysu.edu.tw/menu5/showoutline.asp?SYEAR=114&SEM=1&CrsDat=IOE604&Crsname=教育專題研究（一）,異動,確認教師9/10,False,教育碩,IOE604,2,不分班,"教育專題研究（一）
INDEPENDENT STUDIES IN EDUCATION (Ｉ)",1,期,True,50,0,13,37,"宋呈澔,張宇慧,張至慶,施慶麟,莊雪華,謝百淇,陳利銘,馮雅群",六1(),"['', '', '', '', '', '1', '']",《獨立研究》,[],False
https://selcrs.nsysu.edu.tw/menu5/showoutline.asp?SYEAR=114&SEM=1&CrsDat=IOE617&Crsname=教育創新管理,,,False,教育碩,IOE617,0,不分班,"教育創新管理
MANAGEMENT OF INNOVATION IN EDUCATION",3,期,False,50,0,3,47,艾玲,"五2,3,4(社SS 2002-2)","['', '', '', '', '234', '', '']",《講授類》,[],True
https://selcrs.nsysu.edu.tw/menu5/showoutline.asp?SYEAR=114&SEM=1&CrsDat=IOE625&Crsname=跨領域STREAM教育專題研究,,,False,教育碩,IOE625,0,不分班,"跨領域STREAM教育專題研究
INTERDISCIPLINARY RESEARCH ON STREAM EDUCATION",3,期,False,50,0,4,46,楊淑晴,"三B,5,6(社SS 2002-1)","['', '', 'B56', '', '', '', '']",《講授類》,['STREAM永續發展培力微學程'],False
https://selcrs.nsysu.edu.tw/menu5/showoutline.asp?SYEAR=114&SEM=1&CrsDat=IOE629&Crsname=學習科學：理論與實踐,,,False,教育碩,IOE629,0,不分班,"學習科學：理論與實踐
LEARNING SCIENCES: THEORY AND PRACTICE",3,期,False,50,0,8,42,張宇慧,"一8,9,7(社SS 3006)","['789', '', '', '', '', '', '']",《講授類》,['STREAM永續發展培力微學程'],True
https://selcrs.nsysu.edu.tw/menu5/showoutline.asp?SYEAR=114&SEM=1&CrsDat=IOE653&Crsname=發展心理學研究,異動,更換教室9/9,False,教育碩,IOE653,0,不分班,"發展心理學研究
STUDIES IN DEVELOPMENTAL PSYCHOLOGY",3,期,False,50,1,15,35,宋呈澔,"二2,3,4(社SS 2002-1)","['', '234', '', '', '', '', '']",《講授類》,[],True
https://selcrs.nsysu.edu.tw/menu5/showoutline.asp?SYEAR=114&SEM=1&CrsDat=CAPS537&Crsname=政治學研究方法,,,True,亞太碩,CAPS537,1,不分班,"政治學研究方法
POLITICAL SCIENCE RESEARCH METHODS",3,期,True,50,0,10,40,郭育仁,"二8,6,7(社SS 2011)","['', '678', '', '', '', '', '']",《講授類》,[],False
https://selcrs.nsysu.edu.tw/menu5/showoutline.asp?SYEAR=114&SEM=1&CrsDat=CAPS539&Crsname=法學研究方法,,,True,亞太碩,CAPS539,1,不分班,"法學研究方法
COMPARATIVE LEGAL RESEARCH METHODOLOGY",3,期,True,50,0,5,45,楊健弘,"四8,6,7(社SS 2009-1)","['', '', '', '678', '', '', '']",《講授類》,[],False
https://selcrs.nsysu.edu.tw/menu5/showoutline.asp?SYEAR=114&SEM=1&CrsDat=CAPS541&Crsname=東南亞政府與政治,,,False,亞太碩,CAPS541,1,不分班,"東南亞政府與政治
GOVERNMENTS AND POLITICS IN SOUTHEAST ASIA",3,期,False,50,1,18,32,劉奇峯,"四8,6,7(社SS 2011)","['', '', '', '678', '', '', '']",《講授類》,[],False
https://selcrs.nsysu.edu.tw/menu5/showoutline.asp?SYEAR=114&SEM=1&CrsDat=CAPS542&Crsname=憲政理論與制度,,,True,亞太碩,CAPS542,1,不分班,"憲政理論與制度
THEORY AND SYSTEM OF CONSTITUTIONAL LAW",3,期,True,50,0,9,41,陳盈雪,"三5,6,7(社SS 2009-1)","['', '', '567', '', '', '', '']",《講授類》,[],False
https://selcrs.nsysu.edu.tw/menu5/showoutline.asp?SYEAR=114&SEM=1&CrsDat=CAPS547&Crsname=國際法與兩岸關係,,,False,亞太碩,CAPS547,1,不分班,"國際法與兩岸關係
THE APPLICATION OF INTERNATIONAL LAW ON CROSS-STRAITS RELATIONS",3,期,False,50,0,25,25,張顯超,"二8,6,7(社SS 3001)","['', '678', '', '', '', '', '']",《講授類》,[],False
https://selcrs.nsysu.edu.tw/menu5/showoutline.asp?SYEAR=114&SEM=1&CrsDat=CAPS570&Crsname=中國社會發展研究（一）,,,False,亞太碩,CAPS570,2,不分班,"中國社會發展研究（一）
THE STUDY OF SOCIAL DEVELOPMENT IN CHINA（I）",3,期,False,50,0,3,47,蔡書瑋,"二5,6,7(社SS 2007)","['', '567', '', '', '', '', '']",《講授類》,[],False
https://selcrs.nsysu.edu.tw/menu5/showoutline.asp?SYEAR=114&SEM=1&CrsDat=CAPS593&Crsname=行政理論與行政法制,,,False,亞太碩,CAPS593,2,不分班,"行政理論與行政法制
VERWALTUNGSLEHRE UND VERWALTUNGSRECHT",3,期,False,50,0,6,44,張道義,"五2,3,4(社SS 2009-1)","['', '', '', '', '234', '', '']",《講授類》,[],False
https://selcrs.nsysu.edu.tw/menu5/showoutline.asp?SYEAR=114&SEM=1&CrsDat=CAPS594&Crsname=總體經濟學（一）,新增,6/24,False,亞太碩,CAPS594,1,不分班,"總體經濟學（一）
MACROECONOMICS I",3,期,False,50,0,7,43,林雅淇,"四5,6,7(社SS 2007)","['', '', '', '567', '', '', '']",《講授類》,[],True
https://selcrs.nsysu.edu.tw/menu5/showoutline.asp?SYEAR=114&SEM=1&CrsDat=CAPS596&Crsname=中國經貿體制研究,,,False,亞太碩,CAPS596,2,不分班,"中國經貿體制研究
STUDIES IN CHINESE ECONOMIC AND TRADE SYSTEM",3,期,False,50,0,12,38,林德昌,"二2,3,4(社SS 2007)","['', '234', '', '', '', '', '']",《講授類》,[],False
https://selcrs.nsysu.edu.tw/menu5/showoutline.asp?SYEAR=114&SEM=1&CrsDat=CAPS601&Crsname=危機處理與美中臺關係,,,False,亞太碩,CAPS601,2,不分班,"危機處理與美中臺關係
CRISIS MANAGEMENT AND US-CHINA-TAIWAN RELATIONS",3,期,False,50,1,9,41,林正義,"四9,C,D(社SS 2011)","['', '', '', '9CD', '', '', '']",《講授類》,['全民國防微學程'],False
https://selcrs.nsysu.edu.tw/menu5/showoutline.asp?SYEAR=114&SEM=1&CrsDat=CAPS602&Crsname=社會問題法律個案分析,,,False,亞太碩,CAPS602,1,不分班,"社會問題法律個案分析
LAW ANALYSIS FOR THE SOCIAL PROBLEM-CASE STUDY",3,期,False,50,0,5,45,陳盈雪,"四2,3,4(社SS 2011)","['', '', '', '234', '', '', '']",《講授類》,[],False
https://selcrs.nsysu.edu.tw/menu5/showoutline.asp?SYEAR=114&SEM=1&CrsDat=CAPS605&Crsname=應用計量分析（一）,,,False,亞太碩,CAPS605,1,不分班,"應用計量分析（一）
APPLIED ECONOMETRICS ANALYSIS (I)",3,期,False,50,0,12,38,陳珮芬,"四2,3,4(社SS 2007)","['', '', '', '234', '', '', '']",《講授類》,[],False
https://selcrs.nsysu.edu.tw/menu5/showoutline.asp?SYEAR=114&SEM=1&CrsDat=CAPS628&Crsname=美國法律與制度,,,False,亞太碩,CAPS628,2,不分班,"美國法律與制度
LAW AND LEGAL SYSTEM OF THE UNITED STATES",3,期,False,50,0,7,43,楊健弘,"五8,6,7(社SS 2009-1)","['', '', '', '', '678', '', '']",《講授類》,[],True
https://selcrs.nsysu.edu.tw/menu5/showoutline.asp?SYEAR=114&SEM=1&CrsDat=CAPS629&Crsname=財經資料預測：機器學習方法應用,,,False,亞太碩,CAPS629,1,不分班,"財經資料預測：機器學習方法應用
PREDICTION OF ECONOMIC DATA: THE APPLICATION OF MACHINE LEARNING METHODS",1,期,False,50,1,10,40,林雅淇,三5(社SS 2008),"['', '', '5', '', '', '', '']",《講授類》,[],False
https://selcrs.nsysu.edu.tw/menu5/showoutline.asp?SYEAR=114&SEM=1&CrsDat=CAPS647&Crsname=國際政治經濟學,,,True,亞太碩,CAPS647,1,不分班,"國際政治經濟學
INTERNATIONAL POLITICAL ECONOMY",3,期,True,50,0,21,29,蔡書瑋,"一2,3,4(社SS 2011)","['234', '', '', '', '', '', '']",《講授類》,[],False
https://selcrs.nsysu.edu.tw/menu5/showoutline.asp?SYEAR=114&SEM=1&CrsDat=CAPS668&Crsname=專題研究（一),,,False,亞太碩,CAPS668,2,不分班,"專題研究（一)
INDEPENDENT STUDIES(I)",3,期,False,50,0,2,48,陳珮芬,"四8,6,7(社SS 2008)","['', '', '', '678', '', '', '']",《獨立研究》,[],False
https://selcrs.nsysu.edu.tw/menu5/showoutline.asp?SYEAR=114&SEM=1&CrsDat=CAPS668A&Crsname=專題研究（一),,,False,亞太碩,CAPS668A,2,不分班,"專題研究（一)
INDEPENDENT STUDIES(I)",3,期,False,50,0,5,45,林雅淇,"三2,3,4(社SS 2008)","['', '', '234', '', '', '', '']",《獨立研究》,[],False
https://selcrs.nsysu.edu.tw/menu5/showoutline.asp?SYEAR=114&SEM=1&CrsDat=CAPS668B&Crsname=專題研究（一),,,False,亞太碩,CAPS668B,2,不分班,"專題研究（一)
INDEPENDENT STUDIES(I)",3,期,False,50,0,1,49,蔡書瑋,"三2,3,4(社SS 2007)","['', '', '234', '', '', '', '']",《獨立研究》,[],False
https://selcrs.nsysu.edu.tw/menu5/showoutline.asp?SYEAR=114&SEM=1&CrsDat=CAPS668C&Crsname=專題研究（一),,,False,亞太碩,CAPS668C,2,不分班,"專題研究（一)
INDEPENDENT STUDIES(I)",3,期,False,50,0,3,47,楊健弘,"一2,3,4(社SS 2008)","['234', '', '', '', '', '', '']",《獨立研究》,[],False
https://selcrs.nsysu.edu.tw/menu5/showoutline.asp?SYEAR=114&SEM=1&CrsDat=SOC501&Crsname=社會學經典,,,False,社會碩,SOC501,1,不分班,"社會學經典
SOCIOLOGICAL CLASSIC",3,期,True,50,0,11,39,葉高華,"三2,3,4(社SS 3004-2)","['', '', '234', '', '', '', '']",《講授類》,[],False
https://selcrs.nsysu.edu.tw/menu5/showoutline.asp?SYEAR=114&SEM=1&CrsDat=SOC505&Crsname=性別社會學,,,False,社會碩,SOC505,2,不分班,"性別社會學
SOCIOLOGY OF GENDER",3,期,False,50,0,14,36,陳美華,"二8,6,7(社SS 3004-2)","['', '678', '', '', '', '', '']",《講授類》,"['性別研究學程', '法國語言、文化與社會學程', '全球研究學分學程', '性別與社會微學程', '性別與管理微學程']",False
https://selcrs.nsysu.edu.tw/menu5/showoutline.asp?SYEAR=114&SEM=1&CrsDat=SOC509&Crsname=南方社會議題（一）,異動,確認教師7/22,False,社會碩,SOC509,1,不分班,"南方社會議題（一）
ISSUES OF SOUTH SOCIETY(Ⅰ)",1,期,True,50,0,14,36,李馨慈,三5(社SS 3004-2),"['', '', '5', '', '', '', '']",《講授類》,[],False
https://selcrs.nsysu.edu.tw/menu5/showoutline.asp?SYEAR=114&SEM=1&CrsDat=SOC513&Crsname=福利社會學,,,False,社會碩,SOC513,2,不分班,"福利社會學
SOCIOLOGY OF  WELFARE",3,期,False,50,0,3,47,"王梅香,趙恩潔,陳美華","五2,3,4(社SS 3004-1)","['', '', '', '', '234', '', '']","《講授類》
本課程為學位論文指導課程，限本系同學選修",[],False
https://selcrs.nsysu.edu.tw/menu5/showoutline.asp?SYEAR=114&SEM=1&CrsDat=SOC554&Crsname=家庭社會學,異動,更換時間8/12,False,社會碩,SOC554,1,不分班,"家庭社會學
SOCIOLOGY OF THE FAMILY",3,期,False,50,0,9,41,楊靜利,"四8,6,7(社SS 3004-2)","['', '', '', '678', '', '', '']",《講授類》,[],False
https://selcrs.nsysu.edu.tw/menu5/showoutline.asp?SYEAR=114&SEM=1&CrsDat=SOC583&Crsname=醫療社會學,,,False,社會碩,SOC583,1,不分班,"醫療社會學
MEDICAL SOCIOLOGY",3,期,False,50,0,14,36,李宛儒,"二2,3,4(社SS 3004-2)","['', '234', '', '', '', '', '']",《講授類》,[],False
https://selcrs.nsysu.edu.tw/menu5/showoutline.asp?SYEAR=114&SEM=1&CrsDat=SOC607&Crsname=南方社會議題（三）,異動,確認教師7/22,False,社會碩,SOC607,2,不分班,"南方社會議題（三）
ISSUES OF SOUTH SOCIETY (III)",1,期,True,50,0,9,41,李馨慈,三6(社SS 3004-2),"['', '', '6', '', '', '', '']",《講授類》,[],False
https://selcrs.nsysu.edu.tw/menu5/showoutline.asp?SYEAR=114&SEM=1&CrsDat=MAPA501&Crsname=社會科學研究方法,,,False,亞太英語碩程,MAPA501,1,不分班,"社會科學研究方法
RESEARCH METHODS IN SOCIAL SCIENCE",3,期,True,50,0,10,40,劉奇峯,"三5,6,7(社SS 4005)","['', '', '567', '', '', '', '']",《講授類》,[],True
https://selcrs.nsysu.edu.tw/menu5/showoutline.asp?SYEAR=114&SEM=1&CrsDat=MAPA503&Crsname=碩士論文,,,False,亞太英語碩程,MAPA503,2,不分班,"碩士論文
THESIS",3,期,True,50,0,3,47,"劉奇峯,希家玹","二2,3,4(社SS 4005)","['', '234', '', '', '', '', '']",《獨立研究》,[],True
https://selcrs.nsysu.edu.tw/menu5/showoutline.asp?SYEAR=114&SEM=1&CrsDat=MAPA514&Crsname=日本政府與政治,,,False,亞太英語碩程,MAPA514,0,不分班,"日本政府與政治
POLITICS AND GOVERNMENT OF JAPAN",3,期,False,50,0,9,41,希家玹,"三2,3,4(社SS 4005)","['', '', '234', '', '', '', '']",《講授類》,['日本研究學程'],True
https://selcrs.nsysu.edu.tw/menu5/showoutline.asp?SYEAR=114&SEM=1&CrsDat=MAPA519&Crsname=東北亞的戰略安全與外交關係,,,False,亞太英語碩程,MAPA519,0,不分班,"東北亞的戰略安全與外交關係
NORTHEAST ASIA STRATEGIC SECURITY AND DIPLOMATIC RELATIONS",3,期,False,50,1,7,43,希家玹,"一8,6,7(社SS 4005)","['678', '', '', '', '', '', '']",《講授類》,['日本研究學程'],True
https://selcrs.nsysu.edu.tw/menu5/showoutline.asp?SYEAR=114&SEM=1&CrsDat=MAPA522&Crsname=韓國政府與政治,,,False,亞太英語碩程,MAPA522,0,不分班,"韓國政府與政治
POLITICS AND GOVERNMENT OF SOUTH KOREA",3,期,False,50,0,1,49,希家玹,"四2,3,4(社SS 4005)","['', '', '', '234', '', '', '']",《講授類》,[],True
https://selcrs.nsysu.edu.tw/menu5/showoutline.asp?SYEAR=114&SEM=1&CrsDat=MAPA532&Crsname=兩岸關係與亞太安全,,,False,亞太英語碩程,MAPA532,0,不分班,"兩岸關係與亞太安全
CROSS-STRAIT RELATIONS AND ASIA-PACIFIC SECURITY",3,期,False,50,0,12,38,林正義,"四8,6,7(社SS 4005)","['', '', '', '678', '', '', '']",《講授類》,"['日本研究學程', '全民國防微學程']",True
https://selcrs.nsysu.edu.tw/menu5/showoutline.asp?SYEAR=114&SEM=1&CrsDat=MAPA534&Crsname=韓國公共外交政策,,,False,亞太英語碩程,MAPA534,0,不分班,"韓國公共外交政策
PUBLIC DIPLOMACY IN KOREAN PERSPECTIVES",3,期,False,50,0,6,44,郭育仁,"一2,3,4(社SS 4005)","['234', '', '', '', '', '', '']",《講授類》,['日本研究學程'],True
https://selcrs.nsysu.edu.tw/menu5/showoutline.asp?SYEAR=114&SEM=1&CrsDat=MAPA537&Crsname=印太地區的政治與安全,,,False,亞太英語碩程,MAPA537,0,不分班,"印太地區的政治與安全
POLITICS AND SECURITY IN THE INDO-PACIFIC",3,期,False,50,1,6,44,劉奇峯,"二8,6,7(社SS 4005)","['', '678', '', '', '', '', '']",《講授類》,[],True
https://selcrs.nsysu.edu.tw/menu5/showoutline.asp?SYEAR=114&SEM=1&CrsDat=MAPA541&Crsname=國家安全與危機處理,,,False,亞太英語碩程,MAPA541,0,不分班,"國家安全與危機處理
NATIONAL SECURITY AND CRISIS MANAGEMENT",3,期,False,50,0,13,37,林文程,"五8,6,7(社SS 4005)","['', '', '', '', '678', '', '']",《講授類》,['全民國防微學程'],True
https://selcrs.nsysu.edu.tw/menu5/showoutline.asp?SYEAR=114&SEM=1&CrsDat=IGPE503&Crsname=教育統計學研究,,,False,教人全英碩,IGPE503,0,不分班,"教育統計學研究
STUDIES IN EDUCATIONAL STATISTICS",3,期,False,50,0,7,43,艾玲,"四2,3,4(社SS 3006)","['', '', '', '234', '', '', '']",《講授類》,['政經大數據分析微學程'],True
https://selcrs.nsysu.edu.tw/menu5/showoutline.asp?SYEAR=114&SEM=1&CrsDat=IGPE516&Crsname=教育創新管理,,,False,教人全英碩,IGPE516,0,不分班,"教育創新管理
MANAGEMENT OF INNOVATION IN EDUCATION",3,期,False,50,0,2,48,艾玲,"五2,3,4(社SS 2002-2)","['', '', '', '', '234', '', '']",《講授類》,[],True
https://selcrs.nsysu.edu.tw/menu5/showoutline.asp?SYEAR=114&SEM=1&CrsDat=IGPE537&Crsname=學習分析,,,False,教人全英碩,IGPE537,0,不分班,"學習分析
LEARNING ANALYTICS",3,期,False,50,0,2,48,艾玲,"四8,6,7(社SS 2002-2)","['', '', '', '678', '', '', '']",《講授類》,[],True
https://selcrs.nsysu.edu.tw/menu5/showoutline.asp?SYEAR=114&SEM=1&CrsDat=IGPE540&Crsname=學習科學：理論與實踐,,,False,教人全英碩,IGPE540,0,不分班,"學習科學：理論與實踐
LEARNING SCIENCES: THEORY AND PRACTICE",3,期,False,50,0,6,44,張宇慧,"一8,9,7(社SS 3006)","['789', '', '', '', '', '', '']",《講授類》,[],True
https://selcrs.nsysu.edu.tw/menu5/showoutline.asp?SYEAR=114&SEM=1&CrsDat=IGPE558&Crsname=發展心理學研究,異動,更換教室9/9,False,教人全英碩,IGPE558,0,不分班,"發展心理學研究
RESEARCH IN DEVELOPMENTAL PSYCHOLOGY",3,期,False,50,0,9,41,宋呈澔,"二2,3,4(社SS 2002-1)","['', '234', '', '', '', '', '']",《講授類》,[],True
https://selcrs.nsysu.edu.tw/menu5/showoutline.asp?SYEAR=114&SEM=1&CrsDat=IGPE560&Crsname=人工智慧教育,,,False,教人全英碩,IGPE560,0,不分班,"人工智慧教育
ARTIFICIAL INTELLIGENCE IN EDUCATION",3,期,False,50,0,1,49,陳菁徽,"四2,3,4(社SS 2002-1)","['', '', '', '234', '', '', '']",《講授類》,[],True
https://selcrs.nsysu.edu.tw/menu5/showoutline.asp?SYEAR=114&SEM=1&CrsDat=IGPE601&Crsname=獨立研究,異動,確認教師9/11,False,教人全英碩,IGPE601,2,不分班,"獨立研究
INDEPENDENT STUDIES",3,期,True,50,0,5,45,"宋呈澔,施慶麟,林靜慧,紀博善,陳菁徽",一A() 二A() 三A(),"['A', 'A', 'A', '', '', '', '']",《獨立研究》,[],True
https://selcrs.nsysu.edu.tw/menu5/showoutline.asp?SYEAR=114&SEM=1&CrsDat=ISI503&Crsname=社會創新創業與永續治理,,,False,社會創新所,ISI503,0,不分班,"社會創新創業與永續治理
SEMINAR IN SOCIAL INNOVATION，ENTREPRENEUR SHIP,AND SUSTAINABLE GOVERNANCE",3,期,False,30,0,14,16,伊藤佳代,"五8,6,7(西SW 1003)","['', '', '', '', '678', '', '']","《講授類》
『本課程之限修，於加退選2階段開放選修』。已參加說明會之同學才可選課。",['公民參與微學程'],False
https://selcrs.nsysu.edu.tw/menu5/showoutline.asp?SYEAR=114&SEM=1&CrsDat=ISI507&Crsname=文化創新理論,,,False,社會創新所,ISI507,0,不分班,"文化創新理論
THEORIES OF CULTURAL INNOVATION",3,期,False,30,0,3,27,楊士奇,"二8,6,7(西SW 1003)","['', '678', '', '', '', '', '']",《講授類》,"['地方敘事與創生學程', '地方敘事與文化設計微學程']",False
https://selcrs.nsysu.edu.tw/menu5/showoutline.asp?SYEAR=114&SEM=1&CrsDat=ISI513&Crsname=環境與氣候變遷議題探究,,,False,社會創新所,ISI513,0,不分班,"環境與氣候變遷議題探究
CLIMATE CHANGE AND ENVIRONMENTAL IMPACT",3,期,False,30,0,6,24,賴慧玲,"三2,3,4(西SW 1004)","['', '', '234', '', '', '', '']",《講授類》,"['氣候變遷與調適學分學程', '公民參與微學程', '永續發展與社會創新微學程']",False
https://selcrs.nsysu.edu.tw/menu5/showoutline.asp?SYEAR=114&SEM=1&CrsDat=ISI515&Crsname=鄉村議題與區域發展,,,False,社會創新所,ISI515,0,不分班,"鄉村議題與區域發展
RURAL ISSUES AND REGIONAL DEVELOPMENT",3,期,False,30,0,15,15,陳德容,"四8,6,7(西SW 1003)","['', '', '', '678', '', '', '']",《講授類》,['永續發展與社會創新微學程'],False
https://selcrs.nsysu.edu.tw/menu5/showoutline.asp?SYEAR=114&SEM=1&CrsDat=ISI521&Crsname=創造力與團隊發展,,,False,社會創新所,ISI521,1,不分班,"創造力與團隊發展
CREATIVITY AND TEAM DEVELOPMENT",3,期,True,30,1,14,16,游銘仁,"五8,6,7(西SW 1004)","['', '', '', '', '678', '', '']",《講授類》,['非營利事業及社會創新微學程'],False
https://selcrs.nsysu.edu.tw/menu5/showoutline.asp?SYEAR=114&SEM=1&CrsDat=ISI522&Crsname=全球與在地永續發展議題探討,,,False,社會創新所,ISI522,1,不分班,"全球與在地永續發展議題探討
SUSTAINABLE DEVELOPMENT ISSUES IN THE CONTEXT OF GLOBALIZATION",3,期,True,30,0,15,15,"張楊家豪,洪世謙","五2,3,4(西SW 1004)","['', '', '', '', '234', '', '']",《講授類》,"['地方創生與永續發展整合學程', '公民參與微學程', '地方創生與區域治理微學程', '生態想想微學程', 'STREAM永續發展培力微學程']",False
https://selcrs.nsysu.edu.tw/menu5/showoutline.asp?SYEAR=114&SEM=1&CrsDat=ISI623&Crsname=社會創新專題研究（一）,,,False,社會創新所,ISI623,2,不分班,"社會創新專題研究（一）
INDEPENDENT STUDIES IN SOCIAL INNOVATION（I）",3,期,True,10,0,4,6,游銘仁,"一2,3,4(西SW 1003)","['234', '', '', '', '', '', '']",《獨立研究》,[],False
https://selcrs.nsysu.edu.tw/menu5/showoutline.asp?SYEAR=114&SEM=1&CrsDat=ISI623A&Crsname=社會創新專題研究（一）,,,False,社會創新所,ISI623A,2,不分班,"社會創新專題研究（一）
INDEPENDENT STUDIES IN SOCIAL INNOVATION（I）",3,期,True,10,0,1,9,楊士奇,"二2,3,4(西SW 1003)","['', '234', '', '', '', '', '']",《獨立研究》,[],False
https://selcrs.nsysu.edu.tw/menu5/showoutline.asp?SYEAR=114&SEM=1&CrsDat=ISI623B&Crsname=社會創新專題研究（一）,,,False,社會創新所,ISI623B,2,不分班,"社會創新專題研究（一）
INDEPENDENT STUDIES IN SOCIAL INNOVATION（I）",3,期,True,10,0,4,6,陳德容,"三5,6,7(西SW 1003)","['', '', '567', '', '', '', '']",《獨立研究》,[],False
https://selcrs.nsysu.edu.tw/menu5/showoutline.asp?SYEAR=114&SEM=1&CrsDat=ISI623C&Crsname=社會創新專題研究（一）,,,False,社會創新所,ISI623C,2,不分班,"社會創新專題研究（一）
INDEPENDENT STUDIES IN SOCIAL INNOVATION（I）",3,期,True,10,0,2,8,賴慧玲,"五2,3,4(西SW 1003)","['', '', '', '', '234', '', '']",《獨立研究》,[],False
https://selcrs.nsysu.edu.tw/menu5/showoutline.asp?SYEAR=114&SEM=1&CrsDat=ISI623D&Crsname=社會創新專題研究（一）,新增,8/28,False,社會創新所,ISI623D,2,不分班,"社會創新專題研究（一）
INDEPENDENT STUDIES IN SOCIAL INNOVATION（I）",3,期,True,10,0,1,9,洪世謙,"一2,3,4(西SW 1004)","['234', '', '', '', '', '', '']",《獨立研究》,[],False
https://selcrs.nsysu.edu.tw/menu5/showoutline.asp?SYEAR=114&SEM=1&CrsDat=IBMS501&Crsname=創意生物醫學研究方法,,,False,生醫碩,IBMS501,1,不分班,"創意生物醫學研究方法
INNOVATIVE METHODS IN BIOMEDICINE RESEARCH",2,期,True,20,0,12,8,"張玉泉,戴明泓,楊仁豪,薛佑玲,許晉銓,鄭光宏","一3,4(國IR 5001)","['34', '', '', '', '', '', '']",《講授類》,['生物技術學程'],False
https://selcrs.nsysu.edu.tw/menu5/showoutline.asp?SYEAR=114&SEM=1&CrsDat=IBMS503&Crsname=細胞生物與轉譯醫學,異動,更換教室9/3,False,生醫碩,IBMS503,0,不分班,"細胞生物與轉譯醫學
CELL BIOLOGY IN TRANSLATION MEDICINE",3,期,False,20,0,7,13,許晉銓,"四2,3,4(國IR 5005)","['', '', '', '234', '', '', '']",《講授類》,[],False
https://selcrs.nsysu.edu.tw/menu5/showoutline.asp?SYEAR=114&SEM=1&CrsDat=IBMS507&Crsname=高等分子生物學,,,False,生醫碩,IBMS507,0,不分班,"高等分子生物學
ADVANCED MOLECULAR BIOLOGY",3,期,False,20,0,2,18,張玉泉,"五2,3,4(國IR 5001)","['', '', '', '', '234', '', '']",《講授類》,[],False
https://selcrs.nsysu.edu.tw/menu5/showoutline.asp?SYEAR=114&SEM=1&CrsDat=IBMS508&Crsname=幹細胞生物學,,,False,生醫碩,IBMS508,0,不分班,"幹細胞生物學
STEM CELL BIOLOGY",3,期,False,20,0,10,10,鄭光宏,"二2,3,4(國IR 5001)","['', '234', '', '', '', '', '']",《講授類》,['生物技術學程'],True
https://selcrs.nsysu.edu.tw/menu5/showoutline.asp?SYEAR=114&SEM=1&CrsDat=IBMS509&Crsname=書報討論（一）,,,False,生醫碩,IBMS509,1,不分班,"書報討論（一）
SEMINAR(I)",1,期,True,20,0,8,12,鄭光宏,一5(國IR 5001),"['5', '', '', '', '', '', '']",《講授類》,[],True
https://selcrs.nsysu.edu.tw/menu5/showoutline.asp?SYEAR=114&SEM=1&CrsDat=IBMS510&Crsname=書報討論（三）,,,False,生醫碩,IBMS510,2,不分班,"書報討論（三）
SEMINAR (III)",1,期,True,20,0,12,8,"楊仁豪,薛佑玲",一5(國IR 5004),"['5', '', '', '', '', '', '']",《講授類》,[],False
https://selcrs.nsysu.edu.tw/menu5/showoutline.asp?SYEAR=114&SEM=1&CrsDat=IBMS512&Crsname=抗癌藥物研發專題研究（一）,,,False,生醫碩,IBMS512,0,不分班,"抗癌藥物研發專題研究（一）
INDEPENDENT STUDIES IN ANTI-CANCER DRUG DEVELOPMENT(I)",3,期,False,20,0,1,19,許晉銓,"二B,5,6(國IR 5004)","['', 'B56', '', '', '', '', '']",《獨立研究》,[],False
https://selcrs.nsysu.edu.tw/menu5/showoutline.asp?SYEAR=114&SEM=1&CrsDat=IBMS513&Crsname=新陳代謝專題研究（一）,,,False,生醫碩,IBMS513,0,不分班,"新陳代謝專題研究（一）
SPECIAL TOPICS ON METABOLISM(I)",3,期,False,20,0,3,17,戴明泓,"五8,6,7(國IR 6017-1)","['', '', '', '', '678', '', '']",《獨立研究》,[],False
https://selcrs.nsysu.edu.tw/menu5/showoutline.asp?SYEAR=114&SEM=1&CrsDat=IBMS514&Crsname=序列分析資訊開採專題研究（一）,,,False,生醫碩,IBMS514,0,不分班,"序列分析資訊開採專題研究（一）
INDEPENDENT STUDIES IN SEQUENCE ANALYSIS AND DATA MINING (I)",3,期,False,10,0,1,9,薛佑玲,"五8,4,6(國IR 4005)","['', '', '', '', '468', '', '']",《獨立研究》,[],False
https://selcrs.nsysu.edu.tw/menu5/showoutline.asp?SYEAR=114&SEM=1&CrsDat=IBMS515&Crsname=癌症專題研究（一）,,,False,生醫碩,IBMS515,0,不分班,"癌症專題研究（一）
INDEPENDENT STUDIES IN CANCER (I)",3,期,False,10,0,2,8,張玉泉,"一8,9,7(國IR 5004)","['789', '', '', '', '', '', '']",《獨立研究》,[],False
https://selcrs.nsysu.edu.tw/menu5/showoutline.asp?SYEAR=114&SEM=1&CrsDat=IBMS516&Crsname=基因專題研究（一）,,,False,生醫碩,IBMS516,0,不分班,"基因專題研究（一）
INDEPENDENT STUDIES IN GENES(I)",3,期,False,10,0,1,9,楊仁豪,"一8,9,7(國IR 5005)","['789', '', '', '', '', '', '']",《獨立研究》,[],False
https://selcrs.nsysu.edu.tw/menu5/showoutline.asp?SYEAR=114&SEM=1&CrsDat=IBMS517&Crsname=癌症幹細胞生物學專題研究（一）,,,False,生醫碩,IBMS517,0,不分班,"癌症幹細胞生物學專題研究（一）
SPECIAL TOPICS IN CANCER AND STEM CELL(I)",3,期,False,10,0,3,7,鄭光宏,"五8,6,7(國IR 5001)","['', '', '', '', '678', '', '']",《獨立研究》,[],False
https://selcrs.nsysu.edu.tw/menu5/showoutline.asp?SYEAR=114&SEM=1&CrsDat=IBMS535&Crsname=基因工程,,,False,生醫碩,IBMS535,0,不分班,"基因工程
GENE ENGINEERING",3,期,False,20,0,6,14,戴明泓,"三2,3,4(國IR 5005)","['', '', '234', '', '', '', '']",《講授類》,['生物技術學程'],False
https://selcrs.nsysu.edu.tw/menu5/showoutline.asp?SYEAR=114&SEM=1&CrsDat=IBMS629&Crsname=RNA分子生物學及RNA技術應用,,,False,生醫碩,IBMS629,0,不分班,"RNA分子生物學及RNA技術應用
RNA MOLECULAR BIOLOGY, METHODOLOGIES, AND APPLICATIONS",3,期,False,15,0,3,12,楊仁豪,"五2,3,4(國IR 5004)","['', '', '', '', '234', '', '']",《講授類》,[],True
https://selcrs.nsysu.edu.tw/menu5/showoutline.asp?SYEAR=114&SEM=1&CrsDat=IMST501&Crsname=書報討論（一）,,,False,醫科碩,IMST501,1,不分班,"書報討論（一）
SEMINAR（I）",1,期,True,40,0,13,27,李啟偉,三6(國IR 5002),"['', '', '6', '', '', '', '']",《研討類》,[],False
https://selcrs.nsysu.edu.tw/menu5/showoutline.asp?SYEAR=114&SEM=1&CrsDat=IMST504&Crsname=生醫感測,,,False,醫科碩,IMST504,1,不分班,"生醫感測
MEDICAL SENSOR",3,期,True,20,0,6,14,巫建興,"二5,6,7(圖IL 3014)","['', '567', '', '', '', '', '']",《講授類》,['醫師工程師微學程'],False
https://selcrs.nsysu.edu.tw/menu5/showoutline.asp?SYEAR=114&SEM=1&CrsDat=IMST505&Crsname=細胞分子生物學,,,False,醫科碩,IMST505,1,不分班,"細胞分子生物學
CELL MOLECULAR BIOLOGY",3,期,True,15,0,3,12,廖子嫻,"二2,3,4(國IR 1006-1)","['', '234', '', '', '', '', '']",《講授類》,[],False
https://selcrs.nsysu.edu.tw/menu5/showoutline.asp?SYEAR=114&SEM=1&CrsDat=IMST512&Crsname=醫療法規與倫理特論,,,False,醫科碩,IMST512,0,不分班,"醫療法規與倫理特論
SPECIAL TOPICS IN MEDICAL LAWS AND MEDICAL ETHICS",3,期,False,20,0,3,17,廖子嫻,"二5,6,7(國IR 1006-1)","['', '567', '', '', '', '', '']",《講授類》,[],False
https://selcrs.nsysu.edu.tw/menu5/showoutline.asp?SYEAR=114&SEM=1&CrsDat=IMST518&Crsname=生物資訊學,,,False,醫科碩,IMST518,0,不分班,"生物資訊學
BIOINFORMATICS",3,期,False,15,0,4,11,陳志杰,"一2,3,4(國IR 1006-1)","['234', '', '', '', '', '', '']",《講授類》,"['生物技術學程', '醫師科學家微學程', '醫師工程師微學程']",False
https://selcrs.nsysu.edu.tw/menu5/showoutline.asp?SYEAR=114&SEM=1&CrsDat=IMST522&Crsname=奈米材料專題研究（一）,,,False,醫科碩,IMST522,0,不分班,"奈米材料專題研究（一）
INDEPENDENT STUDIES IN NANOMATERIALS （I）",3,期,False,10,0,3,7,廖子嫻,"一2,3,4(國IR 1006-12)","['234', '', '', '', '', '', '']",《獨立研究》,[],False
https://selcrs.nsysu.edu.tw/menu5/showoutline.asp?SYEAR=114&SEM=1&CrsDat=IMST526&Crsname=計算生物專題研究（一）,,,False,醫科碩,IMST526,0,不分班,"計算生物專題研究（一）
INDEPENDENT STUDIES IN COMPUTATIONAL BIOLOGY （I）",3,期,False,10,0,4,6,陳志杰,"五2,3,4(國IR 1006-14)","['', '', '', '', '234', '', '']",《獨立研究》,[],False
https://selcrs.nsysu.edu.tw/menu5/showoutline.asp?SYEAR=114&SEM=1&CrsDat=IMST535&Crsname=神經人因工程專題研究（一）,,,False,醫科碩,IMST535,0,不分班,"神經人因工程專題研究（一）
INDEPENDENT STUDIES IN NEUROERGONOMICS （I）",3,期,False,30,0,4,26,林遠彬,"一5,6,7(國IR 5002)","['567', '', '', '', '', '', '']",《獨立研究》,[],False
https://selcrs.nsysu.edu.tw/menu5/showoutline.asp?SYEAR=114&SEM=1&CrsDat=IMST538&Crsname=腦機介面理論及實務,,,False,醫科碩,IMST538,1,不分班,"腦機介面理論及實務
BRAIN-COMPUTER INTERFACE : PRINCIPLES AND PRACTICE",3,期,True,40,0,17,23,林遠彬,"五2,3,4(國IR 5002)","['', '', '', '', '234', '', '']",《講授類》,['醫師工程師微學程'],True
https://selcrs.nsysu.edu.tw/menu5/showoutline.asp?SYEAR=114&SEM=1&CrsDat=IMST539&Crsname=臨床毒理學專題研究（一）,異動,更換部份時間6/19,False,醫科碩,IMST539,0,不分班,"臨床毒理學專題研究（一）
INDEPENDENT STUDIES IN CLINICAL TOXICOLOGY (I)",3,期,False,10,0,3,7,李啟偉,"五4,B,5(國IR 1006-1)","['', '', '', '', '4B5', '', '']",《獨立研究》,[],False
https://selcrs.nsysu.edu.tw/menu5/showoutline.asp?SYEAR=114&SEM=1&CrsDat=IMST541&Crsname=化工材料,,,False,醫科碩,IMST541,0,不分班,"化工材料
CHEMICAL ENGINEERING MATERIALS",3,期,False,20,0,12,8,陳玟帆,"一5,6,7(國IR 5003)","['567', '', '', '', '', '', '']",《講授類》,['醫師工程師微學程'],True
https://selcrs.nsysu.edu.tw/menu5/showoutline.asp?SYEAR=114&SEM=1&CrsDat=IMST543&Crsname=病理學,異動,調整名額8/20,False,醫科碩,IMST543,1,不分班,"病理學
PATHOLOGY",3,期,True,45,0,31,14,李啟偉,"五8,6,7(國IR 5002)","['', '', '', '', '678', '', '']",《講授類》,[],True
https://selcrs.nsysu.edu.tw/menu5/showoutline.asp?SYEAR=114&SEM=1&CrsDat=IMST551&Crsname=3D列印應用實作,,,False,醫科碩,IMST551,0,不分班,"3D列印應用實作
3D PRINTING APPLICATIONS AND PRACTICES",3,期,False,40,1,10,30,陳玟帆,"二5,6,7(國IR 5002)","['', '567', '', '', '', '', '']",《講授類》,['醫師工程師微學程'],False
https://selcrs.nsysu.edu.tw/menu5/showoutline.asp?SYEAR=114&SEM=1&CrsDat=IMST555&Crsname=多功能材料專題研究（一）,,,False,醫科碩,IMST555,0,不分班,"多功能材料專題研究（一）
INDEPENDENT STUDIES IN FUNCTIONAL MATERIALS (I)",3,期,False,20,0,3,17,陳玟帆,"五2,3,4(國IR 1006-1)","['', '', '', '', '234', '', '']",《獨立研究》,[],False
https://selcrs.nsysu.edu.tw/menu5/showoutline.asp?SYEAR=114&SEM=1&CrsDat=IMST557&Crsname=生物物理專題研究（一）,,,False,醫科碩,IMST557,0,不分班,"生物物理專題研究（一）
INDEPENDENT STUDIES IN BIOPHYSICS (I)",3,期,False,30,0,1,29,范秀芳,"一2,3,4(理SC 4033-7)","['234', '', '', '', '', '', '']",《獨立研究》,[],False
https://selcrs.nsysu.edu.tw/menu5/showoutline.asp?SYEAR=114&SEM=1&CrsDat=IMST564&Crsname=儀器分析於生物化學上之應用,,,False,醫科碩,IMST564,0,不分班,"儀器分析於生物化學上之應用
INSTRUMENTAL ANALYSIS ON BIOCHEMISTRY",3,期,False,30,0,4,26,范秀芳,"四2,3,4(理CH 3002)","['', '', '', '234', '', '', '']",《講授類》,['醫師工程師微學程'],False
https://selcrs.nsysu.edu.tw/menu5/showoutline.asp?SYEAR=114&SEM=1&CrsDat=IMST573&Crsname=微奈米感測專題研究（一）,,,False,醫科碩,IMST573,0,不分班,"微奈米感測專題研究（一）
INDEPENDENT STUDY IN MICRO/NANO SENSING TECHNOLOGY (I)",3,期,False,20,1,9,11,莊承鑫,"一2,3,4(體GM 2005)","['234', '', '', '', '', '', '']",《獨立研究》,[],False
https://selcrs.nsysu.edu.tw/menu5/showoutline.asp?SYEAR=114&SEM=1&CrsDat=IMST583&Crsname=實驗動物模式與人類疾病特論,異動,專簽更換教師10/3,False,醫科碩,IMST583,0,不分班,"實驗動物模式與人類疾病特論
ANIMAL MODELS FOR HUMAN DISEASE",2,期,False,15,0,2,13,儲天輝,"一8,7(國IR 1006-1)","['78', '', '', '', '', '', '']",《講授類》,[],False
https://selcrs.nsysu.edu.tw/menu5/showoutline.asp?SYEAR=114&SEM=1&CrsDat=IMST601&Crsname=書報討論（三）,,,False,醫科碩,IMST601,2,不分班,"書報討論（三）
SEMINAR (III)",1,期,True,40,0,12,28,李啟偉,三7(國IR 5002),"['', '', '7', '', '', '', '']",《研討類》,[],False
https://selcrs.nsysu.edu.tw/menu5/showoutline.asp?SYEAR=114&SEM=1&CrsDat=IMST604&Crsname=結構生物學,,,False,醫科碩,IMST604,0,不分班,"結構生物學
STRUCTURAL BIOLOGY",3,期,False,15,0,3,12,陳志杰,"四2,3,4(國IR 1006-1)","['', '', '', '234', '', '', '']",《講授類》,[],False
https://selcrs.nsysu.edu.tw/menu5/showoutline.asp?SYEAR=114&SEM=1&CrsDat=IMST605&Crsname=智慧長照書報討論（一）,,,False,醫科碩,IMST605,1,不分班,"智慧長照書報討論（一）
SEMINAR IN LONG-TERM CARE (I)",1,期,True,20,0,7,13,柯朝元,三5(國IR 5003),"['', '', '5', '', '', '', '']",《研討類》,[],False
https://selcrs.nsysu.edu.tw/menu5/showoutline.asp?SYEAR=114&SEM=1&CrsDat=IMST606&Crsname=智慧長期照護專論,,,False,醫科碩,IMST606,1,不分班,"智慧長期照護專論
SPECIAL TOPICS IN INTELLIGENT LONG-TERM CARE",2,期,True,20,0,7,13,"鄒綉菊,金憲國","三3,4(國IR 5003)","['', '', '34', '', '', '', '']",《講授類》,[],False
https://selcrs.nsysu.edu.tw/menu5/showoutline.asp?SYEAR=114&SEM=1&CrsDat=IMST607&Crsname=長照智慧科技實務應用（一）,,,False,醫科碩,IMST607,1,不分班,"長照智慧科技實務應用（一）
APPLICATION OF INTELLIGENT ASSISTANCE TECHNOLOGIES IN LONG-TERM CARE SERVICES(Ⅰ)",2,期,True,15,0,7,8,"巫常誠,羅貽豪","四5,6(國IR 1006-1)","['', '', '', '56', '', '', '']",《講授類》,[],False
https://selcrs.nsysu.edu.tw/menu5/showoutline.asp?SYEAR=114&SEM=1&CrsDat=IMST608&Crsname=長期照護技術特論,,,False,醫科碩,IMST608,1,不分班,"長期照護技術特論
SPECIAL TOPICS IN TECHNOLOGY FOR LONG-TERM CARE",2,期,True,20,0,7,13,"李柏群,袁建漢","四8,7(國IR 5003)","['', '', '', '78', '', '', '']",《講授類》,[],False
https://selcrs.nsysu.edu.tw/menu5/showoutline.asp?SYEAR=114&SEM=1&CrsDat=IMST610&Crsname=醫用微機電系統,,,False,醫科碩,IMST610,1,不分班,"醫用微機電系統
MICROELECTROMECHANICAL SYSTEM FOR MEDICAL APPLICATIONS",3,期,True,40,0,6,34,莊承鑫,"二2,3,4(國IR 5002)","['', '234', '', '', '', '', '']",《講授類》,['醫師工程師微學程'],True
https://selcrs.nsysu.edu.tw/menu5/showoutline.asp?SYEAR=114&SEM=1&CrsDat=IMST611&Crsname=高齡AI睡眠及聽損,,,False,醫科碩,IMST611,0,不分班,"高齡AI睡眠及聽損
THE ARTIFICIAL INTELLIGENCE APPLICATION FOR SLEEP AND HEARING LOSS IN THE ELDERLY",2,期,False,10,0,3,7,曾崇智,"四3,4(國IR 4005)","['', '', '', '34', '', '', '']",《講授類》,[],False
https://selcrs.nsysu.edu.tw/menu5/showoutline.asp?SYEAR=114&SEM=1&CrsDat=IBPS501&Crsname=書報討論（一）,,,False,生技醫藥碩,IBPS501,1,不分班,"書報討論（一）
SEMINAR（I）",1,期,True,50,0,13,37,"余靈珊,孫羽佑,徐志文,施柏漳,賴至人,黃建智",三3(國IR 5002),"['', '', '3', '', '', '', '']",《講授類》,[],False
https://selcrs.nsysu.edu.tw/menu5/showoutline.asp?SYEAR=114&SEM=1&CrsDat=IBPS503&Crsname=生技醫藥智財與法規,異動,取消合授教師7/8,False,生技醫藥碩,IBPS503,0,不分班,"生技醫藥智財與法規
THE INTELLECTUAL PROPERTY AND REGULATION IN BIOPHARMACEUTICALS",2,期,False,50,1,8,42,施柏漳,"五3,4(國IR 5005)","['', '', '', '', '34', '', '']",《講授類》,[],False
https://selcrs.nsysu.edu.tw/menu5/showoutline.asp?SYEAR=114&SEM=1&CrsDat=IBPS508&Crsname=毒理學,,,False,生技醫藥碩,IBPS508,0,不分班,"毒理學
TOXIC RESPONSES OF ORGANS",3,期,False,50,0,2,48,施柏漳,"二8,6,7(國IR 6017-2)","['', '678', '', '', '', '', '']",《講授類》,[],True
https://selcrs.nsysu.edu.tw/menu5/showoutline.asp?SYEAR=114&SEM=1&CrsDat=IBPS518&Crsname=醫藥研究動物模式與技術,,,False,生技醫藥碩,IBPS518,0,不分班,"醫藥研究動物模式與技術
THE ANIMAL MODEL AND TECHNOLOGY IN BIOPHARMACEUTICAL RESEARCH",2,期,False,50,0,7,43,孫羽佑,"四6,7(國IR 5004)","['', '', '', '67', '', '', '']",《講授類》,['生物技術學程'],False
https://selcrs.nsysu.edu.tw/menu5/showoutline.asp?SYEAR=114&SEM=1&CrsDat=IBPS521&Crsname=癌症細胞自噬專題研究（一）,,,False,生技醫藥碩,IBPS521,0,不分班,"癌症細胞自噬專題研究（一）
INDEPENDENT STUDIES IN CANCER AUTOPHAGY (I)",3,期,False,50,0,3,47,徐志文,"一2,3,4(國IR 5003)","['234', '', '', '', '', '', '']",《獨立研究》,[],False
https://selcrs.nsysu.edu.tw/menu5/showoutline.asp?SYEAR=114&SEM=1&CrsDat=IBPS523&Crsname=生醫晶片專題研究（一）,,,False,生技醫藥碩,IBPS523,0,不分班,"生醫晶片專題研究（一）
INDEPENDENT STUDIES IN BIOSENSORS (I)",3,期,False,50,0,5,45,余靈珊,"一2,3,4(國IR 6017-1)","['234', '', '', '', '', '', '']",《獨立研究》,[],False
https://selcrs.nsysu.edu.tw/menu5/showoutline.asp?SYEAR=114&SEM=1&CrsDat=CM507&Crsname=倫理與社會責任,,,False,管理學院(碩),CM507,0,,"倫理與社會責任
ETHICS AND SOCIAL RESPONSIBILITY",1,期,False,200,53,198,2,"王致遠,謝慧賢,鄭安授,陳世哲",一A(網路大學),"['A', '', '', '', '', '', '']","《講授類》
網大進行之非同步線上課程(二年級優先選課) 限管理學院研究所學生修習。 CM507與CM511為同系列課程，學生只能夠就此課程當中選擇一門課進行修習，已經修習過上述任何一個課程者均不得選課。","['公共事務與企業社會責任微學程', '人力資源管理學程', '企業社會責任學程']",False
https://selcrs.nsysu.edu.tw/menu5/showoutline.asp?SYEAR=114&SEM=1&CrsDat=CM511&Crsname=國際商管倫理觀,,,False,管理學院(碩),CM511,0,,"國際商管倫理觀
ETHICS IN INTERNATIONAL BUSINESS MANAGEMENT",1,期,False,60,1,10,50,"王致遠,王豫萱,鄭安授",二A(網路大學),"['', 'A', '', '', '', '', '']","《講授類》
網大進行之非同步線上課程(二年級優先選課) 限管理學院研究所學生修習。 CM507與CM511為同系列課程，學生只能夠就此課程當中選擇一門課進行修習，已經修習過上述任何一個課程者均不得選課。",[],True
https://selcrs.nsysu.edu.tw/menu5/showoutline.asp?SYEAR=114&SEM=1&CrsDat=CM511&Crsname=國際商管倫理觀,,,False,管理學院(碩),CM511,0,,"國際商管倫理觀
ETHICS IN INTERNATIONAL BUSINESS MANAGEMENT",1,期,False,60,1,10,50,"王致遠,王豫萱,鄭安授",二A(網路大學),"['', 'A', '', '', '', '', '']","《講授類》
網大進行之非同步線上課程(二年級優先選課) 限管理學院研究所學生修習。 CM507與CM511為同系列課程，學生只能夠就此課程當中選擇一門課進行修習，已經修習過上述任何一個課程者均不得選課。",[],True
https://selcrs.nsysu.edu.tw/menu5/showoutline.asp?SYEAR=114&SEM=1&CrsDat=CM511&Crsname=國際商管倫理觀,,,False,管理學院(碩),CM511,0,,"國際商管倫理觀
ETHICS IN INTERNATIONAL BUSINESS MANAGEMENT",1,期,False,60,1,10,50,"王致遠,王豫萱,鄭安授",二A(網路大學),"['', 'A', '', '', '', '', '']","《講授類》
網大進行之非同步線上課程(二年級優先選課) 限管理學院研究所學生修習。 CM507與CM511為同系列課程，學生只能夠就此課程當中選擇一門課進行修習，已經修習過上述任何一個課程者均不得選課。",[],True
https://selcrs.nsysu.edu.tw/menu5/showoutline.asp?SYEAR=114&SEM=1&CrsDat=CM511&Crsname=國際商管倫理觀,,,False,管理學院(碩),CM511,0,,"國際商管倫理觀
ETHICS IN INTERNATIONAL BUSINESS MANAGEMENT",1,期,False,60,1,10,50,"王致遠,王豫萱,鄭安授",二A(網路大學),"['', 'A', '', '', '', '', '']","《講授類》
網大進行之非同步線上課程(二年級優先選課) 限管理學院研究所學生修習。 CM507與CM511為同系列課程，學生只能夠就此課程當中選擇一門課進行修習，已經修習過上述任何一個課程者均不得選課。",[],True
https://selcrs.nsysu.edu.tw/menu5/showoutline.asp?SYEAR=114&SEM=1&CrsDat=CM511&Crsname=國際商管倫理觀,,,False,管理學院(碩),CM511,0,,"國際商管倫理觀
ETHICS IN INTERNATIONAL BUSINESS MANAGEMENT",1,期,False,60,1,10,50,"王致遠,王豫萱,鄭安授",二A(網路大學),"['', 'A', '', '', '', '', '']","《講授類》
網大進行之非同步線上課程(二年級優先選課) 限管理學院研究所學生修習。 CM507與CM511為同系列課程，學生只能夠就此課程當中選擇一門課進行修習，已經修習過上述任何一個課程者均不得選課。",[],True
https://selcrs.nsysu.edu.tw/menu5/showoutline.asp?SYEAR=114&SEM=1&CrsDat=CM511&Crsname=國際商管倫理觀,,,False,管理學院(碩),CM511,0,,"國際商管倫理觀
ETHICS IN INTERNATIONAL BUSINESS MANAGEMENT",1,期,False,60,1,10,50,"王致遠,王豫萱,鄭安授",二A(網路大學),"['', 'A', '', '', '', '', '']","《講授類》
網大進行之非同步線上課程(二年級優先選課) 限管理學院研究所學生修習。 CM507與CM511為同系列課程，學生只能夠就此課程當中選擇一門課進行修習，已經修習過上述任何一個課程者均不得選課。",[],True
https://selcrs.nsysu.edu.tw/menu5/showoutline.asp?SYEAR=114&SEM=1&CrsDat=CM511&Crsname=國際商管倫理觀,,,False,管理學院(碩),CM511,0,,"國際商管倫理觀
ETHICS IN INTERNATIONAL BUSINESS MANAGEMENT",1,期,False,60,1,10,50,"王致遠,王豫萱,鄭安授",二A(網路大學),"['', 'A', '', '', '', '', '']","《講授類》
網大進行之非同步線上課程(二年級優先選課) 限管理學院研究所學生修習。 CM507與CM511為同系列課程，學生只能夠就此課程當中選擇一門課進行修習，已經修習過上述任何一個課程者均不得選課。",[],True
https://selcrs.nsysu.edu.tw/menu5/showoutline.asp?SYEAR=114&SEM=1&CrsDat=CM511&Crsname=國際商管倫理觀,,,False,管理學院(碩),CM511,0,,"國際商管倫理觀
ETHICS IN INTERNATIONAL BUSINESS MANAGEMENT",1,期,False,60,1,10,50,"王致遠,王豫萱,鄭安授",二A(網路大學),"['', 'A', '', '', '', '', '']","《講授類》
網大進行之非同步線上課程(二年級優先選課) 限管理學院研究所學生修習。 CM507與CM511為同系列課程，學生只能夠就此課程當中選擇一門課進行修習，已經修習過上述任何一個課程者均不得選課。",[],True
https://selcrs.nsysu.edu.tw/menu5/showoutline.asp?SYEAR=114&SEM=1&CrsDat=CM511&Crsname=國際商管倫理觀,,,False,管理學院(碩),CM511,0,,"國際商管倫理觀
ETHICS IN INTERNATIONAL BUSINESS MANAGEMENT",1,期,False,60,1,10,50,"王致遠,王豫萱,鄭安授",二A(網路大學),"['', 'A', '', '', '', '', '']","《講授類》
網大進行之非同步線上課程(二年級優先選課) 限管理學院研究所學生修習。 CM507與CM511為同系列課程，學生只能夠就此課程當中選擇一門課進行修習，已經修習過上述任何一個課程者均不得選課。",[],True
https://selcrs.nsysu.edu.tw/menu5/showoutline.asp?SYEAR=114&SEM=1&CrsDat=CM511&Crsname=國際商管倫理觀,,,False,管理學院(碩),CM511,0,,"國際商管倫理觀
ETHICS IN INTERNATIONAL BUSINESS MANAGEMENT",1,期,False,60,1,10,50,"王致遠,王豫萱,鄭安授",二A(網路大學),"['', 'A', '', '', '', '', '']","《講授類》
企業管理組;
網大進行之非同步線上課程(二年級優先選課) 限管理學院研究所學生修習。 CM507與CM511為同系列課程，學生只能夠就此課程當中選擇一門課進行修習，已經修習過上述任何一個課程者均不得選課。",[],True
https://selcrs.nsysu.edu.tw/menu5/showoutline.asp?SYEAR=114&SEM=1&CrsDat=BM502&Crsname=企業經營策略,異動,修正名額及教室8/28,False,企企管碩,BM502,0,,"企業經營策略
BUSINESS POLICY AND STRATEGY",3,期,False,65,0,73,-8,蔡宗霖,"四C,D,E(管CM 1037)","['', '', '', 'CDE', '', '', '']",《講授類》,[],False
https://selcrs.nsysu.edu.tw/menu5/showoutline.asp?SYEAR=114&SEM=1&CrsDat=BM502&Crsname=企業經營策略,異動,修正名額及教室8/28,False,企企管碩,BM502,0,,"企業經營策略
BUSINESS POLICY AND STRATEGY",3,期,False,65,0,73,-8,蔡宗霖,"四C,D,E(管CM 1037)","['', '', '', 'CDE', '', '', '']","《講授類》
企業管理組;",[],False
https://selcrs.nsysu.edu.tw/menu5/showoutline.asp?SYEAR=114&SEM=1&CrsDat=BM502&Crsname=企業經營策略,異動,修正名額及教室8/28,False,企企管碩,BM502,0,,"企業經營策略
BUSINESS POLICY AND STRATEGY",3,期,False,65,0,73,-8,蔡宗霖,"四C,D,E(管CM 1037)","['', '', '', 'CDE', '', '', '']",《講授類》,[],False
https://selcrs.nsysu.edu.tw/menu5/showoutline.asp?SYEAR=114&SEM=1&CrsDat=BM504&Crsname=行銷管理與研究,異動,更換授課方式8/26,False,企企管碩,BM504,0,,"行銷管理與研究
MARKETING MANAGEMENT AND RESEARCH",3,期,False,50,0,39,11,林政佑,"四C,D,E(管CM 3015)","['', '', '', 'CDE', '', '', '']","《講授類》
企業管理組;","['智慧城市與智慧運輸學程', '城市行銷微學程']",False
https://selcrs.nsysu.edu.tw/menu5/showoutline.asp?SYEAR=114&SEM=1&CrsDat=BM504&Crsname=行銷管理與研究,異動,更換授課方式8/26,False,企企管碩,BM504,0,,"行銷管理與研究
MARKETING MANAGEMENT AND RESEARCH",3,期,False,50,0,39,11,林政佑,"四C,D,E(管CM 3015)","['', '', '', 'CDE', '', '', '']",《講授類》,"['智慧城市與智慧運輸學程', '城市行銷微學程']",False
https://selcrs.nsysu.edu.tw/menu5/showoutline.asp?SYEAR=114&SEM=1&CrsDat=BM504&Crsname=行銷管理與研究,異動,更換授課方式8/26,False,企企管碩,BM504,0,,"行銷管理與研究
MARKETING MANAGEMENT AND RESEARCH",3,期,False,50,0,39,11,林政佑,"四C,D,E(管CM 3015)","['', '', '', 'CDE', '', '', '']",《講授類》,"['智慧城市與智慧運輸學程', '城市行銷微學程']",False
https://selcrs.nsysu.edu.tw/menu5/showoutline.asp?SYEAR=114&SEM=1&CrsDat=BM506&Crsname=人力資源管理,,,False,企企管碩,BM506,0,,"人力資源管理
HUMAN RESOURCES MANAGEMENT",3,期,False,50,4,25,25,施欣宜,"一8,6,7(管CM 2037)","['678', '', '', '', '', '', '']","《講授類》
企業管理組;
與GHRM503課程併班",['人力資源管理學程'],True
https://selcrs.nsysu.edu.tw/menu5/showoutline.asp?SYEAR=114&SEM=1&CrsDat=BM506&Crsname=人力資源管理,,,False,企企管碩,BM506,0,,"人力資源管理
HUMAN RESOURCES MANAGEMENT",3,期,False,50,4,25,25,施欣宜,"一8,6,7(管CM 2037)","['678', '', '', '', '', '', '']","《講授類》
與GHRM503課程併班",['人力資源管理學程'],True
https://selcrs.nsysu.edu.tw/menu5/showoutline.asp?SYEAR=114&SEM=1&CrsDat=BM506&Crsname=人力資源管理,,,False,企企管碩,BM506,0,,"人力資源管理
HUMAN RESOURCES MANAGEMENT",3,期,False,50,4,25,25,施欣宜,"一8,6,7(管CM 2037)","['678', '', '', '', '', '', '']","《講授類》
與GHRM503課程併班",['人力資源管理學程'],True
https://selcrs.nsysu.edu.tw/menu5/showoutline.asp?SYEAR=114&SEM=1&CrsDat=BM507&Crsname=管理資訊系統,異動,更換教室9/16,False,企企管碩,BM507,0,,"管理資訊系統
MANAGEMENT INFORMATION SYSTEMS",3,期,False,50,4,76,-26,彭聖翔,"五C,D,E(管CM 3015)","['', '', '', '', 'CDE', '', '']",《講授類》,['科技創新與服務業管理學程'],False
https://selcrs.nsysu.edu.tw/menu5/showoutline.asp?SYEAR=114&SEM=1&CrsDat=BM507&Crsname=管理資訊系統,異動,更換教室9/16,False,企企管碩,BM507,0,,"管理資訊系統
MANAGEMENT INFORMATION SYSTEMS",3,期,False,50,4,76,-26,彭聖翔,"五C,D,E(管CM 3015)","['', '', '', '', 'CDE', '', '']","《講授類》
企業管理組;",['科技創新與服務業管理學程'],False
https://selcrs.nsysu.edu.tw/menu5/showoutline.asp?SYEAR=114&SEM=1&CrsDat=BM507&Crsname=管理資訊系統,異動,更換教室9/16,False,企企管碩,BM507,0,,"管理資訊系統
MANAGEMENT INFORMATION SYSTEMS",3,期,False,50,4,76,-26,彭聖翔,"五C,D,E(管CM 3015)","['', '', '', '', 'CDE', '', '']",《講授類》,['科技創新與服務業管理學程'],False
https://selcrs.nsysu.edu.tw/menu5/showoutline.asp?SYEAR=114&SEM=1&CrsDat=IHCM502&Crsname=醫療財務管理,,,False,企醫管碩,IHCM502,0,,"醫療財務管理
HEALTH SERVICES FINANCIAL MANAGEMENT",3,期,False,50,0,14,36,黃北豪,"一C,D,E(管CM 3035)","['CDE', '', '', '', '', '', '']",《講授類》,"['醫務管理整合學程', '醫務管理整合學程']",False
https://selcrs.nsysu.edu.tw/menu5/showoutline.asp?SYEAR=114&SEM=1&CrsDat=IHCM502&Crsname=醫療財務管理,,,False,企醫管碩,IHCM502,0,,"醫療財務管理
HEALTH SERVICES FINANCIAL MANAGEMENT",3,期,False,50,0,14,36,黃北豪,"一C,D,E(管CM 3035)","['CDE', '', '', '', '', '', '']",《講授類》,"['醫務管理整合學程', '醫務管理整合學程']",False
https://selcrs.nsysu.edu.tw/menu5/showoutline.asp?SYEAR=114&SEM=1&CrsDat=IHCM502&Crsname=醫療財務管理,,,False,企醫管碩,IHCM502,0,,"醫療財務管理
HEALTH SERVICES FINANCIAL MANAGEMENT",3,期,False,50,0,14,36,黃北豪,"一C,D,E(管CM 3035)","['CDE', '', '', '', '', '', '']","《講授類》
企業管理組;","['醫務管理整合學程', '醫務管理整合學程']",False
https://selcrs.nsysu.edu.tw/menu5/showoutline.asp?SYEAR=114&SEM=1&CrsDat=IB531&Crsname=社會企業商業模式發展與實作,,,False,國際經營學程,IB531,0,,"社會企業商業模式發展與實作
BUSINESS MODEL DEVELOPMENT AND PRACTICE OF SOCIAL ENTERPRISES",3,期,False,30,0,36,-6,鄭義,"二8,6,7(管CM 1019)","['', '678', '', '', '', '', '']","《講授類》
限IBMBA學程及GHRM MBA學程學生修習，欲加選學生請於異常處理時加選。",[],True
https://selcrs.nsysu.edu.tw/menu5/showoutline.asp?SYEAR=114&SEM=1&CrsDat=IB531&Crsname=社會企業商業模式發展與實作,,,False,國際經營學程,IB531,0,,"社會企業商業模式發展與實作
BUSINESS MODEL DEVELOPMENT AND PRACTICE OF SOCIAL ENTERPRISES",3,期,False,30,0,36,-6,鄭義,"二8,6,7(管CM 1019)","['', '678', '', '', '', '', '']","《講授類》
限IBMBA學程及GHRM MBA學程學生修習，欲加選學生請於異常處理時加選。",[],True
https://selcrs.nsysu.edu.tw/menu5/showoutline.asp?SYEAR=114&SEM=1&CrsDat=IB535&Crsname=國際經濟,,,False,國際經營學程,IB535,0,,"國際經濟
INTERNATIONAL ECONOMICS",3,期,False,35,0,27,8,安大衛,"二8,6,7(管CM 1023)","['', '678', '', '', '', '', '']","《講授類》
限IBMBA學程及GHRM MBA學程學生修習，欲加選學生請於異常處理時加選。",[],True
https://selcrs.nsysu.edu.tw/menu5/showoutline.asp?SYEAR=114&SEM=1&CrsDat=IB535&Crsname=國際經濟,,,False,國際經營學程,IB535,0,,"國際經濟
INTERNATIONAL ECONOMICS",3,期,False,35,0,27,8,安大衛,"二8,6,7(管CM 1023)","['', '678', '', '', '', '', '']","《講授類》
限IBMBA學程及GHRM MBA學程學生修習，欲加選學生請於異常處理時加選。",[],True
https://selcrs.nsysu.edu.tw/menu5/showoutline.asp?SYEAR=114&SEM=1&CrsDat=IB539&Crsname=永續領導力論壇,,,False,國際經營學程,IB539,1,,"永續領導力論壇
SUSTAINABLE LEADERSHIP FORUM",1,期,True,50,0,46,4,劉易,五8(管CM 4112),"['', '', '', '', '8', '', '']","《研討類》
與GHRM併班上課，限IBMBA及GHRM學生修習，欲加選學生請於異常處理時加選。",[],True
https://selcrs.nsysu.edu.tw/menu5/showoutline.asp?SYEAR=114&SEM=1&CrsDat=IB539&Crsname=永續領導力論壇,,,False,國際經營學程,IB539,1,,"永續領導力論壇
SUSTAINABLE LEADERSHIP FORUM",1,期,True,50,0,46,4,劉易,五8(管CM 4112),"['', '', '', '', '8', '', '']","《研討類》
與GHRM併班上課，限IBMBA及GHRM學生修習，欲加選學生請於異常處理時加選。",[],True
https://selcrs.nsysu.edu.tw/menu5/showoutline.asp?SYEAR=114&SEM=1&CrsDat=GHRM501&Crsname=組織理論與管理,異動,更換教室9/16,False,人管英語碩程,GHRM501,1,,"組織理論與管理
ORGANIZATION THEORY & MANAGEMENT",3,期,True,50,0,30,20,林帆,"一2,3,4(管CM 4069)","['234', '', '', '', '', '', '']","《講授類》
與IBMBA併班上課，限IBMBA及GHRM學生修習，欲加選學生請於異常處理時加選。",[],True
https://selcrs.nsysu.edu.tw/menu5/showoutline.asp?SYEAR=114&SEM=1&CrsDat=GHRM501&Crsname=組織理論與管理,異動,更換教室9/16,False,人管英語碩程,GHRM501,1,,"組織理論與管理
ORGANIZATION THEORY & MANAGEMENT",3,期,True,50,0,30,20,林帆,"一2,3,4(管CM 4069)","['234', '', '', '', '', '', '']","《講授類》
與IBMBA併班上課，限IBMBA及GHRM學生修習，欲加選學生請於異常處理時加選。",[],True
https://selcrs.nsysu.edu.tw/menu5/showoutline.asp?SYEAR=114&SEM=1&CrsDat=GHRM502&Crsname=組織行為,,,False,人管英語碩程,GHRM502,1,,"組織行為
ORGANIZATIONAL BEHAVIOR",3,期,True,50,0,34,16,張姮燕,"三2,3,4(管CM 1023)","['', '', '234', '', '', '', '']","《講授類》
限IBMBA學程及GHRM MBA學程學生修習，欲加選學生請於異常處理階段辦理加選。",[],True
https://selcrs.nsysu.edu.tw/menu5/showoutline.asp?SYEAR=114&SEM=1&CrsDat=GHRM502&Crsname=組織行為,,,False,人管英語碩程,GHRM502,1,,"組織行為
ORGANIZATIONAL BEHAVIOR",3,期,True,50,0,34,16,張姮燕,"三2,3,4(管CM 1023)","['', '', '234', '', '', '', '']","《講授類》
限IBMBA學程及GHRM MBA學程學生修習，欲加選學生請於異常處理階段辦理加選。",[],True
https://selcrs.nsysu.edu.tw/menu5/showoutline.asp?SYEAR=114&SEM=1&CrsDat=GHRM531&Crsname=論文寫作,,,False,人管英語碩程,GHRM531,0,,"論文寫作
THESIS WRITING",3,期,False,30,0,25,5,林帆,"二2,3,4(管CM 1023)","['', '234', '', '', '', '', '']","《講授類》
限IBMBA學程及GHRM MBA學程學生修習，欲加選學生請於異常處理階段辦理加選。",[],True
https://selcrs.nsysu.edu.tw/menu5/showoutline.asp?SYEAR=114&SEM=1&CrsDat=GHRM531&Crsname=論文寫作,,,False,人管英語碩程,GHRM531,0,,"論文寫作
THESIS WRITING",3,期,False,30,0,25,5,林帆,"二2,3,4(管CM 1023)","['', '234', '', '', '', '', '']","《講授類》
限IBMBA學程及GHRM MBA學程學生修習，欲加選學生請於異常處理階段辦理加選。",[],True
https://selcrs.nsysu.edu.tw/menu5/showoutline.asp?SYEAR=114&SEM=1&CrsDat=GHRM532&Crsname=創業精神與人力資源管理,異動,更換教室8/18,False,人管英語碩程,GHRM532,0,,"創業精神與人力資源管理
ENTREPRENEURSHIP AND HUMAN RESOURCE MANAGEMENT",3,期,False,30,0,9,21,雷英瑞,"二8,6,7(管CM 3022)","['', '678', '', '', '', '', '']","《講授類》
限IBMBA學程及GHRM MBA學程學生修習，欲加選學生請於異常處理階段辦理加選。",[],True
https://selcrs.nsysu.edu.tw/menu5/showoutline.asp?SYEAR=114&SEM=1&CrsDat=GHRM532&Crsname=創業精神與人力資源管理,異動,更換教室8/18,False,人管英語碩程,GHRM532,0,,"創業精神與人力資源管理
ENTREPRENEURSHIP AND HUMAN RESOURCE MANAGEMENT",3,期,False,30,0,9,21,雷英瑞,"二8,6,7(管CM 3022)","['', '678', '', '', '', '', '']","《講授類》
限IBMBA學程及GHRM MBA學程學生修習，欲加選學生請於異常處理階段辦理加選。",[],True
https://selcrs.nsysu.edu.tw/menu5/showoutline.asp?SYEAR=114&SEM=1&CrsDat=GHRM653&Crsname=跨文化管理,異動,確認教師8/8,False,人管英語碩程,GHRM653,0,,"跨文化管理
CROSS CULTURAL MANAGEMENT",3,期,False,35,3,18,17,華明儀,"五2,3,4(管CM 1023)","['', '', '', '', '234', '', '']","《講授類》
限IBMBA學程及GHRM MBA學程學生修習，欲加選學生請於異常處理階段辦理加選。",[],True
https://selcrs.nsysu.edu.tw/menu5/showoutline.asp?SYEAR=114&SEM=1&CrsDat=MBR519&Crsname=珊瑚資源特論,,,False,海資碩,MBR519,1,,"珊瑚資源特論
SPECIAL TOPICS IN CORAL RESOURCES",2,期,False,50,0,10,40,水晶,"二3,4(海MB 2009)","['', '34', '', '', '', '', '']",《講授類》,[],True
https://selcrs.nsysu.edu.tw/menu5/showoutline.asp?SYEAR=114&SEM=1&CrsDat=MBR519&Crsname=珊瑚資源特論,,,False,海資碩,MBR519,1,,"珊瑚資源特論
SPECIAL TOPICS IN CORAL RESOURCES",2,期,False,50,0,10,40,水晶,"二3,4(海MB 2009)","['', '34', '', '', '', '', '']",《講授類》,[],True
https://selcrs.nsysu.edu.tw/menu5/showoutline.asp?SYEAR=114&SEM=1&CrsDat=MBR532&Crsname=生物科學寫作及簡報概論,,,False,海資碩,MBR532,1,,"生物科學寫作及簡報概論
INTRODUCTORY GUIDE TO SCIENTIFIC WRITING AND ORAL PRESENTATION IN BIOLOGICAL RESEARCH",3,期,False,50,0,18,32,王亮鈞,"二5,6,7(海MB 1009)","['', '567', '', '', '', '', '']",《講授類》,[],True
https://selcrs.nsysu.edu.tw/menu5/showoutline.asp?SYEAR=114&SEM=1&CrsDat=MBR532&Crsname=生物科學寫作及簡報概論,,,False,海資碩,MBR532,1,,"生物科學寫作及簡報概論
INTRODUCTORY GUIDE TO SCIENTIFIC WRITING AND ORAL PRESENTATION IN BIOLOGICAL RESEARCH",3,期,False,50,0,18,32,王亮鈞,"二5,6,7(海MB 1009)","['', '567', '', '', '', '', '']",《講授類》,[],True
https://selcrs.nsysu.edu.tw/menu5/showoutline.asp?SYEAR=114&SEM=1&CrsDat=MBR545&Crsname=色層分析,,,False,海資碩,MBR545,1,,"色層分析
CHROMATOGRAPHY",2,期,False,50,0,4,46,廖志中,"二1,2(海MB 3013)","['', '12', '', '', '', '', '']",《講授類》,"['生物技術學程', '天然藥物合成學程']",True
https://selcrs.nsysu.edu.tw/menu5/showoutline.asp?SYEAR=114&SEM=1&CrsDat=MBR545&Crsname=色層分析,,,False,海資碩,MBR545,1,,"色層分析
CHROMATOGRAPHY",2,期,False,50,0,4,46,廖志中,"二1,2(海MB 3013)","['', '12', '', '', '', '', '']",《講授類》,"['生物技術學程', '天然藥物合成學程']",True
https://selcrs.nsysu.edu.tw/menu5/showoutline.asp?SYEAR=114&SEM=1&CrsDat=MBR557&Crsname=藥物開發特論,,,False,海資碩,MBR557,1,,"藥物開發特論
SPECIAL TOPICS IN DRUG DISCOVERY",2,期,False,50,0,3,47,翁靖如,"五8,7(海MB 2009)","['', '', '', '', '78', '', '']",《講授類》,['海洋天然物微學程'],True
https://selcrs.nsysu.edu.tw/menu5/showoutline.asp?SYEAR=114&SEM=1&CrsDat=MBR592&Crsname=海洋生物多樣性與保育（一）,,,True,海資碩,MBR592,1,,"海洋生物多樣性與保育（一）
MARINE BIODIVERSITY AND CONSERVATION （1）",2,期,True,50,0,16,34,劉商隱,"三3,4(海MB 2016)","['', '', '34', '', '', '', '']",《講授類》,"['生物多樣性學程', '環境教育學程']",True
https://selcrs.nsysu.edu.tw/menu5/showoutline.asp?SYEAR=114&SEM=1&CrsDat=MBR592&Crsname=海洋生物多樣性與保育（一）,,,True,海資碩,MBR592,1,,"海洋生物多樣性與保育（一）
MARINE BIODIVERSITY AND CONSERVATION （1）",2,期,True,50,0,16,34,劉商隱,"三3,4(海MB 2016)","['', '', '34', '', '', '', '']",《講授類》,"['生物多樣性學程', '環境教育學程']",True
https://selcrs.nsysu.edu.tw/menu5/showoutline.asp?SYEAR=114&SEM=1&CrsDat=MBR597&Crsname=海洋天然物與化學分析（一）,,,True,海資碩,MBR597,1,,"海洋天然物與化學分析（一）
MARINE NATURAL PRODUCTS AND CHEMICAL ANALYSIS I",2,期,True,50,1,5,45,"李益銘,翁靖如","五5,6(海MB 3013)","['', '', '', '', '56', '', '']",《講授類》,[],True
https://selcrs.nsysu.edu.tw/menu5/showoutline.asp?SYEAR=114&SEM=1&CrsDat=MBR597&Crsname=海洋天然物與化學分析（一）,,,True,海資碩,MBR597,1,,"海洋天然物與化學分析（一）
MARINE NATURAL PRODUCTS AND CHEMICAL ANALYSIS I",2,期,True,50,1,5,45,"李益銘,翁靖如","五5,6(海MB 3013)","['', '', '', '', '56', '', '']",《講授類》,[],True
https://selcrs.nsysu.edu.tw/menu5/showoutline.asp?SYEAR=114&SEM=1&CrsDat=MAEV522&Crsname=海洋系統模擬（一）,,,False,海工碩,MAEV522,1,,"海洋系統模擬（一）
MARINE SYSTEM MODELING(I)",3,期,False,50,0,2,48,歐雅森,"二8,6,7(海ME 2002)","['', '678', '', '', '', '', '']",《講授類》,[],True
https://selcrs.nsysu.edu.tw/menu5/showoutline.asp?SYEAR=114&SEM=1&CrsDat=MAEV5600&Crsname=海洋及森林碳匯與碳權概論,,,False,海工碩,MAEV5600,1,,"海洋及森林碳匯與碳權概論
INTRODUCTION TO MARINE AND FOREST CARBON SINKS AND CARBON CREDITS",3,期,False,50,0,19,31,王右仁,"二8,6,7(海ME 2001)","['', '678', '', '', '', '', '']",《講授類》,"['海洋永續發展產業科技微學程', '淨零轉型微學程', '淨零轉型與永續發展整合學程', '海事工程學程']",True
https://selcrs.nsysu.edu.tw/menu5/showoutline.asp?SYEAR=114&SEM=1&CrsDat=MAEV651&Crsname=生態系統及棲地復育生態工程學,,,False,海工碩,MAEV651,1,,"生態系統及棲地復育生態工程學
ECOLOGICAL ENGINEERING FOR ECOSYSTEM AND HABITAT RESTORATION",3,期,False,50,0,8,42,林巧雯,"三5,6,7(海ME 2007)","['', '', '567', '', '', '', '']",《講授類》,"['生物多樣性學程', '環境教育學程']",True
https://selcrs.nsysu.edu.tw/menu5/showoutline.asp?SYEAR=114&SEM=1&CrsDat=MAEV662&Crsname=應用Python於海洋環境資料分析,,,False,海工碩,MAEV662,1,,"應用Python於海洋環境資料分析
PYTHON FOR MARINE ENVIRONMENTAL DATA ANALYSIS",3,期,False,50,0,12,38,夏沛亞,"一8,6,7(海ME 3004)","['678', '', '', '', '', '', '']",《講授類》,[],True
https://selcrs.nsysu.edu.tw/menu5/showoutline.asp?SYEAR=114&SEM=1&CrsDat=MA505&Crsname=社會科學研究方法,,,False,海事碩,MA505,0,,"社會科學研究方法
RESEARCH METHODS IN SOCIAL SCIENCE",3,期,False,50,0,2,48,蔡宏政,"三5,6,7(海MA 2034)","['', '', '567', '', '', '', '']",《講授類》,['環境教育學程'],True
https://selcrs.nsysu.edu.tw/menu5/showoutline.asp?SYEAR=114&SEM=1&CrsDat=MA562&Crsname=海洋與環境政策,,,False,海事碩,MA562,0,,"海洋與環境政策
OCEAN AND ENVIRONMENTAL POLICY",3,期,False,50,0,5,45,高世明,"五2,3,4(海MA 2034)","['', '', '', '', '234', '', '']",《講授類》,"['環境教育學程', '氣候變遷與調適學分學程']",True
https://selcrs.nsysu.edu.tw/menu5/showoutline.asp?SYEAR=114&SEM=1&CrsDat=MA577&Crsname=資源經濟學,,,False,海事碩,MA577,0,,"資源經濟學
RESOURCE ECONOMICS",3,期,False,50,1,1,49,劉子銘,"二8,9,7(海MA 1020)","['', '789', '', '', '', '', '']",《講授類》,"['環境教育學程', '氣候變遷與調適學分學程']",True
https://selcrs.nsysu.edu.tw/menu5/showoutline.asp?SYEAR=114&SEM=1&CrsDat=DO702&Crsname=進階藻類學與實作,異動,專簽核准中文授課10/2,False,海科碩,DO702,0,,"進階藻類學與實作
ADVANCED PHYCOLOGY AND PRACTICE",3,期,False,50,4,1,49,陳慶能,"五1,2,3(海MA 1020)","['', '', '', '', '123', '', '']",《講授類》,[],False
https://selcrs.nsysu.edu.tw/menu5/showoutline.asp?SYEAR=114&SEM=1&CrsDat=DO717&Crsname=海洋基礎生產力,,,False,海科碩,DO717,0,,"海洋基礎生產力
MARINE PRIMARY PRODUCTIVITY",2,期,False,50,1,2,48,托星豪,"四3,4(海MA 2009)","['', '', '', '34', '', '', '']",《講授類》,[],True
https://selcrs.nsysu.edu.tw/menu5/showoutline.asp?SYEAR=114&SEM=1&CrsDat=UT514&Crsname=數值方法與軟體應用,,,False,海下科技碩,UT514,0,,"數值方法與軟體應用
NUMERICAL METHODS WITH MATLAB",3,期,False,50,0,11,39,陳信宏,"三2,3,4(海MA 2052)","['', '', '234', '', '', '', '']",《講授類》,[],True
https://selcrs.nsysu.edu.tw/menu5/showoutline.asp?SYEAR=114&SEM=1&CrsDat=UT543&Crsname=模糊邏輯控制與水下載具應用,,,False,海下科技碩,UT543,0,,"模糊邏輯控制與水下載具應用
FUZZY LOGIC CONTROL AND ITS APPLICATION TO UNDERWATER VEHICLES",3,期,False,50,0,5,45,周佑誠,"四2,3,4(海MA 2052)","['', '', '', '234', '', '', '']",《講授類》,"['海洋永續發展產業科技微學程', '無人載具學程']",True
https://selcrs.nsysu.edu.tw/menu5/showoutline.asp?SYEAR=114&SEM=1&CrsDat=UT544&Crsname=海洋環境監測與感測器設計,,,False,海下科技碩,UT544,0,,"海洋環境監測與感測器設計
MARINE ENVIRONMENTAL MONITORING AND SENSOR DESIGN",3,期,False,50,0,16,34,謝孟璋,"五2,3,4(海MA 2052)","['', '', '', '', '234', '', '']",《講授類》,[],True
https://selcrs.nsysu.edu.tw/menu5/showoutline.asp?SYEAR=114&SEM=1&CrsDat=IPS501&Crsname=台灣政府與政治,異動,更換教室9/4,False,政治碩,IPS501,0,,"台灣政府與政治
TAIWAN GOVERNMENT  AND POLITICS",3,期,False,50,0,42,8,張晉赫,"四2,3,4(社SS 1005)","['', '', '', '234', '', '', '']",《講授類》,['日本研究學程'],True
https://selcrs.nsysu.edu.tw/menu5/showoutline.asp?SYEAR=114&SEM=1&CrsDat=IPS507&Crsname=社會科學方法論,,,True,政治碩,IPS507,1,,"社會科學方法論
SOCIAL SCIENCE METHODOLOGY",3,期,True,50,0,20,30,陳宗巖,"一2,3,4(社SS 3010-2)","['234', '', '', '', '', '', '']",《講授類》,[],False
https://selcrs.nsysu.edu.tw/menu5/showoutline.asp?SYEAR=114&SEM=1&CrsDat=IPS518&Crsname=政治理論與思想史,,,True,政治碩,IPS518,1,,"政治理論與思想史
POLITICAL
THEORY AND
HISTORY OF
POLITICAL
THOUGHT",3,期,True,50,0,7,43,楊尚儒,"二5,6,7(社SS 3008)","['', '567', '', '', '', '', '']",《講授類》,[],False
https://selcrs.nsysu.edu.tw/menu5/showoutline.asp?SYEAR=114&SEM=1&CrsDat=IPS531&Crsname=國際關係,,,True,政治碩,IPS531,1,,"國際關係
INTERNATIONAL RELATIONS",3,期,True,50,0,33,17,黃韋豪,"一5,6,7(社SS 3010-2)","['567', '', '', '', '', '', '']",《講授類》,['法國語言、文化與社會學程'],True
https://selcrs.nsysu.edu.tw/menu5/showoutline.asp?SYEAR=114&SEM=1&CrsDat=IPS540&Crsname=全球政治,異動,調整名額7/10,False,政治碩,IPS540,0,,"全球政治
GLOBAL POLITICS",3,期,False,25,0,17,8,方志恒,"二8,6,7(社SS 4001)","['', '678', '', '', '', '', '']",《講授類》,['地方發展與永續農業微學程'],True
https://selcrs.nsysu.edu.tw/menu5/showoutline.asp?SYEAR=114&SEM=1&CrsDat=IPS602&Crsname=專題研究（一）,,,False,政治碩,IPS602,0,,"專題研究（一）
INDEPENDENT STUDIES(I)",3,期,False,50,0,2,48,陳宗巖,"五2,3,4()","['', '', '', '', '234', '', '']","《獨立研究》
限政治所博碩士生經所屬指導教授同意後選修",[],False
https://selcrs.nsysu.edu.tw/menu5/showoutline.asp?SYEAR=114&SEM=1&CrsDat=IPS602A&Crsname=專題研究（一）,,,False,政治碩,IPS602A,0,,"專題研究（一）
INDEPENDENT STUDIES(I)",3,期,False,50,0,1,49,張晉赫,"五2,3,4()","['', '', '', '', '234', '', '']","《獨立研究》
限政治所博碩士生經所屬指導教授同意後選修",[],False
https://selcrs.nsysu.edu.tw/menu5/showoutline.asp?SYEAR=114&SEM=1&CrsDat=IPS602B&Crsname=專題研究（一）,,,False,政治碩,IPS602B,0,,"專題研究（一）
INDEPENDENT STUDIES(I)",3,期,False,50,0,1,49,黃韋豪,"五2,3,4()","['', '', '', '', '234', '', '']","《獨立研究》
限政治所博碩士生經所屬指導教授同意後選修",[],False
https://selcrs.nsysu.edu.tw/menu5/showoutline.asp?SYEAR=114&SEM=1&CrsDat=IPS611&Crsname=女性主義與政治,異動,更換教室8/28,False,政治碩,IPS611,0,,"女性主義與政治
FEMINISM AND POLITICS",3,期,False,50,1,21,29,林婉萍,"三5,6,7(社SS 3010-2)","['', '', '567', '', '', '', '']",《講授類》,[],True
https://selcrs.nsysu.edu.tw/menu5/showoutline.asp?SYEAR=114&SEM=1&CrsDat=IPS652&Crsname=民意與政治行為研究,異動,取消備註說明8/26,False,政治碩,IPS652,0,,"民意與政治行為研究
PUBLIC OPINION AND POLITICAL BEHAVIOR",3,期,False,50,1,20,30,劉正山,"四5,6,7(社SS 3010-2)","['', '', '', '567', '', '', '']",《講授類》,"['公民參與微學程', '政經大數據分析微學程']",False
https://selcrs.nsysu.edu.tw/menu5/showoutline.asp?SYEAR=114&SEM=1&CrsDat=IPS654&Crsname=當代民主政治的延續與變遷,,,False,政治碩,IPS654,0,,"當代民主政治的延續與變遷
CONTINUITY AND CHANGE IN THE POLITICS OF CONTEMPORARY DEMOCRACIES",3,期,False,50,0,20,30,張晉赫,"三2,3,4(社SS 3010-2)","['', '', '234', '', '', '', '']",《講授類》,[],True
https://selcrs.nsysu.edu.tw/menu5/showoutline.asp?SYEAR=114&SEM=1&CrsDat=HRM911&Crsname=組織理論與管理,,,False,人管碩專,HRM911,0,,"組織理論與管理
ORGANIZATION THEORY AND MANAGEMENT",3,期,False,28,0,15,13,陳旻男,"四C,D,E(管CM 3043)","['', '', '', 'CDE', '', '', '']","《講授類》
限人管所修",[],False
https://selcrs.nsysu.edu.tw/menu5/showoutline.asp?SYEAR=114&SEM=1&CrsDat=HRM914&Crsname=人力資源研究方法,,,False,人管碩專,HRM914,0,,"人力資源研究方法
RESEARCH METHODOLOGY IN HUMAN RESOURCE MANAGEMENT",3,期,False,50,0,45,5,紀乃文,"二A,B,5(管CM 3044)","['', 'AB5', '', '', '', '', '']","《講授類》
限暑期先修課程者選課",[],False
https://selcrs.nsysu.edu.tw/menu5/showoutline.asp?SYEAR=114&SEM=1&CrsDat=HRM953&Crsname=人力發展管理,,,False,人管碩專,HRM953,0,,"人力發展管理
HUMAN RESOURCE DEVELOPMENT MANAGEMENT",3,期,False,28,0,22,6,謝慧賢,"三D,E,F(管CM 3043)","['', '', 'DEF', '', '', '', '']","《講授類》
限人管所修",[],False
https://selcrs.nsysu.edu.tw/menu5/showoutline.asp?SYEAR=114&SEM=1&CrsDat=HRM963&Crsname=績效管理與人才發展,異動,調整名額9/8,False,人管碩專,HRM963,0,,"績效管理與人才發展
PERFORMANCE MANAGEMENT AND TALENT DEVELOPMENT",3,期,False,36,0,33,3,王豫萱,"日2,3,4(管CM 3043)","['', '', '', '', '', '', '234']","《講授類》
限人管所修",[],False
https://selcrs.nsysu.edu.tw/menu5/showoutline.asp?SYEAR=114&SEM=1&CrsDat=HRM976&Crsname=人工智慧在測驗下的相關應用與發展,異動,調整名額8/29,False,人管碩專,HRM976,0,,"人工智慧在測驗下的相關應用與發展
RELEVANT APPLICATIONS AND DEVELOPMENT OF ARTIFICIAL INTELLIGENCE IN MEASUREMENT",3,期,False,16,3,16,0,鄭怡玲,"六2,3,4(管CM 3043)","['', '', '', '', '', '234', '']","《研討類》
限人管所修",[],False
https://selcrs.nsysu.edu.tw/menu5/showoutline.asp?SYEAR=114&SEM=1&CrsDat=HRM996&Crsname=薪酬管理,異動,確認教師8/11,False,人管碩專,HRM996,0,,"薪酬管理
COMPENSATION MANAGEMENT",3,期,False,28,3,28,0,劉念琪,"六8,6,7(管CM 3043)","['', '', '', '', '', '678', '']","《講授類》
限人管所修",[],False
https://selcrs.nsysu.edu.tw/menu5/showoutline.asp?SYEAR=114&SEM=1&CrsDat=HRMA911&Crsname=組織理論與管理,,,False,人亞碩專,HRMA911,0,,"組織理論與管理
ORGANIZATION THEORY & MANAGEMENT",3,期,False,50,0,10,40,葉致微,"四C,D,E(管CM 1036)","['', '', '', 'CDE', '', '', '']","《講授類》
限人管所修",[],False
https://selcrs.nsysu.edu.tw/menu5/showoutline.asp?SYEAR=114&SEM=1&CrsDat=HRMA912&Crsname=組織行為,,,False,人亞碩專,HRMA912,0,,"組織行為
ORGANIZATIONAL BEHAVIOR",3,期,False,50,0,5,45,"王豫萱,鄭怡玲","三D,E,F(管CM 4112)","['', '', 'DEF', '', '', '', '']","《講授類》
限人管所修",[],False
https://selcrs.nsysu.edu.tw/menu5/showoutline.asp?SYEAR=114&SEM=1&CrsDat=HRMA942&Crsname=質化研究方法,,,False,人亞碩專,HRMA942,0,,"質化研究方法
QUALITATIVE RESEARCH METHODS",3,期,False,15,0,12,3,葉致微,"三D,E,F(管CM 4091)","['', '', 'DEF', '', '', '', '']","《講授類》
限人管所修",[],False
https://selcrs.nsysu.edu.tw/menu5/showoutline.asp?SYEAR=114&SEM=1&CrsDat=HRMA946&Crsname=科技管理,,,False,人亞碩專,HRMA946,0,,"科技管理
MANAGEMENT OF TECHNOLOGY",3,期,False,50,0,19,31,陳旻男,"五C,D,E(管CM 3022)","['', '', '', '', 'CDE', '', '']","《講授類》
限人管所修",[],False
https://selcrs.nsysu.edu.tw/menu5/showoutline.asp?SYEAR=114&SEM=1&CrsDat=HRMA974&Crsname=應用統計與資料分析,,,False,人亞碩專,HRMA974,0,,"應用統計與資料分析
APPLIED STATISTICS AND DATA ANALYSIS",3,期,False,50,0,17,33,李澄賢,"二C,D,E(管CM 3051)","['', 'CDE', '', '', '', '', '']","《講授類》
限人管所修",[],False
https://selcrs.nsysu.edu.tw/menu5/showoutline.asp?SYEAR=114&SEM=1&CrsDat=HRMA983&Crsname=策略管理,,,False,人亞碩專,HRMA983,0,,"策略管理
STRATEGIC MANAGEMENT",3,期,False,50,0,10,40,陳寶蓮,"六2,3,4(管CM 1032)","['', '', '', '', '', '234', '']","《講授類》
限人管所修",[],False
https://selcrs.nsysu.edu.tw/menu5/showoutline.asp?SYEAR=114&SEM=1&CrsDat=MBR734&Crsname=海洋資源與生物科技專題,,,False,海資博,MBR734,1,,"海洋資源與生物科技專題
SPECIAL TOPICS ON MARINE RESOURCES AND BIOTECHNOLOGY",3,期,False,50,0,7,43,"廖志中,林梅芳,林秀瑾,王亮鈞,王敬湧,翁靖如","四5,6,7(海MB 3013)","['', '', '', '567', '', '', '']",《講授類》,[],True
https://selcrs.nsysu.edu.tw/menu5/showoutline.asp?SYEAR=114&SEM=1&CrsDat=MBR734&Crsname=海洋資源與生物科技專題,,,False,海資博,MBR734,1,,"海洋資源與生物科技專題
SPECIAL TOPICS ON MARINE RESOURCES AND BIOTECHNOLOGY",3,期,False,50,0,7,43,"廖志中,林梅芳,林秀瑾,王亮鈞,王敬湧,翁靖如","四5,6,7(海MB 3013)","['', '', '', '567', '', '', '']",《講授類》,[],True
https://selcrs.nsysu.edu.tw/menu5/showoutline.asp?SYEAR=114&SEM=1&CrsDat=IGPM707&Crsname=進階浮游植物生態學研究（一）,,,False,海科全英博,IGPM707,0,,"進階浮游植物生態學研究（一）
ADVANCED STUDIES IN PHYTOPLANKTON ECOLOGY (I)",2,期,False,50,0,1,49,張桂祥,"一3,4(海MB 1005)","['34', '', '', '', '', '', '']",《講授類》,[],True
https://selcrs.nsysu.edu.tw/menu5/showoutline.asp?SYEAR=114&SEM=1&CrsDat=IGPM707&Crsname=進階浮游植物生態學研究（一）,,,False,海科全英博,IGPM707,0,,"進階浮游植物生態學研究（一）
ADVANCED STUDIES IN PHYTOPLANKTON ECOLOGY (I)",2,期,False,50,0,1,49,張桂祥,"一3,4(海MB 1005)","['34', '', '', '', '', '', '']",《講授類》,[],True
https://selcrs.nsysu.edu.tw/menu5/showoutline.asp?SYEAR=114&SEM=1&CrsDat=IGPM707&Crsname=進階浮游植物生態學研究（一）,,,False,海科全英博,IGPM707,0,,"進階浮游植物生態學研究（一）
ADVANCED STUDIES IN PHYTOPLANKTON ECOLOGY (I)",2,期,False,50,0,1,49,張桂祥,"一3,4(海MB 1005)","['34', '', '', '', '', '', '']",《講授類》,[],True
https://selcrs.nsysu.edu.tw/menu5/showoutline.asp?SYEAR=114&SEM=1&CrsDat=IGPM709&Crsname=流體中的海洋生物,,,False,海科全英博,IGPM709,0,,"流體中的海洋生物
MARINE LIFE IN MOVING FLUIDS",3,期,False,50,0,1,49,王敬湧,"三2,3,4(海MB 1005)","['', '', '234', '', '', '', '']",《講授類》,[],True
https://selcrs.nsysu.edu.tw/menu5/showoutline.asp?SYEAR=114&SEM=1&CrsDat=IGPM709&Crsname=流體中的海洋生物,,,False,海科全英博,IGPM709,0,,"流體中的海洋生物
MARINE LIFE IN MOVING FLUIDS",3,期,False,50,0,1,49,王敬湧,"三2,3,4(海MB 1005)","['', '', '234', '', '', '', '']",《講授類》,[],True
https://selcrs.nsysu.edu.tw/menu5/showoutline.asp?SYEAR=114&SEM=1&CrsDat=IPS701&Crsname=政治學方法論,異動,更換教室9/9,False,政治博,IPS701,1,,"政治學方法論
METHODOLOGY OF POLITICAL SCIENCE",3,期,True,50,0,5,45,"劉正山,方志恒","二2,3,4(社SS 3010-1)","['', '234', '', '', '', '', '']",《講授類》,[],True
https://selcrs.nsysu.edu.tw/menu5/showoutline.asp?SYEAR=114&SEM=1&CrsDat=CAPS750&Crsname=美國外交政策,,,True,亞太博,CAPS750,1,,"美國外交政策
AMERICAN FOREIGN POLICY",3,期,True,50,0,6,44,黎寶文,"六2,3,4(社SS 2009-1)","['', '', '', '', '', '234', '']",《講授類》,[],True
https://selcrs.nsysu.edu.tw/menu5/showoutline.asp?SYEAR=114&SEM=1&CrsDat=CAPS750&Crsname=美國外交政策,,,True,亞太博,CAPS750,1,,"美國外交政策
AMERICAN FOREIGN POLICY",3,期,True,50,0,6,44,黎寶文,"六2,3,4(社SS 2009-1)","['', '', '', '', '', '234', '']",《講授類》,[],True
